n,prim_avg_time,kruskal_avg_time,prim_std_dev,kruskal_std_dev
1000,120095,198353,2208.71,2525.03
2000,510350,873850,28627.2,15785.8
3000,1.19522e+06,2.10526e+06,37327,30851.6
4000,2.02194e+06,3.74726e+06,52255.5,60323.3
5000,3.18936e+06,6.1382e+06,70858.3,81151.6
6000,4.91981e+06,9.11526e+06,151320,115285
7000,6.33233e+06,1.2177e+07,77724,150280
8000,8.0862e+06,1.57576e+07,103470,204283
9000,1.16242e+07,2.1e+07,654717,161362
10000,1.30862e+07,2.57572e+07,280539,207784
