order,city_id,x,y
0,3184,51150,113333
1,3140,51016.7,113533
2,3036,50716.7,113317
3,2987,50600,113617
4,2942,50466.7,113433
5,2904,50400,113250
6,2974,50566.7,112883
7,3175,51133.3,112083
8,3334,51583.3,111517
9,3228,51283.3,111667
10,3165,51100,111583
11,3408,51866.7,111983
12,3362,51666.7,112233
13,3453,52050,112467
14,3502,52216.7,111900
15,3489,52150,111733
16,3465,52083.3,111450
17,3567,52433.3,111783
18,3590,52516.7,111917
19,3738,53083.3,111783
20,3655,52783.3,111850
21,3628,52666.7,112200
22,3599,52583.3,112067
23,3640,52733.3,111550
24,3618,52633.3,111217
25,3570,52450,110833
26,3643,52750,110450
27,3723,53033.3,110333
28,3797,53350,110850
29,3791,53333.3,111167
30,3950,53983.3,111283
31,4045,54240.6,111256
32,4006,54130.3,111152
33,4026,54181.4,111151
34,4047,54251.1,111151
35,4020,54153.3,111276
36,4080,54385.6,111352
37,4035,54211.9,111366
38,4074,54356.7,111577
39,4058,54298.6,111453
40,3984,54069.2,111436
41,4005,54129.7,111568
42,3975,54036.9,111860
43,4057,54296.9,111804
44,4104,54472.8,111774
45,4075,54356.7,111714
46,4110,54509.2,111618
47,4103,54468.9,111618
48,4207,55175.6,111623
49,4168,54885.8,111791
50,4169,54887.2,111887
51,4126,54595.8,111921
52,4121,54580.6,111732
53,4106,54487.2,111492
54,4131,54639.4,111346
55,4019,54152.8,111430
56,4025,54181.4,111028
57,4051,54269.4,111029
58,4115,54533.3,110983
59,4040,54229.7,110863
60,4029,54182.2,110903
61,4010,54141.1,110754
62,4055,54284.2,110649
63,4034,54211.7,110603
64,4003,54124.7,110591
65,3929,53883.3,110667
66,4050,54267.8,110751
67,4096,54443.9,110762
68,4095,54443.6,110912
69,4108,54501.1,110558
70,4064,54332.2,110477
71,4060,54313.1,110604
72,4081,54395.6,110654
73,4092,54428.9,110635
74,4087,54416.7,110215
75,4079,54370,110271
76,4088,54416.7,110267
77,4100,54465,110183
78,4076,54361.9,110206
79,4071,54355,110080
80,4067,54340.3,109777
81,4073,54355.6,109652
82,4056,54296.9,109227
83,4062,54326.4,109100
84,4082,54399.7,109226
85,4030,54182.5,109776
86,4033,54203.6,110307
87,3860,53583.3,109617
88,3783,53283.3,110000
89,3891,53716.7,110000
90,3968,54025.3,109161
91,3973,54035.6,109475
92,4068,54347.5,109227
93,4002,54122.2,109026
94,4072,54355.3,108628
95,3985,54078.3,108253
96,3786,53300,108083
97,3803,53366.7,107817
98,3882,53683.3,107700
99,3852,53550,107867
100,4048,54266.7,107783
101,4036,54216.4,108052
102,3865,53600,107383
103,3871,53633.3,107550
104,3802,53366.7,107517
105,3795,53350,107333
106,3918,53833.3,107033
107,4136,54666.7,107117
108,3934,53916.7,106083
109,3976,54050,105783
110,3814,53416.7,105533
111,3832,53483.3,104983
112,3734,53083.3,104467
113,3711,53000,104300
114,3800,53366.7,104017
115,3822,53450,104083
116,3758,53200,103800
117,3627,52666.7,104533
118,3480,52133.3,104533
119,3439,52016.7,104067
120,3458,52066.7,104250
121,3495,52183.3,104833
122,3565,52433.3,105283
123,3469,52100,105750
124,3430,51966.7,105867
125,3520,52283.3,105667
126,3588,52516.7,106017
127,3530,52316.7,106100
128,3586,52500,106417
129,3532,52316.7,106567
130,3533,52333.3,106783
131,3637,52716.7,107350
132,3708,52983.3,107583
133,3658,52800,107467
134,3654,52783.3,107067
135,3662,52833.3,106883
136,3874,53650,106983
137,3837,53516.7,106867
138,3898,53750,106967
139,3785,53300,107050
140,3838,53516.7,107133
141,3784,53300,106967
142,3817,53433.3,106733
143,3844,53533.3,106317
144,3765,53216.7,106067
145,3766,53216.7,106400
146,3801,53366.7,106600
147,3777,53266.7,106700
148,3695,52933.3,106783
149,3612,52616.7,106650
150,3636,52716.7,106583
151,3660,52816.7,106500
152,3691,52916.7,106400
153,3735,53083.3,106067
154,3657,52800,106217
155,3717,53016.7,106000
156,3759,53200,105750
157,3679,52866.7,105783
158,3690,52916.7,105800
159,3653,52783.3,105917
160,3514,52266.7,105517
161,3583,52483.3,105717
162,3652,52783.3,105733
163,3622,52650,105733
164,3531,52316.7,106283
165,3623,52650,106333
166,3544,52366.7,106967
167,3578,52466.7,107400
168,3459,52066.7,107433
169,3445,52033.3,107550
170,3449,52050,107550
171,3512,52250,107500
172,3393,51800,107417
173,3412,51883.3,107600
174,3441,52016.7,107700
175,3394,51800,107850
176,3545,52366.7,108217
177,3624,52650,108017
178,3736,53083.3,107667
179,3634,52700,107700
180,3596,52566.7,107717
181,3589,52516.7,107533
182,3553,52383.3,107667
183,3592,52533.3,107883
184,3747,53133.3,107767
185,3804,53366.7,108050
186,3767,53216.7,108000
187,3772,53250,108000
188,3696,52933.3,107867
189,3648,52766.7,108300
190,3647,52766.7,108283
191,3680,52866.7,108300
192,3681,52866.7,108450
193,3522,52300,108517
194,3484,52133.3,108950
195,3563,52416.7,108700
196,3606,52600,108783
197,3702,52966.7,108383
198,3824,53450,108700
199,3753,53183.3,108767
200,3808,53383.3,108967
201,3718,53016.7,108950
202,3569,52450,108267
203,3500,52200,108450
204,3515,52266.7,108900
205,3697,52933.3,110083
206,3540,52350,110267
207,3630,52683.3,110133
208,3744,53116.7,109967
209,3682,52866.7,109267
210,3743,53116.7,109617
211,3818,53433.3,109700
212,3737,53083.3,109300
213,3872,53633.3,109200
214,3972,54035.3,108733
215,3796,53350,108350
216,3905,53783.3,107750
217,4004,54129.7,108435
218,4018,54150.6,108810
219,4023,54180.3,108628
220,3958,54006.4,108907
221,3845,53533.3,109450
222,3663,52833.3,109633
223,3625,52650,109667
224,3587,52500,109700
225,3613,52616.7,109500
226,3642,52750,109017
227,3566,52433.3,109167
228,3523,52300,109367
229,3464,52083.3,109433
230,3372,51700,109233
231,3208,51216.7,109017
232,3240,51316.7,108750
233,3209,51216.7,109500
234,3216,51233.3,109167
235,3275,51433.3,109450
236,3289,51466.7,109133
237,3290,51466.7,109600
238,3345,51616.7,109733
239,3360,51666.7,109983
240,3413,51883.3,109950
241,3407,51866.7,110017
242,3367,51683.3,110250
243,3421,51916.7,110300
244,3488,52150,110083
245,3539,52350,110117
246,3560,52400,109833
247,3534,52333.3,109950
248,3432,51966.7,110567
249,3403,51850,109767
250,3493,52166.7,109517
251,3506,52233.3,109650
252,3420,51916.7,109133
253,3451,52050,108967
254,3395,51800,108833
255,3460,52066.7,108700
256,3428,51950,108617
257,3288,51466.7,108850
258,3298,51483.3,108400
259,3349,51633.3,108350
260,3431,51966.7,108367
261,3371,51700,108483
262,3135,50983.3,108083
263,3100,50883.3,107383
264,3239,51316.7,107650
265,3247,51333.3,107450
266,3304,51500,107050
267,3199,51200,106867
268,3015,50683.3,105883
269,2997,50633.3,106033
270,3084,50850,105567
271,3118,50933.3,105700
272,3092,50866.7,105250
273,3263,51400,104733
274,3262,51400,104533
275,3380,51750,104533
276,3381,51766.7,104183
277,3426,51950,103800
278,3457,52066.7,103250
279,3497,52200,103800
280,3463,52083.3,103833
281,3492,52166.7,103517
282,3543,52366.7,103833
283,3611,52616.7,103917
284,3675,52866.7,104333
285,3677,52866.7,104600
286,3616,52633.3,104883
287,3585,52500,104900
288,3559,52400,104983
289,3651,52783.3,105083
290,3712,53000,105250
291,3699,52950,105033
292,3688,52900,104783
293,3498,52200,104983
294,3499,52200,105117
295,3562,52416.7,104500
296,3676,52866.7,104467
297,3830,53483.3,104333
298,3782,53283.3,104017
299,3670,52850,103717
300,3635,52716.7,103633
301,3674,52866.7,103367
302,3673,52866.7,102983
303,3605,52600,103250
304,3610,52616.7,103383
305,3706,52983.3,103800
306,3742,53116.7,104033
307,3741,53116.7,103650
308,3781,53283.3,103583
309,3748,53150,103467
310,3851,53550,103417
311,3992,54100,102817
312,4203,55166.7,102950
313,4037,54216.7,100600
314,4052,54283.3,101817
315,4122,54583.3,101383
316,4134,54666.7,101783
317,3913,53816.7,101233
318,3940,53950,102267
319,3885,53700,100300
320,4152,54783.3,99783.3
321,4196,55116.7,101083
322,4144,54750,101850
323,4148,54766.7,101883
324,4135,54666.7,102083
325,4183,55066.7,103067
326,3826,53466.7,105117
327,3823,53450,105367
328,3834,53500,105567
329,3809,53400,105617
330,3716,53016.7,105800
331,3707,52983.3,105433
332,3678,52866.7,105400
333,3639,52733.3,105450
334,3831,53483.3,104667
335,4193,55100,105300
336,4269,55783.3,106217
337,4234,55416.7,104550
338,4340,56333.3,103233
339,4244,55533.3,102333
340,4260,55750,103167
341,4391,58050,103550
342,4388,57883.3,101667
343,4366,56850,101050
344,4258,55733.3,101317
345,4278,55816.7,100383
346,4328,56233.3,100567
347,4226,55316.7,97700
348,4161,54833.3,98250
349,4277,55800,98850
350,4363,56783.3,98933.3
351,4171,54916.7,98633.3
352,4128,54616.7,97783.3
353,4263,55750,97866.7
354,4246,55583.3,97150
355,4268,55766.7,96700
356,4305,56066.7,95633.3
357,4334,56250,96100
358,4433,59416.7,97750
359,4531,61933.3,96650
360,4508,61133.3,100883
361,4430,59383.3,101333
362,4591,64316.7,96016.7
363,4377,57200,94166.7
364,4390,57933.3,94200
365,4411,58766.7,94166.7
366,4454,59916.7,94816.7
367,4507,61116.7,94050
368,4341,56350,94700
369,4364,56816.7,94083.3
370,4374,57066.7,92583.3
371,4372,57000,92283.3
372,4283,55850,92083.3
373,3728,53033.3,93233.3
374,3667,52833.3,93633.3
375,3615,52616.7,94066.7
376,3780,53266.7,93566.7
377,3130,50966.7,93916.7
378,3098,50866.7,95250
379,2787,50150,95883.3
380,2772,50116.7,96033.3
381,2853,50266.7,96050
382,2884,50350,95966.7
383,2938,50450,96016.7
384,2906,50400,95683.3
385,2866,50300,95550
386,3109,50900,95333.3
387,3227,51266.7,92683.3
388,3399,51816.7,94000
389,3472,52100,94300
390,3163,51083.3,93833.3
391,3151,51033.3,93833.3
392,2631,49850,93383.3
393,2694,49950,93416.7
394,2604,49800,93083.3
395,2601,49783.3,93183.3
396,2717,49983.3,93616.7
397,2588,49766.7,94550
398,2587,49766.7,94466.7
399,2501,49616.7,95183.3
400,2006,48716.7,94566.7
401,1975,48650,93983.3
402,2082,48933.3,94383.3
403,2001,48700,94300
404,1955,48616.7,93833.3
405,1954,48616.7,93533.3
406,2023,48766.7,92616.7
407,2024,48766.7,92833.3
408,2018,48750,92283.3
409,2011,48733.3,92083.3
410,2378,49416.7,91666.7
411,2586,49766.7,92700
412,2558,49716.7,92600
413,2500,49616.7,92316.7
414,2047,48833.3,91666.7
415,2016,48750,91200
416,2005,48716.7,90733.3
417,2010,48733.3,90933.3
418,1974,48650,90433.3
419,1988,48666.7,90250
420,2284,49250,90566.7
421,2136,49050,90466.7
422,2090,48950,90250
423,2155,49083.3,90283.3
424,2832,50233.3,90716.7
425,3178,51133.3,90266.7
426,3195,51183.3,90216.7
427,3302,51483.3,90150
428,3309,51500,90050
429,2844,50250,89766.7
430,2831,50233.3,90200
431,2377,49416.7,90916.7
432,2520,49650,91000
433,2622,49833.3,91333.3
434,2792,50166.7,91450
435,2793,50166.7,91533.3
436,2746,50066.7,91750
437,2761,50100,91916.7
438,2600,49783.3,92833.3
439,2613,49816.7,92983.3
440,2727,50016.7,92933.3
441,3003,50633.3,93166.7
442,3213,51216.7,92783.3
443,3170,51100,92750
444,2752,50083.3,92166.7
445,2017,48750,91616.7
446,2716,49983.3,92300
447,2549,49700,92500
448,2605,49800,93983.3
449,2056,48850,93916.7
450,2066,48866.7,94166.7
451,2033,48800,93983.3
452,1995,48683.3,93650
453,1953,48616.7,93416.7
454,2172,49100,94316.7
455,2121,49016.7,95433.3
456,2606,49800,95116.7
457,2718,49983.3,94650
458,2687,49933.3,94983.3
459,2568,49733.3,95200
460,2659,49883.3,95416.7
461,2632,49850,95550
462,2513,49633.3,95716.7
463,2502,49616.7,95616.7
464,2641,49866.7,95916.7
465,2695,49950,95966.7
466,2660,49883.3,96066.7
467,2728,50016.7,96316.7
468,2521,49650,96450
469,2573,49750,96433.3
470,2794,50166.7,96233.3
471,2529,49666.7,95900
472,2174,49100,96266.7
473,2156,49083.3,96133.3
474,2325,49316.7,96300
475,2389,49433.3,96383.3
476,2285,49250,96050
477,2235,49183.3,95966.7
478,2145,49066.7,95966.7
479,2126,49033.3,95650
480,2127,49033.3,95766.7
481,2173,49100,95833.3
482,2307,49283.3,96150
483,2157,49083.3,96700
484,2199,49133.3,97150
485,2109,49000,97200
486,2146,49066.7,97016.7
487,2559,49716.7,96733.3
488,2530,49666.7,96666.7
489,2788,50150,96883.3
490,2970,50550,96633.3
491,3032,50700,96550
492,3179,51133.3,96200
493,3171,51100,96300
494,3144,51016.7,95666.7
495,2969,50550,96233.3
496,3138,51000,97000
497,2813,50200,97666.7
498,2951,50500,98033.3
499,2918,50416.7,97950
500,2754,50083.3,97866.7
501,2439,49516.7,97700
502,2236,49183.3,97766.7
503,2238,49183.3,98100
504,2348,49366.7,98250
505,2448,49533.3,98550
506,2706,49966.7,98766.7
507,2697,49950,98933.3
508,2670,49900,99066.7
509,2779,50133.3,99100
510,2898,50383.3,98666.7
511,3196,51183.3,98333.3
512,3131,50966.7,98183.3
513,3099,50866.7,98100
514,3202,51200,97566.7
515,3023,50683.3,97533.3
516,3067,50783.3,97566.7
517,3110,50900,97216.7
518,2925,50433.3,96566.7
519,2753,50083.3,96666.7
520,2747,50066.7,96516.7
521,2642,49866.7,96466.7
522,2438,49516.7,96683.3
523,2426,49500,97050
524,2336,49350,97050
525,2251,49200,97550
526,2337,49350,97366.7
527,2749,50066.7,97450
528,2950,50500,97500
529,2977,50566.7,97216.7
530,3004,50633.3,97000
531,2976,50566.7,97000
532,2897,50383.3,97266.7
533,2669,49900,97250
534,2681,49916.7,97183.3
535,2623,49833.3,97216.7
536,2540,49683.3,97266.7
537,2484,49600,97316.7
538,2614,49816.7,97133.3
539,2688,49933.3,97116.7
540,2668,49900,97100
541,2662,49883.3,97166.7
542,2661,49883.3,97000
543,2680,49916.7,97083.3
544,2696,49950,97100
545,2748,50066.7,97216.7
546,2777,50133.3,97316.7
547,2447,49533.3,97366.7
548,2531,49666.7,98000
549,2237,49183.3,97933.3
550,2110,49000,97550
551,2175,49100,97566.7
552,2427,49500,98000
553,2347,49366.7,97950
554,2514,49633.3,98700
555,2364,49400,98800
556,2273,49233.3,98533.3
557,2456,49550,99083.3
558,2200,49133.3,98950
559,2252,49200,98900
560,2349,49366.7,99116.7
561,2158,49083.3,99333.3
562,2263,49216.7,99333.3
563,2201,49133.3,99466.7
564,2239,49183.3,99666.7
565,2440,49516.7,99683.3
566,2365,49400,99633.3
567,2471,49583.3,99450
568,2457,49550,99283.3
569,2356,49383.3,99233.3
570,2379,49416.7,99450
571,2264,49216.7,99883.3
572,2729,50033.3,100217
573,2574,49766.7,100467
574,2773,50133.3,100767
575,3012,50666.7,100817
576,2919,50433.3,100583
577,2762,50116.7,100033
578,2698,49966.7,100100
579,2845,50250,99833.3
580,2878,50350,100200
581,2900,50400,100400
582,2920,50433.3,101050
583,2971,50566.7,100583
584,2795,50183.3,100600
585,2708,49983.3,100533
586,2689,49950,100750
587,2575,49766.7,100633
588,2625,49850,100933
589,2550,49716.7,100967
590,2449,49550,100950
591,2560,49733.3,101233
592,2671,49916.7,101083
593,2774,50133.3,101033
594,2699,49966.7,101250
595,2892,50383.3,101700
596,3115,50933.3,102033
597,3145,51033.3,102167
598,3206,51216.7,102250
599,3116,50933.3,102800
600,2893,50383.3,102567
601,2875,50333.3,102250
602,2721,50016.7,102350
603,2755,50100,102633
604,2781,50150,102933
605,2532,49683.3,103017
606,2907,50416.7,102917
607,2814,50216.7,103450
608,2590,49783.3,103667
609,2961,50533.3,103867
610,2972,50566.7,104450
611,3105,50900,103850
612,3069,50800,103550
613,3057,50766.7,103783
614,2960,50533.3,103667
615,2944,50483.3,103433
616,3042,50733.3,103200
617,3034,50716.7,103000
618,3333,51583.3,103217
619,3274,51433.3,102917
620,3353,51650,103533
621,3220,51266.7,103733
622,3323,51550,103967
623,3188,51166.7,103500
624,3251,51350,103233
625,3198,51200,102800
626,3232,51300,102433
627,3207,51216.7,102467
628,3205,51216.7,102000
629,3197,51200,102100
630,3204,51216.7,101883
631,3181,51150,101750
632,3061,50783.3,101283
633,3050,50750,101433
634,2780,50150,101667
635,2738,50066.7,101517
636,2616,49833.3,101533
637,2645,49883.3,101833
638,2700,49966.7,101967
639,2735,50050,102283
640,2617,49833.3,102283
641,2287,49266.7,102283
642,2101,49000,102267
643,2472,49600,102083
644,2352,49383.3,101717
645,2458,49566.7,101700
646,2561,49733.3,101783
647,2213,49166.7,101783
648,2503,49633.3,102267
649,2253,49216.7,102167
650,2353,49383.3,101867
651,2221,49183.3,101250
652,2220,49183.3,100500
653,2315,49316.7,100850
654,2159,49100,100600
655,2350,49383.3,100667
656,2450,49550,101083
657,2720,50016.7,101367
658,2589,49783.3,101667
659,2212,49166.7,101450
660,2274,49250,100750
661,2160,49100,100800
662,2147,49083.3,100983
663,2128,49050,101167
664,2286,49266.7,100983
665,2351,49383.3,100967
666,2402,49483.3,100517
667,2485,49616.7,100250
668,2380,49433.3,100267
669,2607,49816.7,100300
670,2357,49400,100017
671,2265,49233.3,100050
672,2615,49833.3,100133
673,2624,49833.3,99950
674,2644,49866.7,99916.7
675,2707,49966.7,99950
676,2663,49883.3,99700
677,2643,49866.7,99350
678,2789,50150,99450
679,2891,50366.7,99466.7
680,2834,50233.3,99450
681,2833,50233.3,98950
682,2899,50383.3,99083.3
683,3154,51050,99783.3
684,3011,50650,99966.7
685,2959,50533.3,100317
686,2846,50266.7,101033
687,2926,50450,101300
688,2991,50616.7,101283
689,3123,50950,101233
690,3203,51216.7,101150
691,3214,51233.3,101350
692,3237,51316.7,101433
693,3311,51516.7,101800
694,3331,51566.7,101900
695,3080,50833.3,101700
696,2984,50600,101683
697,3005,50650,102083
698,2835,50250,101967
699,2664,49900,102017
700,2504,49633.3,102483
701,2203,49150,103000
702,2505,49633.3,102667
703,2240,49200,102417
704,2354,49383.3,102750
705,2102,49000,102550
706,2202,49150,102800
707,2183,49133.3,103317
708,2316,49316.7,103250
709,2358,49400,103400
710,2756,50100,103867
711,2608,49816.7,104150
712,2757,50100,104317
713,2939,50466.7,104417
714,2909,50416.7,104600
715,2927,50450,104617
716,3132,50983.3,104850
717,3070,50800,104917
718,3051,50750,104867
719,3006,50650,104867
720,2921,50433.3,104817
721,2901,50400,105150
722,3025,50700,105217
723,2861,50300,105133
724,2722,50016.7,105067
725,2790,50166.7,105267
726,2854,50283.3,105617
727,2928,50450,105817
728,2929,50450,106067
729,2930,50450,106267
730,2940,50466.7,106667
731,2931,50450,106900
732,3134,50983.3,107133
733,2820,50233.3,107250
734,2765,50116.7,107733
735,2797,50183.3,107817
736,2886,50366.7,107583
737,2855,50283.3,107767
738,2986,50600,107817
739,2691,49950,108100
740,2554,49716.7,108133
741,2759,50100,108483
742,2798,50183.3,108200
743,2553,49716.7,108017
744,2552,49716.7,107733
745,2367,49416.7,107067
746,2162,49100,106367
747,2339,49366.7,106383
748,2396,49466.7,106350
749,2361,49400,105633
750,2690,49950,105400
751,2609,49816.7,105617
752,2308,49300,105417
753,2161,49100,105167
754,2137,49066.7,105383
755,2428,49516.7,105617
756,2403,49483.3,106017
757,2224,49183.3,105950
758,2223,49183.3,105600
759,2360,49400,105117
760,2214,49166.7,104583
761,2486,49616.7,104750
762,2551,49716.7,104600
763,2507,49633.3,104467
764,2672,49916.7,104367
765,2506,49633.3,104217
766,2395,49466.7,104283
767,2390,49450,104600
768,2459,49566.7,104917
769,2451,49550,105050
770,2673,49916.7,104950
771,2562,49733.3,104950
772,2796,50183.3,104900
773,2736,50050,104633
774,2215,49166.7,104600
775,2148,49083.3,104467
776,2186,49133.3,104183
777,2338,49366.7,104067
778,2185,49133.3,103800
779,2222,49183.3,103667
780,2184,49133.3,103483
781,2275,49250,103817
782,2359,49400,103700
783,2523,49666.7,103850
784,2647,49883.3,103867
785,2522,49666.7,103433
786,2646,49883.3,103433
787,2626,49850,102950
788,2908,50416.7,103267
789,3369,51700,102750
790,3284,51450,102433
791,3322,51550,102433
792,3250,51350,102200
793,3406,51866.7,101917
794,3661,52833.3,101850
795,3668,52850,102200
796,3659,52816.7,101433
797,3558,52400,102233
798,3598,52583.3,102967
799,3511,52250,102667
800,3687,52900,102483
801,3669,52850,102383
802,3626,52666.7,102533
803,3425,51950,102667
804,3577,52466.7,102650
805,3456,52066.7,102650
806,3401,51850,102533
807,3347,51633.3,102433
808,3415,51900,102350
809,3418,51916.7,101550
810,3462,52083.3,101050
811,3468,52100,101267
812,3609,52616.7,100733
813,3310,51516.7,100400
814,3180,51150,100050
815,3186,51166.7,100283
816,3461,52083.3,100800
817,3438,52016.7,100150
818,3174,51133.3,100483
819,3187,51166.7,100700
820,3387,51783.3,100533
821,3629,52683.3,101100
822,3597,52583.3,101050
823,3591,52533.3,101067
824,3552,52383.3,101100
825,3496,52200,100167
826,3358,51650,99916.7
827,3246,51316.7,99500
828,3261,51383.3,99600
829,3075,50800,98983.3
830,3068,50783.3,99483.3
831,3024,50683.3,99466.7
832,2990,50600,98733.3
833,2705,49966.7,98300
834,2750,50066.7,98450
835,2808,50183.3,98316.7
836,2778,50133.3,98566.7
837,3033,50700,98866.7
838,3153,51050,99533.3
839,3256,51366.7,99116.7
840,3283,51433.3,98800
841,3429,51950,99600
842,3752,53166.7,99283.3
843,3890,53700,97883.3
844,3949,53966.7,97833.3
845,3386,51766.7,98616.7
846,3245,51316.7,98350
847,3231,51283.3,98416.7
848,3342,51600,98700
849,3260,51383.3,97483.3
850,3455,52050,95483.3
851,3366,51666.7,96833.3
852,3379,51733.3,96916.7
853,3551,52366.7,97033.3
854,4174,54950,95266.7
855,3948,53966.7,94766.7
856,4137,54666.7,94133.3
857,3897,53733.3,93666.7
858,3939,53933.3,90983.3
859,3917,53816.7,89883.3
860,3701,52950,91333.3
861,3604,52583.3,91533.3
862,3650,52766.7,90783.3
863,3377,51716.7,91800
864,3295,51466.7,92350
865,2874,50316.7,92283.3
866,3122,50933.3,91383.3
867,2860,50283.3,89450
868,2865,50300,89033.3
869,2612,49816.7,89100
870,1921,48550,88966.7
871,1812,48333.3,88816.7
872,1910,48533.3,89583.3
873,1840,48400,89233.3
874,1962,48633.3,90066.7
875,1940,48583.3,89900
876,1794,48250,89883.3
877,1848,48416.7,89616.7
878,2046,48833.3,89916.7
879,1945,48600,89983.3
880,2075,48900,88350
881,2120,49016.7,88250
882,2089,48950,88283.3
883,2074,48900,87683.3
884,2045,48833.3,87516.7
885,2388,49433.3,88116.7
886,2055,48850,88483.3
887,1961,48633.3,88766.7
888,1930,48566.7,88733.3
889,2015,48750,88583.3
890,2198,49133.3,88333.3
891,2346,49366.7,88133.3
892,2528,49666.7,87650
893,2539,49683.3,87516.7
894,2842,50250,87216.7
895,2807,50183.3,86700
896,2828,50233.3,86950
897,2557,49716.7,86966.7
898,2599,49783.3,86550
899,2499,49616.7,86150
900,2197,49133.3,85800
901,2032,48800,87266.7
902,2483,49600,87950
903,2829,50233.3,87666.7
904,2873,50316.7,88416.7
905,2864,50300,88533.3
906,2830,50233.3,88050
907,2843,50250,87900
908,3330,51550,87983.3
909,3505,52216.7,87883.3
910,3700,52950,89883.3
911,4294,55983.3,87650
912,4218,55250,85200
913,3346,51616.7,85933.3
914,2917,50416.7,84366.7
915,2598,49783.3,83650
916,2547,49700,83666.7
917,2527,49666.7,83516.7
918,2498,49616.7,83333.3
919,2455,49550,83016.7
920,2445,49533.3,82866.7
921,2482,49600,83166.7
922,2497,49616.7,83266.7
923,2446,49533.3,83833.3
924,2144,49066.7,84100
925,2022,48766.7,83600
926,1882,48466.7,84416.7
927,2726,50016.7,85216.7
928,2548,49700,86950
929,2029,48783.3,87100
930,2014,48750,86366.7
931,2004,48716.7,86383.3
932,2031,48800,86966.7
933,1973,48650,86283.3
934,1994,48683.3,85650
935,1939,48583.3,85283.3
936,2262,49216.7,84783.3
937,1889,48483.3,84950
938,1793,48250,84533.3
939,1821,48350,84266.7
940,1695,47950,84916.7
941,1706,48000,84783.3
942,1732,48083.3,84550
943,1747,48116.7,84066.7
944,1803,48300,84083.3
945,1742,48100,83916.7
946,1760,48150,84033.3
947,1694,47950,83783.3
948,1944,48600,83350
949,1902,48516.7,82916.7
950,1792,48250,82433.3
951,1685,47900,83183.3
952,1576,47583.3,82766.7
953,1639,47716.7,83200
954,1492,47333.3,84550
955,1400,46900,84600
956,1238,46500,84333.3
957,1148,46283.3,84033.3
958,1235,46483.3,84066.7
959,1351,46783.3,84050
960,1191,46383.3,82650
961,1088,46183.3,82333.3
962,956,45900,82833.3
963,920,45816.7,82583.3
964,1097,46200,82666.7
965,1089,46183.3,82950
966,1096,46200,82083.3
967,1442,47100,81933.3
968,1481,47300,82100
969,1520,47433.3,82333.3
970,1670,47833.3,83400
971,1328,46716.7,84133.3
972,1258,46550,84150
973,1147,46283.3,83783.3
974,1136,46250,83883.3
975,1165,46333.3,83933.3
976,1098,46200,83150
977,1122,46233.3,83333.3
978,1135,46250,83550
979,963,45916.7,83116.7
980,955,45900,82250
981,962,45916.7,82466.7
982,573,45250,81666.7
983,597,45300,79933.3
984,616,45333.3,80033.3
985,1067,46133.3,80433.3
986,1265,46566.7,80816.7
987,1303,46666.7,80750
988,1365,46816.7,80950
989,1606,47650,80166.7
990,1597,47633.3,80000
991,1692,47933.3,79250
992,1777,48216.7,78383.3
993,1784,48233.3,77933.3
994,1820,48350,78116.7
995,1878,48466.7,78133.3
996,1877,48466.7,78066.7
997,1739,48100,77900
998,1811,48333.3,78116.7
999,1819,48350,77983.3
1000,1752,48133.3,78116.7
1001,1746,48116.7,77766.7
1002,1834,48383.3,77666.7
1003,1971,48650,77983.3
1004,1920,48550,77950
1005,1928,48566.7,78116.7
1006,1999,48700,77733.3
1007,1951,48616.7,78366.7
1008,1929,48566.7,78833.3
1009,1985,48666.7,78700
1010,2003,48716.7,78866.7
1011,2043,48833.3,78866.7
1012,1986,48666.7,78983.3
1013,2020,48766.7,79000
1014,2030,48800,79200
1015,2108,49000,79366.7
1016,2044,48833.3,79366.7
1017,2088,48950,79483.3
1018,2064,48866.7,79500
1019,2077,48916.7,80133.3
1020,1828,48366.7,80250
1021,1759,48150,80033.3
1022,1728,48066.7,80016.7
1023,1741,48100,80100
1024,1800,48283.3,80233.3
1025,1628,47683.3,80733.3
1026,1607,47650,80783.3
1027,1705,48000,80650
1028,1615,47666.7,80233.3
1029,1665,47816.7,80000
1030,1664,47816.7,79866.7
1031,1659,47800,79816.7
1032,1637,47716.7,79816.7
1033,1345,46766.7,78983.3
1034,1326,46716.7,79083.3
1035,1327,46716.7,79100
1036,1133,46250,78283.3
1037,1161,46316.7,78700
1038,1163,46333.3,78833.3
1039,1021,46033.3,78466.7
1040,1139,46266.7,79033.3
1041,1289,46633.3,79016.7
1042,1035,46066.7,79350
1043,961,45916.7,79983.3
1044,1184,46366.7,79933.3
1045,1220,46450,79883.3
1046,1156,46300,79450
1047,1164,46333.3,79416.7
1048,858,45666.7,79633.3
1049,976,45950,79600
1050,934,45850,79366.7
1051,993,45983.3,79366.7
1052,1034,46066.7,79116.7
1053,1044,46083.3,78883.3
1054,1112,46216.7,79366.7
1055,1264,46566.7,79416.7
1056,1364,46816.7,79583.3
1057,1437,47066.7,79783.3
1058,1243,46516.7,80033.3
1059,1290,46633.3,80433.3
1060,1190,46383.3,80816.7
1061,1237,46500,80966.7
1062,1227,46466.7,81066.7
1063,1375,46850,81016.7
1064,1291,46633.3,81383.3
1065,1185,46366.7,81316.7
1066,1199,46400,81166.7
1067,1319,46700,80916.7
1068,1266,46566.7,80866.7
1069,1234,46483.3,80850
1070,1216,46433.3,80300
1071,1198,46400,80116.7
1072,1272,46583.3,80183.3
1073,1233,46483.3,80533.3
1074,1170,46350,80416.7
1075,1157,46300,80800
1076,1022,46033.3,80600
1077,994,45983.3,80716.7
1078,947,45883.3,80533.3
1079,753,45516.7,80283.3
1080,905,45766.7,80550
1081,911,45783.3,80533.3
1082,1081,46166.7,80700
1083,1121,46233.3,80866.7
1084,1217,46433.3,81150
1085,1221,46450,81166.7
1086,1273,46583.3,81200
1087,1472,47250,81466.7
1088,1509,47416.7,81533.3
1089,2234,49183.3,81066.7
1090,2119,49016.7,80833.3
1091,2038,48816.7,80816.7
1092,1993,48683.3,80733.3
1093,2013,48750,80683.3
1094,2065,48866.7,80850
1095,2143,49066.7,81016.7
1096,2100,48983.3,80716.7
1097,1879,48466.7,81200
1098,1960,48633.3,80866.7
1099,2000,48700,80783.3
1100,2021,48766.7,80666.7
1101,1909,48533.3,80683.3
1102,1972,48650,80683.3
1103,1908,48533.3,80466.7
1104,1888,48483.3,80383.3
1105,1847,48416.7,80316.7
1106,1638,47716.7,80333.3
1107,1767,48166.7,79533.3
1108,1776,48200,79416.7
1109,1740,48100,79716.7
1110,1713,48016.7,79950
1111,1758,48150,79950
1112,1545,47500,79666.7
1113,1528,47450,79433.3
1114,1532,47466.7,79433.3
1115,1585,47600,79650
1116,1502,47383.3,79683.3
1117,1491,47333.3,79800
1118,1479,47283.3,79716.7
1119,1519,47433.3,79633.3
1120,1490,47333.3,79433.3
1121,1566,47550,79233.3
1122,1508,47416.7,79283.3
1123,1458,47183.3,79316.7
1124,1478,47283.3,79333.3
1125,1462,47200,79366.7
1126,1399,46900,79633.3
1127,1430,47033.3,79266.7
1128,1712,48016.7,78933.3
1129,1827,48366.7,79416.7
1130,1987,48666.7,79200
1131,1901,48516.7,79216.7
1132,1775,48200,79250
1133,1790,48250,79016.7
1134,1826,48366.7,78866.7
1135,1791,48250,79033.3
1136,1778,48216.7,78916.7
1137,1873,48450,78883.3
1138,1887,48483.3,77800
1139,1866,48433.3,77633.3
1140,1950,48616.7,77633.3
1141,1900,48516.7,77683.3
1142,1893,48500,77666.7
1143,1984,48666.7,77633.3
1144,1846,48416.7,77516.7
1145,1757,48150,77483.3
1146,1766,48166.7,77550
1147,1738,48100,77766.7
1148,1544,47500,76700
1149,1838,48400,77250
1150,1839,48400,77350
1151,1983,48666.7,77466.7
1152,2572,49750,77633.3
1153,2519,49650,76483.3
1154,2425,49500,76083.3
1155,3244,51316.7,76900
1156,3301,51483.3,78766.7
1157,3608,52600,78716.7
1158,4086,54400,79450
1159,4324,56200,78866.7
1160,4354,56533.3,79233.3
1161,4078,54366.7,82533.3
1162,3694,52916.7,82433.3
1163,3226,51266.7,80650
1164,2812,50200,81666.7
1165,2538,49683.3,81516.7
1166,2630,49850,81616.7
1167,2335,49350,82150
1168,2314,49300,82033.3
1169,2466,49566.7,81366.7
1170,2454,49550,81350
1171,2324,49316.7,81033.3
1172,2305,49283.3,81633.3
1173,2196,49133.3,81383.3
1174,2283,49250,81666.7
1175,2306,49283.3,81850
1176,1880,48466.7,81283.3
1177,1952,48616.7,80933.3
1178,1938,48583.3,81016.7
1179,1881,48466.7,81333.3
1180,1616,47666.7,81716.7
1181,1731,48083.3,82100
1182,1753,48133.3,82266.7
1183,2401,49466.7,82683.3
1184,2376,49416.7,82433.3
1185,3513,52250,81616.7
1186,3219,51250,80600
1187,3436,51966.7,79316.7
1188,3715,53000,78816.7
1189,3923,53833.3,79016.7
1190,3510,52233.3,78516.7
1191,3646,52750,82000
1192,4537,62200,75633.3
1193,4584,64033.3,72650
1194,4590,64233.3,76550
1195,4404,58450,78150
1196,4461,60033.3,77283.3
1197,4543,62533.3,77383.3
1198,4541,62416.7,77900
1199,4558,63116.7,77933.3
1200,4630,68766.7,81200
1201,4588,64133.3,83166.7
1202,4487,60733.3,78483.3
1203,4221,55266.7,77783.3
1204,3908,53783.3,77616.7
1205,3967,54016.7,76533.3
1206,3414,51883.3,74283.3
1207,2597,49783.3,74866.7
1208,1783,48233.3,76583.3
1209,1383,46866.7,75316.7
1210,1182,46366.7,74883.3
1211,1197,46400,74866.7
1212,1146,46283.3,74733.3
1213,1095,46200,74633.3
1214,1020,46033.3,74283.3
1215,1019,46033.3,74200
1216,869,45683.3,74400
1217,775,45550,74866.7
1218,822,45616.7,74600
1219,910,45783.3,75100
1220,796,45583.3,75233.3
1221,823,45616.7,74683.3
1222,885,45716.7,75050
1223,824,45616.7,75016.7
1224,851,45650,74933.3
1225,701,45450,75066.7
1226,593,45300,75083.3
1227,610,45333.3,75250
1228,508,45100,75216.7
1229,451,44950,75066.7
1230,431,44850,75316.7
1231,439,44900,75183.3
1232,509,45100,75350
1233,611,45333.3,75600
1234,729,45483.3,75650
1235,703,45450,75683.3
1236,685,45433.3,75733.3
1237,674,45416.7,75700
1238,646,45383.3,75800
1239,571,45250,75916.7
1240,627,45350,76033.3
1241,614,45333.3,76283.3
1242,686,45433.3,76366.7
1243,751,45516.7,76416.7
1244,718,45466.7,76400
1245,750,45516.7,76233.3
1246,660,45400,75850
1247,739,45500,75816.7
1248,633,45366.7,75800
1249,684,45433.3,75650
1250,717,45466.7,75700
1251,728,45483.3,75600
1252,797,45583.3,75416.7
1253,716,45466.7,75516.7
1254,765,45533.3,75283.3
1255,702,45450,75250
1256,586,45283.3,74850
1257,470,45016.7,74733.3
1258,478,45033.3,74900
1259,463,45000,75000
1260,526,45133.3,75083.3
1261,747,45516.7,74650
1262,592,45300,74633.3
1263,625,45350,74500
1264,468,45016.7,74366.7
1265,469,45016.7,74400
1266,525,45133.3,74500
1267,524,45133.3,74483.3
1268,523,45133.3,74350
1269,579,45266.7,74233.3
1270,700,45450,74166.7
1271,699,45450,74150
1272,698,45450,74116.7
1273,605,45316.7,74050
1274,737,45500,73966.7
1275,714,45466.7,74083.3
1276,902,45766.7,74000
1277,937,45866.7,74083.3
1278,1018,46033.3,74066.7
1279,1017,46033.3,74033.3
1280,1160,46316.7,74216.7
1281,1302,46666.7,73916.7
1282,953,45900,74166.7
1283,916,45800,74016.7
1284,901,45766.7,73983.3
1285,974,45950,74150
1286,850,45650,74333.3
1287,837,45633.3,74366.7
1288,849,45650,74100
1289,727,45483.3,73900
1290,836,45633.3,73850
1291,835,45633.3,73816.7
1292,821,45616.7,73783.3
1293,785,45566.7,73850
1294,786,45566.7,73900
1295,726,45483.3,73866.7
1296,764,45533.3,73883.3
1297,683,45433.3,73966.7
1298,713,45466.7,73883.3
1299,697,45450,73850
1300,682,45433.3,73833.3
1301,803,45600,73616.7
1302,795,45583.3,73600
1303,783,45566.7,73616.7
1304,771,45550,73666.7
1305,868,45683.3,73633.3
1306,848,45650,73766.7
1307,820,45616.7,73750
1308,876,45700,73783.3
1309,857,45666.7,73566.7
1310,819,45616.7,73650
1311,784,45566.7,73650
1312,772,45550,73700
1313,673,45416.7,73683.3
1314,696,45450,73750
1315,681,45433.3,73750
1316,644,45383.3,73750
1317,672,45416.7,73666.7
1318,680,45433.3,73650
1319,694,45450,73650
1320,695,45450,73666.7
1321,745,45516.7,73650
1322,744,45516.7,73616.7
1323,746,45516.7,73666.7
1324,762,45533.3,73716.7
1325,761,45533.3,73700
1326,804,45600,73733.3
1327,773,45550,73733.3
1328,736,45500,73816.7
1329,763,45533.3,73816.7
1330,774,45550,73866.7
1331,738,45500,74033.3
1332,659,45400,74033.3
1333,645,45383.3,74016.7
1334,584,45283.3,74050
1335,658,45400,73933.3
1336,657,45400,73916.7
1337,569,45250,73600
1338,507,45100,73750
1339,543,45183.3,73850
1340,550,45200,73866.7
1341,609,45333.3,73816.7
1342,724,45483.3,73500
1343,712,45466.7,73466.7
1344,759,45533.3,73483.3
1345,735,45500,73583.3
1346,670,45416.7,73500
1347,691,45450,73483.3
1348,624,45350,73466.7
1349,692,45450,73566.7
1350,794,45583.3,73516.7
1351,834,45633.3,73516.7
1352,867,45683.3,73433.3
1353,896,45750,73483.3
1354,918,45816.7,73433.3
1355,909,45783.3,73150
1356,1005,46016.7,73166.7
1357,1087,46183.3,73116.7
1358,1079,46166.7,73416.7
1359,973,45950,73583.3
1360,932,45850,73766.7
1361,988,45966.7,73716.7
1362,1016,46033.3,73700
1363,1065,46133.3,74183.3
1364,1059,46116.7,74583.3
1365,1181,46366.7,74766.7
1366,1189,46383.3,75016.7
1367,1335,46733.3,75300
1368,1318,46700,75450
1369,1242,46516.7,75350
1370,1042,46083.3,75616.7
1371,1250,46533.3,76033.3
1372,933,45850,76750
1373,960,45916.7,76916.7
1374,919,45816.7,77116.7
1375,954,45900,77283.3
1376,1050,46100,77500
1377,1080,46166.7,77566.7
1378,740,45500,78000
1379,1066,46133.3,77700
1380,1007,46016.7,77450
1381,514,45116.7,77866.7
1382,432,44850,77833.3
1383,429,44816.7,77616.7
1384,387,44650,77550
1385,393,44666.7,77333.3
1386,353,44550,77333.3
1387,343,44516.7,77483.3
1388,321,44433.3,77450
1389,322,44433.3,77616.7
1390,255,44200,77600
1391,246,44166.7,77383.3
1392,211,44000,77233.3
1393,213,44016.7,77150
1394,202,43950,77350
1395,231,44083.3,77366.7
1396,336,44466.7,77300
1397,375,44633.3,77283.3
1398,342,44516.7,77216.7
1399,335,44466.7,76983.3
1400,386,44650,77116.7
1401,312,44383.3,77016.7
1402,258,44216.7,76866.7
1403,263,44233.3,77033.3
1404,266,44250,76950
1405,242,44150,76766.7
1406,223,44050,76933.3
1407,254,44200,77033.3
1408,299,44333.3,76866.7
1409,309,44366.7,76766.7
1410,479,45033.3,76700
1411,635,45366.7,76483.3
1412,798,45583.3,77250
1413,530,45150,77250
1414,730,45483.3,77683.3
1415,661,45400,78083.3
1416,741,45500,78233.3
1417,481,45033.3,78516.7
1418,778,45550,78600
1419,826,45616.7,78400
1420,840,45633.3,78816.7
1421,1111,46216.7,78066.7
1422,1110,46216.7,77883.3
1423,777,45550,77416.7
1424,704,45450,77316.7
1425,637,45366.7,77616.7
1426,486,45050,77850
1427,480,45033.3,78216.7
1428,458,44983.3,77733.3
1429,344,44516.7,77616.7
1430,219,44033.3,77733.3
1431,239,44133.3,78183.3
1432,214,44016.7,77883.3
1433,233,44100,77583.3
1434,323,44433.3,77883.3
1435,313,44383.3,77983.3
1436,284,44300,77950
1437,283,44300,77800
1438,267,44250,77816.7
1439,282,44300,77600
1440,259,44216.7,77366.7
1441,281,44300,77550
1442,338,44483.3,77683.3
1443,348,44533.3,77783.3
1444,324,44433.3,78266.7
1445,354,44550,78333.3
1446,234,44100,78633.3
1447,240,44133.3,78666.7
1448,195,43916.7,78583.3
1449,192,43900,78683.3
1450,193,43900,78866.7
1451,216,44016.7,78966.7
1452,235,44100,78933.3
1453,224,44050,78800
1454,301,44350,78733.3
1455,251,44183.3,78566.7
1456,286,44300,78550
1457,328,44450,78633.3
1458,325,44433.3,79150
1459,355,44550,79183.3
1460,339,44500,79466.7
1461,345,44516.7,79616.7
1462,269,44250,79466.7
1463,237,44116.7,79566.7
1464,212,44000,79466.7
1465,186,43866.7,79433.3
1466,185,43866.7,79266.7
1467,170,43783.3,79266.7
1468,184,43866.7,79033.3
1469,207,43966.7,79250
1470,236,44100,79116.7
1471,264,44233.3,79050
1472,389,44650,79266.7
1473,413,44750,79333.3
1474,366,44600,79416.7
1475,365,44600,79366.7
1476,427,44800,79716.7
1477,528,45133.3,79766.7
1478,606,45316.7,80083.3
1479,417,44750,79900
1480,293,44316.7,80100
1481,247,44166.7,80383.3
1482,228,44066.7,80200
1483,137,43600,80550
1484,139,43616.7,80583.3
1485,101,43316.7,80833.3
1486,120,43483.3,80483.3
1487,178,43833.3,80533.3
1488,155,43700,80366.7
1489,147,43683.3,80433.3
1490,294,44316.7,80533.3
1491,295,44316.7,80650
1492,341,44500,81366.7
1493,220,44033.3,81116.7
1494,288,44300,81100
1495,330,44450,80883.3
1496,358,44566.7,80800
1497,359,44566.7,80850
1498,376,44633.3,80950
1499,351,44533.3,81166.7
1500,368,44600,81133.3
1501,675,45416.7,80100
1502,841,45633.3,80083.3
1503,807,45600,80366.7
1504,948,45883.3,80733.3
1505,1051,46100,81716.7
1506,1028,46050,81783.3
1507,1320,46700,81550
1508,1186,46366.7,81516.7
1509,1134,46250,81766.7
1510,1140,46266.7,81883.3
1511,989,45966.7,81933.3
1512,892,45733.3,81800
1513,853,45650,81983.3
1514,779,45550,82016.7
1515,535,45166.7,81333.3
1516,460,44983.3,81250
1517,410,44733.3,81133.3
1518,421,44766.7,79933.3
1519,397,44683.3,79883.3
1520,340,44500,80216.7
1521,356,44550,80450
1522,367,44600,80583.3
1523,271,44250,80550
1524,252,44183.3,80816.7
1525,208,43966.7,80733.3
1526,194,43900,80316.7
1527,196,43916.7,80083.3
1528,188,43866.7,80000
1529,173,43783.3,79933.3
1530,187,43866.7,79866.7
1531,152,43700,79500
1532,172,43783.3,79600
1533,225,44050,79450
1534,175,43800,79416.7
1535,171,43783.3,79416.7
1536,160,43733.3,79250
1537,161,43733.3,79333.3
1538,156,43716.7,79250
1539,157,43716.7,79483.3
1540,151,43700,79416.7
1541,142,43633.3,79466.7
1542,136,43600,79500
1543,133,43583.3,79533.3
1544,92,43250,79066.7
1545,80,43166.7,79050
1546,52,42900,78933.3
1547,65,43033.3,79283.3
1548,68,43066.7,79950
1549,55,42950,80050
1550,90,43216.7,79750
1551,93,43250,79833.3
1552,59,42966.7,79750
1553,48,42866.7,79566.7
1554,71,43100,79533.3
1555,79,43150,79500
1556,61,42983.3,79250
1557,50,42883.3,79233.3
1558,69,43083.3,79050
1559,70,43100,79050
1560,76,43133.3,79100
1561,89,43216.7,79216.7
1562,86,43200,79266.7
1563,81,43166.7,79233.3
1564,74,43116.7,79200
1565,53,42900,79616.7
1566,45,42833.3,80300
1567,42,42800,80066.7
1568,39,42783.3,80200
1569,54,42933.3,80283.3
1570,72,43100,80233.3
1571,77,43133.3,80266.7
1572,91,43233.3,80550
1573,110,43383.3,80716.7
1574,131,43566.7,80933.3
1575,162,43733.3,80966.7
1576,179,43833.3,80850
1577,232,44083.3,81133.3
1578,245,44150,81033.3
1579,226,44050,80933.3
1580,197,43916.7,80883.3
1581,256,44200,81233.3
1582,241,44133.3,81150
1583,289,44300,81283.3
1584,326,44433.3,81383.3
1585,248,44166.7,81633.3
1586,229,44066.7,81583.3
1587,210,43983.3,81283.3
1588,163,43733.3,81700
1589,204,43950,81516.7
1590,200,43933.3,81250
1591,191,43883.3,81300
1592,129,43550,81383.3
1593,73,43100,82000
1594,25,42400,82183.3
1595,7,42100,82450
1596,2,41966.7,82533.3
1597,1,41800,82650
1598,6,42050,82583.3
1599,12,42233.3,82550
1600,14,42250,82433.3
1601,37,42716.7,82483.3
1602,44,42816.7,82466.7
1603,4,42033.3,82750
1604,11,42166.7,82816.7
1605,10,42150,82966.7
1606,17,42300,83066.7
1607,15,42283.3,83066.7
1608,24,42333.3,83033.3
1609,20,42316.7,82983.3
1610,21,42316.7,83000
1611,23,42333.3,82950
1612,19,42316.7,82900
1613,18,42316.7,82850
1614,5,42033.3,82916.7
1615,8,42100,83100
1616,3,41983.3,82933.3
1617,9,42133.3,82750
1618,16,42300,82716.7
1619,27,42550,81966.7
1620,26,42433.3,81883.3
1621,28,42566.7,81683.3
1622,38,42750,81700
1623,84,43166.7,81850
1624,67,43033.3,81466.7
1625,56,42950,81616.7
1626,83,43166.7,81683.3
1627,138,43600,81533.3
1628,132,43566.7,81700
1629,99,43300,81550
1630,102,43316.7,81750
1631,115,43433.3,81500
1632,75,43116.7,81433.3
1633,85,43183.3,81400
1634,119,43466.7,81183.3
1635,125,43516.7,81166.7
1636,97,43283.3,81250
1637,98,43283.3,81466.7
1638,107,43350,81483.3
1639,63,42983.3,81250
1640,43,42816.7,81433.3
1641,34,42666.7,81216.7
1642,36,42716.7,81300
1643,57,42950,81883.3
1644,60,42966.7,82400
1645,64,43000,82400
1646,58,42950,82116.7
1647,51,42883.3,82150
1648,47,42850,82466.7
1649,30,42583.3,82366.7
1650,29,42583.3,82166.7
1651,22,42333.3,82000
1652,13,42250,81916.7
1653,31,42600,81600
1654,41,42783.3,81183.3
1655,35,42700,81083.3
1656,33,42650,80816.7
1657,32,42633.3,80450
1658,40,42783.3,80983.3
1659,66,43033.3,80883.3
1660,94,43250,81133.3
1661,108,43366.7,80983.3
1662,104,43333.3,80916.7
1663,105,43333.3,81050
1664,78,43133.3,80750
1665,49,42866.7,80733.3
1666,62,42983.3,80600
1667,46,42850,80500
1668,88,43200,80383.3
1669,114,43433.3,80316.7
1670,100,43316.7,79800
1671,103,43333.3,79883.3
1672,87,43200,79550
1673,82,43166.7,79466.7
1674,95,43266.7,79933.3
1675,126,43533.3,79650
1676,134,43583.3,79716.7
1677,123,43516.7,79616.7
1678,127,43550,79583.3
1679,113,43433.3,79666.7
1680,146,43683.3,79766.7
1681,124,43516.7,79883.3
1682,109,43383.3,80316.7
1683,111,43400,80350
1684,96,43283.3,80450
1685,143,43633.3,80033.3
1686,168,43766.7,80066.7
1687,128,43550,80250
1688,112,43400,80666.7
1689,117,43450,80500
1690,118,43466.7,80533.3
1691,106,43350,80300
1692,144,43650,79933.3
1693,154,43700,79633.3
1694,153,43700,79566.7
1695,158,43716.7,79566.7
1696,166,43750,79416.7
1697,150,43700,79366.7
1698,145,43666.7,79416.7
1699,169,43783.3,79250
1700,165,43750,79200
1701,182,43850,79016.7
1702,183,43866.7,78933.3
1703,215,44016.7,78716.7
1704,227,44066.7,78366.7
1705,314,44383.3,78200
1706,206,43966.7,78166.7
1707,203,43950,78300
1708,268,44250,78166.7
1709,285,44300,78333.3
1710,243,44150,78450
1711,349,44533.3,78550
1712,394,44666.7,78800
1713,350,44533.3,78750
1714,364,44600,78933.3
1715,403,44716.7,78933.3
1716,388,44650,79033.3
1717,497,45066.7,78900
1718,767,45533.3,79316.7
1719,705,45450,79250
1720,615,45333.3,79216.7
1721,559,45216.7,79333.3
1722,473,45016.7,79616.7
1723,459,44983.3,79566.7
1724,647,45383.3,79783.3
1725,416,44750,79816.7
1726,414,44750,79700
1727,433,44850,79500
1728,362,44583.3,79866.7
1729,415,44750,79766.7
1730,404,44716.7,79816.7
1731,318,44416.7,80083.3
1732,292,44316.7,79883.3
1733,278,44283.3,79916.7
1734,276,44266.7,79883.3
1735,329,44450,79733.3
1736,315,44383.3,79700
1737,275,44266.7,79550
1738,270,44250,79583.3
1739,199,43933.3,79533.3
1740,190,43883.3,79733.3
1741,303,44350,79783.3
1742,244,44150,79866.7
1743,217,44016.7,79800
1744,287,44300,79366.7
1745,291,44316.7,79200
1746,302,44350,79033.3
1747,317,44416.7,79000
1748,420,44766.7,79333.3
1749,445,44916.7,79366.7
1750,464,45000,79300
1751,482,45033.3,79300
1752,488,45050,79400
1753,731,45483.3,79466.7
1754,904,45766.7,79400
1755,752,45516.7,79300
1756,827,45616.7,79416.7
1757,806,45600,79100
1758,564,45233.3,78883.3
1759,441,44900,78383.3
1760,424,44783.3,78650
1761,448,44933.3,78733.3
1762,487,45050,78800
1763,412,44750,78083.3
1764,496,45066.7,78083.3
1765,596,45300,78033.3
1766,563,45233.3,77933.3
1767,558,45216.7,77400
1768,572,45250,77116.7
1769,766,45533.3,77100
1770,719,45466.7,76683.3
1771,636,45366.7,76983.3
1772,825,45616.7,76883.3
1773,891,45733.3,76850
1774,890,45733.3,76600
1775,870,45683.3,76616.7
1776,805,45600,76483.3
1777,787,45566.7,76766.7
1778,595,45300,76716.7
1779,472,45016.7,76833.3
1780,419,44766.7,76683.3
1781,392,44666.7,76683.3
1782,337,44483.3,76683.3
1783,334,44466.7,76883.3
1784,409,44733.3,76850
1785,385,44650,76716.7
1786,444,44916.7,75833.3
1787,471,45016.7,75633.3
1788,361,44583.3,75683.3
1789,382,44650,75650
1790,320,44433.3,75950
1791,374,44633.3,75850
1792,395,44683.3,75966.7
1793,557,45216.7,76200
1794,527,45133.3,76133.3
1795,437,44883.3,76233.3
1796,440,44900,76016.7
1797,612,45333.3,75683.3
1798,544,45183.3,75833.3
1799,594,45300,75883.3
1800,626,45350,75933.3
1801,447,44933.3,76683.3
1802,396,44683.3,76400
1803,384,44650,76316.7
1804,383,44650,76250
1805,261,44233.3,76483.3
1806,308,44366.7,76516.7
1807,280,44300,76566.7
1808,250,44183.3,76766.7
1809,253,44200,76750
1810,262,44233.3,76616.7
1811,257,44216.7,76533.3
1812,297,44333.3,76166.7
1813,298,44333.3,76333.3
1814,307,44366.7,75933.3
1815,402,44716.7,75516.7
1816,423,44783.3,75366.7
1817,776,45550,75416.7
1818,903,45766.7,75583.3
1819,975,45950,75950
1820,852,45650,76033.3
1821,839,45633.3,75933.3
1822,634,45366.7,75883.3
1823,613,45333.3,75900
1824,749,45516.7,76000
1825,748,45516.7,75866.7
1826,917,45800,75950
1827,1043,46083.3,76050
1828,1120,46233.3,76016.7
1829,1183,46366.7,75966.7
1830,1257,46550,75500
1831,1207,46416.7,75366.7
1832,1006,46016.7,74766.7
1833,838,45633.3,74600
1834,715,45466.7,74300
1835,570,45250,74133.3
1836,585,45283.3,74233.3
1837,562,45233.3,74250
1838,534,45166.7,74133.3
1839,503,45083.3,74183.3
1840,522,45133.3,74000
1841,604,45316.7,73933.3
1842,632,45366.7,73983.3
1843,603,45316.7,73866.7
1844,602,45316.7,73850
1845,561,45233.3,73800
1846,485,45050,73600
1847,502,45083.3,73366.7
1848,542,45183.3,73400
1849,643,45383.3,73516.7
1850,656,45400,73583.3
1851,630,45366.7,73550
1852,631,45366.7,73750
1853,671,45416.7,73650
1854,693,45450,73583.3
1855,725,45483.3,73600
1856,734,45500,73500
1857,733,45500,73483.3
1858,758,45533.3,73350
1859,847,45650,73483.3
1860,802,45600,73533.3
1861,760,45533.3,73516.7
1862,900,45766.7,73350
1863,930,45850,73233.3
1864,732,45500,72900
1865,513,45116.7,72983.3
1866,521,45133.3,73283.3
1867,556,45216.7,73300
1868,591,45300,73250
1869,655,45400,73000
1870,583,45283.3,72966.7
1871,832,45633.3,72566.7
1872,723,45483.3,72600
1873,590,45300,72316.7
1874,533,45166.7,72033.3
1875,520,45133.3,71800
1876,548,45200,71500
1877,688,45450,71766.7
1878,721,45483.3,71666.7
1879,581,45283.3,71883.3
1880,578,45266.7,72150
1881,582,45283.3,72116.7
1882,462,45000,72100
1883,466,45016.7,72083.3
1884,467,45016.7,72150
1885,506,45100,72616.7
1886,549,45200,72750
1887,642,45383.3,72733.3
1888,818,45616.7,72950
1889,678,45433.3,72883.3
1890,555,45216.7,72516.7
1891,623,45350,72516.7
1892,589,45300,72266.7
1893,669,45416.7,72583.3
1894,846,45650,72900
1895,944,45883.3,72766.7
1896,999,46000,72916.7
1897,1131,46250,72933.3
1898,1144,46283.3,72833.3
1899,1108,46216.7,73016.7
1900,1041,46083.3,73166.7
1901,1027,46050,73116.7
1902,945,45883.3,73150
1903,986,45966.7,73216.7
1904,1014,46033.3,73133.3
1905,946,45883.3,73283.3
1906,931,45850,73483.3
1907,987,45966.7,73466.7
1908,1015,46033.3,73433.3
1909,1109,46216.7,73533.3
1910,1159,46316.7,73650
1911,1145,46283.3,73366.7
1912,884,45716.7,73483.3
1913,889,45733.3,73450
1914,689,45450,73266.7
1915,770,45550,73233.3
1916,690,45450,73300
1917,601,45316.7,73233.3
1918,679,45433.3,73166.7
1919,757,45533.3,73216.7
1920,866,45683.3,73183.3
1921,782,45566.7,73200
1922,756,45533.3,73166.7
1923,899,45766.7,72983.3
1924,833,45633.3,72933.3
1925,952,45900,72516.7
1926,1232,46483.3,72666.7
1927,1226,46466.7,72533.3
1928,1270,46583.3,72183.3
1929,1255,46550,72466.7
1930,1313,46683.3,72716.7
1931,1288,46633.3,72683.3
1932,1282,46616.7,72666.7
1933,1169,46350,72550
1934,1143,46283.3,72683.3
1935,1107,46216.7,72600
1936,926,45833.3,72566.7
1937,943,45883.3,72483.3
1938,1033,46066.7,72833.3
1939,1132,46250,73083.3
1940,1271,46583.3,73083.3
1941,1284,46616.7,72766.7
1942,1283,46616.7,72733.3
1943,1248,46533.3,72350
1944,1236,46500,72250
1945,1254,46550,72116.7
1946,1253,46550,72100
1947,1263,46566.7,72000
1948,1269,46583.3,72050
1949,1317,46700,72083.3
1950,1301,46666.7,72133.3
1951,1312,46683.3,72033.3
1952,1287,46633.3,71916.7
1953,1188,46383.3,71883.3
1954,1077,46166.7,71883.3
1955,1206,46416.7,71933.3
1956,1231,46483.3,72033.3
1957,1179,46366.7,72016.7
1958,1155,46300,72266.7
1959,1086,46183.3,72500
1960,1032,46066.7,72800
1961,985,45966.7,72383.3
1962,967,45933.3,72433.3
1963,1106,46216.7,72433.3
1964,1180,46366.7,72500
1965,1241,46516.7,72750
1966,1256,46550,72733.3
1967,1249,46533.3,72750
1968,1342,46750,72250
1969,1693,47950,72166.7
1970,1737,48100,72183.3
1971,1845,48416.7,71950
1972,1865,48433.3,72050
1973,1810,48333.3,72166.7
1974,1797,48266.7,72166.7
1975,1756,48150,72216.7
1976,1789,48250,72083.3
1977,1885,48483.3,71783.3
1978,1937,48583.3,71633.3
1979,1926,48566.7,71650
1980,1919,48550,71650
1981,1925,48566.7,71633.3
1982,1991,48683.3,71366.7
1983,1907,48533.3,71083.3
1984,1859,48433.3,71033.3
1985,1860,48433.3,71066.7
1986,1875,48466.7,71233.3
1987,1863,48433.3,71250
1988,1918,48550,71316.7
1989,1844,48416.7,71250
1990,1872,48450,71216.7
1991,1862,48433.3,71183.3
1992,1861,48433.3,71133.3
1993,1871,48450,71066.7
1994,1870,48450,70900
1995,1782,48233.3,70183.3
1996,1674,47850,69883.3
1997,1552,47516.7,69816.7
1998,1543,47500,69933.3
1999,1605,47650,70166.7
2000,1496,47366.7,70033.3
2001,1489,47333.3,69983.3
2002,1526,47450,69883.3
2003,1517,47433.3,69883.3
2004,1411,46950,69783.3
2005,1369,46850,69900
2006,1307,46683.3,70016.7
2007,1415,46966.7,70550
2008,1347,46783.3,70750
2009,1275,46600,70850
2010,1214,46433.3,71016.7
2011,1260,46566.7,70983.3
2012,1279,46616.7,70966.7
2013,1154,46300,70866.7
2014,1247,46533.3,70766.7
2015,1176,46366.7,70916.7
2016,1138,46266.7,71000
2017,1130,46250,71516.7
2018,1297,46650,71566.7
2019,1177,46366.7,71233.3
2020,1334,46733.3,71266.7
2021,1324,46716.7,71266.7
2022,1359,46800,71316.7
2023,1372,46850,71366.7
2024,1381,46866.7,71433.3
2025,1373,46850,71616.7
2026,1391,46883.3,71833.3
2027,1262,46566.7,71833.3
2028,1281,46616.7,71933.3
2029,1311,46683.3,71883.3
2030,1341,46750,71816.7
2031,1310,46683.3,71716.7
2032,1340,46750,71700
2033,1300,46666.7,71733.3
2034,1280,46616.7,71733.3
2035,1268,46583.3,71616.7
2036,1225,46466.7,71516.7
2037,1178,46366.7,71616.7
2038,1104,46216.7,71383.3
2039,1103,46216.7,71083.3
2040,1094,46200,70766.7
2041,1057,46116.7,70666.7
2042,1058,46116.7,70683.3
2043,1063,46133.3,70366.7
2044,1229,46483.3,70200
2045,1196,46400,70500
2046,1230,46483.3,70616.7
2047,1093,46200,70483.3
2048,1025,46050,70516.7
2049,929,45850,70650
2050,983,45966.7,70950
2051,1040,46083.3,71300
2052,1064,46133.3,71216.7
2053,1012,46033.3,71366.7
2054,817,45616.7,71616.7
2055,924,45833.3,71383.3
2056,950,45900,71350
2057,898,45766.7,71416.7
2058,875,45700,71450
2059,792,45583.3,70883.3
2060,895,45750,70700
2061,710,45466.7,70850
2062,641,45383.3,70866.7
2063,668,45416.7,71616.7
2064,755,45533.3,71283.3
2065,577,45266.7,71516.7
2066,629,45366.7,71866.7
2067,654,45400,72033.3
2068,793,45583.3,72000
2069,908,45783.3,72016.7
2070,907,45783.3,71933.3
2071,711,45466.7,71933.3
2072,653,45400,71900
2073,722,45483.3,72316.7
2074,856,45666.7,72150
2075,915,45800,71900
2076,984,45966.7,71816.7
2077,1013,46033.3,71916.7
2078,1026,46050,71966.7
2079,1105,46216.7,71766.7
2080,951,45900,71650
2081,925,45833.3,71666.7
2082,972,45950,71983.3
2083,1078,46166.7,72233.3
2084,1215,46433.3,72350
2085,1162,46333.3,72433.3
2086,1158,46316.7,72516.7
2087,1325,46716.7,72566.7
2088,1360,46800,72500
2089,1374,46850,72450
2090,1382,46866.7,72383.3
2091,1421,46983.3,72183.3
2092,1614,47666.7,72266.7
2093,1471,47250,72250
2094,1527,47450,72783.3
2095,1455,47166.7,72633.3
2096,1407,46933.3,74016.7
2097,1684,47900,73883.3
2098,1682,47883.3,74183.3
2099,1691,47916.7,74616.7
2100,1465,47216.7,74366.7
2101,1765,48166.7,75633.3
2102,1745,48116.7,75366.7
2103,1744,48116.7,75216.7
2104,2465,49566.7,74583.3
2105,1982,48666.7,74950
2106,2621,49833.3,74833.3
2107,2546,49700,74583.3
2108,2640,49866.7,74350
2109,2916,50416.7,73866.7
2110,2107,49000,72550
2111,2042,48833.3,72516.7
2112,1998,48700,72650
2113,2070,48883.3,72666.7
2114,1627,47683.3,73050
2115,1675,47850,73550
2116,1943,48600,72333.3
2117,1970,48650,72450
2118,2063,48866.7,72416.7
2119,2062,48866.7,72233.3
2120,1899,48516.7,72216.7
2121,1927,48566.7,72250
2122,1886,48483.3,72350
2123,1809,48333.3,72133.3
2124,1864,48433.3,71866.7
2125,2106,49000,72166.7
2126,2142,49066.7,72350
2127,2073,48900,72200
2128,2009,48733.3,71850
2129,1981,48666.7,71816.7
2130,1959,48633.3,71700
2131,1992,48683.3,71666.7
2132,1980,48666.7,71516.7
2133,1936,48583.3,71550
2134,1837,48400,71683.3
2135,1833,48383.3,71683.3
2136,1700,47983.3,71433.3
2137,1406,46933.3,71466.7
2138,1390,46883.3,71516.7
2139,1379,46866.7,71266.7
2140,1389,46883.3,71283.3
2141,1344,46766.7,71250
2142,1339,46750,71350
2143,1349,46783.3,71300
2144,1338,46750,71266.7
2145,1337,46750,71233.3
2146,1348,46783.3,71200
2147,1363,46816.7,71250
2148,1358,46800,71250
2149,1357,46800,71166.7
2150,1240,46516.7,71066.7
2151,1296,46650,71300
2152,1315,46700,71400
2153,1316,46700,71583.3
2154,1261,46566.7,71433.3
2155,1350,46783.3,71383.3
2156,1371,46850,71350
2157,1380,46866.7,71366.7
2158,1420,46983.3,71366.7
2159,1388,46883.3,71166.7
2160,1368,46833.3,71166.7
2161,1370,46850,71183.3
2162,1387,46883.3,71150
2163,1398,46900,71133.3
2164,1362,46816.7,71200
2165,1417,46966.7,71016.7
2166,1427,47016.7,70933.3
2167,1876,48466.7,71666.7
2168,1802,48300,70850
2169,1807,48333.3,70866.7
2170,1808,48333.3,70883.3
2171,1818,48350,70883.3
2172,1571,47566.7,70400
2173,1518,47433.3,70500
2174,1613,47666.7,70383.3
2175,1626,47683.3,70233.3
2176,1570,47566.7,70200
2177,1643,47733.3,69983.3
2178,1596,47633.3,70150
2179,1651,47766.7,69950
2180,1584,47600,69800
2181,1525,47450,69750
2182,1507,47416.7,69950
2183,1488,47333.3,69683.3
2184,1565,47550,69416.7
2185,1632,47700,69283.3
2186,1718,48033.3,69216.7
2187,1743,48116.7,69166.7
2188,1755,48150,69716.7
2189,1736,48100,69733.3
2190,1774,48200,69016.7
2191,1816,48350,68450
2192,1680,47866.7,68733.3
2193,1825,48366.7,68700
2194,1799,48283.3,68866.7
2195,1710,48016.7,69050
2196,1689,47916.7,69100
2197,1711,48016.7,69333.3
2198,1649,47766.7,69483.3
2199,1669,47833.3,69533.3
2200,1650,47766.7,69616.7
2201,1612,47666.7,69733.3
2202,1590,47616.7,69633.3
2203,1690,47916.7,69500
2204,1788,48250,69550
2205,1781,48233.3,69816.7
2206,1817,48350,69416.7
2207,1441,47100,69983.3
2208,1445,47116.7,70183.3
2209,1446,47116.7,70333.3
2210,1405,46933.3,70733.3
2211,1367,46833.3,70850
2212,1343,46766.7,70950
2213,1309,46683.3,71066.7
2214,1416,46966.7,70950
2215,1447,47116.7,70850
2216,1433,47050,70850
2217,1434,47050,70883.3
2218,1424,47000,70816.7
2219,1378,46866.7,70916.7
2220,1386,46883.3,70816.7
2221,1336,46750,70583.3
2222,1323,46716.7,70716.7
2223,1295,46650,70800
2224,1308,46683.3,70450
2225,1333,46733.3,70366.7
2226,1356,46800,70200
2227,1461,47200,70266.7
2228,1483,47316.7,70150
2229,1485,47316.7,70566.7
2230,1451,47133.3,70766.7
2231,1537,47483.3,70383.3
2232,1484,47316.7,70183.3
2233,1583,47600,69733.3
2234,1625,47683.3,69633.3
2235,1516,47433.3,69416.7
2236,1536,47483.3,69283.3
2237,1557,47533.3,68916.7
2238,1505,47400,68866.7
2239,1460,47200,68833.3
2240,1523,47450,69150
2241,1501,47383.3,68900
2242,1514,47433.3,69033.3
2243,1515,47433.3,69050
2244,1524,47450,69216.7
2245,1531,47466.7,69000
2246,1611,47666.7,69050
2247,1636,47716.7,69133.3
2248,1658,47800,69150
2249,1582,47600,68800
2250,1624,47683.3,68883.3
2251,1564,47550,68650
2252,1487,47333.3,68666.7
2253,1432,47050,67733.3
2254,1595,47633.3,67333.3
2255,1723,48050,67083.3
2256,1764,48166.7,67150
2257,1801,48300,67583.3
2258,1904,48533.3,67566.7
2259,1917,48550,67683.3
2260,1874,48466.7,67433.3
2261,1843,48416.7,67333.3
2262,1978,48666.7,67333.3
2263,2061,48866.7,67450
2264,2054,48850,67516.7
2265,2323,49316.7,67600
2266,2261,49216.7,68150
2267,2211,49150,68200
2268,2233,49183.3,68266.7
2269,2087,48950,68650
2270,1905,48533.3,67850
2271,2002,48716.7,67866.7
2272,2028,48783.3,67700
2273,1979,48666.7,67983.3
2274,1858,48433.3,68583.3
2275,1857,48433.3,68516.7
2276,1898,48516.7,68466.7
2277,1856,48433.3,68150
2278,1942,48600,68116.7
2279,1935,48583.3,68183.3
2280,1906,48533.3,68083.3
2281,1897,48516.7,68333.3
2282,1884,48483.3,68433.3
2283,2182,49116.7,68383.3
2284,1924,48566.7,69233.3
2285,2008,48733.3,69066.7
2286,2313,49300,69583.3
2287,1934,48583.3,67833.3
2288,2072,48900,67333.3
2289,2526,49666.7,67166.7
2290,2375,49416.7,67316.7
2291,2154,49083.3,66683.3
2292,2250,49200,66166.7
2293,2181,49116.7,66483.3
2294,1722,48050,66616.7
2295,1717,48033.3,66483.3
2296,1704,48000,66766.7
2297,1703,48000,66666.7
2298,1786,48250,65900
2299,1735,48100,66100
2300,1751,48133.3,66300
2301,1697,47966.7,66283.3
2302,1688,47916.7,66000
2303,1727,48066.7,66366.7
2304,1642,47733.3,65716.7
2305,1673,47850,65766.7
2306,1726,48066.7,65566.7
2307,1721,48050,65466.7
2308,1702,48000,65333.3
2309,1750,48133.3,65816.7
2310,1734,48100,65683.3
2311,1763,48166.7,65833.3
2312,2041,48833.3,64600
2313,2019,48766.7,64383.3
2314,1655,47783.3,64633.3
2315,1668,47833.3,64700
2316,1641,47733.3,64700
2317,1610,47666.7,64833.3
2318,1409,46950,64033.3
2319,1305,46683.3,64183.3
2320,1314,46700,64216.7
2321,1212,46433.3,64000
2322,1205,46416.7,63816.7
2323,1244,46533.3,63683.3
2324,1211,46433.3,63866.7
2325,1047,46100,63933.3
2326,887,45733.3,63866.7
2327,663,45416.7,63383.3
2328,676,45433.3,63466.7
2329,567,45250,63466.7
2330,498,45083.3,63400
2331,628,45366.7,63300
2332,598,45316.7,63516.7
2333,454,44966.7,63516.7
2334,769,45550,63550
2335,677,45433.3,63516.7
2336,599,45316.7,63783.3
2337,538,45183.3,63716.7
2338,651,45400,63700
2339,664,45416.7,63600
2340,1100,46216.7,63466.7
2341,1173,46366.7,63550
2342,1117,46233.3,63133.3
2343,1125,46250,63116.7
2344,1141,46283.3,63133.3
2345,1167,46350,62966.7
2346,1092,46200,62833.3
2347,1150,46300,62783.3
2348,1172,46366.7,62866.7
2349,1203,46416.7,62700
2350,1084,46183.3,62533.3
2351,1202,46416.7,62566.7
2352,1200,46416.7,62266.7
2353,1166,46350,62250
2354,1037,46083.3,61416.7
2355,1029,46066.7,61366.7
2356,1009,46033.3,61533.3
2357,1083,46183.3,61266.7
2358,829,45633.3,61400
2359,878,45716.7,61166.7
2360,978,45966.7,61116.7
2361,949,45900,61100
2362,990,45983.3,60983.3
2363,969,45950,60900
2364,1000,46016.7,60650
2365,921,45833.3,60133.3
2366,964,45933.3,60000
2367,1008,46033.3,59983.3
2368,1113,46233.3,60216.7
2369,1123,46250,60083.3
2370,1068,46150,60166.7
2371,1052,46116.7,60216.7
2372,1171,46366.7,60516.7
2373,1304,46683.3,60366.7
2374,1114,46233.3,60283.3
2375,1069,46150,60283.3
2376,1091,46200,60250
2377,1045,46100,60500
2378,877,45716.7,60250
2379,1053,46116.7,60233.3
2380,1072,46166.7,60233.3
2381,1082,46183.3,59866.7
2382,1060,46133.3,59883.3
2383,995,46000,59850
2384,957,45916.7,59983.3
2385,1036,46083.3,59933.3
2386,1090,46200,59966.7
2387,1099,46216.7,60016.7
2388,1580,47600,59016.7
2389,1589,47616.7,59233.3
2390,1654,47783.3,59233.3
2391,1725,48066.7,58866.7
2392,1770,48183.3,58850
2393,1780,48233.3,58816.7
2394,1679,47866.7,59366.7
2395,1667,47833.3,59316.7
2396,1621,47683.3,59316.7
2397,1569,47566.7,59150
2398,1588,47616.7,58716.7
2399,1551,47516.7,57416.7
2400,1579,47600,57633.3
2401,2218,49166.7,57116.7
2402,2092,48966.7,57800
2403,1966,48650,58250
2404,1895,48516.7,58416.7
2405,2118,49016.7,57616.7
2406,2093,48966.7,57916.7
2407,2414,49483.3,58116.7
2408,2133,49050,58183.3
2409,2094,48966.7,58000
2410,2153,49083.3,57550
2411,2231,49183.3,57433.3
2412,2086,48950,57933.3
2413,1854,48433.3,58500
2414,1869,48450,58483.3
2415,1609,47666.7,58233.3
2416,1575,47583.3,57266.7
2417,1562,47550,56883.3
2418,1568,47566.7,56750
2419,1678,47866.7,55850
2420,1535,47483.3,55833.3
2421,1540,47500,55783.3
2422,1561,47550,55933.3
2423,1577,47600,55916.7
2424,1393,46900,55966.7
2425,1408,46950,55983.3
2426,1377,46866.7,55816.7
2427,1404,46933.3,55550
2428,1392,46900,55400
2429,1450,47133.3,55533.3
2430,1467,47233.3,55366.7
2431,1453,47166.7,55166.7
2432,1431,47050,55183.3
2433,1452,47150,55133.3
2434,1473,47266.7,54916.7
2435,1603,47650,54933.3
2436,1556,47533.3,54966.7
2437,1504,47400,54516.7
2438,1476,47283.3,54816.7
2439,1499,47383.3,54783.3
2440,1503,47400,54333.3
2441,1480,47300,54000
2442,1629,47700,54233.3
2443,1648,47766.7,54216.7
2444,1681,47883.3,54250
2445,1666,47833.3,54166.7
2446,1513,47433.3,54466.7
2447,1619,47683.3,54716.7
2448,1671,47850,53983.3
2449,1608,47666.7,54083.3
2450,1677,47866.7,53933.3
2451,1708,48016.7,54016.7
2452,1730,48083.3,53916.7
2453,1749,48133.3,53916.7
2454,1852,48433.3,53800
2455,1996,48700,53800
2456,1965,48650,53766.7
2457,1891,48500,54216.7
2458,2027,48783.3,54216.7
2459,1990,48683.3,54116.7
2460,1977,48666.7,54050
2461,1853,48433.3,54016.7
2462,1824,48366.7,53866.7
2463,1779,48233.3,53966.7
2464,1769,48183.3,53983.3
2465,1720,48050,53766.7
2466,1748,48133.3,53583.3
2467,1719,48050,53633.3
2468,1768,48183.3,53533.3
2469,1835,48400,53350
2470,1823,48366.7,53383.3
2471,1798,48283.3,53466.7
2472,1913,48550,53483.3
2473,2097,48983.3,53700
2474,2170,49100,53583.3
2475,2178,49116.7,53616.7
2476,2270,49233.3,53516.7
2477,1947,48616.7,53033.3
2478,1883,48483.3,53100
2479,1894,48516.7,53083.3
2480,1922,48566.7,53100
2481,1956,48633.3,53100
2482,1933,48583.3,53200
2483,1912,48550,53333.3
2484,1941,48600,53400
2485,1890,48500,53500
2486,1761,48166.7,52933.3
2487,1724,48066.7,52933.3
2488,1634,47716.7,52833.3
2489,1592,47633.3,52850
2490,1591,47633.3,52683.3
2491,1633,47716.7,52716.7
2492,1646,47766.7,52766.7
2493,1600,47650,53216.7
2494,1586,47616.7,53300
2495,1640,47733.3,53250
2496,1644,47750,53200
2497,1647,47766.7,53216.7
2498,1652,47783.3,53166.7
2499,1707,48016.7,53266.7
2500,1683,47900,53083.3
2501,1715,48033.3,53116.7
2502,1729,48083.3,53016.7
2503,1714,48033.3,52983.3
2504,1701,48000,53000
2505,1657,47800,53166.7
2506,1617,47683.3,53250
2507,1572,47583.3,53300
2508,1554,47533.3,53300
2509,1548,47516.7,53216.7
2510,1511,47433.3,53216.7
2511,1522,47450,53233.3
2512,1510,47433.3,53166.7
2513,1529,47466.7,53083.3
2514,1497,47383.3,53133.3
2515,1538,47500,53016.7
2516,1547,47516.7,52966.7
2517,1553,47533.3,52933.3
2518,1521,47450,52716.7
2519,1546,47516.7,52783.3
2520,1474,47283.3,52833.3
2521,1599,47650,52933.3
2522,1598,47650,52733.3
2523,1558,47550,52666.7
2524,1486,47333.3,52833.3
2525,1470,47250,52850
2526,1463,47216.7,52850
2527,1298,46666.7,53083.3
2528,1412,46966.7,52966.7
2529,1438,47083.3,52950
2530,1425,47016.7,52916.7
2531,1403,46933.3,52966.7
2532,1321,46716.7,53266.7
2533,1329,46733.3,53366.7
2534,1285,46633.3,53600
2535,1276,46616.7,53533.3
2536,1353,46800,54066.7
2537,1384,46883.3,53966.7
2538,1402,46916.7,54183.3
2539,1457,47183.3,55050
2540,1493,47366.7,54916.7
2541,1604,47650,55233.3
2542,1534,47483.3,55116.7
2543,1587,47616.7,55233.3
2544,1440,47100,55783.3
2545,1435,47066.7,55866.7
2546,1530,47466.7,55533.3
2547,1550,47516.7,55450
2548,1620,47683.3,55466.7
2549,1539,47500,55450
2550,2053,48850,56466.7
2551,1578,47600,56416.7
2552,1574,47583.3,56816.7
2553,2036,48816.7,56866.7
2554,2035,48816.7,56533.3
2555,2443,49533.3,56866.7
2556,2117,49016.7,56316.7
2557,2210,49150,55366.7
2558,2085,48950,55666.7
2559,2079,48933.3,55650
2560,2322,49316.7,55400
2561,2292,49266.7,55066.7
2562,2271,49233.3,55066.7
2563,2420,49500,55250
2564,2421,49500,55400
2565,2422,49500,55716.7
2566,2345,49366.7,55333.3
2567,2638,49866.7,55666.7
2568,2657,49883.3,55633.3
2569,2677,49916.7,55566.7
2570,2704,49966.7,55583.3
2571,2480,49600,55683.3
2572,2512,49633.3,55800
2573,2537,49683.3,55983.3
2574,2481,49600,55966.7
2575,2374,49416.7,56066.7
2576,2091,48966.7,56033.3
2577,2105,49000,54883.3
2578,2084,48950,54550
2579,2071,48900,54433.3
2580,2290,49266.7,54500
2581,2373,49416.7,54366.7
2582,2479,49600,54300
2583,2463,49566.7,54250
2584,2536,49683.3,54050
2585,2478,49600,54166.7
2586,2386,49433.3,53950
2587,2083,48950,53916.7
2588,2052,48850,54016.7
2589,2392,49450,54050
2590,2303,49283.3,53616.7
2591,2209,49150,53583.3
2592,2050,48850,53683.3
2593,2132,49050,53583.3
2594,2230,49183.3,53533.3
2595,1976,48666.7,53650
2596,1836,48400,53633.3
2597,1841,48416.7,53600
2598,1762,48166.7,53716.7
2599,1733,48100,53750
2600,1676,47866.7,53366.7
2601,1686,47916.7,53366.7
2602,1696,47966.7,53333.3
2603,1593,47633.3,53500
2604,1660,47816.7,53450
2605,1653,47783.3,53483.3
2606,1635,47716.7,53500
2607,1482,47316.7,53916.7
2608,1475,47283.3,53883.3
2609,1466,47233.3,53966.7
2610,1512,47433.3,53800
2611,1549,47516.7,53666.7
2612,1443,47116.7,53516.7
2613,1449,47133.3,54066.7
2614,1456,47183.3,54050
2615,1498,47383.3,54166.7
2616,1567,47566.7,54233.3
2617,1602,47650,54150
2618,1601,47650,53966.7
2619,1533,47483.3,54200
2620,1555,47533.3,54100
2621,1439,47100,54066.7
2622,1426,47016.7,53616.7
2623,1413,46966.7,53700
2624,1352,46800,53650
2625,1376,46866.7,53616.7
2626,1401,46916.7,53583.3
2627,1573,47583.3,53550
2628,1559,47550,53550
2629,1506,47416.7,53533.3
2630,1448,47133.3,53500
2631,1464,47216.7,53566.7
2632,1594,47633.3,53750
2633,1560,47550,53666.7
2634,1618,47683.3,53883.3
2635,1754,48150,53966.7
2636,1813,48350,54166.7
2637,1795,48266.7,54166.7
2638,1842,48416.7,53883.3
2639,2051,48850,53983.3
2640,2125,49033.3,53866.7
2641,2344,49366.7,54266.7
2642,2334,49350,54516.7
2643,2544,49700,54283.3
2644,2517,49650,54383.3
2645,2566,49733.3,54166.7
2646,2493,49616.7,54583.3
2647,2304,49283.3,54933.3
2648,2291,49266.7,54833.3
2649,2437,49516.7,54533.3
2650,2327,49333.3,54733.3
2651,2387,49433.3,54666.7
2652,2411,49483.3,54833.3
2653,2464,49566.7,54850
2654,2518,49650,54750
2655,2328,49333.3,55083.3
2656,2179,49116.7,55083.3
2657,2152,49083.3,55266.7
2658,2116,49016.7,55516.7
2659,2412,49483.3,55283.3
2660,2413,49483.3,56100
2661,2469,49583.3,56183.3
2662,2595,49783.3,56633.3
2663,2639,49866.7,56816.7
2664,2629,49850,56433.3
2665,2545,49700,56150
2666,2494,49616.7,56183.3
2667,2678,49916.7,56183.3
2668,3049,50733.3,56100
2669,3108,50900,55900
2670,3162,51083.3,55783.3
2671,3150,51033.3,55833.3
2672,3040,50716.7,55600
2673,3091,50850,56116.7
2674,3192,51166.7,55700
2675,3265,51400,56416.7
2676,3317,51516.7,56133.3
2677,3444,52016.7,55833.3
2678,3340,51600,55866.7
2679,3281,51433.3,55516.7
2680,3259,51383.3,55600
2681,3236,51300,55616.7
2682,3329,51550,55733.3
2683,3509,52233.3,55833.3
2684,3529,52300,55833.3
2685,3519,52266.7,55583.3
2686,3339,51600,55633.3
2687,3338,51600,55533.3
2688,3316,51516.7,55483.3
2689,3352,51633.3,55900
2690,3341,51600,56716.7
2691,3378,51733.3,56416.7
2692,3593,52533.3,56300
2693,3633,52683.3,55866.7
2694,3607,52600,55766.7
2695,3575,52450,55666.7
2696,3550,52366.7,55650
2697,3504,52216.7,55633.3
2698,3542,52350,55683.3
2699,3576,52450,55683.3
2700,3594,52550,55733.3
2701,3595,52550,55783.3
2702,3603,52583.3,55883.3
2703,3722,53016.7,55833.3
2704,3689,52900,55850
2705,3705,52966.7,55800
2706,3641,52733.3,55833.3
2707,3829,53466.7,55766.7
2708,3813,53400,55783.3
2709,3779,53266.7,55733.3
2710,3771,53233.3,55716.7
2711,3836,53500,55783.3
2712,3833,53483.3,55900
2713,3889,53700,57016.7
2714,3928,53866.7,57000
2715,3916,53816.7,57133.3
2716,3876,53650,57050
2717,3788,53300,55950
2718,3927,53866.7,56900
2719,3896,53733.3,56800
2720,4009,54133.3,57416.7
2721,3912,53800,57016.7
2722,4099,54450,57216.7
2723,4102,54466.7,57250
2724,4120,54566.7,57266.7
2725,4039,54216.7,58133.3
2726,3243,51316.7,58016.7
2727,3273,51416.7,57816.7
2728,3294,51466.7,57716.7
2729,3041,50716.7,57366.7
2730,3056,50750,57166.7
2731,2585,49766.7,56916.7
2732,2470,49583.3,56833.3
2733,2571,49750,56033.3
2734,2442,49533.3,55833.3
2735,2594,49783.3,55866.7
2736,2719,50000,55866.7
2737,2810,50200,55733.3
2738,2776,50133.3,56100
2739,2686,49933.3,56400
2740,2989,50600,56200
2741,2964,50533.3,56283.3
2742,3177,51133.3,56800
2743,3194,51183.3,56833.3
2744,3255,51366.7,56616.7
2745,3230,51283.3,56733.3
2746,3318,51516.7,56833.3
2747,3143,51016.7,57100
2748,2679,49916.7,57900
2749,2495,49616.7,57950
2750,2444,49533.3,57866.7
2751,2393,49450,57766.7
2752,2965,50533.3,57383.3
2753,2734,50033.3,57716.7
2754,3031,50700,59333.3
2755,2883,50350,59816.7
2756,2958,50516.7,59483.3
2757,3066,50783.3,59016.7
2758,3083,50833.3,58950
2759,3218,51233.3,58650
2760,2803,50183.3,61283.3
2761,2818,50216.7,60716.7
2762,1661,47816.7,59200
2763,1672,47850,59150
2764,1687,47916.7,59033.3
2765,1709,48016.7,58950
2766,1772,48200,58866.7
2767,1785,48250,58766.7
2768,1805,48316.7,58683.3
2769,1831,48383.3,58583.3
2770,1914,48550,58566.7
2771,1997,48700,58916.7
2772,1948,48616.7,59100
2773,1892,48500,59116.7
2774,1968,48650,58983.3
2775,1896,48516.7,58900
2776,1916,48550,58916.7
2777,1915,48550,58733.3
2778,1923,48566.7,58816.7
2779,1967,48650,58650
2780,2171,49100,58366.7
2781,2134,49050,58383.3
2782,2180,49116.7,58066.7
2783,2424,49500,57933.3
2784,2394,49450,57900
2785,2423,49500,57883.3
2786,2802,50183.3,57600
2787,2567,49733.3,57933.3
2788,2882,50350,57533.3
2789,2827,50233.3,57583.3
2790,3010,50650,57266.7
2791,2840,50250,56500
2792,2890,50366.7,56533.3
2793,3142,51016.7,57033.3
2794,3082,50833.3,57033.3
2795,3121,50933.3,56983.3
2796,3152,51050,56916.7
2797,3287,51450,56950
2798,3282,51433.3,57116.7
2799,3271,51416.7,57200
2800,3272,51416.7,57616.7
2801,3870,53616.7,57433.3
2802,4022,54166.7,58433.3
2803,3789,53300,60300
2804,3794,53333.3,60416.7
2805,3850,53533.3,60150
2806,4208,55183.3,59216.7
2807,4189,55083.3,59183.3
2808,4187,55066.7,59600
2809,4242,55450,60216.7
2810,4394,58200,62633.3
2811,4416,58866.7,63250
2812,4382,57466.7,61833.3
2813,4355,56550,61683.3
2814,4282,55850,60866.7
2815,4154,54800,66816.7
2816,4157,54816.7,66883.3
2817,3693,52916.7,66866.7
2818,3397,51800,68166.7
2819,2811,50200,66383.3
2820,2806,50183.3,66633.3
2821,2805,50183.3,66100
2822,2260,49216.7,65916.7
2823,2259,49216.7,65750
2824,2282,49250,65566.7
2825,2095,48966.7,65516.7
2826,2258,49216.7,65133.3
2827,2232,49183.3,64883.3
2828,2219,49166.7,64916.7
2829,2195,49133.3,64750
2830,2080,48933.3,64300
2831,1969,48650,64350
2832,1855,48433.3,64333.3
2833,1957,48633.3,64183.3
2834,2059,48866.7,64200
2835,1949,48616.7,64266.7
2836,1832,48383.3,64500
2837,1806,48333.3,64666.7
2838,2135,49050,64483.3
2839,2037,48816.7,64450
2840,2098,48983.3,64383.3
2841,2040,48833.3,64483.3
2842,2069,48883.3,64550
2843,2012,48750,64583.3
2844,1814,48350,64616.7
2845,1796,48266.7,64750
2846,1773,48200,64866.7
2847,1771,48183.3,64983.3
2848,1662,47816.7,65183.3
2849,1716,48033.3,65250
2850,1656,47783.3,64950
2851,1541,47500,64916.7
2852,1630,47700,64850
2853,1469,47233.3,65050
2854,1631,47700,65166.7
2855,1622,47683.3,65433.3
2856,1645,47750,65366.7
2857,1581,47600,65650
2858,1477,47283.3,65616.7
2859,1331,46733.3,65833.3
2860,981,45966.7,66633.3
2861,1194,46400,66916.7
2862,1175,46366.7,66566.7
2863,1137,46266.7,66633.3
2864,1119,46233.3,66616.7
2865,1219,46450,66400
2866,1252,46550,66116.7
2867,991,45983.3,66200
2868,855,45666.7,66616.7
2869,980,45966.7,66583.3
2870,1142,46283.3,66733.3
2871,959,45916.7,67033.3
2872,1056,46116.7,67150
2873,1062,46133.3,67183.3
2874,1004,46016.7,66833.3
2875,982,45966.7,67233.3
2876,791,45583.3,67333.3
2877,998,46000,67466.7
2878,1153,46300,67516.7
2879,1071,46150,67566.7
2880,992,45983.3,67600
2881,942,45883.3,67466.7
2882,865,45683.3,67183.3
2883,547,45200,67266.7
2884,495,45066.7,67033.3
2885,519,45133.3,66816.7
2886,518,45133.3,66583.3
2887,484,45050,66900
2888,554,45216.7,67133.3
2889,600,45316.7,67200
2890,580,45283.3,67266.7
2891,532,45166.7,67300
2892,667,45416.7,67183.3
2893,883,45716.7,67000
2894,864,45683.3,66916.7
2895,941,45883.3,66900
2896,1224,46466.7,67566.7
2897,1195,46400,67483.3
2898,1228,46483.3,67416.7
2899,1246,46533.3,67166.7
2900,1397,46900,67383.3
2901,1346,46783.3,67500
2902,1294,46650,67583.3
2903,1274,46600,67733.3
2904,1129,46250,67683.3
2905,1031,46066.7,67683.3
2906,1213,46433.3,67716.7
2907,1355,46800,67716.7
2908,1332,46733.3,67700
2909,1454,47166.7,67916.7
2910,1495,47366.7,68333.3
2911,1623,47683.3,67100
2912,1699,47966.7,66933.3
2913,1698,47966.7,66766.7
2914,1663,47816.7,66883.3
2915,2060,48866.7,67100
2916,2081,48933.3,67166.7
2917,2099,48983.3,66983.3
2918,2725,50016.7,66866.7
2919,2596,49783.3,67166.7
2920,1958,48633.3,67116.7
2921,1815,48350,67216.7
2922,1787,48250,67250
2923,1542,47500,67383.3
2924,1239,46516.7,66266.7
2925,1293,46650,65866.7
2926,1414,46966.7,65733.3
2927,1444,47116.7,65600
2928,1410,46950,65600
2929,1366,46833.3,65783.3
2930,1361,46816.7,65800
2931,1385,46883.3,65516.7
2932,1322,46716.7,65416.7
2933,1223,46466.7,65250
2934,1267,46583.3,65333.3
2935,1330,46733.3,64966.7
2936,1428,47033.3,65183.3
2937,1436,47066.7,65383.3
2938,1395,46900,65183.3
2939,1429,47033.3,65433.3
2940,1419,46983.3,65566.7
2941,1418,46983.3,65550
2942,1396,46900,65633.3
2943,1459,47200,65150
2944,1306,46683.3,64866.7
2945,1299,46666.7,64066.7
2946,1354,46800,64066.7
2947,1286,46633.3,64866.7
2948,1278,46616.7,65050
2949,1075,46166.7,64566.7
2950,1102,46216.7,64533.3
2951,1118,46233.3,64533.3
2952,1152,46300,64716.7
2953,1174,46366.7,64750
2954,1222,46466.7,64733.3
2955,1070,46150,64183.3
2956,996,46000,64550
2957,1049,46100,64750
2958,1048,46100,64666.7
2959,923,45833.3,64200
2960,881,45716.7,64250
2961,888,45733.3,64216.7
2962,958,45916.7,64650
2963,970,45950,64683.3
2964,1128,46250,65066.7
2965,1038,46083.3,64766.7
2966,1055,46116.7,64950
2967,754,45533.3,65833.3
2968,936,45866.7,65816.7
2969,897,45766.7,66150
2970,622,45350,66233.3
2971,816,45616.7,66083.3
2972,863,45683.3,66100
2973,687,45450,66350
2974,501,45083.3,66416.7
2975,709,45466.7,65883.3
2976,882,45716.7,65516.7
2977,1010,46033.3,65050
2978,966,45933.3,65166.7
2979,914,45800,65116.7
2980,997,46000,65316.7
2981,1024,46050,65550
2982,1011,46033.3,65866.7
2983,1076,46166.7,65883.3
2984,1039,46083.3,66050
2985,940,45883.3,66300
2986,928,45850,66466.7
2987,1061,46133.3,66600
2988,971,45950,66633.3
2989,831,45633.3,66583.3
2990,512,45116.7,66683.3
2991,418,44766.7,66750
2992,461,45000,66933.3
2993,436,44883.3,66950
2994,381,44650,66850
2995,316,44416.7,65983.3
2996,347,44533.3,66016.7
2997,296,44333.3,66116.7
2998,249,44183.3,66150
2999,274,44266.7,66350
3000,588,45300,66200
3001,541,45183.3,66333.3
3002,568,45250,66100
3003,576,45266.7,66066.7
3004,640,45383.3,66000
3005,273,44266.7,66316.7
3006,222,44050,66166.7
3007,181,43850,66150
3008,164,43750,66116.7
3009,177,43833.3,66116.7
3010,205,43966.7,66133.3
3011,189,43883.3,66083.3
3012,209,43983.3,66016.7
3013,311,44383.3,66216.7
3014,230,44083.3,66033.3
3015,180,43850,65966.7
3016,159,43733.3,65966.7
3017,149,43700,65783.3
3018,174,43800,65850
3019,121,43516.7,65600
3020,116,43450,65633.3
3021,122,43516.7,65733.3
3022,167,43766.7,65316.7
3023,198,43933.3,64850
3024,310,44383.3,64966.7
3025,426,44800,65050
3026,477,45033.3,65066.7
3027,621,45350,65533.3
3028,363,44600,65750
3029,428,44816.7,65516.7
3030,450,44950,65266.7
3031,435,44883.3,65166.7
3032,465,45016.7,65166.7
3033,408,44733.3,65516.7
3034,411,44750,65516.7
3035,401,44716.7,65216.7
3036,400,44716.7,64800
3037,352,44550,64716.7
3038,272,44266.7,64600
3039,305,44366.7,64516.7
3040,265,44250,64550
3041,260,44233.3,64450
3042,290,44316.7,64416.7
3043,238,44133.3,64650
3044,277,44283.3,64366.7
3045,319,44433.3,64366.7
3046,279,44300,64366.7
3047,407,44733.3,64700
3048,475,45033.3,64733.3
3049,457,44983.3,64900
3050,511,45116.7,64533.3
3051,493,45066.7,64633.3
3052,406,44733.3,64450
3053,491,45066.7,64183.3
3054,504,45100,64250
3055,529,45150,64166.7
3056,456,44983.3,64133.3
3057,405,44728.9,63664.4
3058,455,44966.7,63966.7
3059,371,44633.3,64050
3060,346,44533.3,64233.3
3061,391,44666.7,63950
3062,553,45216.7,64016.7
3063,539,45183.3,63883.3
3064,434,44883.3,63833.3
3065,490,45066.7,63950
3066,398,44700,63883.3
3067,333,44466.7,63800
3068,331,44466.7,63600
3069,390,44666.7,63566.7
3070,399,44716.7,63233.3
3071,443,44916.7,63233.3
3072,483,45050,63133.3
3073,516,45133.3,62950
3074,517,45133.3,63350
3075,566,45250,63283.3
3076,662,45416.7,63033.3
3077,706,45466.7,62700
3078,790,45583.3,62633.3
3079,813,45616.7,62616.7
3080,854,45666.7,62700
3081,650,45400,62500
3082,453,44966.7,62250
3083,442,44916.7,62383.3
3084,446,44933.3,62533.3
3085,425,44800,62700
3086,422,44783.3,63150
3087,377,44650,63266.7
3088,369,44616.7,63483.3
3089,370,44633.3,63350
3090,378,44650,63550
3091,379,44650,63600
3092,332,44466.7,63716.7
3093,360,44583.3,64066.7
3094,300,44350,64250
3095,304,44366.7,64316.7
3096,218,44033.3,64716.7
3097,221,44050,64750
3098,176,43833.3,65066.7
3099,140,43633.3,65350
3100,130,43566.7,65566.7
3101,135,43600,65466.7
3102,141,43633.3,65483.3
3103,148,43700,65116.7
3104,357,44566.7,65633.3
3105,380,44650,65633.3
3106,373,44633.3,65650
3107,306,44366.7,65033.3
3108,201,43950,64816.7
3109,372,44633.3,64850
3110,327,44450,64850
3111,430,44850,65150
3112,449,44950,65066.7
3113,666,45416.7,64550
3114,546,45200,64616.7
3115,494,45066.7,64800
3116,476,45033.3,64833.3
3117,505,45100,64933.3
3118,492,45066.7,64500
3119,500,45083.3,64400
3120,499,45083.3,64366.7
3121,531,45166.7,64366.7
3122,540,45183.3,64450
3123,743,45516.7,64333.3
3124,587,45300,64400
3125,815,45616.7,64783.3
3126,619,45350,64716.7
3127,607,45333.3,64766.7
3128,608,45333.3,64783.3
3129,620,45350,64816.7
3130,708,45466.7,64783.3
3131,801,45600,64950
3132,894,45750,64716.7
3133,862,45683.3,64383.3
3134,861,45683.3,64216.7
3135,830,45633.3,64050
3136,707,45466.7,63600
3137,906,45783.3,63633.3
3138,860,45683.3,63550
3139,913,45800,63466.7
3140,922,45833.3,63583.3
3141,814,45616.7,63666.7
3142,545,45200,64116.7
3143,639,45383.3,63916.7
3144,575,45266.7,63866.7
3145,665,45416.7,64033.3
3146,652,45400,64316.7
3147,874,45700,64433.3
3148,939,45883.3,64350
3149,1023,46050,64100
3150,927,45850,63650
3151,1127,46250,63700
3152,1126,46250,63666.7
3153,1054,46116.7,63783.3
3154,1101,46216.7,63483.3
3155,1168,46350,63350
3156,1151,46300,63216.7
3157,1204,46416.7,63300
3158,1116,46233.3,62616.7
3159,1201,46416.7,62433.3
3160,1073,46166.7,62650
3161,979,45966.7,62566.7
3162,893,45750,62733.3
3163,845,45650,62850
3164,880,45716.7,63283.3
3165,886,45733.3,63050
3166,781,45566.7,63000
3167,768,45550,62716.7
3168,780,45566.7,62650
3169,1002,46016.7,62533.3
3170,1001,46016.7,62483.3
3171,1003,46016.7,62883.3
3172,1030,46066.7,62816.7
3173,1074,46166.7,62916.7
3174,1085,46183.3,62883.3
3175,1218,46450,63450
3176,1210,46433.3,63650
3177,1193,46400,63783.3
3178,1245,46533.3,64050
3179,1259,46566.7,63933.3
3180,1209,46433.3,62066.7
3181,1468,47233.3,61850
3182,1115,46233.3,61283.3
3183,1208,46433.3,61100
3184,1192,46400,61150
3185,1187,46383.3,61066.7
3186,1277,46616.7,61016.7
3187,1251,46550,61033.3
3188,1149,46300,60616.7
3189,1046,46100,60750
3190,968,45950,60783.3
3191,828,45633.3,60666.7
3192,842,45650,60866.7
3193,879,45716.7,61250
3194,843,45650,61233.3
3195,808,45616.7,61233.3
3196,965,45933.3,61016.7
3197,800,45600,61366.7
3198,799,45600,61350
3199,872,45700,61483.3
3200,859,45683.3,61433.3
3201,844,45650,61516.7
3202,912,45800,61483.3
3203,938,45883.3,61500
3204,809,45616.7,61400
3205,648,45400,61500
3206,536,45183.3,61650
3207,551,45216.7,61366.7
3208,537,45183.3,61666.7
3209,552,45216.7,61733.3
3210,789,45583.3,62183.3
3211,638,45383.3,61983.3
3212,811,45616.7,61966.7
3213,935,45866.7,61966.7
3214,810,45616.7,61650
3215,515,45133.3,61983.3
3216,510,45116.7,62016.7
3217,649,45400,62183.3
3218,438,44900,62416.7
3219,452,44966.7,62116.7
3220,565,45250,62016.7
3221,574,45266.7,62066.7
3222,812,45616.7,62416.7
3223,873,45700,62266.7
3224,474,45033.3,62000
3225,489,45066.7,61900
3226,560,45233.3,61200
3227,618,45350,61250
3228,742,45516.7,61016.7
3229,617,45350,61000
3230,720,45483.3,61033.3
3231,788,45583.3,60966.7
3232,871,45700,60733.3
3233,977,45966.7,60816.7
3234,1124,46250,60616.7
3235,1292,46650,60966.7
3236,1422,47000,60466.7
3237,1394,46900,60466.7
3238,1423,47000,60516.7
3239,1563,47550,61566.7
3240,1500,47383.3,61866.7
3241,1494,47366.7,61933.3
3242,2194,49133.3,62533.3
3243,2293,49266.7,61850
3244,2819,50216.7,62083.3
3245,2804,50183.3,61816.7
3246,2294,49266.7,63216.7
3247,2257,49216.7,63050
3248,2841,50250,63583.3
3249,2496,49616.7,63800
3250,2658,49883.3,64483.3
3251,2611,49816.7,64350
3252,2556,49716.7,64066.7
3253,2863,50300,64016.7
3254,2872,50316.7,64500
3255,2850,50266.7,64150
3256,2858,50283.3,65200
3257,2859,50283.3,65583.3
3258,2272,49233.3,65316.7
3259,2851,50266.7,64766.7
3260,2857,50283.3,64333.3
3261,2852,50266.7,64916.7
3262,3764,53200,70916.7
3263,4554,62850,69883.3
3264,4503,61033.3,69616.7
3265,4490,60783.3,69833.3
3266,4610,66566.7,71300
3267,4526,61600,71950
3268,4459,60016.7,70033.3
3269,4574,63733.3,68500
3270,4571,63716.7,68450
3271,4392,58083.3,67683.3
3272,4393,58100,68400
3273,4410,58766.7,69116.7
3274,4369,56883.3,68983.3
3275,4406,58533.3,65883.3
3276,4422,59066.7,63883.3
3277,4477,60416.7,64816.7
3278,4555,62966.7,64500
3279,4606,66266.7,67150
3280,4604,66133.3,65750
3281,4611,66666.7,61366.7
3282,4617,67533.3,63750
3283,4618,67550,64033.3
3284,4622,67950,64916.7
3285,4646,70450,68566.7
3286,4627,68616.7,71133.3
3287,4596,65133.3,77633.3
3288,4609,66533.3,86716.7
3289,4601,65933.3,90816.7
3290,4626,68533.3,89816.7
3291,4551,62816.7,92083.3
3292,4536,62183.3,92600
3293,4563,63333.3,90700
3294,4608,66516.7,86233.3
3295,4640,69533.3,93533.3
3296,4628,68633.3,95916.7
3297,4652,72016.7,94250
3298,4656,74683.3,94900
3299,4648,70950,84833.3
3300,4649,71333.3,84950
3301,4654,73033.3,85166.7
3302,4657,76200,81016.7
3303,4662,81716.7,64716.7
3304,4663,82483.3,62250
3305,4653,72700,78000
3306,4638,69400,81800
3307,4655,74516.7,82400
3308,4659,76416.7,82950
3309,4661,80216.7,86183.3
3310,4660,78783.3,103533
3311,4658,76233.3,119333
3312,4650,71616.7,117950
3313,4635,69200,114533
3314,4621,67833.3,115083
3315,4631,68783.3,114783
3316,4647,70733.3,117750
3317,4603,66083.3,118033
3318,4602,66050,117883
3319,4559,63133.3,117267
3320,4552,62833.3,116050
3321,4549,62783.3,116033
3322,4529,61850,121333
3323,4522,61516.7,120633
3324,4471,60233.3,123483
3325,4504,61050,123367
3326,4561,63266.7,123600
3327,4421,59033.3,122433
3328,4415,58816.7,122533
3329,4412,58800,122667
3330,4431,59383.3,124867
3331,4435,59483.3,124017
3332,4478,60433.3,121250
3333,4396,58283.3,121717
3334,4293,55983.3,123833
3335,4001,54116.7,122217
3336,3881,53666.7,122650
3337,3843,53516.7,122633
3338,3904,53766.7,123050
3339,3952,53983.3,123600
3340,3825,53450,123217
3341,3926,53866.7,123900
3342,3937,53916.7,124167
3343,3977,54050,124533
3344,3962,54016.7,124017
3345,3963,54016.7,124283
3346,3714,53000,123617
3347,3487,52133.3,123700
3348,3467,52083.3,123283
3349,3376,51716.7,123017
3350,3327,51550,122317
3351,3337,51583.3,122250
3352,3518,52266.7,121683
3353,3645,52750,121417
3354,3527,52300,121117
3355,3384,51766.7,120900
3356,3508,52233.3,121800
3357,3478,52116.7,121933
3358,3423,51916.7,122100
3359,3621,52633.3,122450
3360,3479,52116.7,122150
3361,3454,52050,122267
3362,3538,52333.3,122283
3363,3573,52450,122417
3364,3424,51916.7,123033
3365,3434,51966.7,122517
3366,3385,51766.7,122300
3367,3096,50866.7,121833
3368,3141,51016.7,121783
3369,3020,50683.3,121933
3370,2824,50233.3,121100
3371,2767,50116.7,120783
3372,2653,49883.3,120633
3373,2581,49766.7,120767
3374,2391,49450,120500
3375,2318,49316.7,120533
3376,2226,49183.3,119550
3377,2206,49150,118567
3378,2112,49016.7,118217
3379,2189,49133.3,118683
3380,2667,49900,119483
3381,2636,49866.7,119400
3382,2823,50233.3,119367
3383,2766,50116.7,119383
3384,2555,49716.7,120133
3385,2785,50150,120500
3386,3064,50783.3,120783
3387,3300,51483.3,120700
3388,3038,50716.7,121267
3389,3074,50800,121317
3390,3054,50750,120850
3391,3148,51033.3,120733
3392,3356,51650,121283
3393,3537,52333.3,121417
3394,3410,51866.7,121667
3395,3235,51300,121400
3396,3169,51100,121600
3397,2913,50416.7,121350
3398,2825,50233.3,121567
3399,2654,49883.3,121467
3400,2742,50066.7,121550
3401,2462,49566.7,121433
3402,2329,49350,120083
3403,2580,49766.7,119750
3404,2475,49600,119667
3405,2418,49500,119583
3406,2123,49033.3,119467
3407,2247,49200,119817
3408,2140,49066.7,118983
3409,2113,49016.7,118783
3410,2130,49050,118467
3411,2461,49566.7,117650
3412,2317,49316.7,117667
3413,2299,49283.3,117650
3414,2382,49433.3,117533
3415,2383,49433.3,117550
3416,2177,49116.7,117550
3417,2246,49200,117283
3418,2408,49483.3,117283
3419,2490,49616.7,116950
3420,2510,49633.3,116967
3421,2276,49250,116617
3422,2205,49150,116333
3423,2149,49083.3,116100
3424,2509,49633.3,115950
3425,2533,49683.3,115983
3426,2488,49616.7,115633
3427,2434,49516.7,115767
3428,2666,49900,115767
3429,2577,49766.7,115717
3430,2468,49583.3,114967
3431,2433,49516.7,114650
3432,3016,50683.3,114267
3433,3027,50700,114233
3434,2880,50350,113767
3435,2837,50250,113667
3436,2732,50033.3,113583
3437,2452,49550,113767
3438,2188,49133.3,113600
3439,2111,49016.7,113383
3440,2296,49283.3,113183
3441,2245,49200,113317
3442,2122,49033.3,113033
3443,2369,49416.7,112883
3444,2397,49466.7,112667
3445,2368,49416.7,112383
3446,2431,49516.7,112517
3447,2563,49733.3,112617
3448,2879,50350,112633
3449,2791,50166.7,112417
3450,2702,49966.7,112550
3451,2576,49766.7,112450
3452,2591,49783.3,112150
3453,2685,49933.3,111700
3454,2619,49833.3,111700
3455,2848,50266.7,112033
3456,2980,50583.3,112050
3457,3059,50766.7,112083
3458,3125,50950,112183
3459,3045,50733.3,111900
3460,3106,50900,111550
3461,2973,50566.7,111900
3462,3026,50700,111683
3463,2610,49816.7,111900
3464,2816,50216.7,111167
3465,2836,50250,111183
3466,2934,50450,111650
3467,2856,50283.3,111350
3468,2731,50033.3,110683
3469,2751,50083.3,110783
3470,2244,49200,110867
3471,2381,49433.3,109833
3472,2254,49216.7,109800
3473,2340,49366.7,109267
3474,2730,50033.3,109833
3475,2941,50466.7,109483
3476,3007,50650,109917
3477,3058,50766.7,109667
3478,3102,50883.3,109550
3479,2945,50483.3,110017
3480,3103,50883.3,110267
3481,3119,50933.3,109900
3482,3276,51433.3,109883
3483,3254,51366.7,109983
3484,3252,51350,110333
3485,3183,51150,110200
3486,3128,50966.7,110017
3487,3076,50816.7,110467
3488,3320,51533.3,111200
3489,3361,51666.7,110667
3490,3257,51383.3,110567
3491,3044,50733.3,111300
3492,3053,50750,111183
3493,3086,50850,110950
3494,3073,50800,110683
3495,3268,51416.7,110800
3496,3373,51700,110800
3497,3389,51783.3,111083
3498,3442,52016.7,110800
3499,3443,52016.7,111117
3500,3404,51850,111617
3501,3269,51416.7,111683
3502,3306,51500,111683
3503,3350,51633.3,111917
3504,3383,51766.7,112000
3505,3521,52283.3,112150
3506,3433,51966.7,112150
3507,3249,51333.3,112483
3508,3229,51283.3,112317
3509,3270,51416.7,112633
3510,3335,51583.3,112533
3511,3405,51850,112850
3512,3452,52050,112350
3513,3524,52300,112350
3514,3503,52216.7,112417
3515,3571,52450,112567
3516,3601,52583.3,112967
3517,3600,52583.3,112567
3518,3656,52783.3,112450
3519,3750,53166.7,112617
3520,3768,53216.7,112567
3521,3919,53833.3,112117
3522,3713,53000,113050
3523,3584,52483.3,113450
3524,3516,52266.7,112733
3525,3719,53016.7,112817
3526,3683,52866.7,112250
3527,3760,53200,113050
3528,3798,53350,113250
3529,3819,53433.3,113333
3530,3840,53516.7,113317
3531,3862,53583.3,113167
3532,3893,53716.7,113083
3533,3894,53716.7,113200
3534,3805,53366.7,112667
3535,3886,53700,112633
3536,3899,53750,112433
3537,3866,53600,112333
3538,3835,53500,112050
3539,3770,53233.3,112233
3540,3815,53416.7,111683
3541,3631,52683.3,111300
3542,3692,52916.7,111233
3543,3664,52833.3,110867
3544,3754,53183.3,110783
3545,3790,53333.3,110333
3546,3839,53516.7,110333
3547,3933,53900,110900
3548,4044,54240.6,110804
3549,3902,53766.7,110517
3550,3861,53583.3,110717
3551,3877,53666.7,111233
3552,4011,54141.9,111728
3553,3827,53466.7,111867
3554,3906,53783.3,111683
3555,3892,53716.7,111750
3556,3997,54116.1,111919
3557,4012,54143.1,112151
3558,4153,54799.2,112573
3559,4129,54631.7,112512
3560,4140,54698.1,112147
3561,4146,54759.7,111912
3562,4151,54771.9,111965
3563,4097,54445.3,112098
3564,4125,54595.3,112702
3565,4158,54819.4,112548
3566,4147,54762.5,112688
3567,4159,54820.6,112686
3568,4188,55081.9,112497
3569,4211,55201.4,112466
3570,4250,55632.5,111083
3571,4245,55534.7,111197
3572,4176,54995,111736
3573,4280,55846.1,110907
3574,4264,55755.8,111041
3575,4359,56700,111317
3576,4361,56733.3,111383
3577,4376,57183.3,111617
3578,4379,57383.3,111633
3579,4440,59566.7,108617
3580,4295,55988.1,109096
3581,4289,55927.5,108939
3582,4199,55150,107617
3583,4206,55167.5,108153
3584,4198,55148.6,108127
3585,4192,55098.1,108323
3586,4286,55882.2,108952
3587,4346,56483.3,109433
3588,4347,56483.3,109633
3589,4378,57366.7,106833
3590,4237,55433.3,107900
3591,4284,55854.2,108484
3592,4191,55097.2,108343
3593,4370,56983.3,107283
3594,4426,59266.7,105833
3595,4428,59316.7,107183
3596,4438,59550,108500
3597,4434,59450,108483
3598,4444,59616.7,109217
3599,4547,62700,109133
3600,4612,66833.3,108033
3601,4634,69116.7,105033
3602,4620,67783.3,102367
3603,4623,68033.3,103433
3604,4506,61116.7,112583
3605,4510,61166.7,113683
3606,4545,62616.7,113467
3607,4556,62983.3,113200
3608,4540,62400,110733
3609,4497,60883.3,111083
3610,4589,64183.3,114183
3611,4593,64483.3,113167
3612,4542,62450,114350
3613,4519,61383.3,112750
3614,4460,60033.3,112133
3615,4458,60016.7,112100
3616,4466,60100,112233
3617,4457,60000,111883
3618,4451,59866.7,111600
3619,4409,58716.7,111150
3620,4402,58450,111500
3621,4399,58400,114750
3622,4398,58383.3,115117
3623,4397,58366.7,114850
3624,4401,58400,116033
3625,4400,58400,116000
3626,4405,58516.7,117133
3627,4386,57800,117867
3628,4371,56983.3,117633
3629,4367,56850,117633
3630,4360,56700,117650
3631,4331,56233.3,118600
3632,4302,56066.7,118250
3633,4303,56066.7,118400
3634,4311,56116.7,117900
3635,4330,56233.3,117967
3636,4351,56533.3,117667
3637,4352,56533.3,117883
3638,4343,56433.3,117600
3639,4362,56733.3,117517
3640,4373,57066.7,117550
3641,4420,59033.3,117683
3642,4414,58816.7,118750
3643,4515,61300,118667
3644,4483,60550,116133
3645,4518,61366.7,117650
3646,4499,60933.3,117417
3647,4493,60833.3,114467
3648,4498,60883.3,115033
3649,4494,60850,115700
3650,4317,56166.7,120017
3651,4310,56100,120117
3652,4266,55766.7,120233
3653,4287,55900,120133
3654,4304,56066.7,120083
3655,4296,56016.7,120083
3656,4319,56183.3,119950
3657,4248,55600,120550
3658,4297,56016.7,120617
3659,4326,56216.7,120683
3660,4316,56150,120667
3661,4339,56300,120533
3662,4320,56183.3,120533
3663,4281,55850,120783
3664,4256,55716.7,120133
3665,4240,55450,119900
3666,3938,53933.3,121467
3667,3733,53066.7,121517
3668,3726,53033.3,121717
3669,3614,52616.7,121700
3670,3729,53050,122150
3671,3710,52983.3,122483
3672,3757,53183.3,122517
3673,3799,53350,122533
3674,3811,53400,122567
3675,3951,53983.3,121617
3676,4000,54116.7,122067
3677,3987,54083.3,122483
3678,4053,54283.3,122633
3679,3915,53816.7,122867
3680,3988,54083.3,122683
3681,3936,53916.7,122767
3682,3993,54100,123017
3683,3943,53950,123267
3684,3925,53866.7,123083
3685,4093,54433.3,124250
3686,3978,54050,124783
3687,3932,53883.3,124567
3688,3989,54083.3,125017
3689,4165,54866.7,125133
3690,4132,54650,124767
3691,4119,54566.7,124483
3692,4251,55666.7,124500
3693,4177,55000,123033
3694,3921,53833.3,121267
3695,3903,53766.7,121067
3696,3849,53533.3,120583
3697,3746,53116.7,119833
3698,3721,53016.7,119583
3699,3666,52833.3,119250
3700,3732,53066.7,119750
3701,3709,52983.3,119517
3702,3787,53300,120167
3703,3867,53600,120717
3704,4209,55200,119450
3705,4231,55350,119783
3706,4220,55266.7,119500
3707,4224,55316.7,119567
3708,4200,55150,119150
3709,4239,55433.3,118700
3710,4230,55350,118783
3711,4219,55266.7,118800
3712,4205,55166.7,118800
3713,3720,53016.7,119233
3714,3620,52633.3,119150
3715,3685,52866.7,118550
3716,3686,52883.3,118083
3717,3684,52866.7,118267
3718,3507,52233.3,119217
3719,3572,52450,119133
3720,3471,52100,119300
3721,3391,51783.3,119317
3722,3365,51666.7,119517
3723,3351,51633.3,120033
3724,3336,51583.3,120117
3725,3355,51650,120033
3726,3280,51433.3,120200
3727,3193,51183.3,120133
3728,3129,50966.7,120250
3729,3013,50666.7,120333
3730,3008,50650,119950
3731,2895,50383.3,120267
3732,2784,50150,120183
3733,3019,50683.3,120367
3734,2912,50416.7,120817
3735,2786,50150,120883
3736,2453,49550,120750
3737,2355,49383.3,121433
3738,2216,49166.7,121950
3739,2190,49133.3,122300
3740,2131,49050,122300
3741,2166,49100,122733
3742,2165,49100,122650
3743,2278,49250,122500
3744,2227,49183.3,122067
3745,2267,49233.3,121767
3746,2946,50483.3,122600
3747,2995,50616.7,122433
3748,3097,50866.7,122183
3749,3030,50700,122300
3750,3048,50733.3,122233
3751,3088,50850,122433
3752,3065,50783.3,122817
3753,2914,50416.7,122917
3754,3089,50850,122850
3755,3357,51650,124383
3756,3435,51966.7,124983
3757,3574,52450,125300
3758,2871,50316.7,125083
3759,2889,50366.7,125317
3760,2888,50366.7,125150
3761,2862,50300,125200
3762,2826,50233.3,125283
3763,2771,50116.7,125367
3764,2713,49983.3,125433
3765,2229,49183.3,125917
3766,2208,49150,125917
3767,2193,49133.3,125900
3768,2078,48933.3,125517
3769,2724,50016.7,125250
3770,2800,50183.3,125083
3771,2745,50066.7,125283
3772,2737,50050,125183
3773,2760,50100,125033
3774,2712,49983.3,124767
3775,2733,50033.3,124817
3776,2593,49783.3,125067
3777,2584,49766.7,125100
3778,2321,49316.7,124983
3779,1964,48650,124817
3780,2115,49016.7,125000
3781,2039,48833.3,125150
3782,2320,49316.7,124850
3783,2385,49433.3,124683
3784,2476,49600,124883
3785,2534,49683.3,124933
3786,2441,49533.3,124817
3787,2492,49616.7,125017
3788,2535,49683.3,125000
3789,2743,50066.7,124933
3790,2744,50066.7,124983
3791,2801,50183.3,125150
3792,2770,50116.7,124850
3793,2656,49883.3,124550
3794,2627,49850,124533
3795,2570,49750,124550
3796,2583,49766.7,124317
3797,2419,49500,123917
3798,2409,49483.3,124350
3799,2491,49616.7,124033
3800,2372,49416.7,123617
3801,2400,49466.7,123767
3802,2436,49516.7,123917
3803,2435,49516.7,123483
3804,2384,49433.3,123483
3805,2371,49416.7,123500
3806,2342,49366.7,123267
3807,2331,49350,123267
3808,2332,49350,123283
3809,2192,49133.3,123850
3810,2096,48983.3,123817
3811,2141,49066.7,123867
3812,2057,48866.7,123650
3813,2026,48783.3,123700
3814,2058,48866.7,123717
3815,2076,48916.7,123700
3816,2049,48850,123517
3817,2191,49133.3,123183
3818,2048,48850,123300
3819,2280,49250,123133
3820,2114,49016.7,123083
3821,2151,49083.3,123083
3822,2279,49250,122950
3823,2326,49333.3,123167
3824,2330,49350,123033
3825,2319,49316.7,123067
3826,2025,48783.3,123483
3827,1867,48450,123500
3828,1868,48450,123533
3829,1903,48533.3,123550
3830,1946,48616.7,123633
3831,1932,48583.3,123517
3832,1851,48433.3,123417
3833,1850,48433.3,123350
3834,1849,48433.3,123317
3835,1963,48650,123417
3836,1931,48583.3,123467
3837,1829,48383.3,123683
3838,1804,48316.7,123550
3839,1822,48366.7,123533
3840,1830,48383.3,123733
3841,1911,48550,124417
3842,2068,48883.3,124200
3843,2249,49200,124017
3844,2169,49100,123967
3845,2207,49150,123917
3846,2228,49183.3,123850
3847,2363,49400,123500
3848,2543,49700,123150
3849,2511,49633.3,123183
3850,2582,49766.7,123150
3851,2655,49883.3,123317
3852,2870,50316.7,122817
3853,2768,50116.7,122983
3854,2703,49966.7,123150
3855,2310,49300,122867
3856,2301,49283.3,122933
3857,2256,49216.7,122917
3858,2300,49283.3,122850
3859,2255,49216.7,122817
3860,2168,49100,122867
3861,2167,49100,122833
3862,2288,49266.7,122783
3863,2268,49233.3,122683
3864,2217,49166.7,122967
3865,2248,49200,122850
3866,2124,49033.3,122817
3867,2067,48883.3,123317
3868,1989,48683.3,123600
3869,2007,48733.3,123617
3870,2034,48816.7,124033
3871,2311,49300,124317
3872,2289,49266.7,124800
3873,2269,49233.3,124800
3874,2312,49300,124483
3875,2333,49350,124450
3876,2281,49250,124183
3877,2603,49800,124617
3878,2769,50116.7,124517
3879,2839,50250,124967
3880,2937,50450,125367
3881,2955,50516.7,125533
3882,2877,50333.3,125483
3883,2915,50416.7,125517
3884,2881,50350,125917
3885,2905,50400,125967
3886,2956,50516.7,125750
3887,3021,50683.3,125700
3888,2975,50566.7,126267
3889,2947,50483.3,126083
3890,2996,50616.7,126317
3891,3055,50750,126483
3892,3127,50950,126200
3893,3114,50916.7,127283
3894,3039,50716.7,127500
3895,2988,50600,127583
3896,2963,50533.3,127600
3897,2896,50383.3,127433
3898,2715,49983.3,127150
3899,2924,50433.3,127483
3900,3009,50650,128017
3901,3090,50850,127850
3902,3002,50633.3,127250
3903,2983,50583.3,127100
3904,2967,50550,126817
3905,2714,49983.3,126850
3906,2628,49850,126750
3907,2620,49833.3,126933
3908,2637,49866.7,126700
3909,2477,49600,126633
3910,2302,49283.3,126050
3911,2343,49366.7,126250
3912,2410,49483.3,126400
3913,2676,49916.7,126667
3914,2968,50550,126883
3915,3113,50916.7,126867
3916,3001,50633.3,127017
3917,2982,50583.3,126917
3918,2962,50533.3,126867
3919,3014,50666.7,128083
3920,2957,50516.7,128033
3921,3022,50683.3,128267
3922,3060,50766.7,128350
3923,3149,51033.3,127517
3924,3411,51866.7,127867
3925,3494,52166.7,128133
3926,3490,52150,128133
3927,3541,52350,127700
3928,3955,53983.3,126433
3929,3568,52433.3,126233
3930,3548,52366.7,126100
3931,3821,53433.3,129267
3932,3727,53033.3,128900
3933,3602,52583.3,128533
3934,3328,51550,127617
3935,3242,51316.7,127500
3936,3315,51516.7,127517
3937,3368,51683.3,127250
3938,3557,52383.3,126567
3939,3549,52366.7,126750
3940,3556,52383.3,125817
3941,3883,53683.3,125833
3942,3954,53983.3,126067
3943,3907,53783.3,126033
3944,3995,54100,125717
3945,4021,54166.7,125483
3946,4038,54216.7,125767
3947,3944,53950,125883
3948,3911,53800,126167
3949,3922,53833.3,126283
3950,3946,53966.7,126517
3951,4084,54400,126650
3952,4167,54883.3,127267
3953,4179,55016.7,128333
3954,4186,55066.7,128200
3955,4117,54533.3,128483
3956,4163,54850,128333
3957,4130,54633.3,128433
3958,4150,54766.7,128283
3959,4195,55100,128067
3960,4232,55350,127683
3961,4254,55700,127567
3962,4201,55150,127383
3963,4173,54950,127317
3964,4180,55033.3,127333
3965,4194,55100,127367
3966,4215,55250,127583
3967,4213,55233.3,127483
3968,4216,55250,127667
3969,4202,55150,127750
3970,3749,53150,128683
3971,3947,53966.7,128650
3972,3956,54000,128700
3973,4085,54400,129100
3974,4172,54933.3,129933
3975,4046,54250,129833
3976,4107,54500,128583
3977,4077,54366.7,128550
3978,4156,54816.7,128767
3979,4217,55250,129083
3980,4241,55450,129483
3981,4292,55933.3,130000
3982,4236,55416.7,129833
3983,4175,54966.7,130000
3984,4178,55000,129950
3985,3966,54016.7,132150
3986,3864,53583.3,131933
3987,4118,54550,130417
3988,4031,54183.3,130017
3989,3981,54066.7,130100
3990,4017,54150,129950
3991,4210,55200,129217
3992,4291,55933.3,127883
3993,4323,56200,126850
3994,4381,57433.3,127550
3995,4384,57650,128200
3996,4365,56833.3,131767
3997,4385,57666.7,131583
3998,4383,57616.7,131683
3999,4387,57833.3,131400
4000,4389,57900,131150
4001,4358,56683.3,131817
4002,4301,56050,130017
4003,4066,54333.3,130450
4004,4042,54233.3,130283
4005,4008,54133.3,130167
4006,4061,54316.7,130333
4007,3982,54066.7,130450
4008,3945,53950,130250
4009,3965,54016.7,130600
4010,3983,54066.7,131783
4011,3793,53333.3,131950
4012,3776,53250,132083
4013,3491,52150,131083
4014,3638,52716.7,131833
4015,3672,52850,131883
4016,3774,53250,131833
4017,3775,53250,132000
4018,3763,53200,131983
4019,3528,52300,131217
4020,3812,53400,131917
4021,3884,53683.3,132167
4022,3924,53850,132117
4023,4403,58450,130033
4024,4413,58800,130100
4025,4417,58883.3,131750
4026,4419,58900,133133
4027,4425,59200,132800
4028,4395,58266.7,131800
4029,4437,59533.3,132083
4030,4469,60166.7,132700
4031,4480,60483.3,133283
4032,4445,59616.7,133417
4033,4432,59416.7,134467
4034,4448,59650,134667
4035,4407,58633.3,133533
4036,4429,59333.3,133617
4037,4436,59500,134250
4038,4442,59600,133817
4039,4443,59600,134300
4040,4473,60300,134267
4041,4472,60266.7,134283
4042,4470,60183.3,134717
4043,4476,60383.3,134833
4044,4484,60633.3,134983
4045,4481,60516.7,134917
4046,4485,60650,135000
4047,4486,60716.7,135050
4048,4500,60933.3,135083
4049,4495,60850,135517
4050,4520,61400,135217
4051,4511,61250,134617
4052,4521,61433.3,134633
4053,4441,59583.3,133717
4054,4447,59633.3,133850
4055,4463,60066.7,134583
4056,4465,60083.3,134833
4057,4455,59966.7,134900
4058,4446,59616.7,135117
4059,4449,59716.7,135050
4060,4450,59850,134983
4061,4479,60450,134850
4062,4482,60533.3,134550
4063,4516,61333.3,134350
4064,4453,59916.7,133117
4065,4533,61983.3,132450
4066,4464,60083.3,130600
4067,4514,61266.7,129283
4068,4605,66266.7,128633
4069,4607,66500,133067
4070,4615,67433.3,133750
4071,4625,68350,133700
4072,4632,69000,134667
4073,4629,68700,134117
4074,4624,68216.7,135000
4075,4633,69000,137367
4076,4641,69566.7,138900
4077,4619,67566.7,139800
4078,4614,67416.7,140983
4079,4592,64450,140550
4080,4594,64683.3,140983
4081,4600,65916.7,139617
4082,4577,63816.7,138667
4083,4569,63666.7,138617
4084,4581,64016.7,139100
4085,4587,64100,139433
4086,4586,64066.7,139450
4087,4585,64066.7,139417
4088,4583,64033.3,139433
4089,4566,63566.7,139733
4090,4582,64016.7,140833
4091,4546,62683.3,140083
4092,4528,61816.7,140783
4093,4539,62383.3,140367
4094,4564,63483.3,138833
4095,4575,63766.7,139100
4096,4560,63200,138817
4097,4562,63316.7,139417
4098,4557,63066.7,139483
4099,4513,61250,138800
4100,4517,61350,139000
4101,4502,61033.3,138383
4102,4492,60816.7,137683
4103,4488,60750,137500
4104,4505,61083.3,137917
4105,4550,62783.3,138283
4106,4496,60866.7,137033
4107,4491,60800,136483
4108,4501,61016.7,135783
4109,4489,60766.7,136017
4110,4474,60300,137000
4111,4475,60366.7,137050
4112,4524,61566.7,137500
4113,4548,62766.7,137383
4114,4565,63566.7,137450
4115,4576,63783.3,137300
4116,4573,63733.3,137650
4117,4570,63700,135867
4118,4567,63600,135917
4119,4572,63733.3,133650
4120,4580,63950,135267
4121,4553,62833.3,136583
4122,4544,62583.3,136833
4123,4509,61150,136533
4124,4512,61250,135983
4125,4523,61516.7,135833
4126,4456,59983.3,137117
4127,4468,60133.3,137017
4128,4527,61783.3,136050
4129,4535,62100,136317
4130,4538,62333.3,136483
4131,4534,62050,135683
4132,4530,61866.7,134933
4133,4525,61583.3,134917
4134,4578,63900,135300
4135,4568,63633.3,135450
4136,4579,63916.7,135483
4137,4616,67433.3,134867
4138,4636,69350,133717
4139,4639,69450,133067
4140,4642,69733.3,128950
4141,4643,69750,128867
4142,4645,70166.7,124667
4143,4651,71983.3,125200
4144,4637,69383.3,123983
4145,4644,69850,124433
4146,4613,67033.3,126117
4147,4595,64900,125583
4148,4597,65183.3,123417
4149,4598,65233.3,127083
4150,4599,65283.3,126850
4151,4462,60066.7,128700
4152,4467,60116.7,128800
4153,4418,58900,130433
4154,4408,58700,130100
4155,4424,59183.3,129233
4156,4427,59266.7,129417
4157,4452,59916.7,128500
4158,4532,61950,128267
4159,4423,59150,127617
4160,4439,59550,126483
4161,4380,57416.7,125617
4162,4368,56883.3,126500
4163,4225,55316.7,126617
4164,4112,54516.7,126300
4165,3971,54033.3,126150
4166,4070,54350,125917
4167,4083,54400,126033
4168,4089,54416.7,126200
4169,4054,54283.3,125833
4170,4105,54483.3,125667
4171,3964,54016.7,125767
4172,4032,54200,125083
4173,3994,54100,125167
4174,3953,53983.3,124967
4175,4111,54516.7,125183
4176,4127,54600,125083
4177,4114,54516.7,126850
4178,4149,54766.7,127167
4179,4094,54433.3,126750
4180,4113,54516.7,126433
4181,4155,54816.7,126133
4182,4182,55050,126317
4183,4243,55483.3,125983
4184,4267,55766.7,125950
4185,4274,55783.3,124700
4186,4357,56600,124633
4187,4306,56083.3,122750
4188,4299,56033.3,121917
4189,4327,56216.7,121433
4190,4321,56183.3,121583
4191,4279,55833.3,121733
4192,4253,55700,121617
4193,4273,55783.3,120917
4194,4257,55716.7,121183
4195,4337,56283.3,121233
4196,4345,56450,120917
4197,4333,56250,120833
4198,4336,56266.7,120950
4199,4353,56533.3,121000
4200,4375,57133.3,121300
4201,4344,56433.3,120783
4202,4350,56516.7,120783
4203,4356,56583.3,119500
4204,4348,56500,119200
4205,4349,56516.7,119067
4206,4247,55600,118767
4207,4272,55783.3,118833
4208,4309,56100,118683
4209,4265,55766.7,118717
4210,4312,56116.7,118850
4211,4325,56216.7,118833
4212,4314,56133.3,118500
4213,4300,56050,118517
4214,4262,55750,118233
4215,4308,56100,118083
4216,4271,55783.3,117900
4217,4270,55783.3,117533
4218,4255,55716.7,117617
4219,4261,55750,117333
4220,4276,55800,117683
4221,4322,56200,117417
4222,4342,56366.7,117067
4223,4235,55416.7,117317
4224,4227,55333.3,115417
4225,4170,54916.7,114167
4226,4098,54450,113983
4227,4116,54533.3,114083
4228,4228,55350,114983
4229,4288,55916.7,115650
4230,4290,55933.3,116917
4231,4307,56100,116833
4232,4313,56133.3,117317
4233,4318,56183.3,117600
4234,4315,56150,117750
4235,4335,56266.7,117817
4236,4338,56300,117333
4237,4329,56233.3,117283
4238,4332,56250,117150
4239,4285,55866.7,117367
4240,4259,55733.3,117117
4241,4298,56033.3,117117
4242,4185,55066.7,117283
4243,4249,55616.7,116833
4244,4252,55700,116900
4245,4229,55350,115767
4246,4223,55316.7,115717
4247,4238,55433.3,116483
4248,4233,55366.7,115933
4249,3724,53033.3,116683
4250,3730,53066.7,116783
4251,3848,53533.3,117017
4252,3816,53416.7,116683
4253,3820,53433.3,117533
4254,3810,53400,117583
4255,3725,53033.3,117317
4256,3740,53083.3,117450
4257,3807,53366.7,117700
4258,3762,53200,117917
4259,3731,53066.7,117400
4260,3857,53550,117217
4261,3855,53550,116633
4262,3856,53550,116767
4263,3756,53183.3,117017
4264,3751,53166.7,117100
4265,3698,52933.3,117283
4266,3314,51516.7,117417
4267,3225,51266.7,117517
4268,3176,51133.3,117867
4269,3279,51433.3,117050
4270,3234,51300,116967
4271,3159,51066.7,116650
4272,3107,50900,116367
4273,2994,50616.7,116100
4274,2952,50516.7,116033
4275,2943,50466.7,115967
4276,2868,50316.7,115867
4277,2799,50183.3,116933
4278,2783,50150,116983
4279,2675,49916.7,116917
4280,2298,49283.3,117617
4281,2592,49783.3,118133
4282,2821,50233.3,117800
4283,2651,49883.3,118083
4284,2652,49883.3,118117
4285,2164,49100,117717
4286,2150,49083.3,117817
4287,2417,49500,119133
4288,2894,50383.3,118783
4289,3081,50833.3,119000
4290,3063,50783.3,119333
4291,3018,50683.3,119817
4292,3079,50816.7,119683
4293,2849,50266.7,119267
4294,2887,50366.7,119350
4295,2966,50550,119133
4296,3094,50866.7,119467
4297,3095,50866.7,119583
4298,3047,50733.3,119967
4299,3168,51100,120017
4300,3029,50700,119283
4301,3000,50633.3,119117
4302,2936,50450,119183
4303,2838,50250,118967
4304,2822,50233.3,118617
4305,3028,50700,117917
4306,2954,50516.7,117900
4307,3137,51000,118183
4308,3104,50883.3,118100
4309,3136,50983.3,118633
4310,3120,50933.3,118783
4311,3217,51233.3,118950
4312,3299,51483.3,117483
4313,2953,50516.7,117283
4314,2869,50316.7,116950
4315,2911,50416.7,117133
4316,2711,49983.3,117367
4317,2579,49766.7,117467
4318,2923,50433.3,117900
4319,3046,50733.3,117733
4320,2999,50633.3,117533
4321,3017,50683.3,117483
4322,3185,51150,116767
4323,3212,51216.7,116617
4324,3264,51400,116483
4325,3286,51450,116300
4326,3581,52466.7,115783
4327,3582,52466.7,116083
4328,3278,51433.3,116183
4329,3564,52416.7,115283
4330,3224,51266.7,115917
4331,3191,51166.7,115567
4332,3166,51100,115067
4333,3167,51100,115350
4334,2782,50150,115833
4335,3078,50816.7,116283
4336,2949,50500,116033
4337,2578,49766.7,116850
4338,2277,49250,116683
4339,2399,49466.7,116767
4340,2489,49616.7,116800
4341,2163,49100,116517
4342,2297,49283.3,115833
4343,2398,49466.7,115450
4344,2309,49300,115117
4345,2139,49066.7,115183
4346,2104,49000,115167
4347,2370,49416.7,115400
4348,2407,49483.3,114983
4349,2416,49500,115067
4350,2565,49733.3,114850
4351,3157,51066.7,114167
4352,3147,51033.3,113967
4353,3037,50716.7,113967
4354,3126,50950,113917
4355,3112,50916.7,114067
4356,3160,51083.3,114083
4357,3223,51266.7,114017
4358,3241,51316.7,113617
4359,3308,51500,113500
4360,3258,51383.3,113533
4361,3307,51500,113333
4362,3354,51650,113550
4363,3210,51216.7,113650
4364,3277,51433.3,114033
4365,3211,51216.7,114017
4366,3161,51083.3,114167
4367,2129,49050,113917
4368,2508,49633.3,114500
4369,2474,49600,114433
4370,2467,49583.3,114367
4371,2460,49566.7,114067
4372,2432,49516.7,113950
4373,2406,49483.3,113950
4374,2341,49366.7,113517
4375,2564,49733.3,113400
4376,2295,49283.3,112200
4377,2187,49133.3,112083
4378,2415,49500,111800
4379,2635,49866.7,111367
4380,2649,49883.3,111050
4381,2634,49866.7,110900
4382,2362,49400,110700
4383,2693,49950,110267
4384,3085,50850,109117
4385,2933,50450,108450
4386,2867,50316.7,108617
4387,2993,50616.7,108450
4388,3043,50733.3,108750
4389,3182,51150,108750
4390,3139,51016.7,108433
4391,3305,51500,108250
4392,3248,51333.3,108150
4393,3325,51550,107983
4394,3450,52050,107983
4395,3476,52116.7,108133
4396,3419,51916.7,107117
4397,3475,52116.7,107217
4398,3470,52100,107000
4399,3483,52133.3,107050
4400,3437,52000,106983
4401,3482,52133.3,106667
4402,3392,51800,106500
4403,3474,52116.7,106633
4404,3481,52133.3,106600
4405,3296,51483.3,106933
4406,3164,51100,106983
4407,3172,51116.7,106600
4408,3052,50750,106400
4409,2992,50616.7,106700
4410,2979,50583.3,107350
4411,2922,50433.3,107217
4412,2985,50600,107017
4413,2366,49416.7,106683
4414,2524,49666.7,106850
4415,2525,49666.7,107000
4416,2775,50133.3,106383
4417,2723,50016.7,106733
4418,2648,49883.3,106550
4419,2541,49700,106567
4420,2515,49650,106267
4421,2633,49866.7,106217
4422,2809,50200,106000
4423,3071,50800,106150
4424,2618,49833.3,106033
4425,2487,49616.7,105983
4426,2758,50100,105700
4427,2682,49933.3,105700
4428,2683,49933.3,105967
4429,2847,50266.7,105883
4430,2903,50400,105717
4431,2885,50366.7,105383
4432,2902,50400,105550
4433,2978,50583.3,105583
4434,3156,51066.7,105433
4435,3215,51233.3,105433
4436,3155,51066.7,104950
4437,3117,50933.3,104500
4438,3124,50950,104200
4439,3238,51316.7,105000
4440,3617,52633.3,105450
4441,3388,51783.3,104717
4442,3266,51416.7,105017
4443,3312,51516.7,105017
4444,3348,51633.3,105017
4445,3448,52050,105133
4446,3473,52116.7,105133
4447,3402,51850,105033
4448,3324,51550,105467
4449,3285,51450,105450
4450,3359,51666.7,105467
4451,3416,51900,105450
4452,3427,51950,105633
4453,3382,51766.7,105750
4454,3417,51900,106067
4455,3440,52016.7,106217
4456,3303,51500,106283
4457,3267,51416.7,106600
4458,3111,50916.7,106850
4459,3133,50983.3,106550
4460,3221,51266.7,105967
4461,3189,51166.7,105933
4462,3253,51366.7,106133
4463,3343,51616.7,106433
4464,3222,51266.7,107017
4465,3297,51483.3,107517
4466,3319,51533.3,107250
4467,3370,51700,107133
4468,3313,51516.7,107717
4469,3344,51616.7,107750
4470,3200,51200,108033
4471,3101,50883.3,108200
4472,3072,50800,107950
4473,2932,50450,108083
4474,2948,50500,107767
4475,2763,50116.7,106983
4476,2764,50116.7,107100
4477,2665,49900,107300
4478,2684,49933.3,107450
4479,2569,49750,107483
4480,2204,49150,107800
4481,2266,49233.3,107733
4482,2225,49183.3,108083
4483,2242,49200,108400
4484,2241,49200,108383
4485,2243,49200,108733
4486,2473,49600,108717
4487,2516,49650,108417
4488,2429,49516.7,108817
4489,2709,49983.3,109117
4490,2739,50066.7,108800
4491,2674,49916.7,109467
4492,2692,49950,110033
4493,2138,49066.7,110450
4494,2176,49116.7,109267
4495,2815,50216.7,109617
4496,2910,50416.7,109883
4497,2876,50333.3,110083
4498,2701,49966.7,110583
4499,2404,49483.3,111100
4500,2405,49483.3,111433
4501,2430,49516.7,112183
4502,2103,49000,111950
4503,2542,49700,112833
4504,2650,49883.3,113050
4505,2602,49800,113117
4506,2741,50066.7,112250
4507,2740,50066.7,112100
4508,2998,50633.3,112700
4509,3291,51466.7,112700
4510,3292,51466.7,112967
4511,3173,51116.7,112983
4512,3233,51300,112950
4513,3332,51566.7,112750
4514,3363,51666.7,112767
4515,3374,51700,113267
4516,3535,52333.3,112683
4517,3446,52033.3,112750
4518,3485,52133.3,112750
4519,3649,52766.7,112967
4520,3755,53183.3,113517
4521,3703,52966.7,113383
4522,3739,53083.3,113467
4523,3854,53550,113500
4524,3901,53750,113533
4525,3895,53716.7,113483
4526,3941,53950,113633
4527,4049,54266.7,113867
4528,4059,54300,113483
4529,3969,54033.3,113117
4530,4027,54181.4,112927
4531,4101,54466.7,113383
4532,4141,54716.7,113267
4533,4164,54864.2,112802
4534,4145,54754.4,112602
4535,4275,55799.7,112639
4536,4190,55091.7,112888
4537,4214,55250,113200
4538,4197,55141.1,112494
4539,4181,55037.8,112280
4540,4166,54879.7,112522
4541,4138,54679.2,112215
4542,4162,54848.6,112344
4543,4133,54653.6,112363
4544,4024,54180.8,112627
4545,4043,54238.6,112777
4546,4028,54181.7,112801
4547,3990,54093.1,112787
4548,3960,54007.2,112679
4549,3991,54093.3,112619
4550,4013,54143.9,112276
4551,3974,54036.7,112555
4552,3930,53883.3,112333
4553,3957,54004.7,112405
4554,3996,54113.1,112474
4555,3959,54006.9,112333
4556,3900,53750,112783
4557,3853,53550,113133
4558,3828,53466.7,112950
4559,3979,54059.4,112945
4560,3909,53800,112917
4561,4014,54150,113117
4562,4041,54233.3,113017
4563,4063,54329.4,112953
4564,4091,54427.5,112955
4565,4142,54733.3,112931
4566,4109,54503.6,112901
4567,4090,54426.1,112924
4568,4124,54590.8,112809
4569,4143,54748.1,112804
4570,4160,54820.6,112879
4571,4123,54583.3,113317
4572,4139,54683.3,114150
4573,4212,55233.3,114267
4574,4204,55166.7,114033
4575,4184,55066.7,114033
4576,4222,55283.3,114783
4577,3961,54016.7,115233
4578,3935,53916.7,115033
4579,3931,53883.3,114900
4580,4065,54333.3,114767
4581,3842,53516.7,114967
4582,3859,53566.7,114717
4583,3841,53516.7,114333
4584,3888,53700,114183
4585,3914,53816.7,114667
4586,3998,54116.7,114400
4587,4016,54150,114233
4588,4015,54150,113867
4589,4069,54350,113917
4590,3986,54083.3,114233
4591,3970,54033.3,114133
4592,3942,53950,113900
4593,3980,54066.7,113650
4594,3920,53833.3,113417
4595,3878,53666.7,113483
4596,3858,53566.7,113400
4597,3778,53266.7,113533
4598,3792,53333.3,113533
4599,3665,52833.3,113450
4600,3632,52683.3,113567
4601,3579,52466.7,113733
4602,3536,52333.3,113533
4603,3561,52400,113183
4604,3554,52383.3,113800
4605,3517,52266.7,113800
4606,3580,52466.7,114050
4607,3619,52633.3,114217
4608,3644,52750,114283
4609,3671,52850,114367
4610,3704,52966.7,114433
4611,3745,53116.7,114483
4612,3761,53200,114183
4613,3847,53533.3,114000
4614,3846,53533.3,113917
4615,3887,53700,114100
4616,3806,53366.7,113733
4617,3873,53633.3,113633
4618,3910,53800,113650
4619,3773,53250,113783
4620,3364,51666.7,114133
4621,3396,51800,113600
4622,3409,51866.7,113600
4623,3477,52116.7,113200
4624,3400,51833.3,113233
4625,3501,52200,113233
4626,3321,51533.3,114100
4627,3526,52300,114283
4628,3525,52300,114083
4629,3486,52133.3,113867
4630,3447,52033.3,113950
4631,3422,51916.7,114033
4632,3390,51783.3,114100
4633,3398,51816.7,114367
4634,3869,53616.7,115450
4635,4007,54133.3,115683
4636,3999,54116.7,115383
4637,3879,53666.7,115983
4638,3880,53666.7,116167
4639,3875,53650,115583
4640,3769,53216.7,114983
4641,3868,53616.7,115250
4642,3863,53583.3,116417
4643,3546,52366.7,114917
4644,3547,52366.7,115067
4645,3466,52083.3,114750
4646,3555,52383.3,114600
4647,3293,51466.7,114383
4648,3375,51700,114633
4649,3326,51550,114467
4650,3201,51200,114450
4651,3158,51066.7,114550
4652,3190,51166.7,114850
4653,2981,50583.3,113867
4654,2935,50450,113850
4655,2710,49983.3,113083
4656,2817,50216.7,113150
4657,3077,50816.7,112667
4658,3062,50783.3,112467
4659,3146,51033.3,112683
4660,3093,50866.7,113050
4661,3035,50716.7,112983
4662,3087,50850,113467
