order,city_id,x,y
0,6750,31331.1,30741.7
1,6657,31310.3,30737.5
2,6647,31307.5,30753.6
3,6691,31317.5,30747.5
4,6676,31316.7,30750
5,6453,31272.2,30762.8
6,6728,31327.2,30747.2
7,6590,31296.4,30724.4
8,6599,31299.7,30758.9
9,6823,31350,30750
10,6831,31350.8,30867.5
11,6787,31340.3,30873.6
12,6734,31328.6,30858.9
13,6233,31233.3,30900
14,6640,31305.8,30913.6
15,6939,31391.4,30963.9
16,6697,31319.4,31025
17,6752,31331.1,30929.2
18,6742,31330.3,30946.4
19,6581,31295.3,30951.1
20,6404,31264.7,30948.9
21,6414,31266.1,30915.8
22,6631,31304.2,30971.4
23,6463,31273.6,31012.5
24,6010,31193.6,30992.2
25,6193,31226.4,31038.9
26,6419,31266.7,31000
27,6446,31270.8,31027.8
28,5988,31187.5,31052.8
29,6117,31211.4,31051.9
30,6263,31238.1,31092.5
31,6476,31276.4,31125
32,6514,31283.3,31116.7
33,6670,31315,31146.4
34,6606,31300,31116.7
35,6650,31308.3,31123.6
36,6940,31391.7,31143.1
37,6955,31400,31133.3
38,6964,31402.8,31133.3
39,6998,31419.4,31151.4
40,7082,31527.8,31208.3
41,7063,31498.6,31141.7
42,7043,31462.5,31095.8
43,7094,31554.2,30887.5
44,7137,31587.5,30987.5
45,7134,31585.6,31018.3
46,7128,31583.3,31016.7
47,7133,31585,31010.3
48,7131,31584.7,31016.7
49,7138,31588.9,30991.7
50,7135,31586.1,30980.6
51,7113,31578.1,31026.7
52,7116,31579.2,31036.4
53,7142,31591.7,31051.4
54,7121,31581.4,31015.6
55,7095,31554.4,31090.3
56,7097,31558.3,31084.2
57,7103,31566.7,31068.1
58,7145,31592.2,31064.2
59,7139,31590.3,31112.5
60,7140,31590.8,31079.4
61,7106,31572.2,31042.2
62,7120,31581.1,31021.4
63,7115,31578.3,31019.7
64,7118,31580.3,31019.4
65,7119,31580.8,31029.2
66,7130,31583.3,31033.3
67,7112,31577.5,31035
68,7144,31592.2,31053.1
69,7108,31573.1,31071.1
70,7117,31579.7,31045.8
71,7122,31581.9,31036.9
72,7099,31564.2,31069.2
73,7092,31543.1,31179.2
74,7010,31433.3,31316.7
75,6329,31250,31266.7
76,6383,31259.7,31216.7
77,6365,31256.9,31211.1
78,6214,31230.6,31209.7
79,5674,31140.3,31171.4
80,5861,31168.1,31176.4
81,5911,31177.8,31169.4
82,5967,31184.7,31118.1
83,5983,31186.1,31118.1
84,5893,31175,31143.1
85,5864,31168.6,31162.8
86,6102,31207.8,31161.1
87,5952,31183.3,31133.3
88,6092,31206.9,31187.5
89,6375,31258.6,31167.2
90,6342,31252.8,31168.1
91,6551,31288.9,31211.1
92,6777,31337.5,31205.6
93,6681,31316.7,31216.7
94,6707,31322.2,31233.3
95,6517,31283.3,31250
96,6328,31250,31250
97,6372,31258.3,31298.6
98,5681,31141.1,31313.3
99,6238,31233.3,31400
100,6392,31262.5,31358.3
101,6609,31300,31266.7
102,6285,31241.7,31244.4
103,5721,31147.2,31227.8
104,6051,31200,31183.3
105,5548,31116.7,31250
106,5450,31098.6,31268.9
107,5651,31136.1,31329.4
108,5621,31132.5,31312.8
109,5268,31066.7,31433.3
110,5191,31052.2,31447.2
111,4966,31015.8,31440.3
112,4900,31005.3,31415.3
113,4982,31016.7,31483.3
114,4847,30995.6,31555.3
115,5090,31033.3,31550
116,4877,31000,31550
117,5147,31044.4,31566.7
118,4865,30999.2,31602.8
119,5150,31045.3,31618.1
120,5405,31088.3,31528.6
121,5356,31082.2,31511.4
122,5615,31129.4,31553.1
123,5637,31133.3,31633.3
124,5409,31088.9,31636.7
125,5393,31086.1,31672.2
126,5389,31084.7,31623.9
127,5411,31089.2,31607.2
128,5384,31083.3,31633.3
129,4984,31016.7,31675
130,5331,31076.4,31776.4
131,5443,31097.2,31763.9
132,5503,31108.3,31741.7
133,5310,31072.2,31711.1
134,5624,31133.1,31654.2
135,5569,31120.6,31639.2
136,5323,31074.4,31706.4
137,4738,30970.6,31722.8
138,4697,30961.1,31723.3
139,4916,31008.3,31697.2
140,5182,31050,31800
141,5196,31052.8,31825
142,5157,31047.2,31762.5
143,5738,31149.7,31917.5
144,6196,31226.4,31863.9
145,6256,31236.1,31737.5
146,6130,31213.9,31779.2
147,6020,31194.4,31847.2
148,6158,31216.7,31850
149,6159,31216.7,31856.9
150,6709,31323.1,31762.5
151,6735,31328.6,31754.4
152,6748,31330.8,31743.6
153,6772,31334.7,31770.3
154,6729,31327.2,31768.6
155,6289,31242.8,31797.2
156,5935,31180.6,31980.6
157,5882,31172.5,31885.6
158,6179,31223.6,31720.8
159,6219,31231.9,31719.4
160,6157,31216.7,31683.3
161,5623,31133.1,31633.6
162,5696,31143.1,31632.2
163,5934,31180.6,31661.1
164,5912,31177.8,31659.7
165,5958,31183.3,31650
166,5557,31118.1,31656.9
167,5596,31126.4,31654.2
168,5355,31081.9,31693.1
169,5180,31050,31675
170,4925,31009.7,31648.6
171,5000,31019.4,31634.7
172,5030,31023.9,31648.3
173,4986,31016.7,31683.3
174,4934,31011.1,31708.3
175,5135,31041.7,31716.7
176,5129,31040.3,31702.8
177,4845,30995.3,31733.6
178,4702,30962.8,31702.2
179,4617,30942.5,31652.8
180,4836,30993.1,31766.1
181,5037,31025,31854.2
182,5860,31167.8,31768.3
183,5852,31166.7,31740.3
184,6471,31275,31654.4
185,6523,31283.3,31650
186,6562,31291.7,31598.6
187,6403,31263.9,31506.9
188,6593,31297.2,31536.1
189,6616,31300,31516.7
190,6586,31295.8,31504.2
191,6701,31320.8,31485
192,6545,31287.8,31494.7
193,6561,31291.7,31502.8
194,6756,31331.9,31502.8
195,6746,31330.6,31512.8
196,6522,31283.3,31562.5
197,6875,31363.9,31508.3
198,6884,31368.6,31515
199,6257,31236.4,31438.9
200,6273,31239.7,31376.9
201,6348,31254.2,31229.2
202,6294,31243.1,31223.6
203,6556,31289.4,31274.4
204,6140,31215.8,31436.4
205,6070,31202.5,31442.2
206,5917,31178.6,31406.1
207,5955,31183.3,31400
208,5787,31157.2,31293.3
209,5953,31183.3,31316.7
210,6421,31266.7,31316.7
211,6518,31283.3,31300
212,6858,31358.3,31333.3
213,7087,31536.1,31258.3
214,7003,31425,31163.9
215,7052,31473.6,31140.3
216,7050,31469.4,31112.5
217,7105,31570,31053.6
218,7111,31576.9,31050.6
219,7114,31578.1,31033.1
220,7132,31584.7,31033.1
221,7129,31583.3,31028.6
222,7141,31591.7,31032.5
223,7127,31583.3,30994.4
224,7073,31512.5,30808.3
225,7069,31506.9,30791.7
226,6839,31352.8,30855
227,6386,31261.7,30872.2
228,6282,31241.7,30908.6
229,6407,31265.3,30907.5
230,6325,31250,30933.3
231,6270,31239.2,30928.9
232,6222,31232.5,30932.2
233,6279,31241.4,30941.1
234,6254,31236.1,30946.4
235,6264,31238.3,30945
236,6089,31206.7,30932.8
237,6009,31193.3,30917.5
238,6198,31226.9,30942.2
239,6544,31287.8,30970.3
240,6385,31260.3,30961.1
241,6458,31273.1,30936.7
242,6486,31278.1,30930.8
243,6555,31289.4,30923.6
244,6661,31311.1,30914.7
245,6677,31316.7,30916.7
246,6663,31311.7,30892.5
247,6482,31277.2,30883.1
248,6862,31358.9,30935
249,6885,31368.9,30968.9
250,6669,31315,30936.1
251,6783,31338.9,30930
252,6736,31329.2,31108.3
253,6835,31351.4,31123.6
254,6760,31333.3,31116.7
255,6721,31326.4,31119.4
256,6744,31330.6,31104.2
257,6678,31316.7,31116.7
258,6327,31250,31100
259,6165,31219.4,31136.1
260,6108,31208.9,31155.8
261,6163,31218.1,31151.4
262,6700,31320.6,31131.1
263,6283,31241.7,31150
264,6420,31266.7,31115.3
265,6464,31273.6,31037.5
266,6381,31259.7,31026.4
267,6605,31300,31000
268,6537,31285,30986.7
269,6101,31207.8,30996.1
270,5838,31166.4,30993.6
271,6080,31204.7,30972.8
272,5950,31183.3,30983.3
273,5844,31166.7,30983.3
274,5845,31166.7,31016.7
275,6150,31216.7,31033.3
276,5774,31154.2,31000
277,5885,31172.8,30993.3
278,5835,31165.8,30953.9
279,6049,31200,30933.3
280,5992,31188.6,30936.4
281,6091,31206.7,30964.2
282,6127,31213.3,30953.9
283,6251,31235.6,30873.3
284,5916,31178.6,30853.6
285,5901,31175.8,30850.3
286,5801,31159.2,30891.1
287,5868,31169.7,30914.4
288,5980,31185.8,30924.2
289,6001,31191.1,30949.7
290,5546,31116.7,30979.7
291,5609,31128.6,30966.4
292,5599,31127.5,30822.2
293,5763,31152.5,30803.6
294,5829,31165,30797.2
295,6065,31201.7,30790.8
296,6131,31214.2,30777.5
297,6146,31216.7,30765.3
298,6173,31221.9,30776.4
299,6249,31235,30784.4
300,6324,31250,30783.3
301,5966,31184.7,30772.8
302,5650,31136.1,30815.8
303,5783,31156.9,30834.4
304,5888,31173.1,30829.4
305,6088,31206.7,30834.2
306,6245,31234.4,30779.7
307,6047,31200,30766.7
308,6292,31243.1,30772.5
309,6335,31251.1,30791.7
310,6205,31228.6,30796.4
311,6391,31262.2,30727.2
312,6450,31271.7,30714.4
313,6603,31300,30700
314,6794,31341.7,30687.8
315,6776,31336.9,30686.9
316,6741,31330.3,30722.5
317,6554,31289.4,30759.2
318,6594,31297.8,30768.9
319,6618,31301.1,30776.9
320,6307,31246.4,30761.9
321,6315,31247.8,30717.8
322,6244,31234.2,30736.7
323,6548,31288.3,30710.8
324,6527,31283.9,30727.2
325,6513,31283.3,30750
326,6528,31283.9,30777.5
327,6549,31288.6,30796.9
328,6487,31278.6,30796.1
329,6634,31304.4,30852.8
330,6293,31243.1,30838.9
331,6389,31261.9,30838.9
332,6467,31274.7,30874.7
333,6751,31331.1,30872.2
334,6740,31329.4,30840.3
335,6818,31349.4,30842.8
336,7093,31548.6,30875
337,7081,31526.4,30834.7
338,7062,31497.2,30751.9
339,7058,31483.3,30700
340,7056,31480.3,30701.9
341,6954,31400,30750
342,6868,31361.1,30795.8
343,6591,31296.4,30835.8
344,6460,31273.3,30832.5
345,6449,31271.4,30800.3
346,6451,31271.9,30787.2
347,6359,31255.8,30815.3
348,6360,31256.4,30828.1
349,6398,31263.1,30850.3
350,6346,31253.3,30842.8
351,6405,31265,30821.7
352,6232,31233.3,30800
353,6310,31247.2,30797.5
354,6388,31261.9,30835.8
355,6138,31215,30891.1
356,6174,31221.9,30910.6
357,6084,31205.6,30910.8
358,6098,31207.2,30867.8
359,6267,31238.9,30896.4
360,6148,31216.7,30916.7
361,6119,31212.2,30921.7
362,6189,31225.6,30951.4
363,6234,31233.3,30950
364,5903,31176.1,30977.5
365,6061,31200.6,30963.9
366,6090,31206.7,30950.3
367,5814,31162.2,30961.9
368,5930,31180.3,30952.2
369,5859,31167.8,30913.1
370,5940,31181.9,30905
371,5857,31167.2,30887.2
372,5863,31168.3,30864.4
373,5897,31175.3,30883.1
374,6000,31190.8,30850.6
375,5729,31148.1,30854.4
376,5726,31147.5,30843.1
377,5611,31128.9,30861.1
378,5878,31171.4,30813.6
379,5904,31176.4,30838.3
380,5693,31143.1,30873.3
381,4936,31011.4,30866.1
382,4745,30972.2,30866.4
383,4672,30954.7,30926.4
384,5099,31034.7,30953.6
385,5109,31036.9,30940.3
386,4920,31009.2,30950.6
387,5113,31038.1,30930.6
388,5032,31024.7,30942.5
389,4905,31006.4,30957.2
390,4990,31017.8,30975.6
391,5449,31098.6,31115.3
392,5376,31083.3,31126.4
393,5377,31083.3,31150
394,5328,31075,31200.6
395,5309,31072.2,31159.7
396,5063,31030.6,31173.9
397,4888,31002.5,31101.7
398,4775,30981.1,31063.3
399,4846,30995.6,31040.6
400,4856,30997.8,31093.1
401,4885,31002.2,31164.7
402,5207,31055.3,31136.4
403,5212,31056.7,31128.9
404,5471,31100,31133.3
405,5472,31100,31150
406,5194,31052.8,31175
407,5084,31033.3,31166.7
408,4940,31011.9,31185.8
409,4493,30916.7,31288.9
410,4436,30907.5,31252.2
411,4451,30910.3,31244.2
412,4589,30935.3,31259.2
413,4721,30966.7,31250
414,4475,30914.7,31155.6
415,4443,30909.2,31057.2
416,4265,30878.6,31096.4
417,4645,30948.9,31134.2
418,4711,30966.1,31076.7
419,4979,31016.7,31133.3
420,5422,31090.6,30998.1
421,5654,31136.9,30989.7
422,5865,31169.4,31006.9
423,6085,31205.6,31034.7
424,6025,31195.8,31009.7
425,5951,31183.3,31033.3
426,6087,31206.1,31037.8
427,6162,31218.1,31026.4
428,6382,31259.7,31040.3
429,6535,31284.7,31008.3
430,6428,31266.9,30997.2
431,6576,31294.2,30996.9
432,6824,31350,31100
433,6890,31370.8,31037.5
434,6902,31374.4,31117.8
435,6871,31362.5,31125
436,6865,31359.7,31175
437,6722,31326.4,31130.6
438,6438,31269.4,31147.2
439,6356,31255.6,31147.2
440,6370,31258.3,31177.8
441,6209,31229.2,31230.6
442,6152,31216.7,31233.3
443,6007,31193.1,31241.7
444,5849,31166.7,31283.3
445,5847,31166.7,31166.7
446,5892,31175,31129.2
447,5923,31179.2,31093.1
448,5922,31179.2,31084.7
449,5891,31175,31093.1
450,6003,31191.7,31104.2
451,6050,31200,31083.3
452,6044,31199.7,31088.1
453,5680,31141.1,31038.1
454,5816,31162.5,31015.3
455,5600,31127.5,31034.2
456,5346,31079.4,31074.4
457,4952,31013.9,31030.6
458,5219,31057.8,31076.9
459,5398,31087.5,31059.7
460,5428,31092.2,31042.8
461,5469,31100,31083.3
462,5291,31069.4,31116.4
463,5082,31033.3,31116.7
464,4894,31004.2,31097.2
465,5010,31020.8,31004.7
466,5040,31026.1,31096.4
467,5215,31057.5,31093.1
468,5583,31123.9,31000
469,5533,31115.3,31013.9
470,5709,31145.3,31006.7
471,5501,31108.1,30963.9
472,5338,31078.1,30945.8
473,5138,31041.9,30886.1
474,5161,31047.8,30852.5
475,5236,31061.4,30849.2
476,5218,31057.8,30831.4
477,5059,31029.7,30812.5
478,4903,31006.1,30824.7
479,5101,31035.3,30816.7
480,5430,31093.1,30837.5
481,5375,31083.3,30866.7
482,5479,31101.9,30858.3
483,5419,31090.3,30830.3
484,5665,31139.2,30768.1
485,5437,31094.4,30694.2
486,5446,31098.1,30665.6
487,5327,31075,30648.6
488,5159,31047.5,30655.3
489,5146,31044.2,30633.9
490,5111,31037.8,30624.2
491,5214,31057.5,30606.4
492,5238,31062.5,30621.7
493,5253,31065.8,30637.8
494,5522,31113.1,30590.6
495,5481,31102.8,30584.4
496,5467,31100,30583.3
497,5668,31139.7,30539.4
498,5803,31160.6,30558.9
499,6103,31208.3,30561.4
500,6397,31262.8,30594.2
501,6510,31283.3,30566.7
502,6887,31370.3,30525.6
503,6813,31348.6,30506.9
504,6673,31316.7,30488.3
505,6781,31338.6,30536.9
506,6972,31404.4,30505
507,6563,31291.9,30483.6
508,6767,31333.6,30410.8
509,6753,31331.4,30420.3
510,6834,31351.4,30468.1
511,6821,31350,30483.3
512,6931,31385.3,30486.9
513,6916,31378.3,30506.9
514,6897,31372.5,30491.1
515,6791,31341.4,30463.9
516,6596,31298.6,30471.9
517,6666,31313.3,30471.7
518,6536,31285,30463.3
519,6488,31278.9,30435
520,6498,31280.8,30414.7
521,6507,31282.2,30409.7
522,6412,31266.1,30421.4
523,6461,31273.6,30450
524,6539,31285.8,30446.4
525,6479,31276.7,30433.9
526,6253,31235.8,30413.1
527,6352,31254.7,30406.7
528,6384,31260.3,30407.2
529,6266,31238.9,30423.1
530,6141,31216.1,30437.2
531,6074,31203.3,30433.3
532,5872,31170.6,30440.8
533,6021,31195.3,30500
534,5963,31184.2,30502.8
535,5973,31185.3,30532.8
536,6177,31223.1,30528.6
537,6100,31207.8,30512.2
538,6300,31245.6,30562.2
539,6204,31228.1,30666.9
540,5811,31161.9,30638.6
541,5902,31176.1,30639.2
542,6269,31239.2,30706.7
543,6481,31277.2,30688.9
544,6508,31282.2,30690.3
545,6445,31270.8,30679.2
546,6161,31218.1,30658.1
547,6231,31233.3,30633.3
548,6265,31238.6,30670.8
549,6565,31291.9,30690.6
550,6436,31269.2,30691.1
551,6457,31273.1,30694.2
552,6845,31354.7,30627.5
553,6822,31350,30616.7
554,6589,31296.4,30665.6
555,6566,31292.2,30674.2
556,6456,31273.1,30664.7
557,6390,31262.2,30674.7
558,6340,31252.2,30694.2
559,6164,31219.4,30678.6
560,5877,31171.4,30729.2
561,6341,31252.2,30698.6
562,6217,31231.1,30711.7
563,6116,31211.4,30717.2
564,6135,31214.7,30697.5
565,6109,31209.2,30678.6
566,5995,31189.2,30662.8
567,5836,31166.1,30697.8
568,5886,31173.1,30709.2
569,5786,31157.2,30727.5
570,5699,31143.9,30696.7
571,5964,31184.2,30716.4
572,6062,31200.8,30702.2
573,5979,31185.8,30686.7
574,6040,31198.1,30722.8
575,5357,31082.5,30707.8
576,5241,31063.6,30842.2
577,5286,31068.6,30868.3
578,5186,31051.1,30831.1
579,5289,31069.4,30820.6
580,5352,31081.4,30838.9
581,5350,31080.6,30849.7
582,5427,31091.9,30897.8
583,5392,31085,30914.4
584,5252,31065.6,30904.4
585,5200,31053.6,30940.3
586,5068,31031.9,30917.8
587,5038,31025.3,30911.1
588,4954,31014.2,30953.3
589,4620,30943.3,30959.2
590,4613,30941.7,30855.6
591,4459,30911.7,30894.7
592,4567,30932.8,30944.2
593,4661,30952.2,30935
594,4874,31000,31016.7
595,4882,31001.4,30990
596,5060,31029.7,30948.1
597,4787,30983.3,30950
598,5043,31026.4,30990.3
599,5107,31036.4,30971.9
600,5477,31101.7,30996.9
601,5334,31076.7,30985.3
602,5425,31091.7,31001.4
603,5468,31100,31033.3
604,5765,31152.8,31052.8
605,5766,31152.8,31073.6
606,5989,31187.5,31063.9
607,6042,31198.6,31036.1
608,5927,31179.7,31017.2
609,5719,31147.2,31034.7
610,5672,31140.3,31070.8
611,5694,31143.1,31091.7
612,5510,31109.4,31073.3
613,5526,31113.9,31041.7
614,5566,31119.7,30996.1
615,5764,31152.8,31008.3
616,6026,31195.8,31025
617,5921,31179.2,31013.9
618,5946,31182.8,30995.8
619,5743,31150,31000
620,5772,31153.9,30997.2
621,5701,31144.4,30968.3
622,5620,31132.5,30974.7
623,5496,31105.8,30983.3
624,5424,31091.4,30986.9
625,5185,31050.8,30979.7
626,5155,31047.2,30936.4
627,5281,31068.1,30949.4
628,5332,31076.7,30940.6
629,5313,31073.1,30975.3
630,5131,31041.1,30981.7
631,5067,31031.4,30990.6
632,4887,31002.5,30969.7
633,4923,31009.4,30923.9
634,5069,31031.9,30959.7
635,5436,31094.2,30963.1
636,5508,31108.9,30948.1
637,5277,31067.5,30934.4
638,5187,31051.4,30928.9
639,4958,31015,30855.6
640,4927,31010,30851.1
641,4884,31002.2,30850
642,4719,30966.7,30833.3
643,4937,31011.7,30838.1
644,4976,31016.7,30812.5
645,5023,31022.8,30873.3
646,5097,31034.2,30872.2
647,5189,31051.7,30905
648,5121,31039.2,30915
649,5126,31040.3,30971.4
650,5266,31066.7,31000
651,5073,31033.1,31045.3
652,5124,31039.7,30994.4
653,5255,31066.4,30976.4
654,5485,31103.3,30983.3
655,5884,31172.8,30944.2
656,5683,31141.7,30900.6
657,5718,31147.2,30952.2
658,5604,31127.8,30890
659,5417,31090,30870.3
660,5456,31099.4,30816.7
661,5335,31076.9,30815.3
662,5607,31128.6,30774.7
663,5735,31149.2,30763.6
664,5663,31138.9,30774.7
665,5669,31139.7,30793.9
666,5791,31157.5,30808.9
667,5782,31156.9,30770
668,5790,31157.5,30705.6
669,5799,31158.6,30665
670,5806,31161.1,30736.4
671,6012,31193.9,30745.3
672,6017,31194.4,30734.2
673,5906,31176.7,30766.1
674,5887,31173.1,30743.6
675,5659,31138.3,30712.2
676,5210,31056.7,30754.7
677,5201,31054.2,30778.6
678,5211,31056.7,30796.4
679,4977,31016.7,30816.7
680,4879,31000.8,30865.3
681,4911,31007.2,30887.2
682,5225,31059.2,30867.5
683,5178,31050,30866.7
684,5052,31028.9,30863.9
685,5500,31107.5,30897.2
686,5608,31128.6,30811.4
687,5605,31128.3,30842.8
688,5482,31102.8,30854.2
689,5213,31057.2,30888.1
690,5072,31032.8,30886.1
691,5045,31026.7,30901.4
692,4956,31014.7,30926.7
693,5117,31038.9,30867.5
694,5308,31071.9,30833.9
695,5204,31054.7,30900
696,5312,31073.1,30887.5
697,5516,31111.4,30936.4
698,5220,31058.1,30960.6
699,5395,31086.7,30946.9
700,5690,31142.2,30933.1
701,5692,31142.8,30951.9
702,5648,31135.8,30984.4
703,5809,31161.7,30976.7
704,5938,31181.4,30942.5
705,6114,31210.3,30942.2
706,6149,31216.7,30950
707,6454,31272.2,30974.4
708,6326,31250,30950
709,6494,31280,30936.4
710,6540,31285.8,30935.6
711,6312,31247.5,30925.6
712,6387,31261.7,30929.4
713,6313,31247.5,30938.6
714,6176,31222.2,30967.5
715,6218,31231.1,30975
716,6475,31276.4,31012.5
717,6181,31225,31063.9
718,6235,31233.3,31075
719,6194,31226.4,31106.9
720,6182,31225,31115.3
721,6364,31256.9,31123.6
722,6343,31252.8,31175
723,6516,31283.3,31183.3
724,6680,31316.7,31200
725,6607,31300,31195.8
726,6401,31263.9,31211.1
727,6491,31279.2,31294.4
728,6567,31292.2,31278.3
729,6610,31300,31276.4
730,6825,31350,31350
731,6814,31348.6,31331.9
732,7007,31433.1,31325
733,7079,31519.4,31230.6
734,6810,31347.2,31191.7
735,6970,31404.2,31209.7
736,6879,31366.7,31183.3
737,6995,31416.7,31166.7
738,7027,31448.6,31129.2
739,6929,31383.3,31116.7
740,6717,31325,31191.7
741,6799,31343.1,31180.6
742,6568,31293.1,31166.7
743,6643,31306.9,31187.5
744,6499,31280.8,31165.3
745,6665,31312.5,31158.3
746,6994,31416.7,31116.7
747,6895,31371.9,30954.7
748,6833,31351.1,30932.8
749,6759,31333.3,30933.3
750,6619,31301.4,30930.8
751,6493,31280,30921.9
752,6639,31305.8,30881.1
753,6708,31323.1,30933.3
754,6789,31340.6,30993.3
755,6604,31300,30950
756,6347,31253.9,30940.8
757,6013,31193.9,30921.7
758,5770,31153.3,30951.7
759,5653,31136.7,30866.4
760,5793,31157.5,30865.6
761,5742,31150,30900
762,5794,31157.5,30870
763,5666,31139.2,30841.4
764,5771,31153.9,30866.7
765,5606,31128.3,30869.2
766,5731,31148.6,30883.3
767,5232,31060,30912.5
768,5162,31048.1,30903.1
769,5455,31099.2,30900
770,5359,31083.1,30883.3
771,5418,31090,30879.2
772,5434,31093.9,30855.6
773,5523,31113.1,30845.6
774,5597,31127.2,30826.4
775,5671,31140,30838.1
776,5792,31157.5,30832.2
777,5761,31152.2,30850.8
778,5993,31188.9,30876.4
779,6484,31277.5,30846.1
780,6851,31357.2,30884.4
781,6771,31334.7,30889.4
782,6795,31341.7,30909.2
783,6843,31353.9,30908.9
784,6690,31317.2,30963.3
785,6597,31298.6,31008.3
786,6642,31306.9,31006.9
787,7019,31440.3,31108.3
788,7002,31425,31125
789,6854,31357.5,30995
790,7136,31586.7,31010
791,7143,31591.9,31041.7
792,7109,31573.9,31050.6
793,7107,31572.8,31051.7
794,7041,31461.1,31111.1
795,6898,31372.5,30997.2
796,6715,31324.7,30993.9
797,6882,31367.2,30958.9
798,6958,31401.1,30971.4
799,6996,31418.1,30991.4
800,6992,31414.4,30996.7
801,7040,31456.9,31025
802,7110,31576.4,31175
803,7032,31452.8,31150
804,6969,31404.2,31156.9
805,6947,31397.2,31169.4
806,6662,31311.4,31155.8
807,6761,31333.3,31183.3
808,6477,31276.4,31220.8
809,6408,31265.3,31180.6
810,6237,31233.3,31166.7
811,6284,31241.7,31163.9
812,6297,31244.4,31162.5
813,6400,31263.9,31172.2
814,6004,31191.7,31172.8
815,6093,31206.9,31212.5
816,5889,31174.4,31221.4
817,6505,31281.9,31166.7
818,6592,31297.2,31133.3
819,6829,31350.3,31140
820,6679,31316.7,31150
821,6807,31345.8,31175
822,6919,31379.2,31175
823,6857,31358.3,31216.7
824,6847,31355.6,31184.7
825,6694,31318.1,31216.7
826,6911,31377.8,31333.3
827,6869,31361.1,31362.5
828,6712,31323.6,31409.7
829,6907,31376.4,31488.6
830,6872,31362.5,31438.9
831,6899,31372.8,31418.9
832,6925,31381.9,31384.7
833,6965,31402.8,31498.3
834,6945,31394.4,31530.6
835,6920,31379.2,31513.9
836,6886,31369.4,31515.3
837,6880,31366.7,31466.7
838,6698,31319.4,31438.9
839,6239,31233.3,31466.7
840,5815,31162.2,31498.3
841,5531,31114.4,31489.7
842,5722,31147.2,31545.8
843,5831,31165.3,31526.4
844,5747,31150,31550
845,6019,31194.4,31605
846,5817,31162.5,31674.2
847,5128,31040.3,31604.7
848,5019,31022.2,31523.6
849,5270,31066.7,31566.7
850,5406,31088.3,31596.9
851,5702,31144.4,31536.7
852,5850,31166.7,31516.7
853,5802,31159.4,31481.1
854,5827,31164.7,31431.9
855,6122,31212.5,31508.3
856,5996,31189.2,31550.3
857,5832,31165.3,31627.5
858,6105,31208.3,31612.5
859,5714,31146.1,31581.1
860,5732,31148.6,31508.3
861,5520,31112.5,31535.8
862,5353,31081.4,31600
863,5559,31118.3,31662.2
864,5540,31116.4,31649.4
865,6129,31213.9,31665.3
866,6037,31197.2,31641.7
867,6154,31216.7,31616.7
868,5994,31188.9,31596.1
869,5528,31113.9,31570.8
870,5686,31141.7,31597.2
871,5713,31145.8,31576.4
872,6054,31200,31616.7
873,6008,31193.1,31666.7
874,6195,31226.4,31618.6
875,6243,31233.9,31621.4
876,6320,31249.4,31626.9
877,6624,31302.8,31591.7
878,6811,31347.2,31606.9
879,6687,31316.7,31616.7
880,6840,31352.8,31627.8
881,6714,31324.2,31651.4
882,6309,31246.7,31651.9
883,6303,31245.8,31675
884,6337,31251.4,31681.7
885,6247,31234.7,31695.3
886,6155,31216.7,31673.6
887,6095,31206.9,31687.5
888,6156,31216.7,31675
889,5570,31120.6,31680
890,5493,31105,31690.6
891,5687,31141.7,31712.8
892,5610,31128.6,31698.3
893,5723,31147.2,31709.7
894,5638,31133.3,31706.9
895,5589,31125,31747.2
896,5304,31070.8,31695.8
897,5247,31064.2,31660.8
898,5244,31063.9,31640.3
899,5303,31070.8,31634.7
900,5408,31088.9,31562.2
901,5337,31077.8,31565.3
902,5348,31080,31567.2
903,5354,31081.9,31608.3
904,5292,31069.4,31683.3
905,5305,31070.8,31720.8
906,5390,31084.7,31712.5
907,5580,31123.6,31723.6
908,5593,31125.3,31693.3
909,5688,31141.7,31718.1
910,5622,31132.8,31700.6
911,5749,31150,31723.3
912,6168,31220.8,31695.8
913,6185,31225,31713.9
914,6350,31254.2,31709.7
915,6713,31323.6,31650
916,6942,31391.7,31659.7
917,6982,31408.3,31616.7
918,6876,31365.3,31569.4
919,6983,31408.3,31643.1
920,6997,31418.1,31613.9
921,6981,31408.1,31618.3
922,6912,31377.8,31661.1
923,6914,31377.8,31708.3
924,6932,31385.3,31747.8
925,6935,31387.8,31750
926,6864,31359.2,31764.2
927,6808,31346.4,31739.4
928,6800,31343.1,31715.3
929,6622,31302.5,31696.1
930,6645,31306.9,31740.3
931,6623,31302.5,31733.3
932,6433,31268.1,31726.4
933,5959,31183.3,31733.3
934,6240,31233.3,31691.7
935,6349,31254.2,31702.8
936,6560,31291.1,31691.7
937,6552,31289.2,31678.9
938,6806,31345.6,31710.3
939,6883,31367.2,31732.5
940,6979,31407.2,31828.6
941,6988,31413.1,31820.8
942,6999,31419.4,31815
943,6959,31401.4,31811.9
944,6949,31399.4,31783.9
945,6946,31394.7,31763.1
946,6923,31380,31802.8
947,7030,31450,31675
948,6963,31402.5,31738.9
949,6926,31381.9,31827.8
950,6889,31370.3,31812.8
951,6646,31306.9,31754.2
952,6747,31330.8,31716.1
953,6922,31380,31770.6
954,7022,31441.7,31791.7
955,6989,31413.3,31784.4
956,7033,31452.8,31804.2
957,7028,31448.6,31808.3
958,7034,31452.8,31813.9
959,7042,31461.1,31818.3
960,7053,31473.6,31776.7
961,7014,31434.2,31826.1
962,7023,31441.7,31812.5
963,7055,31479.2,31822.2
964,7049,31468.1,31829.2
965,7070,31508.3,31834.7
966,5999,31190.6,31976.4
967,6028,31195.8,31984.7
968,5797,31158.3,31936.9
969,5858,31167.5,31976.7
970,5866,31169.4,31975
971,5945,31182.5,31963.3
972,5778,31156.1,31970.8
973,5751,31150,31966.7
974,5894,31175,32000
975,5656,31137.5,31986.1
976,5590,31125,31981.9
977,5271,31066.7,31933.3
978,5779,31156.4,31891.7
979,5646,31134.7,31870.8
980,5664,31138.9,31893.1
981,5386,31083.3,31900
982,5345,31079.2,31938.9
983,5819,31162.5,31836.1
984,5853,31166.7,31833.3
985,5821,31162.8,31815.8
986,6367,31256.9,31765.3
987,6351,31254.2,31770.8
988,6766,31333.3,32103.3
989,6123,31212.5,31994.7
990,6241,31233.3,32300
991,6272,31239.4,32278.3
992,6434,31268.3,32282.5
993,5932,31180.3,32001.4
994,5936,31180.6,32000
995,6056,31200,31983.3
996,5942,31182.2,32009.2
997,5856,31166.7,32016.7
998,5514,31111.1,32162.5
999,5752,31150,32166.9
1000,3480,30716.7,32250
1001,3653,30750.3,32244.4
1002,4499,30916.7,32283.3
1003,3318,30683.3,32333.3
1004,1764,29433.3,32766.7
1005,1425,29049.7,33103.6
1006,1283,28664.7,33871.7
1007,1358,28903.6,33187.5
1008,1923,29950,32566.7
1009,1900,29883.3,32466.7
1010,2381,30400,32316.7
1011,2544,30466.7,32333.3
1012,2959,30583.3,32266.7
1013,2545,30466.7,32350
1014,2189,30283.3,32400
1015,1988,30066.7,32383.3
1016,2047,30150,32566.7
1017,2452,30433.3,32350
1018,2639,30500,32300
1019,2911,30566.7,32250
1020,2908,30566.7,32133.3
1021,2958,30583.3,32150
1022,2956,30583.3,32116.7
1023,2846,30550,32083.3
1024,2764,30533.3,32066.7
1025,2763,30533.3,32033.3
1026,2788,30539.2,31986.9
1027,3280,30676.4,32094.4
1028,2845,30550,32066.7
1029,2844,30550,32033.3
1030,3479,30716.7,31933.3
1031,3649,30750,31883.3
1032,3984,30817.8,31921.1
1033,4547,30929.7,31868.6
1034,4201,30866.1,31916.9
1035,4328,30889.4,31888.3
1036,4534,30925,31927.8
1037,3703,30763.9,31893.1
1038,3594,30740,31932.8
1039,3610,30745.3,31889.4
1040,3618,30746.4,31946.9
1041,3973,30816.7,31916.7
1042,3974,30816.7,31950
1043,3871,30800,31883.3
1044,3898,30803.9,31911.1
1045,3823,30790.6,31909.2
1046,3429,30710.3,31855.6
1047,3416,30707.2,31876.7
1048,3189,30651.1,31804.4
1049,3255,30668.9,31809.4
1050,3329,30686.4,31834.7
1051,3394,30700,31850
1052,3559,30733.3,31850
1053,3558,30733.3,31839.2
1054,3317,30683.3,31833.3
1055,3337,30689.4,31820.8
1056,3524,30727.5,31846.7
1057,3451,30714.2,31855
1058,3651,30750,31966.7
1059,3789,30783.3,31966.7
1060,3650,30750,31950
1061,3736,30773.1,31973.9
1062,3796,30783.9,31976.1
1063,3976,30816.7,31983.3
1064,3872,30800,31950
1065,4178,30861.1,31964.2
1066,4199,30865.8,31960.3
1067,4025,30826.9,31898.6
1068,4162,30858.3,31873.9
1069,4743,30971.4,31872.8
1070,5092,31033.3,31800
1071,5064,31030.6,31805.6
1072,4889,31002.8,31830.6
1073,5002,31019.4,31791.7
1074,5091,31033.3,31787.5
1075,5011,31020.8,31783.3
1076,5136,31041.7,31798.6
1077,5306,31070.8,31806.9
1078,5230,31059.7,31772.2
1079,5222,31058.3,31773.6
1080,5296,31069.4,31758.3
1081,5295,31069.4,31741.7
1082,4667,30954.2,31688.3
1083,4677,30955.8,31660.3
1084,4253,30875.8,31657.8
1085,4465,30912.8,31576.1
1086,4543,30928.6,31569.2
1087,4536,30926.1,31601.7
1088,4368,30898.1,31614.2
1089,4565,30932.2,31645.3
1090,4985,31016.7,31680.6
1091,4673,30954.7,31645.3
1092,4550,30930,31696.4
1093,4524,30922.5,31712.2
1094,4594,30937.2,31742.5
1095,4568,30932.8,31736.1
1096,4642,30948.3,31766.9
1097,4546,30929.7,31766.7
1098,4607,30939.7,31856.4
1099,4878,31000,31916.7
1100,5001,31019.4,31776.4
1101,4953,31013.9,31752.8
1102,5017,31021.7,31738.3
1103,5245,31063.9,31827.8
1104,5401,31087.5,31850
1105,5513,31111.1,31856.9
1106,5344,31079.2,31858.3
1107,5805,31160.8,31880
1108,5854,31166.7,31866.7
1109,5773,31153.9,31888.3
1110,5990,31187.5,31838.9
1111,5937,31181.1,31867.2
1112,5851,31166.7,31733.3
1113,5826,31164.4,31738.9
1114,5483,31102.8,31787.5
1115,5475,31100,31788.9
1116,5505,31108.3,31754.2
1117,5677,31140.3,31830.6
1118,5818,31162.5,31811.9
1119,6055,31200,31850
1120,5905,31176.4,31841.7
1121,5453,31098.6,31848.6
1122,5581,31123.6,31836.1
1123,5571,31120.8,31893.1
1124,5784,31156.9,31969.4
1125,5785,31156.9,31970.8
1126,5890,31174.7,31965.8
1127,5750,31150,31900
1128,5689,31141.7,31907.5
1129,6027,31195.8,31822.2
1130,5676,31140.3,31773.6
1131,5474,31100,31769.4
1132,5294,31069.4,31737.5
1133,5421,31090.3,31730.6
1134,5293,31069.4,31734.7
1135,5056,31029.2,31743.1
1136,5181,31050,31766.7
1137,5195,31052.8,31766.7
1138,5282,31068.1,31691.7
1139,5188,31051.4,31709.7
1140,5106,31036.1,31758.3
1141,5118,31038.9,31737.5
1142,5385,31083.3,31766.7
1143,5410,31088.9,31751.4
1144,5490,31104.2,31770.8
1145,5504,31108.3,31750
1146,5343,31079.2,31797.2
1147,5329,31075,31791.7
1148,5400,31087.5,31825
1149,5452,31098.6,31827.8
1150,5619,31131.9,31862.5
1151,5645,31134.7,31822.2
1152,5697,31143.1,31816.7
1153,5551,31116.7,31883.3
1154,5529,31113.9,31868.1
1155,5283,31068.1,31848.6
1156,5158,31047.2,31854.2
1157,5246,31063.9,31859.7
1158,5317,31073.6,31897.2
1159,5057,31029.2,31930.6
1160,5070,31031.9,31926.4
1161,5012,31020.8,31891.7
1162,5153,31045.8,31825
1163,5003,31019.4,31852.8
1164,5093,31033.3,31950
1165,5272,31066.7,31966.7
1166,5432,31093.1,31901.4
1167,6096,31206.9,31971.1
1168,5705,31145,31917.8
1169,5564,31119.4,31909.7
1170,5438,31094.4,31966.7
1171,5822,31162.8,31969.2
1172,5855,31166.7,31983.3
1173,5895,31175,32002.2
1174,5987,31186.9,31985
1175,6057,31200,32033.3
1176,5879,31171.9,32012.5
1177,5908,31176.9,32027.2
1178,5962,31183.9,32030.6
1179,4217,30866.7,32016.7
1180,4422,30904.7,32061.1
1181,6376,31258.6,32286.7
1182,6671,31315.3,32133.6
1183,6984,31410.3,31873.9
1184,6990,31413.3,31833.9
1185,6966,31402.8,31763.9
1186,6905,31375.3,31738.3
1187,6656,31309.7,31631.9
1188,6579,31294.4,31633.3
1189,6718,31325,31619.4
1190,6587,31295.8,31595.8
1191,6533,31284.4,31563.1
1192,6737,31329.2,31548.6
1193,6655,31309.7,31543.1
1194,6224,31233.1,31610.3
1195,6277,31240.3,31583.3
1196,6298,31244.4,31591.7
1197,6295,31243.1,31609.7
1198,6439,31269.4,31584.7
1199,6617,31300,31591.7
1200,6442,31270.3,31488.1
1201,6827,31350,31483.3
1202,6836,31351.7,31517.8
1203,6908,31376.4,31516.4
1204,6570,31293.1,31470.8
1205,6615,31300,31466.7
1206,6468,31274.7,31484.4
1207,6525,31283.6,31495.8
1208,6455,31272.2,31525
1209,6654,31308.3,31583.3
1210,6873,31362.5,31637.5
1211,6993,31414.4,31569.4
1212,7000,31423.6,31583.3
1213,7021,31441.7,31541.7
1214,7013,31434.2,31551.4
1215,6804,31344.4,31530.6
1216,6906,31375.8,31520.8
1217,6778,31337.5,31504.2
1218,6803,31344.4,31509.7
1219,6332,31250,31506.9
1220,6302,31245.8,31506.9
1221,6635,31305.3,31513.9
1222,6702,31320.8,31512.8
1223,6765,31333.3,31580.6
1224,6495,31280,31678.1
1225,6424,31266.7,31683.3
1226,6782,31338.6,31774.4
1227,6848,31355.8,31759.4
1228,6888,31370.3,31762.5
1229,6968,31403.9,31796.7
1230,7016,31436.7,31807.8
1231,6967,31403.1,31765
1232,6846,31354.7,31767.5
1233,6980,31407.8,31809.2
1234,6974,31404.4,31793.6
1235,6877,31365.3,31659.7
1236,6956,31400,31705.6
1237,6937,31388.9,31686.1
1238,6904,31375,31656.9
1239,6938,31390.3,31637.5
1240,6891,31370.8,31683.3
1241,6485,31277.8,31691.7
1242,6688,31316.7,31683.3
1243,6870,31361.1,31618.1
1244,6881,31366.7,31637.5
1245,6941,31391.7,31618.1
1246,6798,31341.7,31641.7
1247,6844,31354.2,31647.2
1248,7017,31437.5,31552.2
1249,6924,31380.6,31516.7
1250,6915,31378.1,31521.1
1251,6900,31373.6,31517.5
1252,6797,31341.7,31509.7
1253,6686,31316.7,31466.7
1254,6569,31293.1,31429.2
1255,6470,31275,31415.3
1256,6447,31270.8,31408.3
1257,6393,31262.5,31368.1
1258,6126,31213.1,31357.5
1259,6333,31250.3,31416.1
1260,5267,31066.7,31333.3
1261,5588,31125,31430.3
1262,5703,31144.7,31453.1
1263,5574,31122.2,31444.2
1264,5088,31033.3,31416.7
1265,5198,31053.1,31373.9
1266,5336,31077.5,31375.8
1267,5087,31033.3,31400
1268,4725,30966.7,31450
1269,4360,30895.6,31435
1270,4513,30920.6,31447.2
1271,4581,30933.3,31433.3
1272,4435,30907.2,31549.4
1273,4345,30891.7,31628.6
1274,4249,30874.2,31682.8
1275,4167,30859.2,31676.7
1276,4223,30866.9,31643.3
1277,4243,30873.3,31569.2
1278,4226,30868.3,31559.2
1279,4606,30939.4,31609.7
1280,4421,30904.7,31629.2
1281,4307,30883.9,31616.1
1282,4266,30878.6,31624.7
1283,4401,30900.8,31679.4
1284,4372,30898.6,31702.5
1285,4280,30881.4,31704.2
1286,4376,30898.9,31739.7
1287,4366,30897.2,31725.3
1288,4335,30890.6,31937.2
1289,4431,30906.7,31943.3
1290,4284,30881.7,31985
1291,4304,30883.3,32000
1292,4397,30900,32000
1293,4044,30830.6,31977.8
1294,3977,30816.7,32016.7
1295,4090,30840.3,32011.1
1296,3875,30800,32000
1297,3995,30820.8,32013.9
1298,3956,30815.3,32022.2
1299,4518,30920.8,32030.6
1300,4530,30924.7,32029.2
1301,3975,30816.7,31966.7
1302,3873,30800,31966.7
1303,3790,30783.3,31983.3
1304,3765,30780.3,31986.7
1305,3906,30805.6,32008.3
1306,3924,30808.3,31994.2
1307,3874,30800,31983.3
1308,3978,30816.7,32033.3
1309,3925,30808.3,32033.9
1310,3951,30813.9,32072.2
1311,5062,31030.3,33083.6
1312,5103,31035.8,33100.6
1313,5140,31043.1,33361.9
1314,5132,31041.4,33166.7
1315,5706,31145,33818.3
1316,6242,31233.3,34116.7
1317,6166,31219.4,34107.2
1318,6524,31283.3,34233.3
1319,3256,30668.9,34366.7
1320,4062,30833.3,34116.7
1321,5968,31184.7,34138.1
1322,6111,31209.2,34137.8
1323,5780,31156.4,33878.9
1324,5639,31133.3,33816.7
1325,5661,31138.6,33814.2
1326,5586,31124.4,33800.6
1327,5141,31043.1,33382.2
1328,5013,31020.8,32886.1
1329,2704,30516.7,32316.7
1330,2849,30550,32266.7
1331,2765,30533.3,32283.3
1332,2848,30550,32250
1333,2957,30583.3,32133.3
1334,3065,30616.7,32250
1335,2907,30566.7,32116.7
1336,3851,30796.9,31997.2
1337,3791,30783.3,32000
1338,3840,30795.3,31980.8
1339,3918,30806.9,31965.8
1340,3722,30766.7,31966.7
1341,3590,30739.2,31874.4
1342,3428,30710,31865.3
1343,2922,30573.1,31931.1
1344,3296,30681.4,31818.3
1345,3292,30680.3,31808.1
1346,3159,30644.2,31787.2
1347,3320,30683.6,31749.7
1348,3260,30669.7,31759.2
1349,3477,30716.7,31800
1350,3478,30716.7,31816.7
1351,3572,30736.4,31763.6
1352,3482,30716.9,31733.3
1353,3444,30712.5,31750.8
1354,3371,30695.8,31736.4
1355,3397,30700.3,31716.4
1356,3203,30654.7,31734.2
1357,3341,30690,31689.7
1358,3422,30708.3,31678.9
1359,3474,30716.7,31683.3
1360,3607,30743.9,31675.8
1361,3988,30818.6,31670.3
1362,3588,30739.2,31751.4
1363,3510,30723.9,31758.9
1364,3509,30722.8,31754.2
1365,3430,30710.6,31732.5
1366,3546,30733.1,31720.3
1367,3563,30733.6,31749.7
1368,3495,30719.7,31727.8
1369,3489,30718.6,31782.2
1370,3499,30720.6,31801.7
1371,3761,30779.4,31738.3
1372,3768,30781.4,31722.2
1373,3894,30802.5,31746.1
1374,3983,30817.8,31797.2
1375,3922,30807.8,31792.2
1376,4187,30863.3,31825.3
1377,3957,30815.6,31814.7
1378,3870,30800,31833.3
1379,3799,30784.7,31822.2
1380,3589,30739.2,31842.5
1381,3628,30747.8,31876.4
1382,3648,30750,31866.7
1383,3504,30721.1,31821.9
1384,3423,30708.3,31841.9
1385,3393,30700,31833.3
1386,3355,30692.5,31790.6
1387,3201,30654.4,31758.3
1388,3253,30668.6,31753.3
1389,3315,30683.3,31716.7
1390,3251,30667.2,31700
1391,3293,30681.1,31703.9
1392,3217,30659.7,31697.2
1393,3314,30683.3,31683.1
1394,3297,30681.7,31682.5
1395,3486,30717.5,31699.4
1396,3556,30733.3,31683.3
1397,3402,30703.3,31689.4
1398,3219,30661.1,31529.7
1399,3009,30600.3,31599.7
1400,2942,30580.3,31617.5
1401,2783,30538.1,31623.1
1402,2802,30543.9,31599.7
1403,2542,30466.7,31600
1404,2556,30473.9,31578.1
1405,2723,30523.3,31583.3
1406,2938,30578.9,31581.1
1407,3107,30632.5,31575
1408,3366,30695,31603.1
1409,3291,30679.7,31570.8
1410,3330,30686.7,31641.4
1411,3211,30658.1,31626.4
1412,3072,30618.3,31670.3
1413,2992,30598.3,31671.1
1414,2974,30590.3,31638.1
1415,2784,30538.3,31589.2
1416,2945,30580.8,31620.3
1417,3022,30604.2,31653.1
1418,2864,30555,31608.1
1419,2961,30583.9,31603.9
1420,2878,30559.4,31663.3
1421,2887,30565.3,31692.8
1422,2785,30538.3,31711.4
1423,2786,30538.6,31711.1
1424,2711,30519.7,31671.1
1425,3021,30603.3,31578.1
1426,2766,30533.6,31616.4
1427,2767,30533.6,31620.6
1428,2797,30542.2,31633.1
1429,2760,30533.3,31666.7
1430,2727,30523.9,31648.9
1431,2810,30545.3,31680.8
1432,2569,30478.9,31689.7
1433,2768,30533.6,31666.4
1434,2840,30550,31660
1435,2928,30575.6,31630
1436,3013,30600.6,31716.4
1437,3063,30616.7,31750
1438,3012,30600.3,31749.7
1439,3187,30650.3,31749.7
1440,3126,30633.9,31749.7
1441,2866,30556.1,31741.4
1442,2703,30516.7,31731.7
1443,2624,30497.8,31692.5
1444,2515,30461.1,31635.6
1445,2468,30443.9,31603.1
1446,2615,30495.6,31633.3
1447,2596,30488.6,31591.4
1448,2559,30475.6,31585
1449,2558,30474.7,31602.2
1450,2512,30460,31569.2
1451,2476,30448.6,31581.4
1452,2454,30433.9,31564.4
1453,2492,30450,31600
1454,2451,30433.3,31616.7
1455,2477,30448.6,31612.8
1456,2493,30450,31633.3
1457,2566,30478.1,31665.6
1458,2622,30497.5,31662.5
1459,2629,30498.6,31651.4
1460,2667,30506.7,31657.8
1461,2585,30483.3,31666.7
1462,2548,30469.2,31770.8
1463,2644,30501.7,31727.2
1464,2623,30497.5,31736.7
1465,2603,30490.6,31729.7
1466,2654,30503.3,31726.4
1467,2671,30510.6,31723.6
1468,2865,30556.1,31741.1
1469,2808,30544.7,31853.3
1470,2809,30545,31879.7
1471,2816,30545.8,31838.1
1472,2842,30550,31783.3
1473,2825,30548.6,31754.7
1474,2877,30558.9,31757.5
1475,2915,30568.6,31785.6
1476,3097,30628.9,31732.8
1477,3068,30617.2,31716.4
1478,3060,30616.7,31699.7
1479,3069,30617.5,31710.6
1480,2943,30580.3,31675.3
1481,3061,30616.7,31733.3
1482,3392,30700,31783.3
1483,3382,30698.9,31778.9
1484,3411,30706.4,31783.6
1485,3431,30710.6,31778.6
1486,3476,30716.7,31783.3
1487,3462,30716.4,31794.4
1488,3525,30727.8,31756.1
1489,3218,30660,31786.1
1490,3183,30650,31783.3
1491,2736,30527.5,31785.6
1492,2814,30545.6,31778.1
1493,2773,30535.3,31826.1
1494,2850,30550.3,31817.5
1495,2761,30533.3,31850
1496,2804,30544.2,31834.7
1497,2811,30545.3,31840.6
1498,2740,30529.4,31865.8
1499,2762,30533.3,31900
1500,2853,30550.8,31983.3
1501,2819,30546.4,31993.6
1502,2852,30550.8,31911.7
1503,2869,30556.4,31946.4
1504,2885,30564.7,31931.9
1505,2867,30556.1,31921.7
1506,2664,30506.1,31850
1507,2789,30540,31802.8
1508,2868,30556.4,31778.6
1509,2619,30495.8,31784.7
1510,2501,30454.4,31780.6
1511,2601,30490.3,31795
1512,2602,30490.3,31824.7
1513,2516,30461.4,31816.1
1514,2707,30517.2,31749.4
1515,2732,30525.3,31654.4
1516,2498,30452.8,31621.9
1517,2543,30466.7,31666.7
1518,2600,30490.3,31652.5
1519,2473,30445.6,31567.2
1520,2428,30420.3,31530.6
1521,2377,30400,31433.3
1522,2504,30455,31449.7
1523,2659,30504.2,31439.4
1524,2702,30516.7,31466.7
1525,2870,30556.9,31380.6
1526,2964,30585.8,31386.9
1527,2903,30566.7,31401.9
1528,3004,30600,31416.7
1529,2953,30583.3,31450
1530,3005,30600,31466.7
1531,2934,30577.5,31535.6
1532,2966,30586.1,31545.6
1533,2881,30561.1,31472.2
1534,2857,30552.8,31485.8
1535,2875,30558.6,31536.1
1536,2821,30547.2,31564.2
1537,2716,30521.9,31581.1
1538,2706,30517.2,31543.3
1539,2813,30545.6,31630.6
1540,2683,30513.6,31608.6
1541,2705,30516.9,31623.9
1542,2778,30536.9,31623.3
1543,3010,30600.3,31616.4
1544,2839,30550,31616.7
1545,2841,30550,31666.7
1546,2731,30525,31688.3
1547,2751,30532.8,31705.8
1548,2734,30525.8,31720.6
1549,2815,30545.8,31720.8
1550,3124,30633.6,31716.4
1551,3073,30618.6,31742.8
1552,3059,30616.7,31628.6
1553,3160,30644.4,31619.2
1554,3425,30708.6,31629.2
1555,3497,30720.3,31727.8
1556,3475,30716.7,31716.7
1557,3707,30765,31658.6
1558,3720,30766.7,31650
1559,3661,30752.5,31639.2
1560,3912,30806.1,31617.8
1561,3911,30806.1,31581.9
1562,3991,30819.2,31586.4
1563,4067,30834.4,31590.8
1564,4142,30852.5,31590.6
1565,3880,30800.6,31535.6
1566,3879,30800.6,31532.8
1567,3854,30797.8,31528.9
1568,3718,30766.7,31533.6
1569,3435,30711.1,31571.4
1570,3262,30670,31587.2
1571,3404,30705,31555.8
1572,3652,30750.3,31566.1
1573,3719,30766.7,31616.7
1574,3794,30783.6,31632.2
1575,3800,30785,31635.8
1576,3849,30796.4,31626.1
1577,3819,30790,31659.7
1578,3750,30776.4,31691.7
1579,3626,30747.5,31770.3
1580,3756,30777.2,31884.2
1581,3861,30799.4,31894.7
1582,3518,30726.1,31917.2
1583,2791,30540,31955.3
1584,2793,30540.3,31993.6
1585,2774,30535.3,31948.3
1586,2807,30544.4,31899.4
1587,2843,30550,31900
1588,2801,30543.3,31957.5
1589,2798,30542.5,32002.5
1590,4398,30900,32383.3
1591,4221,30866.7,32300
1592,3979,30816.7,32266.7
1593,2909,30566.7,32216.7
1594,2847,30550,32233.3
1595,2910,30566.7,32233.3
1596,2423,30416.7,32316.7
1597,2353,30383.3,32283.3
1598,2060,30166.7,31800
1599,2006,30100,31933.3
1600,1874,29741.7,32399.4
1601,1906,29900,32450
1602,2115,30216.7,32433.3
1603,2046,30150,32516.7
1604,2151,30250,32416.7
1605,2098,30200.3,32425
1606,2123,30222.2,32466.7
1607,1998,30083.3,32566.7
1608,2023,30116.7,32566.7
1609,1977,30050,32550
1610,1930,29966.7,32533.3
1611,1924,29950,32583.3
1612,1938,29983.3,32533.3
1613,1929,29966.7,32516.7
1614,1840,29600,32666.7
1615,1964,30033.3,32566.7
1616,1963,30033.3,32550
1617,1945,30000,32550
1618,2188,30283.3,32350
1619,2380,30400,32300
1620,2586,30483.3,32300
1621,2233,30316.7,32316.7
1622,3007,30600,32250
1623,2587,30483.3,32316.7
1624,4220,30866.7,32283.3
1625,4583,30933.3,32750
1626,4969,31016.4,33010.6
1627,5183,31050,33226.4
1628,4657,30950,32750
1629,4892,31003.6,32827.5
1630,4896,31004.2,32918.3
1631,5506,31108.3,32161.1
1632,4222,30866.7,32316.7
1633,4137,30850,32283.3
1634,4136,30850,32266.7
1635,6425,31266.7,32300
1636,6542,31287.5,32191.7
1637,6588,31295.8,32170
1638,6855,31357.5,32069.4
1639,6859,31358.3,32068.1
1640,7060,31491.9,31838.3
1641,7051,31471.9,31834.2
1642,7072,31508.3,31847.2
1643,7059,31484.2,31830
1644,7071,31508.3,31841.7
1645,7038,31456.1,31816.4
1646,7054,31475,31830.6
1647,7078,31516.7,31841.7
1648,7048,31467.5,31831.1
1649,7061,31493.9,31835.8
1650,7080,31525,31837.5
1651,7074,31513.9,31841.7
1652,6913,31377.8,31683.3
1653,7044,31463.9,31737.5
1654,6986,31412.5,31783.3
1655,7012,31433.6,31809.4
1656,6991,31414.2,31833.6
1657,6944,31393.1,31831.9
1658,6975,31404.4,31828.3
1659,6852,31357.2,31725.3
1660,6828,31350,31716.7
1661,6472,31275,31709.7
1662,6574,31293.9,31756.9
1663,6271,31239.4,31653.6
1664,6373,31258.3,31597.2
1665,6336,31251.4,31629.2
1666,6632,31304.2,31587.5
1667,6816,31348.6,31590.3
1668,6571,31293.1,31515.3
1669,6521,31283.3,31500
1670,6252,31235.6,31474.2
1671,6357,31255.6,31476.4
1672,6334,31250.8,31465.3
1673,6423,31266.7,31450
1674,6796,31341.7,31434.7
1675,6684,31316.7,31416.7
1676,6578,31294.4,31398.1
1677,6422,31266.7,31416.7
1678,6496,31280.6,31412.5
1679,6520,31283.3,31400
1680,6532,31284.4,31361.4
1681,6652,31308.3,31369.4
1682,6519,31283.3,31383.3
1683,6402,31263.9,31431.9
1684,6506,31281.9,31441.7
1685,6614,31300,31450
1686,6630,31303.9,31456.4
1687,6585,31295.8,31437.5
1688,6613,31300,31400
1689,6612,31300,31355.3
1690,6802,31344.4,31367.5
1691,6775,31336.1,31443.1
1692,6763,31333.3,31466.7
1693,6764,31333.3,31500
1694,6762,31333.3,31433.3
1695,6685,31316.7,31450
1696,6815,31348.6,31411.1
1697,6826,31350,31400
1698,6933,31385.6,31363.1
1699,7011,31433.3,31333.3
1700,7104,31567.8,31201.9
1701,7098,31561.9,31226.7
1702,7096,31557.8,31231.9
1703,7086,31533.3,31191.7
1704,7123,31581.9,31146.9
1705,7090,31542.8,31182.8
1706,6909,31377.8,31225
1707,6910,31377.8,31238.9
1708,6644,31306.9,31251.4
1709,6584,31295.8,31336.1
1710,6331,31250,31350
1711,6683,31316.7,31404.2
1712,6745,31330.6,31429.2
1713,6638,31305.6,31479.2
1714,6653,31308.3,31479.2
1715,6203,31227.8,31515.3
1716,6014,31193.9,31524.4
1717,6125,31212.8,31520.6
1718,6104,31208.3,31531.9
1719,5957,31183.3,31500
1720,6276,31240.3,31523.6
1721,6143,31216.1,31566.1
1722,6184,31225,31551.4
1723,6492,31279.2,31536.1
1724,6106,31208.3,31633.3
1725,6015,31193.9,31591.7
1726,6086,31205.6,31608.3
1727,6066,31201.9,31591.7
1728,5931,31180.3,31568.3
1729,6094,31206.9,31548.6
1730,6497,31280.6,31506.9
1731,6432,31268.1,31454.2
1732,6053,31200,31466.7
1733,6018,31194.4,31417.8
1734,5862,31168.1,31401.7
1735,6210,31229.2,31459.7
1736,5956,31183.3,31483.3
1737,5839,31166.4,31456.1
1738,5753,31150.3,31437.2
1739,5498,31106.9,31506.9
1740,5527,31113.9,31508.9
1741,5796,31158.3,31506.9
1742,5431,31093.1,31493.6
1743,5679,31140.6,31422.5
1744,5635,31133.3,31400
1745,5538,31116.1,31387.2
1746,5445,31097.8,31351.9
1747,5382,31083.3,31400
1748,5502,31108.1,31361.4
1749,5874,31170.8,31328.3
1750,6052,31200,31300
1751,5208,31055.3,31273.1
1752,5243,31063.6,31248.1
1753,5275,31066.9,31249.2
1754,5235,31060.8,31248.9
1755,4981,31016.7,31316.7
1756,4863,30998.9,31293.3
1757,4875,31000,31266.7
1758,4610,30940.6,31242.8
1759,4394,30900,31283.3
1760,4700,30962.8,31244.4
1761,4850,30996.1,31231.9
1762,5047,31026.9,31226.9
1763,5006,31020.3,31259.7
1764,4834,30992.2,31422.8
1765,4790,30983.3,31433.3
1766,4496,30916.7,31472.2
1767,4453,30910.6,31469.7
1768,4172,30859.7,31472.2
1769,4134,30850,31455.6
1770,3968,30816.7,31415.8
1771,4103,30844.4,31362.5
1772,4315,30884.7,31375
1773,4168,30859.4,31399.7
1774,4015,30825,31420.8
1775,3987,30818.6,31436.9
1776,3737,30773.3,31460.3
1777,3672,30754.2,31440.6
1778,3438,30711.9,31423.6
1779,3359,30693.6,31432.8
1780,3449,30713.9,31438.9
1781,3288,30679.2,31488.9
1782,3301,30681.9,31500
1783,3100,30630.6,31483.3
1784,3141,30638.3,31501.1
1785,3172,30649.2,31526.7
1786,3364,30694.7,31587.8
1787,3289,30679.2,31543.9
1788,3170,30648.6,31532.5
1789,3210,30657.8,31552.5
1790,2978,30591.9,31562.2
1791,3011,30600.3,31633.1
1792,3017,30602.2,31605.6
1793,2851,30550.8,31533.9
1794,2680,30512.5,31486.1
1795,2652,30502.8,31531.4
1796,2618,30495.8,31550.3
1797,2508,30457.8,31536.7
1798,2458,30438.3,31545.8
1799,2404,30415.6,31514.2
1800,2390,30406.1,31511.9
1801,2391,30406.4,31520.8
1802,2522,30465.3,31520.6
1803,2557,30474.2,31500.6
1804,2554,30472.8,31532.5
1805,2480,30449.7,31516.1
1806,2599,30490,31519.4
1807,2714,30520.8,31438.9
1808,2739,30529.2,31436.1
1809,2796,30541.9,31442.2
1810,2725,30523.6,31452.8
1811,2679,30512.5,31452.8
1812,2918,30569.2,31440
1813,2837,30550,31450
1814,2820,30547.2,31456.9
1815,2905,30566.7,31483.3
1816,3038,30611.1,31488.9
1817,3091,30625,31483.3
1818,2954,30583.3,31483.3
1819,2984,30594.4,31433.3
1820,2901,30566.7,31366.7
1821,2776,30536.7,31381.9
1822,2836,30550,31383.3
1823,2758,30533.3,31433.3
1824,3105,30631.9,31423.6
1825,3119,30633.3,31456.9
1826,3181,30650,31466.7
1827,3057,30616.7,31475
1828,3094,30626.4,31507.5
1829,3199,30653.9,31537.5
1830,3403,30705,31528.1
1831,3396,30700.3,31533.3
1832,3503,30720.8,31526.7
1833,3395,30700.3,31516.4
1834,3385,30699.4,31486.1
1835,3417,30707.8,31525.6
1836,3485,30717.5,31509.4
1837,3354,30692.5,31510.6
1838,3391,30700,31500
1839,3319,30683.6,31516.4
1840,3148,30640.3,31472.2
1841,3656,30750.8,31458.6
1842,3584,30738.9,31481.9
1843,3271,30673.6,31470.3
1844,3268,30672.8,31464.4
1845,3195,30653.1,31474.7
1846,3192,30651.9,31443.3
1847,2994,30598.6,31495.8
1848,2906,30566.7,31500
1849,2882,30562.5,31491.7
1850,2955,30583.3,31500
1851,2941,30580,31466.7
1852,2975,30591.4,31510.3
1853,2963,30584.7,31517.5
1854,3026,30605.3,31505
1855,3070,30617.8,31391.7
1856,3003,30600,31383.3
1857,2973,30590.3,31416.7
1858,2701,30516.7,31423.6
1859,2376,30400,31416.7
1860,2537,30466.7,31416.7
1861,2651,30502.8,31466.7
1862,2686,30514.4,31456.4
1863,2944,30580.6,31412.5
1864,3032,30606.9,31412.5
1865,3099,30630.6,31373.6
1866,3180,30650,31416.7
1867,3102,30631.1,31402.5
1868,3080,30620.6,31413.6
1869,3079,30620.6,31413.3
1870,3215,30658.9,31415
1871,3168,30647.8,31397.5
1872,3419,30708.1,31382.2
1873,3352,30691.9,31418.6
1874,3243,30666.7,31383.3
1875,3140,30638.3,31407.8
1876,3118,30633.3,31408.3
1877,3056,30616.7,31413.9
1878,3279,30676.4,31422.5
1879,3390,30700,31456.9
1880,3313,30683.3,31450
1881,3624,30747.2,31450
1882,3631,30748.6,31466.7
1883,3739,30773.6,31461.1
1884,3539,30730.6,31426.4
1885,3312,30683.3,31440.3
1886,3098,30629.2,31440.3
1887,3275,30675,31413.9
1888,3204,30655.6,31430.6
1889,3055,30616.7,31350
1890,3240,30666.7,31316.7
1891,3117,30633.3,31333.3
1892,3351,30691.9,31330
1893,3254,30668.9,31345.3
1894,3242,30666.7,31366.7
1895,3165,30647.2,31372.2
1896,3104,30631.9,31358.3
1897,3016,30602.2,31368.3
1898,2972,30590.3,31333.3
1899,2755,30533.3,31350
1900,2744,30530.3,31337.8
1901,2822,30547.5,31311.9
1902,2968,30588.3,31368.3
1903,3125,30633.9,31384.4
1904,3311,30683.3,31372.2
1905,3287,30679.2,31357.2
1906,3388,30700,31333.3
1907,3615,30745.8,31397.2
1908,3551,30733.3,31388.9
1909,3541,30731.7,31417.2
1910,3345,30690.6,31382.8
1911,3771,30781.7,31299.2
1912,4083,30837.5,31295.3
1913,3903,30805.3,31326.1
1914,3528,30729.2,31296.4
1915,3540,30731.1,31266.1
1916,3633,30749.2,31246.1
1917,3915,30806.7,31205.3
1918,3724,30766.9,31202.5
1919,3660,30752.5,31221.9
1920,3447,30713.6,31243.9
1921,3641,30750,31216.7
1922,3468,30716.7,31166.7
1923,3433,30710.8,31172.5
1924,3733,30772.2,31146.7
1925,3521,30727.2,31156.1
1926,3426,30709.2,31176.1
1927,3176,30650,31200
1928,3146,30639.2,31216.9
1929,3088,30624.4,31228.9
1930,3461,30716.4,31189.2
1931,3821,30790.3,31162.5
1932,3986,30818.3,31120.6
1933,4116,30846.9,31203.9
1934,4130,30850,31150
1935,3967,30816.7,31066.7
1936,4171,30859.7,31067.5
1937,3909,30806.1,31098.3
1938,4069,30834.7,31095
1939,4145,30853.3,31123.6
1940,4122,30848.9,31160.3
1941,4082,30837.5,31154.2
1942,4113,30846.7,31123.9
1943,4211,30866.7,31116.7
1944,4571,30933.1,31159.4
1945,4803,30984.7,31197.5
1946,4914,31008.3,31195.8
1947,4815,30987.5,31206.4
1948,4720,30966.7,31200
1949,4562,30931.9,31138.1
1950,4348,30892.5,31116.9
1951,4316,30886.1,31050.3
1952,4263,30877.8,31033.3
1953,4392,30900,31016.7
1954,4827,30990.3,31054.7
1955,4614,30941.7,30990.3
1956,4585,30933.9,30922.2
1957,4306,30883.9,30964.7
1958,4417,30903.9,30965
1959,4240,30872.2,30874.4
1960,4374,30898.9,30820.6
1961,4679,30956.4,30856.9
1962,4857,30998.1,30841.1
1963,4696,30960.3,30843.6
1964,5098,31034.4,30794.4
1965,4996,31018.6,30783.9
1966,4587,30934.7,30914.4
1967,4734,30968.6,30850.8
1968,4869,30999.7,30814.2
1969,4928,31010.3,30785
1970,5061,31030,30823.3
1971,5397,31086.9,30792.8
1972,5494,31105.3,30816.4
1973,5009,31020.8,30820.3
1974,4978,31016.7,30833.3
1975,5014,31021.1,30856.9
1976,4842,30995,30913.3
1977,4908,31006.7,30910.8
1978,4685,30957.8,30883.1
1979,4828,30991.1,30839.4
1980,5116,31038.9,30836.4
1981,5042,31026.4,30872.2
1982,4829,30991.1,30921.4
1983,4766,30977.8,30910
1984,4473,30914.2,30864.4
1985,4377,30899.2,30823.9
1986,4331,30890,30827.8
1987,4591,30935.8,30789.7
1988,4584,30933.6,30733.9
1989,5008,31020.8,30668.9
1990,4965,31015.6,30664.2
1991,5192,31052.5,30592.2
1992,5226,31059.4,30588.6
1993,5240,31063.6,30590.3
1994,5441,31097.2,30576.1
1995,5429,31093.1,30596.7
1996,5944,31182.5,30592.2
1997,6262,31237.8,30626.9
1998,5777,31156.1,30634.4
1999,5867,31169.7,30595.8
2000,5824,31163.3,30588.3
2001,5614,31129.4,30646.4
2002,5682,31141.4,30610.8
2003,5660,31138.6,30615.3
2004,5655,31137.5,30617.8
2005,5582,31123.9,30612.8
2006,5530,31114.4,30580.8
2007,5509,31109.4,30596.1
2008,5321,31074.2,30618.1
2009,5340,31078.9,30541.1
2010,5276,31067.2,30568.6
2011,5351,31080.8,30564.2
2012,4906,31006.7,30606.9
2013,4939,31011.9,30620.8
2014,5095,31033.9,30632.8
2015,4926,31010,30568.9
2016,5025,31023.3,30553.1
2017,4924,31009.7,30563.6
2018,4824,30989.7,30543.1
2019,4959,31015.3,30542.5
2020,4967,31016.1,30517.2
2021,4944,31012.5,30520
2022,4851,30996.7,30527.8
2023,4651,30950,30566.7
2024,4691,30959.7,30566.1
2025,4560,30931.9,30537.5
2026,4586,30934.7,30523.6
2027,4542,30928.6,30520.3
2028,4268,30879.2,30519.4
2029,4511,30919.4,30532.8
2030,4579,30933.3,30483.3
2031,4718,30966.7,30466.7
2032,4717,30966.7,30450
2033,4858,30998.3,30505.6
2034,4864,30999.2,30504.7
2035,5176,31050,30508.1
2036,5137,31041.9,30501.7
2037,4890,31003.1,30541.1
2038,4623,30944.4,30558.3
2039,4625,30944.7,30560
2040,4793,30983.6,30550.3
2041,5027,31023.6,30543.3
2042,4949,31013.6,30548.3
2043,4988,31017.2,30539.2
2044,4595,30937.5,30577.8
2045,4561,30931.9,30579.2
2046,4703,30963.3,30584.2
2047,4669,30954.4,30585.3
2048,4826,30990.3,30632.8
2049,4919,31009.2,30636.9
2050,4740,30971.4,30707.8
2051,4805,30985.3,30718.1
2052,4689,30959.4,30717.5
2053,4692,30959.7,30716.9
2054,4771,30979.2,30728.3
2055,4732,30968.3,30634.2
2056,4968,31016.4,30633.1
2057,4947,31013.1,30617.5
2058,5044,31026.7,30606.1
2059,5104,31036.1,30590
2060,4935,31011.4,30598.3
2061,4841,30995,30621.7
2062,4680,30956.9,30618.1
2063,4659,30950.6,30611.9
2064,4693,30960,30641.1
2065,4674,30955.6,30662.5
2066,4611,30941.7,30678.9
2067,4224,30867.5,30716.9
2068,4000,30821.9,30715.8
2069,3926,30809.4,30662.8
2070,4174,30860.3,30627.8
2071,3931,30810.3,30660.8
2072,3730,30770.8,30637.2
2073,3569,30735.3,30632.5
2074,3398,30700.6,30690.3
2075,3383,30699.4,30693.1
2076,3137,30637.5,30705.6
2077,3418,30708.1,30753.9
2078,3674,30754.7,30763.9
2079,3890,30802.5,30781.4
2080,3841,30795.6,30784.4
2081,4287,30882.5,30832.2
2082,4153,30855.6,30832.2
2083,4346,30891.9,30797.5
2084,4333,30890.3,30790.3
2085,4236,30871.1,30827.2
2086,3992,30820.6,30815.8
2087,3779,30783.3,30833.3
2088,3536,30730.3,30921.9
2089,3358,30693.3,30976.4
2090,3285,30678.6,30975.6
2091,3196,30653.3,30987.2
2092,3174,30650,31047.2
2093,3379,30697.5,30977.5
2094,3619,30746.9,30881.4
2095,3535,30730.3,30876.9
2096,3687,30758.9,30870.3
2097,3604,30742.5,30857.8
2098,3820,30790.3,30825.8
2099,4038,30829.2,30785.3
2100,4244,30873.6,30835
2101,4157,30856.4,30796.9
2102,4866,30999.4,30776.7
2103,5154,31046.1,30805.6
2104,5144,31043.6,30759.4
2105,5100,31035,30778.1
2106,5288,31069.4,30784.7
2107,5287,31069.4,30768.3
2108,5264,31066.7,30716.7
2109,5265,31066.7,30724.4
2110,5227,31059.4,30760.3
2111,5203,31054.7,30751.7
2112,5145,31043.6,30773.3
2113,4755,30975,30718.1
2114,4897,31004.4,30723.9
2115,5322,31074.4,30699.4
2116,5190,31052.2,30699.7
2117,5374,31083.3,30700
2118,5125,31040,30680.6
2119,5301,31070.6,30653.1
2120,5495,31105.6,30642.8
2121,5442,31097.2,30671.7
2122,5396,31086.9,30685.8
2123,5250,31065,30629.4
2124,4942,31012.2,30653.9
2125,4814,30987.5,30609.7
2126,4918,31008.9,30589.7
2127,4999,31019.4,30581.1
2128,4831,30991.4,30570
2129,4813,30987.5,30553.9
2130,4481,30916.1,30536.1
2131,4424,30905,30503.9
2132,4234,30870.8,30570.8
2133,4032,30828.1,30534.2
2134,4622,30944.2,30426.1
2135,3884,30801.1,30299.2
2136,4233,30870.6,30198.6
2137,4227,30868.6,30210.8
2138,4261,30877.8,29995
2139,4569,30933.1,30139.2
2140,5249,31065,30132.2
2141,5075,31033.3,30115.6
2142,5284,31068.6,30086.7
2143,5233,31060.3,30068.3
2144,5625,31133.3,30116.7
2145,5347,31080,30103.3
2146,5076,31033.3,30116.7
2147,4576,30933.3,30033.3
2148,4602,30938.9,30083.1
2149,3959,30816.1,29960.8
2150,4039,30829.7,29925
2151,4437,30907.8,29890.8
2152,4639,30947.8,29920.8
2153,4763,30977.2,29964.7
2154,4922,31009.4,29939.7
2155,4507,30918.9,29949.2
2156,3751,30776.9,29953.9
2157,4456,30911.7,30032.2
2158,4804,30985.3,29931.1
2159,4405,30901.7,29831.1
2160,4545,30929.7,29867.2
2161,4635,30946.4,29889.2
2162,4470,30913.9,29803.6
2163,4758,30975.8,29836.1
2164,4628,30945.6,29852.5
2165,4596,30938.3,29806.1
2166,4777,30982.2,29586.7
2167,4705,30963.9,29552.8
2168,4049,30833.3,29266.7
2169,4782,30983.3,28600
2170,5361,31083.3,28433.3
2171,5394,31086.4,27895.8
2172,5360,31083.3,28083.3
2173,3778,30783.3,29100
2174,4127,30850,29283.3
2175,4128,30850,29300
2176,4126,30850,29266.7
2177,4295,30883.3,29366.7
2178,3963,30816.7,29433.3
2179,3463,30716.7,29500
2180,3855,30798.1,29569.4
2181,4050,30833.3,29383.3
2182,4205,30866.7,29333.3
2183,4572,30933.3,29483.3
2184,4535,30926.1,29590.3
2185,4564,30932.2,29603.9
2186,4714,30966.7,29566.7
2187,4709,30966.1,29634.2
2188,4715,30966.7,29616.7
2189,4485,30916.7,29533.3
2190,4052,30833.3,29516.7
2191,4574,30933.3,29550
2192,4575,30933.3,29583.3
2193,4486,30916.7,29566.7
2194,4484,30916.7,29450
2195,4649,30950,29416.7
2196,4206,30866.7,29516.7
2197,4260,30877.8,29568.9
2198,3716,30766.7,29433.3
2199,4296,30883.3,29433.3
2200,4783,30983.3,28800
2201,5074,31033.3,28433.3
2202,6225,31233.3,27383.3
2203,6951,31400,26633.3
2204,7009,31433.3,26966.7
2205,7008,31433.3,26850
2206,7146,31600,25916.7
2207,7083,31533.3,26166.7
2208,7124,31583.3,26016.7
2209,7084,31533.3,26300
2210,7065,31500,25350
2211,7100,31566.7,25150
2212,7066,31500,25533.3
2213,7076,31516.7,25200
2214,7075,31516.7,25133.3
2215,7125,31583.3,26100
2216,7045,31466.7,26133.3
2217,7067,31500,26250
2218,7057,31483.3,26433.3
2219,7077,31516.7,26400
2220,6878,31366.7,27116.7
2221,6820,31350,27233.3
2222,6953,31400,27050
2223,6952,31400,26883.3
2224,7068,31500,26433.3
2225,7029,31450,26400
2226,7046,31466.7,26450
2227,7047,31466.7,26516.7
2228,7126,31583.3,26116.7
2229,7101,31566.7,25900
2230,7102,31566.7,26200
2231,6950,31400,26500
2232,5841,31166.7,27250
2233,5840,31166.7,27100
2234,3961,30816.7,29166.7
2235,4204,30866.7,28900
2236,4148,30853.6,29636.9
2237,4781,30982.8,29664.2
2238,4970,31016.7,29633.3
2239,5257,31066.7,29750
2240,5515,31111.4,29765
2241,5762,31152.5,29850.3
2242,5640,31133.6,29820.3
2243,5842,31166.7,29866.7
2244,5698,31143.6,29845.6
2245,5362,31083.3,29866.7
2246,4989,31017.5,30049.2
2247,5165,31049.2,30069.4
2248,5298,31070.3,30075.8
2249,5577,31123.3,30150
2250,5435,31094.2,30142.5
2251,5365,31083.3,30150
2252,5568,31120.3,30125.8
2253,5652,31136.7,30190.6
2254,6005,31191.9,30085.6
2255,5876,31171.1,30103.6
2256,5960,31183.6,30099.7
2257,5715,31146.9,30096.4
2258,5788,31157.5,30118.1
2259,5969,31185,30116.7
2260,5716,31146.9,30108.6
2261,5807,31161.7,30086.1
2262,6145,31216.7,30116.7
2263,6437,31269.4,30166.7
2264,6281,31241.7,30085.3
2265,6112,31209.4,30109.7
2266,6128,31213.9,30074.2
2267,5914,31178.6,30027.5
2268,6338,31251.9,30028.1
2269,6290,31243.1,30019.2
2270,6345,31253.3,30051.9
2271,6473,31275.8,30061.7
2272,6411,31266.1,30125.8
2273,7085,31533.3,30183.3
2274,7036,31455.3,30383.1
2275,7015,31435.8,30388.6
2276,7018,31440,30386.4
2277,7004,31427.5,30429.2
2278,6842,31353.9,30480.6
2279,6732,31328.1,30533.3
2280,6863,31359.2,30494.4
2281,6841,31353.6,30484.4
2282,6689,31316.9,30522.8
2283,6564,31291.9,30533.3
2284,6572,31293.6,30512.5
2285,6399,31263.6,30503.9
2286,6317,31248.9,30493.6
2287,6230,31233.3,30500
2288,6374,31258.6,30515
2289,6275,31240.3,30553.6
2290,6319,31249.2,30555.8
2291,6710,31323.6,30577.8
2292,6598,31298.9,30579.4
2293,6724,31326.7,30585.8
2294,6629,31303.9,30556.1
2295,6725,31326.9,30555.3
2296,6601,31300,30600
2297,6856,31358.1,30681.1
2298,6738,31329.4,30684.2
2299,6699,31320.6,30683.6
2300,6861,31358.9,30727.2
2301,6903,31375,30669.2
2302,6793,31341.4,30639.7
2303,6743,31330.6,30642.5
2304,6716,31325,30620
2305,6757,31332.2,30601.7
2306,6770,31334.7,30625.8
2307,6649,31308.3,30614.4
2308,6755,31331.9,30489.2
2309,6758,31332.8,30472.2
2310,6628,31303.9,30479.4
2311,6648,31307.8,30555
2312,6749,31331.1,30582.5
2313,6573,31293.6,30608.6
2314,6627,31303.6,30618.3
2315,6621,31301.7,30631.1
2316,6529,31284.4,30683.6
2317,6344,31253.1,30708.3
2318,6526,31283.9,30716.9
2319,6668,31313.6,30625.3
2320,6675,31316.7,30665.3
2321,6502,31281.1,30671.7
2322,6538,31285.3,30657.5
2323,6602,31300,30616.7
2324,6501,31281.1,30608.1
2325,6452,31272.2,30588.6
2326,6396,31262.8,30581.1
2327,6440,31270,30540.6
2328,6306,31246.4,30551.9
2329,6314,31247.8,30587.5
2330,6216,31231.1,30585.6
2331,6355,31255,30599.7
2332,6212,31229.4,30645
2333,6038,31197.8,30638.6
2334,6187,31225.3,30620.3
2335,6462,31273.6,30612.5
2336,6483,31277.5,30635.6
2337,5919,31178.9,30625.3
2338,6246,31234.7,30657.8
2339,6278,31240.8,30676.4
2340,6076,31203.9,30625
2341,6063,31201.4,30585
2342,6124,31212.8,30623.6
2343,5776,31155.8,30619.2
2344,6006,31193.1,30566.7
2345,6059,31200.3,30603.6
2346,5900,31175.8,30588.9
2347,6064,31201.7,30571.4
2348,6192,31225.8,30603.1
2349,6490,31279.2,30647.2
2350,6380,31259.4,30616.7
2351,6299,31244.7,30674.4
2352,6801,31343.9,30764.7
2353,6830,31350.8,30746.4
2354,6849,31356.1,30752.2
2355,6774,31336.1,30768.6
2356,6790,31340.8,30799.2
2357,6672,31315.8,30797.8
2358,6785,31339.4,30744.4
2359,6837,31352.2,30764.4
2360,6147,31216.7,30850
2361,6048,31200,30866.7
2362,6133,31214.4,30852.5
2363,5561,31119.2,30825.8
2364,5576,31122.5,30812.8
2365,5534,31115.8,30785
2366,5537,31116.1,30809.2
2367,5484,31103.3,30831.1
2368,5643,31134.4,30771.7
2369,5730,31148.3,30776.9
2370,5920,31179.2,30788.9
2371,5524,31113.3,30823.9
2372,5536,31116.1,30791.9
2373,5349,31080.3,30801.7
2374,5416,31090,30743.6
2375,5563,31119.4,30731.1
2376,5591,31125.3,30686.4
2377,5670,31140,30681.9
2378,5164,31048.3,30668.9
2379,5169,31049.7,30690.3
2380,4955,31014.4,30731.9
2381,5094,31033.6,30726.7
2382,5123,31039.4,30741.1
2383,5039,31026.1,30693.1
2384,4633,30946.1,30760.6
2385,4666,30954.2,30733.6
2386,4801,30984.7,30750.8
2387,4832,30991.7,30743.1
2388,5029,31023.6,30708.3
2389,5050,31028.1,30712.8
2390,4609,30940.3,30813.9
2391,4519,30921.4,30860.3
2392,4469,30913.6,30840
2393,4467,30913.1,30933.9
2394,4164,30858.6,30940.6
2395,4419,30904.4,30921.9
2396,4319,30887.5,30863.9
2397,4001,30822.5,30893.3
2398,4118,30847.8,30934.2
2399,3914,30806.7,30973.6
2400,3826,30791.1,30998.1
2401,3853,30797.8,30963.3
2402,3755,30777.2,30932.8
2403,3565,30734.2,30992.8
2404,3234,30666.7,31016.7
2405,3207,30656.9,30984.2
2406,3278,30676.4,30998.6
2407,3202,30654.7,30958.6
2408,3194,30653.1,30971.9
2409,3171,30648.9,30998.3
2410,3027,30606.1,31003.1
2411,2521,30465,31030.6
2412,2722,30523.1,31031.1
2413,2689,30516.7,31050
2414,2560,30476.1,31035.8
2415,2494,30451.9,31130.6
2416,2484,30450,31133.3
2417,2461,30439.7,31121.7
2418,2520,30463.6,31120
2419,2506,30456.4,31141.4
2420,2640,30500.3,31197.2
2421,2787,30538.9,31278.9
2422,2898,30566.7,31283.3
2423,2833,30550,31300
2424,2913,30567.8,31305.3
2425,2432,30424.7,31175.6
2426,2551,30470.8,31086.9
2427,2634,30500,31116.7
2428,2708,30517.5,31068.3
2429,2729,30525,31050.3
2430,2733,30525.6,31064.7
2431,2641,30500.6,31052.2
2432,2688,30516.7,31016.7
2433,2977,30591.9,31000
2434,3086,30624.2,31049.2
2435,2988,30596.7,31055
2436,2999,30600,31050
2437,2989,30596.9,31071.9
2438,3376,30697.2,31047.5
2439,3727,30768.6,31050.8
2440,3919,30807.2,30960.3
2441,3635,30749.7,31026.4
2442,3576,30737.5,30973.1
2443,3283,30678.1,31033.1
2444,3222,30662.8,31069.2
2445,3158,30644.2,31052.2
2446,3050,30616.7,31050
2447,3111,30633.3,31050
2448,2888,30566.7,31050
2449,2960,30583.9,30959.7
2450,3136,30636.9,30938.3
2451,3299,30681.9,30947.5
2452,3018,30602.8,30966.9
2453,2830,30550,30966.7
2454,2914,30568.3,31031.1
2455,2631,30499.2,31050.8
2456,2874,30558.6,31010
2457,3024,30605.3,30963.9
2458,3322,30683.9,30907.5
2459,3294,30681.4,30909.4
2460,3110,30633.3,30933.3
2461,2947,30582.8,30927.2
2462,2967,30586.4,30947.8
2463,2924,30574.2,30956.9
2464,2779,30537.2,31015
2465,2531,30466.7,30983.3
2466,2509,30458.1,31000.6
2467,2578,30483.3,30983.3
2468,2678,30512.5,30946.9
2469,2625,30498.1,31063.6
2470,2424,30417.8,31024.2
2471,2532,30466.7,31000
2472,2366,30397.2,31035
2473,2337,30382.8,31041.1
2474,2215,30306.1,31092.5
2475,2181,30279.2,31158.1
2476,2103,30204.4,31188.9
2477,2067,30175.3,31171.7
2478,2206,30300,31100
2479,2241,30321.9,31123.3
2480,2248,30331.4,31140.3
2481,2321,30370.3,31180
2482,2387,30404.2,31133.6
2483,2505,30455.8,31095
2484,2511,30458.9,31125.8
2485,2479,30449.4,31137.5
2486,2459,30438.6,31068.9
2487,2549,30470,31068.6
2488,2590,30485.6,31087.5
2489,2594,30487.5,31106.4
2490,2889,30566.7,31066.7
2491,2831,30550,31066.7
2492,3045,30615.6,31115.3
2493,2995,30598.9,31182.8
2494,2718,30522.5,31296.9
2495,2580,30483.3,31300
2496,2475,30447.2,31231.4
2497,2550,30470,31218.3
2498,2395,30408.6,31246.1
2499,2439,30429.7,31206.7
2500,2384,30401.9,31202.5
2501,2510,30458.3,31152.2
2502,2517,30461.7,31167.5
2503,2397,30410.8,31171.1
2504,2359,30389.7,31145.3
2505,2367,30398.1,31130.8
2506,2315,30366.7,31066.7
2507,2234,30317.2,31087.2
2508,2222,30313.1,31114.7
2509,2242,30323.6,31107.8
2510,2273,30347.2,31110.3
2511,2344,30383.3,31114.2
2512,2303,30363.6,31137.2
2513,2299,30361.9,31150.6
2514,2264,30339.2,31094.7
2515,2263,30338.9,31163.6
2516,2246,30327.8,31170.3
2517,2269,30341.1,31127.8
2518,2270,30341.4,31125.3
2519,2333,30380.8,31160
2520,2345,30383.3,31166.7
2521,2271,30341.4,31171.4
2522,2323,30373.3,31070.8
2523,2361,30391.4,31068.1
2524,2436,30428.3,31115.3
2525,2434,30426.9,31243.6
2526,2756,30533.3,31366.7
2527,2676,30511.1,31329.2
2528,2794,30541.7,31330.6
2529,2835,30550,31333.3
2530,2792,30540.3,31275
2531,2666,30506.7,31247.8
2532,2552,30472.8,31262.2
2533,2747,30531.9,31311.1
2534,2782,30537.8,31266.7
2535,2499,30453.1,31300.8
2536,2457,30437.2,31242.5
2537,2408,30416.1,31234.7
2538,2606,30491.4,31326.1
2539,2581,30483.3,31316.7
2540,2635,30500,31350
2541,2655,30503.9,31360.8
2542,2682,30513.6,31346.4
2543,2749,30532.5,31363.6
2544,2861,30553.9,31302.8
2545,2699,30516.7,31308.3
2546,2746,30531.9,31251.7
2547,2781,30537.5,31266.7
2548,2899,30566.7,31300
2549,2886,30565.3,31313.9
2550,2996,30599.4,31310.3
2551,2900,30566.7,31316.7
2552,2969,30589.4,31268.6
2553,3002,30600,31266.7
2554,3090,30625,31275
2555,3112,30633.3,31166.7
2556,3113,30633.3,31183.3
2557,3114,30633.3,31216.7
2558,3238,30666.7,31250
2559,3336,30688.9,31276.4
2560,3239,30666.7,31283.3
2561,3470,30716.7,31252.5
2562,3163,30646.4,31277.8
2563,3265,30671.1,31292.8
2564,3231,30665.3,31283.3
2565,3515,30725,31350
2566,3443,30712.5,31391.7
2567,3549,30733.3,31366.7
2568,3705,30764.2,31340.6
2569,3878,30800.6,31372.2
2570,3876,30800.3,31462.5
2571,3592,30739.7,31504.2
2572,3357,30693.1,31474.7
2573,3409,30705.6,31456.9
2574,3506,30721.7,31592.5
2575,3456,30715.3,31570.3
2576,3225,30663.3,31514.4
2577,3523,30727.5,31526.7
2578,3808,30788.1,31532.2
2579,3593,30740,31532.2
2580,3421,30708.3,31542.2
2581,3161,30645.6,31517.2
2582,3244,30666.7,31527.5
2583,3326,30684.7,31520
2584,3684,30757.5,31570.8
2585,3757,30777.8,31553.9
2586,3689,30759.7,31578.3
2587,3595,30740.6,31568.6
2588,3224,30663.1,31568.6
2589,2931,30576.1,31594.4
2590,3157,30643.6,31604.2
2591,3132,30635.8,31606.7
2592,3019,30602.8,31511.4
2593,3040,30612.8,31509.2
2594,3020,30602.8,31537.2
2595,2863,30554.7,31516.4
2596,2777,30536.9,31556.1
2597,2965,30585.8,31545.6
2598,2912,30567.2,31533.1
2599,2933,30576.4,31555
2600,2547,30469.2,31568.9
2601,2555,30472.8,31607.2
2602,2584,30483.3,31650
2603,2595,30487.5,31636.7
2604,2609,30492.8,31616.4
2605,2662,30505.8,31586.4
2606,2572,30481.4,31647.5
2607,2592,30485.8,31666.1
2608,2575,30482.8,31630.6
2609,2709,30517.5,31655.8
2610,2665,30506.4,31672.2
2611,2738,30528.9,31616.9
2612,2770,30534.2,31614.7
2613,2574,30482.5,31556.1
2614,2653,30502.8,31557.5
2615,2541,30466.7,31566.7
2616,2573,30481.9,31564.2
2617,2685,30513.9,31547.8
2618,2750,30532.5,31499.4
2619,2617,30495.8,31506.4
2620,2668,30506.9,31491.7
2621,2712,30520,31503.3
2622,2675,30510.8,31544.2
2623,2593,30486.7,31607.8
2624,2546,30467.2,31619.4
2625,2491,30450,31583.3
2626,2470,30444.2,31591.7
2627,2496,30451.9,31567.2
2628,2540,30466.7,31550
2629,2611,30493.6,31579.7
2630,2643,30501.4,31549.7
2631,2507,30456.4,31564.2
2632,2502,30454.7,31581.1
2633,2430,30422.5,31586.9
2634,2331,30380.3,31542.2
2635,2309,30366.1,31514.4
2636,2389,30404.7,31528.9
2637,1976,30050,31766.7
2638,2051,30153.1,31554.7
2639,2087,30192.5,31627.5
2640,2045,30150,31350
2641,2048,30151.9,31366.7
2642,2150,30250,31350
2643,2032,30133.3,31333.3
2644,2082,30183.3,31283.3
2645,2072,30178.1,31280.8
2646,2043,30148.3,31298.6
2647,2044,30150,31233.3
2648,2009,30103.9,31209.2
2649,1990,30078.3,31160.6
2650,1992,30080.8,31116.4
2651,2026,30121.4,31148.3
2652,2055,30156.1,31187.2
2653,2014,30111.7,31197.5
2654,1995,30083.3,31283.3
2655,1983,30066.7,31216.7
2656,1980,30056.4,31243.6
2657,2002,30096.4,31205
2658,1985,30066.7,31266.7
2659,2019,30116.7,31233.3
2660,2041,30146.1,31231.1
2661,2040,30144.7,31242.2
2662,2004,30100,31283.3
2663,1982,30065,31230.3
2664,1984,30066.7,31233.3
2665,1966,30035.8,31174.2
2666,1973,30050,31200
2667,1975,30050,31250
2668,1986,30066.7,31283.3
2669,2029,30128.6,31242.2
2670,2076,30180,31256.9
2671,2110,30216.4,31233.3
2672,2028,30125.3,31190
2673,1958,30029.2,31171.9
2674,1933,29983.3,31150
2675,1940,30000,31133.3
2676,1972,30050,31166.7
2677,2000,30088.3,31180.6
2678,2042,30148.1,31135
2679,2049,30152.8,31142.8
2680,2015,30112.8,31097.2
2681,2010,30104.4,31083.9
2682,2008,30102.8,31083.6
2683,2013,30111.7,31045.6
2684,1887,29816.7,31050
2685,1901,29900,31166.7
2686,1902,29900,31183.3
2687,1882,29783.3,31266.7
2688,1875,29750,31233.3
2689,1867,29716.7,31250
2690,1892,29850,31216.7
2691,1885,29800,31233.3
2692,1884,29783.3,31300
2693,1893,29850,31250
2694,1883,29783.3,31283.3
2695,1852,29650,31300
2696,1838,29600,31283.3
2697,1839,29600,31316.7
2698,1846,29616.7,31316.7
2699,1843,29616.7,31250
2700,1845,29616.7,31300
2701,1836,29583.3,31283.3
2702,1829,29550,31233.3
2703,1830,29566.7,31233.3
2704,1815,29516.7,31233.3
2705,1847,29633.3,31233.3
2706,1866,29716.7,31233.3
2707,1934,29983.3,31183.3
2708,1915,29933.3,31183.3
2709,1926,29966.7,31166.7
2710,1928,29966.7,31250
2711,1941,30000,31183.3
2712,1954,30018.1,31141.1
2713,1935,29983.3,31216.7
2714,1987,30066.7,31300
2715,2039,30141.9,31371.4
2716,2074,30179.2,31392.2
2717,2099,30200.6,31342.5
2718,2199,30296.1,31304.4
2719,2194,30291.4,31319.4
2720,2207,30300,31333.3
2721,2268,30340.8,31307.8
2722,2221,30312.8,31321.1
2723,2307,30364.7,31311.7
2724,2374,30400,31333.3
2725,2456,30435.6,31331.7
2726,2657,30504.2,31320.8
2727,2579,30483.3,31266.7
2728,2673,30510.8,31278.3
2729,2698,30516.7,31250
2730,2604,30490.8,31231.4
2731,2642,30500.8,31232.2
2732,2648,30502.5,31216.1
2733,2694,30516.7,31183.3
2734,2826,30549.7,31244.4
2735,2832,30550,31250
2736,2754,30533.3,31233.3
2737,2697,30516.7,31233.3
2738,2799,30543.3,31136.9
2739,3046,30615.8,31151.4
2740,3001,30600,31150
2741,2932,30576.4,31156.7
2742,3052,30616.7,31216.7
2743,2983,30594.4,31198.3
2744,2990,30596.9,31253.1
2745,2985,30595.8,31330.6
2746,2927,30575,31363.9
2747,2834,30550,31316.7
2748,2876,30558.9,31361.1
2749,3071,30618.1,31375
2750,3232,30665.8,31441.9
2751,3221,30662.5,31430.6
2752,3179,30650,31366.7
2753,3300,30681.9,31366.7
2754,3413,30706.9,31404.2
2755,3473,30716.7,31383.3
2756,3310,30683.3,31347.2
2757,3208,30656.9,31355.6
2758,3643,30750,31305.6
2759,3712,30765.6,31323.1
2760,3662,30752.8,31307.8
2761,3389,30700,31350
2762,3472,30716.7,31308.3
2763,3309,30683.3,31290.3
2764,3307,30683.3,31216.7
2765,3295,30681.4,31223.9
2766,3237,30666.7,31233.3
2767,3306,30683.3,31200
2768,2929,30575.8,31257.5
2769,2896,30566.7,31233.3
2770,2936,30578.9,31219.7
2771,2621,30497.2,31191.7
2772,2598,30489.7,31178.9
2773,2561,30476.1,31168.9
2774,2533,30466.7,31183.3
2775,2399,30413.3,31191.7
2776,2453,30433.6,31224.7
2777,2394,30407.8,31225.3
2778,2402,30415,31214.7
2779,2403,30415.6,31300.3
2780,2417,30416.7,31300
2781,2448,30433.3,31266.7
2782,2486,30450,31250
2783,2425,30418.1,31293.6
2784,2467,30443.3,31270.6
2785,2317,30366.7,31333.3
2786,2243,30323.6,31343.1
2787,2173,30269.7,31301.4
2788,2093,30198.1,31285.6
2789,2288,30350,31433.3
2790,2293,30354.7,31407.2
2791,2306,30364.4,31397.8
2792,2290,30351.9,31436.1
2793,2300,30361.9,31480.6
2794,2351,30383.3,31400
2795,2287,30350,31366.7
2796,2383,30401.7,31351.7
2797,2298,30360.8,31344.4
2798,2318,30366.7,31350
2799,2350,30383.3,31350
2800,2464,30440.3,31416.9
2801,2469,30444.2,31394.4
2802,2385,30401.9,31351.7
2803,2347,30383.3,31283.3
2804,2348,30383.3,31300
2805,2249,30332.8,31335.3
2806,2255,30333.3,31316.7
2807,2209,30300,31366.7
2808,2183,30280,31296.4
2809,2161,30260,31275.3
2810,2162,30265.6,31260
2811,2113,30216.7,31283.3
2812,2108,30215.6,31284.4
2813,2083,30183.3,31316.7
2814,2135,30233.3,31300
2815,2050,30152.8,31338.3
2816,2031,30133.3,31316.7
2817,1997,30083.3,31350
2818,1993,30083.1,31433.1
2819,1962,30033.3,31266.7
2820,2003,30100,31250
2821,2037,30139.7,31278.1
2822,2081,30183.3,31266.7
2823,2094,30199.7,31322.2
2824,2097,30200,31383.3
2825,2124,30224.2,31405.6
2826,2259,30333.6,31400.6
2827,2053,30155,31612.8
2828,2170,30266.7,31466.7
2829,2324,30373.3,31538.6
2830,2335,30381.4,31568.1
2831,2210,30300,31750
2832,2257,30333.3,31350
2833,2258,30333.3,31383.3
2834,2256,30333.3,31333.3
2835,2187,30283.3,31350
2836,2168,30266.7,31316.7
2837,2147,30248.6,31313.1
2838,2117,30218.1,31358.9
2839,2130,30232.5,31319.2
2840,2193,30286.9,31317.8
2841,2211,30302.5,31289.4
2842,2186,30283.3,31269.2
2843,2158,30256.7,31297.2
2844,2185,30283.3,31250
2845,2212,30303.1,31181.4
2846,2178,30273.6,31086.1
2847,2195,30293.1,31106.1
2848,2237,30318.1,31127.5
2849,2472,30445.6,31089.2
2850,2429,30422.5,31090.3
2851,2401,30414.7,31086.7
2852,2435,30428.1,31075
2853,2332,30380.6,31145.8
2854,2357,30387.8,31115
2855,2455,30435,31089.2
2856,2518,30462.8,31049.2
2857,2438,30428.9,31060.6
2858,2630,30498.9,31070
2859,2724,30523.6,31078.3
2860,2690,30516.7,31083.3
2861,2661,30505.8,31103.1
2862,2742,30530,31097.2
2863,2597,30489.4,31127.8
2864,2660,30504.7,31122.8
2865,2672,30510.8,31123.6
2866,2691,30516.7,31100
2867,2726,30523.9,31094.4
2868,2890,30566.7,31083.3
2869,3096,30627.8,31016.1
2870,3363,30694.7,31110.8
2871,3325,30684.7,31148.9
2872,3175,30650,31166.7
2873,3361,30694.2,31123.1
2874,3412,30706.9,31103.6
2875,3466,30716.7,31100
2876,3815,30789.4,31068.3
2877,3717,30766.7,31033.3
2878,3726,30768.6,31039.2
2879,3454,30714.7,31114.2
2880,3261,30670,31088.9
2881,3000,30600,31146.1
2882,2693,30516.7,31150
2883,2692,30516.7,31133.3
2884,2897,30566.7,31250
2885,2860,30553.9,31255.8
2886,3139,30638.3,31265
2887,3230,30665,31235.3
2888,3213,30658.3,31266.7
2889,3377,30697.2,31288.9
2890,3471,30716.7,31300
2891,3644,30750,31316.7
2892,3601,30741.7,31372.2
2893,3550,30733.3,31381.9
2894,3623,30747.2,31372.2
2895,3414,30707.2,31351.4
2896,3378,30697.2,31338.9
2897,3241,30666.7,31350
2898,3084,30622.2,31350
2899,3162,30645.8,31358.9
2900,3290,30679.7,31331.9
2901,3783,30783.3,31383.3
2902,4040,30829.7,31404.7
2903,4094,30841.7,31400
2904,4724,30966.7,31400
2905,4670,30954.4,31453.3
2906,4933,31010.8,31451.9
2907,4868,30999.4,31433.3
2908,4761,30976.9,31452.5
2909,4726,30966.7,31490.3
2910,4921,31009.2,31482.5
2911,4848,30995.8,31483.3
2912,4819,30988.1,31532.5
2913,4632,30945.8,31560.8
2914,5020,31022.2,31565.3
2915,4998,31019.2,31568.3
2916,4665,30953.6,31610.6
2917,4624,30944.4,31527.8
2918,4658,30950.3,31588.3
2919,4288,30882.5,31640.8
2920,4363,30896.7,31655
2921,4109,30845.8,31610.8
2922,4016,30825,31616.4
2923,4065,30834.2,31615.3
2924,4195,30865,31547.2
2925,4444,30909.2,31504.2
2926,4671,30954.4,31502.8
2927,4748,30973.3,31544.2
2928,4799,30984.2,31554.7
2929,4910,31006.9,31538.9
2930,5022,31022.5,31511.1
2931,5053,31029.2,31554.2
2932,5035,31025,31583.9
2933,5055,31029.2,31575
2934,4760,30976.1,31611.9
2935,4915,31008.3,31613.9
2936,5089,31033.3,31483.3
2937,5016,31021.4,31441.4
2938,4684,30957.5,31421.4
2939,4637,30947.2,31401.4
2940,4723,30966.7,31367.5
2941,4494,30916.7,31333.3
2942,4522,30922.2,31322.2
2943,4588,30934.7,31350
2944,4356,30895,31348.6
2945,4241,30872.2,31385.6
2946,4427,30905.6,31406.9
2947,4285,30881.9,31463.1
2948,4344,30891.7,31473.6
2949,4495,30916.7,31383.3
2950,4563,30931.9,31357.8
2951,4396,30900,31315.8
2952,4177,30861.1,31340.8
2953,4302,30883.3,31316.7
2954,4539,30927.5,31307.8
2955,4283,30881.7,31236.4
2956,4212,30866.7,31200
2957,4027,30827.5,31211.9
2958,4115,30846.9,31191.7
2959,4362,30896.7,31181.9
2960,4393,30900,31266.7
2961,4326,30888.9,31275
2962,4214,30866.7,31281.9
2963,4146,30853.3,31283.9
2964,4154,30855.6,31255.3
2965,4229,30869.4,31281.1
2966,4256,30876.4,31255.3
2967,4525,30922.8,31268.1
2968,4077,30836.1,31259.7
2969,4213,30866.7,31266.7
2970,3865,30800,31166.7
2971,4192,30864.7,31056.7
2972,4300,30883.3,31033.3
2973,4619,30943.1,31021.1
2974,4730,30967.5,31021.9
2975,4807,30985.8,31003.6
2976,4938,31011.7,30994.2
2977,4873,31000,31000
2978,5080,31033.3,31006.9
2979,4951,31013.9,31004.2
2980,5242,31063.6,30996.4
2981,5404,31088.1,30982.2
2982,5333,31076.7,30973.9
2983,5585,31124.2,30981.4
2984,5525,31113.9,31023.6
2985,5757,31151.4,31051.4
2986,5642,31134.2,31056.9
2987,5644,31134.7,31077.8
2988,5601,31127.5,31094.4
2989,5632,31133.3,31083.3
2990,5758,31151.4,31109.7
2991,5562,31119.2,31105.6
2992,5556,31118.1,31157.5
2993,5547,31116.7,31183.3
2994,5613,31129.2,31125
2995,5695,31143.1,31129.2
2996,5633,31133.3,31100
2997,5684,31141.7,31098.6
2998,6033,31196.9,30986.1
2999,5873,31170.6,31040.3
3000,5685,31141.7,31105.6
3001,5712,31145.8,31100
3002,5795,31158.3,31129.2
3003,5634,31133.3,31116.7
3004,5846,31166.7,31116.7
3005,5744,31150,31116.7
3006,5673,31140.3,31105.6
3007,5658,31138.1,31150.8
3008,6077,31204.2,31105.6
3009,6071,31202.8,31106.9
3010,6515,31283.3,31166.7
3011,6651,31308.3,31218.1
3012,6608,31300,31250
3013,6466,31273.6,31240.3
3014,6371,31258.3,31190.3
3015,6301,31245.8,31190.3
3016,6202,31227.8,31197.2
3017,6167,31220.8,31175
3018,6036,31197.2,31153.1
3019,6078,31204.2,31130.6
3020,6183,31225,31158.3
3021,6255,31236.1,31125
3022,6236,31233.3,31116.7
3023,6311,31247.2,31122.2
3024,6465,31273.6,31127.8
3025,6151,31216.7,31150
3026,6121,31212.5,31180.6
3027,5848,31166.7,31250
3028,5592,31125.3,31290.8
3029,5675,31140.3,31248.1
3030,5163,31048.1,31339.7
3031,4638,30947.5,31357.8
3032,4215,30866.7,31313.9
3033,4353,30894.2,31301.7
3034,4225,30868.3,31281.7
3035,4291,30882.8,31319.7
3036,4541,30928.3,31319.7
3037,4434,30906.9,31283.3
3038,4395,30900,31300
3039,4767,30978.1,31388.9
3040,4904,31006.1,31383.3
3041,4991,31017.8,31388.9
3042,4867,30999.4,31358.3
3043,4683,30957.5,31356.9
3044,4746,30972.2,31388.9
3045,4833,30991.7,31363.6
3046,5139,31043.1,31376.7
3047,5018,31022.2,31398.3
3048,5341,31079.2,31479.7
3049,5320,31073.9,31488.9
3050,5033,31024.7,31408.6
3051,4636,30946.7,31453.6
3052,4558,30931.7,31476.7
3053,4647,30949.4,31473.6
3054,4508,30918.9,31469.7
3055,4184,30862.5,31482.5
3056,4414,30902.8,31481.9
3057,4317,30886.1,31500
3058,4656,30950,31433.3
3059,4070,30834.7,31509.2
3060,4045,30830.8,31572.2
3061,3897,30803.3,31578.9
3062,3881,30800.6,31593.6
3063,3886,30801.4,31593.6
3064,3834,30794.2,31602.2
3065,3869,30800,31616.7
3066,3887,30801.7,31627.2
3067,3803,30786.4,31580.3
3068,4061,30833.3,31500
3069,3729,30769.7,31516.7
3070,3807,30788.1,31515
3071,3759,30779.2,31505
3072,3786,30783.3,31500
3073,3694,30761.1,31481.9
3074,3683,30757.5,31505
3075,3611,30745.6,31507.2
3076,3675,30754.7,31503.9
3077,3907,30805.8,31507.8
3078,3787,30783.3,31583.3
3079,4273,30879.7,31538.1
3080,4216,30866.7,31516.7
3081,4407,30901.9,31478.9
3082,4235,30870.8,31503.3
3083,4135,30850,31466.7
3084,3969,30816.7,31466.7
3085,4231,30869.7,31434.2
3086,4133,30850,31431.9
3087,4108,30845.8,31438.9
3088,4098,30843.1,31458.3
3089,4059,30833.3,31416.7
3090,4024,30826.4,31421.9
3091,4303,30883.3,31416.7
3092,4064,30833.9,31465.6
3093,4182,30861.9,31481.1
3094,4159,30856.9,31528.6
3095,4031,30827.8,31683.9
3096,4007,30823.6,31657.8
3097,4074,30835.6,31645.3
3098,4106,30845.3,31637.5
3099,3847,30796.1,31719.2
3100,4173,30860,31748.6
3101,4180,30861.4,31739.4
3102,4497,30916.7,31683.3
3103,4466,30912.8,31688.9
3104,4292,30882.8,31685.3
3105,4400,30900.3,31646.4
3106,4549,30930,31661.7
3107,4537,30926.4,31713.1
3108,4516,30920.8,31622.8
3109,4582,30933.3,31649.2
3110,4772,30979.7,31699.2
3111,4186,30863.3,31775.3
3112,4097,30842.5,31811.7
3113,4357,30895,31788.9
3114,4252,30875.6,31738.3
3115,4289,30882.5,31685
3116,4156,30855.8,31702.8
3117,4028,30827.5,31722.8
3118,4347,30892.2,31650.3
3119,4862,30998.6,31621.9
3120,5054,31029.2,31572.2
3121,5102,31035.3,31554.4
3122,5251,31065.3,31556.9
3123,5229,31059.4,31612.5
3124,5221,31058.3,31608.3
3125,4992,31017.8,31601.7
3126,5036,31025,31645.8
3127,4895,31004.2,31627.8
3128,4849,30995.8,31661.4
3129,4901,31005.6,31708.3
3130,5399,31087.5,31716.7
3131,4741,30971.4,31592.8
3132,4742,30971.4,31595
3133,4690,30959.4,31576.1
3134,4751,30973.6,31587.5
3135,5387,31084.2,31620.3
3136,5134,31041.7,31643.1
3137,4960,31015.3,31651.4
3138,4961,31015.3,31690.3
3139,4840,30993.9,31727.8
3140,4855,30997.5,31715
3141,4604,30938.9,31811.7
3142,4627,30945,31828.6
3143,4792,30983.3,31866.7
3144,4013,30824.4,31884.7
3145,4033,30828.1,31912.5
3146,3836,30794.7,31893.6
3147,4041,30830,31931.7
3148,4080,30836.4,31851.9
3149,4183,30862.2,31829.2
3150,4517,30920.8,31810.3
3151,4506,30918.3,31768.1
3152,4308,30883.9,31738.3
3153,4048,30833.1,31772.5
3154,3904,30805.3,31838.6
3155,3788,30783.3,31916.7
3156,3859,30799.2,31895.6
3157,3814,30789.2,31854.2
3158,3676,30755,31859.4
3159,3666,30752.8,31802.2
3160,3696,30762.2,31831.1
3161,3616,30746.1,31831.7
3162,3586,30738.9,31815.3
3163,3517,30726.1,31811.4
3164,3321,30683.6,31759.7
3165,3487,30717.8,31873.9
3166,3526,30728.3,31882.5
3167,3457,30715.6,31895.3
3168,3437,30711.7,31883.3
3169,3106,30632.2,31936.7
3170,2735,30526.1,31903.3
3171,2748,30532.2,31933.3
3172,2790,30540,31954.7
3173,2818,30546.4,31961.9
3174,2858,30553.6,31893.9
3175,2805,30544.2,31899.7
3176,2745,30530.8,31922.8
3177,2800,30543.3,31860
3178,2771,30534.2,31829.2
3179,2871,30556.9,31794.4
3180,2022,30116.7,31816.7
3181,1944,30000,31783.3
3182,2034,30133.6,31730.3
3183,2114,30216.7,31383.3
3184,2155,30255,31373.9
3185,2169,30266.7,31400
3186,2235,30317.5,31396.4
3187,2354,30383.9,31386.7
3188,2449,30433.3,31383.3
3189,2536,30466.7,31400
3190,2713,30520.3,31399.2
3191,2608,30491.7,31382.5
3192,2570,30480.6,31361.1
3193,2553,30472.8,31388.3
3194,2636,30500,31383.3
3195,2646,30502.2,31422.5
3196,2674,30510.8,31434.7
3197,2637,30500,31433.3
3198,2589,30485,31443.6
3199,2627,30498.3,31518.3
3200,2571,30480.6,31526.7
3201,2565,30478.1,31535.3
3202,2610,30493.1,31567.8
3203,2568,30478.9,31549.2
3204,2478,30448.9,31524.4
3205,2564,30476.9,31515.6
3206,2539,30466.7,31533.3
3207,2440,30429.7,31537.8
3208,2500,30454.2,31551.4
3209,2431,30422.8,31506.7
3210,2426,30419.4,31426.7
3211,2352,30383.3,31483.3
3212,2388,30404.4,31486.9
3213,2588,30484.2,31418.9
3214,2538,30466.7,31433.3
3215,2563,30476.9,31444.2
3216,2495,30451.9,31504.2
3217,2378,30400,31483.3
3218,2460,30439.4,31404.2
3219,2450,30433.3,31400
3220,2365,30396.9,31423.3
3221,2421,30416.7,31443.3
3222,2519,30463.3,31394.2
3223,2582,30483.3,31400
3224,2700,30516.7,31383.3
3225,2917,30569.2,31358.3
3226,2980,30593.1,31330.6
3227,3115,30633.3,31300
3228,3116,30633.3,31316.7
3229,3067,30617.2,31330.6
3230,2971,30590.3,31323.6
3231,3308,30683.3,31283.3
3232,3370,30695.8,31283.3
3233,3334,30688.1,31310
3234,3093,30626.4,31319.7
3235,2987,30596.4,31287.5
3236,3054,30616.7,31280.6
3237,3031,30606.9,31290.3
3238,3147,30639.2,31286.7
3239,3043,30613.9,31318.1
3240,3223,30662.8,31247.2
3241,3609,30744.7,31233.9
3242,3642,30750,31233.3
3243,3659,30752.5,31173.9
3244,3625,30747.5,31181.1
3245,3622,30747.2,31130.8
3246,3386,30700,31116.7
3247,3520,30727.2,31138.9
3248,3597,30740.8,31148.9
3249,3440,30712.5,31109.7
3250,3573,30736.7,31076.4
3251,3235,30666.7,31100
3252,3304,30683.3,31083.3
3253,3548,30733.3,31066.7
3254,3465,30716.7,31050
3255,3514,30725,31024.7
3256,3483,30717.2,30994.2
3257,3763,30780,30937.8
3258,3446,30713.6,30937.5
3259,3598,30741.4,30936.9
3260,3775,30782.8,30939.7
3261,3758,30778.1,30978.3
3262,3453,30714.7,31053.1
3263,3639,30750,31083.3
3264,3596,30740.8,31068.9
3265,4054,30833.3,31000
3266,3994,30820.8,31010.3
3267,4151,30855.3,30983.1
3268,4053,30833.3,30983.3
3269,3812,30789.2,31125.3
3270,3942,30812.5,31188.6
3271,3640,30750,31166.7
3272,3681,30757.2,31146.1
3273,3229,30664.4,31118.3
3274,3193,30652.2,31114.2
3275,3103,30631.7,31083.1
3276,3258,30669.4,31176.1
3277,3305,30683.3,31183.3
3278,3346,30690.8,31183.9
3279,3582,30738.9,31262.5
3280,3387,30700,31250
3281,3286,30679.2,31265.3
3282,3178,30650,31233.3
3283,3167,30647.5,31153.9
3284,3236,30666.7,31133.3
3285,3108,30633.1,31121.9
3286,3138,30637.8,31085.6
3287,3657,30751.7,31106.7
3288,3365,30695,31099.7
3289,3400,30701.4,31109.7
3290,3781,30783.3,31100
3291,3467,30716.7,31116.7
3292,3998,30821.7,31198.1
3293,4757,30975.6,31321.7
3294,4447,30909.7,31369.4
3295,4120,30848.3,31257.5
3296,4086,30838.9,31266.7
3297,4020,30826.1,31222.5
3298,4181,30861.9,31199.2
3299,3818,30789.7,31173.9
3300,3738,30773.6,31121.1
3301,4002,30822.5,31125.3
3302,4056,30833.3,31100.3
3303,4646,30949.2,31183.6
3304,4825,30990,31094.4
3305,4912,31007.2,31100.8
3306,4957,31014.7,31066.4
3307,4913,31008.3,31033.3
3308,4662,30952.2,31086.1
3309,4418,30903.9,31155.8
3310,4193,30864.7,31177.5
3311,4747,30973.3,31215.6
3312,5234,31060.6,31244.7
3313,5202,31054.2,31195.8
3314,5324,31074.7,31241.1
3315,5318,31073.9,31206.9
3316,5426,31091.7,31193.1
3317,5379,31083.3,31216.7
3318,5380,31083.3,31233.3
3319,5720,31147.2,31219.4
3320,5830,31165.3,31191.7
3321,5539,31116.4,31193.1
3322,5549,31116.7,31283.3
3323,5550,31116.7,31333.3
3324,5179,31050,31400
3325,5454,31098.9,31428.3
3326,5567,31119.7,31426.4
3327,5636,31133.3,31466.7
3328,5918,31178.6,31429.2
3329,5560,31118.6,31555.6
3330,5388,31084.7,31541.7
3331,5358,31082.5,31546.9
3332,5748,31150,31600
3333,5898,31175.3,31599.7
3334,5941,31182.2,31522.5
3335,6113,31209.7,31550
3336,5810,31161.7,31511.4
3337,5746,31150,31483.3
3338,5553,31116.9,31489.2
3339,5269,31066.7,31516.7
3340,5403,31087.8,31525
3341,5457,31099.4,31510.3
3342,5316,31073.6,31494.2
3343,5319,31073.9,31429.7
3344,5383,31083.3,31416.7
3345,4806,30985.6,31301.7
3346,5065,31031.1,31286.7
3347,4653,30950,31300
3348,4626,30945,31293.9
3349,4818,30988.1,31262.5
3350,5325,31074.7,31284.7
3351,5086,31033.3,31233.3
3352,5193,31052.8,31162.5
3353,5587,31125,31159.7
3354,5470,31100,31100
3355,5290,31069.4,31083.3
3356,5081,31033.3,31100
3357,4931,31010.6,31160
3358,4736,30969.7,31120.8
3359,4759,30976.1,31166.9
3360,4675,30955.6,31098.3
3361,4796,30983.9,31108.1
3362,4980,31016.7,31300
3363,4580,30933.3,31300
3364,4655,30950,31350
3365,4722,30966.7,31365.3
3366,5004,31019.7,31311.1
3367,5168,31049.4,31317.2
3368,5598,31127.2,31365.8
3369,5736,31149.2,31373.9
3370,6153,31216.7,31383.3
3371,6180,31223.9,31313.3
3372,5954,31183.3,31333.3
3373,6409,31265.3,31286.1
3374,6330,31250,31283.3
3375,6190,31225.6,31271.4
3376,6611,31300,31316.7
3377,6577,31294.4,31312.5
3378,6682,31316.7,31350
3379,6973,31404.4,31364.2
3380,6976,31405,31374.4
3381,6723,31326.4,31245.8
3382,6366,31256.9,31254.2
3383,5760,31151.9,31193.6
3384,5745,31150,31183.3
3385,5602,31127.5,31331.1
3386,5127,31040.3,31342.2
3387,5228,31059.4,31408.6
3388,4820,30988.6,31510.8
3389,4704,30963.3,31489.2
3390,4791,30983.3,31483.3
3391,4737,30970,31480.6
3392,4552,30930.6,31500
3393,4701,30962.8,31528.6
3394,4505,30918.3,31534.4
3395,4354,30894.2,31557.8
3396,4166,30859.2,31549.4
3397,4078,30836.1,31538.1
3398,3852,30797.2,31565
3399,3947,30813.3,31678.6
3400,4071,30834.7,31716.4
3401,4037,30828.6,31704.7
3402,4035,30828.3,31740.6
3403,4011,30824.2,31709.2
3404,4008,30823.6,31716.7
3405,3970,30816.7,31716.7
3406,4019,30825.8,31647.8
3407,3921,30807.8,31658.1
3408,3892,30802.5,31660.8
3409,3833,30793.9,31650.6
3410,3893,30802.5,31699.2
3411,3990,30818.9,31713.1
3412,3981,30817.2,31710.8
3413,3754,30776.9,31724.7
3414,3562,30733.6,31683.1
3415,3481,30716.9,31666.4
3416,3401,30702.5,31705.8
3417,3328,30685.8,31713.3
3418,3350,30691.7,31655.6
3419,3233,30666.4,31683.3
3420,3245,30666.7,31700
3421,3259,30669.4,31680.8
3422,3263,30670.6,31703.9
3423,3516,30725.3,31668.3
3424,3545,30733.1,31665.8
3425,3455,30715,31675
3426,3571,30736.1,31706.7
3427,3537,30730.3,31693.3
3428,3647,30750,31716.4
3429,3665,30752.8,31732.2
3430,3673,30754.2,31745.6
3431,3587,30739.2,31748.9
3432,3498,30720.6,31699.4
3433,3671,30753.9,31697.2
3434,3608,30744.2,31734.7
3435,3882,30800.6,31699.7
3436,3862,30799.7,31667.2
3437,3899,30804.2,31636.7
3438,3714,30766.4,31638.9
3439,3591,30739.4,31599.2
3440,3491,30718.9,31636.4
3441,3347,30691.4,31648.9
3442,3273,30673.9,31632.2
3443,3323,30684.2,31618.9
3444,3434,30710.8,31540.3
3445,3282,30676.7,31543.6
3446,3077,30619.4,31490.3
3447,3074,30619.2,31461.9
3448,3185,30650.3,31499.7
3449,3488,30718.6,31474.4
3450,3496,30720,31412.5
3451,3441,30712.5,31381.9
3452,3542,30731.9,31390.3
3453,3445,30713.1,31416.7
3454,3519,30726.4,31416.7
3455,3583,30738.9,31436.1
3456,3692,30761.1,31402.8
3457,3484,30717.5,31436.9
3458,3442,30712.5,31387.5
3459,3655,30750.8,31371.9
3460,3784,30783.3,31416.7
3461,3785,30783.3,31468.6
3462,3885,30801.4,31467.8
3463,3817,30789.4,31406.1
3464,3693,30761.1,31403.9
3465,3617,30746.4,31395.8
3466,3830,30792.8,31441.7
3467,3762,30779.7,31422.2
3468,3530,30729.4,31433.3
3469,3645,30750,31413.9
3470,3938,30811.7,31355.8
3471,3867,30800,31372.2
3472,3999,30821.7,31361.7
3473,3813,30789.2,31352.8
3474,3760,30779.4,31291.4
3475,3742,30774.4,31372.2
3476,3996,30821.1,31381.1
3477,3930,30810,31398.3
3478,4092,30841.1,31400
3479,4343,30891.7,31300
3480,4132,30850,31366.7
3481,4043,30830.6,31338.9
3482,4147,30853.3,31301.9
3483,4047,30832.5,31345.8
3484,4468,30913.3,31345.6
3485,4375,30898.9,31390
3486,4411,30902.5,31407.2
3487,4440,30908.3,31400
3488,4520,30921.7,31397.5
3489,4883,31001.4,31360.6
3490,4789,30983.3,31350
3491,4993,31018.1,31502.8
3492,5326,31074.7,31447.2
3493,5307,31071.1,31463.6
3494,5342,31079.2,31495.3
3495,4983,31016.7,31488.3
3496,5205,31055,31535.8
3497,5046,31026.7,31520.8
3498,4630,30945.6,31513.1
3499,4472,30913.9,31537.8
3500,4406,30901.7,31505
3501,4161,30857.5,31585.6
3502,4238,30871.7,31600.8
3503,4196,30865,31644.4
3504,4125,30849.7,31640.8
3505,4084,30837.5,31636.4
3506,4073,30835.6,31640.3
3507,3950,30813.6,31597.5
3508,3747,30775.8,31531.7
3509,3941,30812.2,31558.6
3510,4005,30823.3,31518.6
3511,3858,30799.2,31502.5
3512,3802,30785.8,31490.8
3513,3766,30780.6,31448.6
3514,3835,30794.4,31480.6
3515,3868,30800,31486.1
3516,4060,30833.3,31483.3
3517,3997,30821.1,31455.8
3518,4100,30843.6,31362.5
3519,4203,30866.4,31365.8
3520,4091,30841.1,31321.9
3521,3905,30805.6,31275
3522,4058,30833.3,31300
3523,3844,30795.8,31300
3524,4131,30850,31350
3525,4248,30874.2,31358.3
3526,4615,30941.7,31292.2
3527,4929,31010.3,31315.3
3528,5149,31045.3,31329.2
3529,4774,30980.6,31279.2
3530,5071,31032.2,31277.8
3531,5239,31062.8,31308.9
3532,5381,31083.3,31300
3533,5451,31098.6,31304.7
3534,5105,31036.1,31337.5
3535,5478,31101.7,31343.6
3536,5617,31131.1,31233.6
3537,5473,31100,31200
3538,5420,31090.3,31191.7
3539,5378,31083.3,31166.7
3540,5302,31070.8,31156.4
3541,5133,31041.7,31193.1
3542,5156,31047.2,31186.1
3543,5083,31033.3,31150
3544,4788,30983.3,31166.7
3545,5085,31033.3,31172.2
3546,4946,31012.5,31208.3
3547,5021,31022.5,31229.4
3548,4756,30975.6,31290.3
3549,4876,31000,31300
3550,4654,30950,31316.7
3551,4104,30845,31236.4
3552,3843,30795.8,31247.2
3553,3770,30781.7,31240.3
3554,3916,30806.7,31205.6
3555,3725,30767.2,31171.9
3556,3764,30780,31229.2
3557,3728,30768.6,31236.4
3558,3713,30765.8,31226.4
3559,3408,30705.6,31246.7
3560,3469,30716.7,31183.3
3561,3831,30793.6,31230.8
3562,3782,30783.3,31183.3
3563,3777,30783.1,31150
3564,3866,30800,31199.7
3565,3600,30741.7,31275
3566,3910,30806.1,31262.8
3567,3743,30775,31262.2
3568,4057,30833.3,31216.7
3569,4272,30879.7,31213.6
3570,4301,30883.3,31283.3
3571,4314,30884.7,31251.7
3572,4190,30863.9,31264.4
3573,4140,30851.4,31272.2
3574,3937,30811.7,31165.6
3575,3939,30811.9,31158.1
3576,4055,30833.3,31100
3577,4464,30912.8,31099.2
3578,3797,30784.2,31126.9
3579,3816,30789.4,31108.1
3580,3776,30783.1,31087.5
3581,3679,30756.4,31064.4
3582,3901,30804.7,31039.7
3583,3891,30802.5,31058.9
3584,3780,30783.3,31066.7
3585,4425,30905.3,30996.9
3586,3745,30775.3,31038.6
3587,3529,30729.4,30918.9
3588,3367,30695.3,30882.5
3589,3198,30653.6,30883.6
3590,3048,30616.7,30895
3591,3042,30613.9,30945.3
3592,3248,30666.9,30940
3593,3424,30708.6,30884.2
3594,3512,30724.4,30940.8
3595,3272,30673.9,30889.4
3596,3384,30699.4,30896.4
3597,3502,30720.8,30853.6
3598,3688,30759.7,30844.7
3599,3706,30764.4,30853.9
3600,3846,30796.1,30873.1
3601,3629,30748.1,30830.3
3602,3637,30750,30920.6
3603,3769,30781.7,30924.7
3604,3339,30689.7,30978.3
3605,3331,30686.9,30997.8
3606,3332,30686.9,30998.1
3607,3257,30669.2,30979.7
3608,3049,30616.7,30983.3
3609,3212,30658.3,31004.7
3610,3169,30648.3,31000.8
3611,2962,30584.4,30959.7
3612,2626,30498.3,30973.6
3613,2883,30563.1,30963.6
3614,2737,30528.6,30923.3
3615,2577,30483.3,30966.7
3616,2614,30495.6,30978.9
3617,2530,30466.7,30933.3
3618,2442,30431.1,31009.7
3619,2447,30433.3,30966.7
3620,2413,30416.7,30933.3
3621,2645,30501.9,30925.6
3622,2741,30530,30858.1
3623,2920,30570.3,30885.8
3624,2824,30547.8,30889.2
3625,2916,30568.9,30890.6
3626,2986,30596.1,30900
3627,2872,30557.8,30838.6
3628,2812,30545.6,30830.8
3629,2854,30551.1,30810.3
3630,2828,30550,30900
3631,2925,30574.7,30885.6
3632,3023,30604.7,30842.8
3633,3200,30654.2,30862.5
3634,3087,30624.4,30837.8
3635,3494,30719.7,30782.5
3636,3228,30664.2,30804.4
3637,3381,30698.6,30825.3
3638,3375,30697.2,30862.2
3639,3360,30693.9,30864.7
3640,3149,30640.8,30801.9
3641,3197,30653.6,30787.5
3642,3150,30642.2,30775
3643,3142,30638.6,30842.2
3644,2981,30593.6,30806.1
3645,2935,30578.6,30898.3
3646,2923,30573.3,30898.6
3647,2526,30466.7,30816.7
3648,2721,30523.1,30836.7
3649,2827,30550,30850
3650,2715,30521.1,30790.8
3651,2743,30530.3,30792.5
3652,2482,30450,30850
3653,2647,30502.5,30826.1
3654,2921,30570.8,30848.6
3655,3014,30601.4,30820.6
3656,3034,30607.8,30819.7
3657,2939,30579.2,30850.3
3658,3101,30631.1,30867.5
3659,3452,30714.4,30803.6
3660,3353,30692.5,30854.7
3661,3281,30676.7,30807.5
3662,3338,30689.7,30800.8
3663,3575,30737.5,30802.5
3664,3270,30673.6,30788.1
3665,3579,30738.3,30775.3
3666,3216,30659.7,30720.8
3667,3439,30712.5,30738.9
3668,3450,30714.2,30680.3
3669,3567,30734.7,30697.2
3670,3614,30745.8,30740.3
3671,3356,30692.8,30743.3
3672,3269,30673.3,30753.3
3673,3344,30690.6,30777.8
3674,3122,30633.6,30740.8
3675,2862,30554.2,30663.1
3676,2823,30547.8,30654.2
3677,2524,30466.7,30516.7
3678,2576,30483.3,30883.3
3679,2632,30499.7,30919.4
3680,2775,30536.7,30974.7
3681,2719,30522.8,30977.2
3682,2633,30500,30950
3683,2616,30495.8,30980.3
3684,2372,30400,31000
3685,2392,30406.7,31022.2
3686,2334,30381.1,31061.4
3687,2393,30407.8,31083.6
3688,2415,30416.7,31066.7
3689,2386,30403.6,31054.4
3690,2272,30343.3,31069.7
3691,2236,30318.1,31073.6
3692,2217,30307.5,31053.1
3693,2200,30297.5,31090.8
3694,2174,30270.3,31049.7
3695,2260,30335.6,31052.5
3696,2396,30410.8,31036.1
3697,2670,30510,31022.8
3698,2591,30485.8,31054.7
3699,2613,30494.7,31027.2
3700,2474,30447.2,31046.1
3701,2407,30416.1,31098.3
3702,2406,30415.8,31076.1
3703,2443,30431.7,31081.1
3704,2294,30358.3,31082.2
3705,2267,30340.3,31137.5
3706,2302,30363.3,31101.4
3707,2292,30354.7,31104.4
3708,2358,30388.3,31092.5
3709,2322,30372.2,31050.8
3710,2398,30411.4,31004.7
3711,2239,30321.7,31036.1
3712,2304,30363.9,31049.4
3713,2301,30362.2,31025.8
3714,2291,30352.5,31030.6
3715,2314,30366.7,31050
3716,2265,30339.7,31027.2
3717,2214,30306.1,31026.7
3718,2167,30266.7,31000
3719,2166,30266.7,30933.3
3720,2184,30283.3,30916.7
3721,2203,30300,30950
3722,2370,30400,30883.3
3723,2414,30416.7,30950
3724,2313,30366.7,30933.3
3725,2281,30350,30900
3726,2282,30350,30933.3
3727,2254,30333.3,30950
3728,2204,30300,30966.7
3729,2339,30383.3,30833.3
3730,2311,30366.7,30850
3731,2525,30466.7,30800
3732,2527,30466.7,30850
3733,2483,30450,30883.3
3734,2528,30466.7,30883.3
3735,2410,30416.7,30850
3736,2446,30433.3,30900
3737,2649,30502.8,30850.3
3738,2710,30518.3,30886.9
3739,2997,30599.7,30907.8
3740,3083,30621.9,30902.2
3741,3156,30643.6,30945.8
3742,3154,30643.3,30943.9
3743,3252,30668.6,30918.6
3744,3634,30749.7,30934.4
3745,3704,30764.2,30962.2
3746,3143,30638.6,30933.1
3747,3135,30636.7,30914.2
3748,3134,30636.7,30913.9
3749,3085,30623.3,30805.3
3750,3131,30635.8,30883.9
3751,2982,30593.6,30903.3
3752,3340,30690,30855
3753,3949,30813.6,30917.5
3754,3993,30820.8,30912.5
3755,3920,30807.8,30900.6
3756,3691,30761.1,30881.1
3757,3839,30795,30793.3
3758,4449,30910,30838.6
3759,4409,30902.2,30889.4
3760,4158,30856.7,30855.3
3761,4744,30971.7,30808.9
3762,4551,30930.6,30766.1
3763,4621,30943.6,30747.2
3764,4729,30967.5,30723.6
3765,4554,30931.1,30716.9
3766,4399,30900.3,30655.6
3767,4209,30866.7,30650
3768,4239,30872.2,30674.4
3769,4121,30848.6,30709.7
3770,4017,30825.6,30713.3
3771,3952,30814.2,30724.7
3772,3811,30789.2,30725.6
3773,3804,30786.7,30716.9
3774,3896,30803.3,30713.9
3775,3677,30755.8,30698.9
3776,3735,30772.8,30731.9
3777,3945,30813.1,30782.5
3778,3954,30815,30768.9
3779,3913,30806.4,30746.7
3780,3946,30813.3,30738.3
3781,4012,30824.4,30772.5
3782,4023,30826.4,30777.5
3783,3966,30816.7,30743.1
3784,3798,30784.4,30805
3785,3734,30772.5,30771.1
3786,3534,30730,30774.7
3787,3427,30709.7,30719.4
3788,3493,30719.4,30722.2
3789,3532,30729.7,30736.4
3790,3613,30745.8,30726.4
3791,3627,30747.8,30772.2
3792,3686,30758.9,30794.2
3793,3801,30785.6,30759.7
3794,3277,30676.4,30736.1
3795,3267,30672.8,30753.9
3796,3284,30678.3,30744.2
3797,3723,30766.9,30785.6
3798,3678,30756.1,30732.8
3799,3774,30782.2,30753.6
3800,3864,30800,30801.4
3801,3752,30776.9,30828.9
3802,3929,30810,30835.8
3803,4105,30845.3,30879.4
3804,3829,30791.9,30884.2
3805,3927,30809.4,30928.1
3806,3753,30776.9,30925
3807,3658,30752.5,30929.7
3808,3680,30756.9,30956.7
3809,4202,30866.4,31003.9
3810,3933,30810.3,30995
3811,3638,30750,31016.7
3812,3940,30812.2,30978.6
3813,4247,30874.2,30908.6
3814,4477,30915,30996.4
3815,4533,30925,30979.2
3816,4415,30903.6,30997.2
3817,3908,30806.1,30985.3
3818,4110,30846.1,30968.3
3819,4245,30873.6,30934.4
3820,4294,30883.1,30915
3821,4107,30845.8,30910.3
3822,4138,30850.6,30901.9
3823,4096,30842.2,30880
3824,4339,30891.4,30856.9
3825,4085,30838.6,30865
3826,4752,30974.2,30805.3
3827,4708,30964.7,30766.7
3828,4802,30984.7,30800.8
3829,5026,31023.3,30778.6
3830,5444,31097.5,30791.9
3831,5708,31145.3,30730
3832,6083,31205.6,30765.3
3833,6413,31266.1,30800
3834,6558,31290.6,30818.6
3835,6626,31303.3,30805.6
3836,6660,31311.1,30773.1
3837,6641,31306.4,30835
3838,6731,31327.8,30771.7
3839,6530,31284.4,30787.2
3840,6308,31246.7,30814.7
3841,6142,31216.1,30803.6
3842,5907,31176.7,30794.4
3843,5828,31165,30781.1
3844,5775,31154.4,30791.9
3845,5808,31161.7,30762.8
3846,5700,31144.4,30743.9
3847,5717,31146.9,30756.7
3848,5616,31130.6,30756.4
3849,5769,31153.3,30742.5
3850,5297,31069.7,30751.9
3851,5448,31098.6,30713.3
3852,5391,31085,30690.6
3853,5114,31038.6,30658.1
3854,5120,31039.2,30648.3
3855,5756,31151.4,30648.9
3856,5517,31111.7,30616.7
3857,5152,31045.8,30594.2
3858,5028,31023.6,30617.8
3859,5167,31049.4,30595
3860,5423,31090.8,30573.1
3861,5662,31138.9,30571.9
3862,5710,31145.6,30577.8
3863,5552,31116.9,30572.5
3864,5512,31110.6,30565.3
3865,5476,31101.4,30547.5
3866,5311,31073.1,30537.5
3867,5285,31068.6,30555.3
3868,5263,31066.7,30585.6
3869,5177,31050,30564.4
3870,5217,31057.8,30528.3
3871,5254,31066.1,30478.9
3872,5122,31039.4,30516.1
3873,5231,31060,30501.4
3874,5115,31038.9,30501.1
3875,5079,31033.3,30466.7
3876,5487,31103.6,30478.1
3877,5299,31070.6,30406.1
3878,5373,31083.3,30450
3879,5248,31064.7,30458.6
3880,4963,31015.6,30490
3881,5051,31028.3,30523.9
3882,4808,30986.1,30525.6
3883,4512,30919.4,30580.6
3884,4514,30920.8,30556.9
3885,4479,30915.3,30541.1
3886,4559,30931.9,30525
3887,4663,30953.1,30539.4
3888,4768,30978.3,30575
3889,4780,30982.5,30522.2
3890,4556,30931.7,30505.3
3891,4795,30983.9,30530.6
3892,4706,30963.9,30513.9
3893,4640,30947.8,30508.1
3894,4707,30964.7,30529.2
3895,4749,30973.6,30520.8
3896,4872,31000,30466.7
3897,4975,31016.7,30483.3
3898,4880,31001.1,30502.8
3899,4860,30998.6,30504.2
3900,4812,30987.5,30509.7
3901,4776,30981.4,30506.7
3902,5015,31021.4,30432.8
3903,5594,31126.1,30461.1
3904,5943,31182.5,30439.4
3905,5976,31185.6,30404.4
3906,5881,31172.5,30366.9
3907,5733,31148.9,30359.7
3908,5518,31111.9,30390.6
3909,5480,31102.8,30363.3
3910,6261,31237.8,30483.1
3911,6259,31237.2,30559.4
3912,6186,31225.3,30505.6
3913,6754,31331.4,30457.2
3914,6768,31334.4,30437.8
3915,6780,31338.6,30449.4
3916,6658,31310.6,30428.3
3917,6695,31318.6,30448.3
3918,6812,31348.6,30456.9
3919,6853,31357.5,30454.7
3920,6633,31304.4,30420.3
3921,6546,31288.1,30400.3
3922,6478,31276.7,30406.1
3923,6291,31243.1,30347.2
3924,6139,31215.8,30400.8
3925,6107,31208.9,30396.7
3926,6201,31227.8,30414.2
3927,6160,31217.2,30348.3
3928,6223,31232.8,30376.4
3929,6171,31221.7,30392.2
3930,5741,31150,30466.7
3931,5631,31133.3,30483.3
3932,5630,31133.3,30450
3933,5492,31105,30520
3934,5578,31123.6,30483.3
3935,5565,31119.7,30513.1
3936,5558,31118.3,30534.4
3937,5447,31098.3,30570.3
3938,5641,31134.2,30581.7
3939,5554,31117.2,30627.5
3940,5402,31087.8,30599.4
3941,5274,31066.9,30553.9
3942,5440,31097.2,30542.2
3943,5414,31089.7,30532.5
3944,5704,31145,30558.3
3945,5825,31163.6,30525.3
3946,5913,31178.3,30533.9
3947,5834,31165.8,30542.5
3948,5910,31177.2,30525
3949,5978,31185.8,30519.2
3950,5997,31189.4,30516.1
3951,6215,31230.8,30511.1
3952,6191,31225.8,30476.4
3953,6354,31255,30466.7
3954,5986,31186.9,30453.1
3955,6011,31193.9,30422.8
3956,5371,31083.3,30416.7
3957,5372,31083.3,30433.3
3958,4950,31013.9,30422.5
3959,4974,31016.7,30416.7
3960,5160,31047.8,30424.4
3961,4941,31012.2,30389.2
3962,4688,30959.4,30385
3963,4629,30945.6,30376.4
3964,4566,30932.5,30383.9
3965,4389,30900,30266.7
3966,4373,30898.9,30230.3
3967,4504,30918.3,30230.3
3968,4488,30916.7,30200
3969,4973,31016.7,30316.7
3970,5077,31033.3,30242.2
3971,5034,31025,30270.6
3972,4870,31000,30250
3973,4891,31003.3,30312.5
3974,4686,30958.3,30283.3
3975,4463,30912.8,30290.6
3976,4943,31012.5,30329.7
3977,4972,31016.7,30300
3978,4853,30997.2,30273.3
3979,4798,30984.2,30375.8
3980,4843,30995.3,30336.7
3981,5262,31066.7,30366.7
3982,5369,31083.3,30350
3983,5260,31066.7,30283.3
3984,5005,31020.3,30289.2
3985,4731,30968.1,30292.2
3986,5628,31133.3,30250
3987,5768,31153.3,30275.3
3988,5798,31158.6,30254.4
3989,5998,31189.7,30208.3
3990,5948,31183.3,30167.8
3991,5947,31183.1,30167.8
3992,6024,31195.8,30161.4
3993,6258,31237.2,30133.3
3994,5977,31185.8,30253.1
3995,5939,31181.7,30170.8
3996,5924,31179.4,30154.7
3997,5909,31177.2,30185.3
3998,5820,31162.8,30187.8
3999,5984,31186.4,30141.1
4000,6228,31233.3,30080
4001,6280,31241.7,30083.6
4002,6248,31235,30085.8
4003,6378,31259.2,30056.4
4004,6600,31300,30050
4005,6504,31281.7,30028.6
4006,6509,31283.3,30016.7
4007,6557,31290.3,30032.8
4008,6706,31321.9,30060.8
4009,6459,31273.3,30030.6
4010,6448,31271.4,30044.2
4011,6363,31256.9,30095.3
4012,6469,31275,30009.2
4013,6416,31266.7,30016.7
4014,6394,31262.8,30029.7
4015,6296,31243.6,30039.7
4016,6211,31229.4,30096.4
4017,6379,31259.4,30148.9
4018,6369,31258.3,30136.1
4019,6132,31214.4,30153.1
4020,6169,31221.4,30129.7
4021,6200,31227.8,30111.7
4022,6287,31242.8,30049.4
4023,6099,31207.8,30113.6
4024,5975,31185.6,30114.2
4025,6031,31196.7,30097.5
4026,6082,31205.6,30030.3
4027,6046,31200,30033.3
4028,4797,30984.2,29879.4
4029,4643,30948.6,29959.4
4030,3809,30788.6,29970.3
4031,3863,30800,29847.2
4032,3708,30765.3,29892.2
4033,2998,30600,30019.4
4034,4286,30882.2,29776.7
4035,4384,30900,29766.7
4036,4264,30878.6,29798.9
4037,4385,30900,29783.3
4038,4250,30875,29761.4
4039,4445,30909.4,29759.2
4040,4276,30880.8,29848.6
4041,4423,30905,29870.6
4042,3164,30647.2,29997.2
4043,3133,30636.1,29918.1
4044,2991,30597.2,30016.1
4045,3205,30656.4,30051.4
4046,3513,30725,30133.6
4047,3369,30695.8,30165.3
4048,4274,30880,30271.4
4049,4388,30900,30250
4050,4664,30953.3,30324.4
4051,4490,30916.7,30383.3
4052,4471,30913.9,30281.7
4053,4489,30916.7,30266.7
4054,4971,31016.7,30283.3
4055,5491,31104.4,30210
4056,5366,31083.3,30200
4057,5497,31106.9,30183.9
4058,5486,31103.6,30171.1
4059,5461,31100,30150
4060,5542,31116.7,30150
4061,5626,31133.3,30133.3
4062,5627,31133.3,30183.3
4063,5173,31050,30200
4064,5184,31050.3,30191.1
4065,5462,31100,30166.7
4066,5667,31139.7,30129.2
4067,5949,31183.3,30216.7
4068,5545,31116.7,30266.7
4069,5575,31122.5,30257.5
4070,5174,31050,30233.3
4071,5259,31066.7,30266.7
4072,5367,31083.3,30250
4073,5649,31136.1,30348.6
4074,5572,31121.7,30375.8
4075,5223,31058.9,30323.6
4076,4786,30983.3,30400
4077,4432,30906.9,30454.7
4078,4822,30989.2,30433.6
4079,4678,30956.1,30434.2
4080,4817,30988.1,30453.3
4081,4871,31000,30450
4082,4794,30983.9,30426.7
4083,4902,31005.8,30473.9
4084,4510,30919.4,30508.3
4085,4438,30907.8,30489.2
4086,4426,30905.6,30514.4
4087,4457,30911.7,30543.1
4088,4299,30883.3,30550
4089,4278,30881.1,30550.3
4090,4072,30835.3,30479.7
4091,4088,30839.7,30484.4
4092,4254,30876.1,30351.9
4093,4351,30893.9,30381.9
4094,4592,30936.4,30430
4095,4379,30899.7,30406.4
4096,4066,30834.4,30431.1
4097,3792,30783.6,30400.8
4098,3985,30818.1,30450
4099,4114,30846.9,30436.4
4100,3128,30634.7,30522.2
4101,3380,30698.6,30520.8
4102,3420,30708.3,30530.6
4103,3372,30696.7,30577.8
4104,3667,30753.1,30566.1
4105,3700,30763.3,30570.8
4106,3531,30729.7,30528.3
4107,3561,30733.6,30556.7
4108,3732,30772.2,30573.1
4109,4200,30866.1,30574.2
4110,4364,30897.2,30545.8
4111,4403,30901.4,30539.4
4112,4446,30909.7,30534.4
4113,4682,30957.5,30479.7
4114,4478,30915.3,30496.1
4115,4532,30925,30506.9
4116,4531,30925,30476.7
4117,4454,30910.8,30476.4
4118,4359,30895.3,30475.6
4119,3902,30805,30366.9
4120,3636,30750,30333.3
4121,4099,30843.6,30278.9
4122,4101,30843.9,30223.3
4123,4648,30949.7,30185
4124,4124,30849.4,30179.4
4125,4029,30827.8,30248.1
4126,3710,30765.6,30291.4
4127,3888,30802.5,30277.5
4128,4277,30880.8,30463.3
4129,4311,30884.7,30501.4
4130,4390,30900,30483.3
4131,4160,30857.5,30463.1
4132,4068,30834.7,30436.4
4133,4258,30876.7,30308.6
4134,4327,30889.4,30421.7
4135,4605,30939.2,30443.3
4136,4644,30948.9,30460.3
4137,4269,30879.2,30529.4
4138,4342,30891.7,30550.3
4139,5532,31115,30474.4
4140,5915,31178.6,30503.6
4141,5837,31166.4,30521.4
4142,5869,31170.3,30503.3
4143,5595,31126.1,30549.2
4144,5759,31151.7,30526.7
4145,5724,31147.5,30560.6
4146,5521,31112.8,30600.6
4147,5579,31123.6,30602.5
4148,5407,31088.6,30589.7
4149,5412,31089.4,30701.9
4150,5488,31103.6,30680.8
4151,5555,31118.1,30703.3
4152,5813,31162.2,30756.7
4153,5965,31184.7,30761.4
4154,6110,31209.2,30770.6
4155,5974,31185.3,30736.1
4156,5734,31148.9,30768.9
4157,5535,31116.1,30754.4
4158,5603,31127.8,30695.8
4159,5871,31170.3,30679.2
4160,5519,31112.2,30662.5
4161,5143,31043.3,30652.5
4162,5066,31031.4,30653.6
4163,4964,31015.6,30656.4
4164,5007,31020.8,30645.3
4165,4945,31012.5,30705.3
4166,4917,31008.6,30669.4
4167,4770,30978.6,30673.6
4168,4608,30940.3,30615.3
4169,4555,30931.4,30640.3
4170,4694,30960.3,30679.4
4171,4527,30924.4,30676.4
4172,4515,30920.8,30653.3
4173,4523,30922.5,30676.1
4174,4590,30935.6,30728.9
4175,4612,30941.7,30712.5
4176,4600,30938.6,30680.8
4177,4323,30888.1,30691.7
4178,4282,30881.7,30690.6
4179,4371,30898.6,30690.3
4180,4503,30918.1,30693.3
4181,4318,30886.7,30665
4182,4237,30871.4,30694.2
4183,4232,30870,30693.1
4184,4141,30852.2,30765.8
4185,4410,30902.5,30773.1
4186,4242,30872.8,30743.1
4187,4075,30835.8,30684.2
4188,3697,30762.5,30686.1
4189,3621,30747.2,30670.6
4190,3276,30676.1,30680.6
4191,3075,30619.4,30729.2
4192,3220,30662.5,30669.4
4193,2970,30590.3,30661.1
4194,3039,30612.5,30676.4
4195,2926,30575,30711.1
4196,3030,30606.9,30726.4
4197,2806,30544.4,30726.4
4198,2855,30551.9,30759.2
4199,2979,30593.1,30719.4
4200,2919,30569.4,30738.9
4201,3089,30625,30642.2
4202,2873,30558.3,30625
4203,2327,30375,30500.3
4204,1999,30086.4,30086.4
4205,1713,29400,30533.3
4206,1714,29400,30566.7
4207,1616,29300,30683.3
4208,1587,29266.7,30650
4209,1604,29283.3,30750
4210,1619,29300,30766.7
4211,1635,29316.7,30833.3
4212,1650,29333.3,30783.3
4213,1666,29350,30733.3
4214,1633,29316.7,30716.7
4215,1668,29350,30800
4216,1690,29366.7,30966.7
4217,1759,29433.3,30983.3
4218,1760,29433.3,31000
4219,1691,29366.7,31000
4220,1644,29323.1,31013.3
4221,1694,29368.1,31004.7
4222,1672,29350,30966.7
4223,1689,29366.7,30916.7
4224,1705,29383.3,30800
4225,1785,29466.7,30850
4226,1806,29500,30883.3
4227,1849,29650,31233.3
4228,1854,29666.7,31050
4229,1820,29533.3,30950
4230,1812,29516.7,30933.3
4231,1828,29550,30966.7
4232,1819,29533.3,30933.3
4233,1811,29516.7,30900
4234,1793,29483.3,30866.7
4235,1775,29450,30883.3
4236,1748,29416.7,30916.7
4237,1776,29450,30916.7
4238,1805,29500,30866.7
4239,1804,29500,30850
4240,1803,29500,30833.3
4241,1742,29416.7,30766.7
4242,1686,29366.7,30850
4243,1574,29250,30800
4244,1506,29166.7,30816.7
4245,1519,29183.3,30833.3
4246,1594,29266.7,30833.3
4247,1575,29250,30833.3
4248,1563,29233.3,30833.3
4249,1592,29266.7,30783.3
4250,1591,29266.7,30766.7
4251,1606,29283.3,30850
4252,1707,29383.3,30883.3
4253,1687,29366.7,30866.7
4254,1670,29350,30866.7
4255,1671,29350,30916.7
4256,1639,29316.7,30966.7
4257,1637,29316.7,30900
4258,1593,29266.7,30800
4259,1605,29283.3,30816.7
4260,1618,29300,30733.3
4261,1634,29316.7,30783.3
4262,1557,29233.3,30683.3
4263,1585,29266.7,30566.7
4264,1500,29166.7,30583.3
4265,1569,29250,30633.3
4266,1602,29283.3,30633.3
4267,1661,29350,30566.7
4268,1715,29400,30600
4269,1586,29266.7,30616.7
4270,1601,29283.3,30616.7
4271,1613,29300,30583.3
4272,1679,29366.7,30533.3
4273,1697,29383.3,30516.7
4274,1736,29416.7,30416.7
4275,1712,29400,30433.3
4276,1629,29316.7,30566.7
4277,1630,29316.7,30583.3
4278,1614,29300,30600
4279,1556,29233.3,30650
4280,1531,29200,30683.3
4281,1389,28983.3,30016.7
4282,1157,28350,30666.7
4283,1143,28300,30700
4284,1150,28333.3,30666.7
4285,1122,28233.3,30616.7
4286,1141,28300,30650
4287,1125,28233.3,30750
4288,1134,28250,30700
4289,1172,28388.9,30763.9
4290,1171,28383.3,30750
4291,1185,28422.2,30755.6
4292,1202,28466.7,30750
4293,1192,28440.3,30765.3
4294,1183,28416.7,30783.3
4295,1173,28394.4,30802.8
4296,1178,28413.9,30830.6
4297,1184,28416.7,30800
4298,1193,28444.4,30755.6
4299,1228,28507.8,30740.6
4300,1221,28500,30666.7
4301,1241,28544.2,30662.2
4302,1220,28500,30633.3
4303,1211,28483.3,30633.3
4304,1180,28416.7,30650
4305,1189,28433.3,30800
4306,1199,28450,30783.3
4307,1194,28447.2,30808.3
4308,1200,28450,30833.3
4309,1206,28466.7,30865.3
4310,1236,28533.3,30800
4311,1223,28500,30833.3
4312,1257,28600,30850
4313,1246,28566.7,30833.3
4314,1258,28607.2,30739.7
4315,1279,28650,30833.3
4316,1289,28666.7,30850
4317,1264,28616.7,30850
4318,1273,28633.3,30850
4319,1276,28641.1,30749.4
4320,1281,28658.3,30740.6
4321,1303,28703.1,30736.4
4322,1305,28733.3,30733.3
4323,1312,28745.8,30745
4324,1314,28750,30833.3
4325,1329,28816.7,30783.3
4326,1311,28738.1,30721.9
4327,1307,28733.3,30800
4328,1288,28666.7,30816.7
4329,1294,28683.3,30816.7
4330,1295,28683.3,30850
4331,1300,28700,30850
4332,1299,28700,30783.3
4333,1325,28800,30750
4334,1291,28675.8,30743.1
4335,1290,28673.3,30720.8
4336,1320,28783.3,30766.7
4337,1326,28800,30850
4338,1333,28816.7,30900
4339,1343,28866.7,30883.3
4340,1338,28850,30866.7
4341,1339,28850,30883.3
4342,1319,28766.7,30916.7
4343,1324,28783.3,30916.7
4344,1347,28883.3,30850
4345,1416,29033.3,30866.7
4346,1377,28950,30950
4347,1400,29000,30983.3
4348,1409,29016.7,30983.3
4349,1424,29044.4,31002.8
4350,1412,29016.7,31050
4351,1421,29033.3,31050
4352,1397,28983.3,31033.3
4353,1423,29038.9,31113.9
4354,1379,28950,31033.3
4355,1387,28966.7,31050
4356,1403,29008.3,31016.7
4357,1451,29098.6,31079.2
4358,1460,29106.9,31055.6
4359,1458,29100,31133.3
4360,1511,29166.7,31116.7
4361,1579,29250,31083.3
4362,1581,29251.7,31091.9
4363,1638,29316.7,30950
4364,1621,29300,30900
4365,1596,29266.7,30883.3
4366,1532,29200,30750
4367,1478,29133.3,30700
4368,1453,29100,30733.3
4369,1466,29116.7,30916.7
4370,1481,29133.3,30900
4371,1398,29000,30850
4372,1404,29016.7,30866.7
4373,1436,29066.7,30883.3
4374,1391,28983.3,30850
4375,1380,28966.7,30816.7
4376,1365,28933.3,30816.7
4377,1417,29033.3,30883.3
4378,1381,28966.7,30900
4379,1455,29100,30966.7
4380,1408,29016.7,30950
4381,1418,29033.3,30966.7
4382,1419,29033.3,30983.3
4383,1385,28966.7,31016.7
4384,1399,29000,30966.7
4385,1407,29016.7,30933.3
4386,1401,29000,31016.7
4387,1395,28983.3,31000
4388,1382,28966.7,30916.7
4389,1406,29016.7,30900
4390,1493,29150,30733.3
4391,1492,29150,30650
4392,1530,29200,30666.7
4393,1560,29233.3,30766.7
4394,1533,29200,30816.7
4395,1546,29216.7,30850
4396,1508,29166.7,30850
4397,1480,29133.3,30883.3
4398,1393,28983.3,30900
4399,1375,28950,30883.3
4400,1322,28783.3,30866.7
4401,1331,28816.7,30833.3
4402,1313,28750,30800
4403,1327,28800,30883.3
4404,1306,28733.3,30766.7
4405,1280,28654.4,30680.3
4406,1285,28666.7,30686.1
4407,1284,28666.7,30683.3
4408,1292,28681.1,30686.1
4409,1254,28595.8,30691.4
4410,1249,28583.3,30666.7
4411,1247,28575.3,30684.4
4412,1233,28529.4,30725
4413,1214,28483.3,30716.7
4414,1215,28483.3,30750
4415,1225,28501.1,30748.1
4416,1198,28450,30716.7
4417,1210,28481.9,30783.3
4418,1216,28483.3,30800
4419,1205,28466.7,30850
4420,1209,28480.6,30815.3
4421,1219,28494.4,30805.6
4422,1203,28466.7,30765.3
4423,1226,28502.5,30736.1
4424,1222,28500,30766.7
4425,1238,28534.2,30748.3
4426,1218,28490.3,30848.6
4427,1243,28550,30866.7
4428,1229,28516.7,30866.7
4429,1237,28533.3,30850
4430,1235,28533.3,30783.3
4431,1245,28566.7,30800
4432,1230,28516.7,30883.3
4433,1191,28433.3,30850
4434,1136,28266.7,30683.3
4435,1120,28216.7,30766.7
4436,1091,28133.3,30766.7
4437,1085,28116.7,30750
4438,1076,28097.2,30773.6
4439,1074,28083.3,30750
4440,1060,28050,30783.3
4441,1023,27950,30716.7
4442,1067,28066.7,30766.7
4443,1057,28033.3,30816.7
4444,1045,28005.6,30850
4445,1026,27950,30800
4446,1052,28025,30805.6
4447,1059,28050,30766.7
4448,1047,28016.7,30683.3
4449,1073,28083.3,30725
4450,1054,28033.3,30691.7
4451,1042,28000,30700
4452,1031,27966.7,30700
4453,1015,27916.7,30750
4454,1009,27900,30783.3
4455,996,27850,30800
4456,995,27850,30783.3
4457,989,27816.7,30800
4458,1005,27883.3,30816.7
4459,985,27800,30750
4460,976,27766.7,30733.3
4461,991,27833.3,30733.3
4462,979,27783.3,30750
4463,988,27816.7,30733.3
4464,993,27850,30716.7
4465,984,27800,30733.3
4466,981,27783.3,30800
4467,1012,27900,30850
4468,990,27816.7,30833.3
4469,1019,27933.3,30833.3
4470,1027,27950,30816.7
4471,1018,27933.3,30816.7
4472,1000,27866.7,30800
4473,1010,27900,30800
4474,1002,27866.7,30833.3
4475,997,27850,30833.3
4476,982,27783.3,30816.7
4477,986,27800,30816.7
4478,968,27733.3,30766.7
4479,972,27750,30750
4480,970,27733.3,30833.3
4481,953,27666.7,30816.7
4482,947,27650,30800
4483,951,27666.7,30750
4484,907,27516.7,30816.7
4485,875,27383.3,30983.3
4486,868,27366.7,30933.3
4487,874,27383.3,30950
4488,831,27266.7,31133.3
4489,850,27316.7,31016.7
4490,845,27316.7,30850
4491,867,27366.7,30916.7
4492,856,27333.3,30916.7
4493,846,27316.7,30933.3
4494,841,27300,30950
4495,847,27316.7,30950
4496,865,27366.7,30866.7
4497,870,27383.3,30783.3
4498,869,27383.3,30766.7
4499,904,27500,30783.3
4500,889,27450,30833.3
4501,894,27466.7,30816.7
4502,895,27466.7,30833.3
4503,913,27533.3,30833.3
4504,922,27583.3,30833.3
4505,929,27600,30833.3
4506,926,27600,30766.7
4507,977,27766.7,30750
4508,956,27683.3,30700
4509,932,27616.7,30666.7
4510,938,27633.3,30666.7
4511,925,27600,30700
4512,924,27600,30666.7
4513,1162,28366.7,28933.3
4514,1163,28366.7,28966.7
4515,1101,28163.9,30625
4516,1082,28116.7,30633.3
4517,1098,28151.4,30591.7
4518,1090,28133.3,30666.7
4519,1075,28083.3,30783.3
4520,1097,28150,30766.7
4521,1105,28166.7,30750
4522,1110,28183.3,30700
4523,1159,28350,30733.3
4524,1152,28333.3,30733.3
4525,1158,28350,30683.3
4526,1177,28413.9,30802.8
4527,1188,28433.3,30733.3
4528,1182,28416.7,30750
4529,1170,28383.3,30716.7
4530,1123,28233.3,30700
4531,1114,28200,30650
4532,1102,28166.7,30633.3
4533,1135,28266.7,30650
4534,1165,28366.7,30616.7
4535,1128,28241.7,30617.2
4536,1129,28250,30588.9
4537,1092,28141.7,30638.9
4538,1089,28133.3,30633.3
4539,1081,28105.6,30655.6
4540,1084,28116.7,30700
4541,1079,28100,30750
4542,1093,28147.2,30766.7
4543,1112,28183.3,30766.7
4544,1119,28216.7,30750
4545,1124,28233.3,30733.3
4546,1116,28200,30750
4547,1086,28116.7,30766.7
4548,1058,28050,30683.3
4549,1035,27983.3,30716.7
4550,1024,27950,30733.3
4551,1017,27933.3,30783.3
4552,1055,28033.3,30750
4553,1062,28050,30833.3
4554,1034,27966.7,30850
4555,1064,28055.6,30822.2
4556,1046,28011.1,30790.3
4557,1016,27916.7,30766.7
4558,1037,27983.3,30783.3
4559,1106,28166.7,30766.7
4560,1140,28291.7,30758.3
4561,1137,28266.7,30733.3
4562,1127,28238.9,30713.9
4563,1130,28250,30631.9
4564,1133,28250,30683.3
4565,1118,28216.7,30616.7
4566,1072,28083.3,30683.3
4567,1066,28066.7,30683.3
4568,1078,28100,30666.7
4569,1069,28077.8,30655.6
4570,1103,28166.7,30650
4571,1104,28166.7,30666.7
4572,1107,28180.6,30631.9
4573,1117,28208.3,30633.3
4574,1131,28250,30663.9
4575,1132,28250,30666.7
4576,1121,28229.2,30650.8
4577,1108,28183.3,30650
4578,1109,28183.3,30666.7
4579,1111,28183.3,30733.3
4580,1099,28155.6,30733.3
4581,1095,28150,30700
4582,1148,28333.3,29116.7
4583,1154,28350,28866.7
4584,1155,28350,28916.7
4585,1071,28083.3,30650
4586,1048,28016.7,30700
4587,1008,27900,30750
4588,999,27866.7,30733.3
4589,1003,27883.3,30716.7
4590,1014,27916.7,30733.3
4591,967,27733.3,30733.3
4592,962,27700,30733.3
4593,961,27700,30716.7
4594,964,27716.7,30750
4595,973,27750,30833.3
4596,987,27800,30866.7
4597,992,27833.3,30850
4598,983,27783.3,30883.3
4599,971,27733.3,30900
4600,955,27666.7,30900
4601,949,27650,30883.3
4602,954,27666.7,30866.7
4603,966,27716.7,30900
4604,975,27750,30900
4605,974,27750,30866.7
4606,942,27633.3,30883.3
4607,960,27683.3,30883.3
4608,948,27650,30866.7
4609,940,27633.3,30816.7
4610,959,27683.3,30833.3
4611,946,27650,30783.3
4612,952,27666.7,30766.7
4613,957,27683.3,30766.7
4614,945,27650,30766.7
4615,927,27600,30783.3
4616,969,27733.3,30783.3
4617,980,27783.3,30766.7
4618,1004,27883.3,30750
4619,1036,27983.3,30750
4620,1030,27950,30866.7
4621,1041,27983.3,30866.7
4622,1044,28000,30833.3
4623,1050,28016.7,30800
4624,1038,27983.3,30800
4625,994,27850,30766.7
4626,1007,27900,30716.7
4627,1013,27916.7,30683.3
4628,1022,27950,30700
4629,1049,28016.7,30733.3
4630,1065,28065.3,30670.8
4631,1063,28055.6,30713.9
4632,1061,28050,30800
4633,1068,28066.7,30833.3
4634,1056,28033.3,30800
4635,1006,27883.3,30850
4636,950,27666.7,30733.3
4637,944,27650,30700
4638,918,27566.7,30700
4639,910,27533.3,30750
4640,914,27550,30716.7
4641,915,27550,30733.3
4642,909,27533.3,30716.7
4643,919,27566.7,30833.3
4644,935,27616.7,30766.7
4645,958,27683.3,30816.7
4646,965,27716.7,30800
4647,903,27500,30750
4648,902,27500,30733.3
4649,897,27483.3,30733.3
4650,879,27416.7,30750
4651,892,27466.7,30750
4652,898,27483.3,30766.7
4653,887,27450,30733.3
4654,877,27400,30833.3
4655,881,27416.7,30800
4656,888,27450,30766.7
4657,893,27466.7,30766.7
4658,883,27433.3,30750
4659,912,27533.3,30800
4660,890,27450,30866.7
4661,900,27483.3,30850
4662,917,27550,30816.7
4663,905,27500,30833.3
4664,899,27483.3,30833.3
4665,876,27400,30783.3
4666,854,27333.3,30783.3
4667,886,27433.3,30866.7
4668,896,27466.7,30850
4669,916,27550,30800
4670,941,27633.3,30850
4671,963,27700,30866.7
4672,937,27616.7,30883.3
4673,931,27600,30866.7
4674,923,27583.3,30850
4675,930,27600,30850
4676,891,27466.7,30733.3
4677,880,27416.7,30766.7
4678,878,27400,30850
4679,866,27366.7,30883.3
4680,872,27383.3,30883.3
4681,885,27433.3,30833.3
4682,884,27433.3,30816.7
4683,864,27366.7,30850
4684,882,27416.7,30833.3
4685,901,27483.3,30866.7
4686,906,27516.7,30800
4687,908,27516.7,30833.3
4688,928,27600,30800
4689,921,27583.3,30816.7
4690,920,27583.3,30750
4691,936,27616.7,30783.3
4692,934,27616.7,30750
4693,933,27616.7,30683.3
4694,939,27633.3,30683.3
4695,911,27533.3,30783.3
4696,863,27366.7,30833.3
4697,855,27333.3,30833.3
4698,859,27333.3,31033.3
4699,823,27250,31000
4700,837,27283.3,31000
4701,858,27333.3,31016.7
4702,830,27266.7,31116.7
4703,796,27200,31066.7
4704,767,27066.7,31216.7
4705,742,27000,31250
4706,753,27033.3,31266.7
4707,769,27066.7,31316.7
4708,780,27133.3,31166.7
4709,791,27183.3,31183.3
4710,764,27054.2,31383.3
4711,771,27066.7,31350
4712,762,27050,31383.3
4713,750,27016.7,31400
4714,743,27000,31416.7
4715,748,27016.7,31350
4716,732,26966.7,31383.3
4717,729,26950,31466.7
4718,719,26916.7,31450
4719,728,26950,31450
4720,717,26916.7,31400
4721,738,26983.3,31383.3
4722,772,27083.3,31333.3
4723,787,27166.7,31200
4724,802,27200,31250
4725,801,27200,31216.7
4726,800,27200,31166.7
4727,825,27250,31066.7
4728,852,27316.7,31116.7
4729,853,27316.7,31133.3
4730,839,27283.3,31116.7
4731,861,27333.3,31100
4732,873,27383.3,30900
4733,871,27383.3,30800
4734,857,27333.3,30933.3
4735,828,27266.7,31016.7
4736,805,27216.7,31016.7
4737,795,27200,31050
4738,804,27216.7,31000
4739,797,27200,31083.3
4740,822,27250,30933.3
4741,803,27216.7,30983.3
4742,827,27250,31116.7
4743,786,27166.7,31150
4744,777,27100,31300
4745,809,27216.7,31216.7
4746,776,27100,31283.3
4747,758,27040.3,31275
4748,749,27016.7,31375
4749,761,27050,31366.7
4750,756,27033.3,31383.3
4751,794,27191.7,31258.3
4752,784,27133.3,31316.7
4753,779,27116.7,31233.3
4754,781,27133.3,31233.3
4755,770,27066.7,31333.3
4756,754,27033.3,31316.7
4757,782,27133.3,31266.7
4758,792,27183.3,31200
4759,818,27233.3,31233.3
4760,815,27233.3,31116.7
4761,824,27250,31050
4762,812,27233.3,31033.3
4763,860,27333.3,31066.7
4764,849,27316.7,30983.3
4765,821,27250,30916.7
4766,836,27283.3,30900
4767,848,27316.7,30966.7
4768,829,27266.7,31050
4769,843,27300,31100
4770,834,27266.7,31200
4771,783,27133.3,31300
4772,789,27166.7,31250
4773,817,27233.3,31216.7
4774,813,27233.3,31050
4775,842,27300,31050
4776,844,27300,31133.3
4777,806,27216.7,31116.7
4778,807,27216.7,31150
4779,840,27283.3,31183.3
4780,808,27216.7,31200
4781,793,27183.3,31233.3
4782,820,27240.3,31256.9
4783,811,27220.8,31258.3
4784,785,27150,31250
4785,788,27166.7,31216.7
4786,790,27166.7,31266.7
4787,778,27100,31333.3
4788,752,27029.2,31387.5
4789,751,27023.6,31430.6
4790,765,27054.2,31416.7
4791,763,27050,31416.7
4792,757,27033.3,31400
4793,755,27033.3,31366.7
4794,733,26966.7,31400
4795,706,26900,31350
4796,713,26916.7,31333.3
4797,715,26916.7,31366.7
4798,726,26950,31416.7
4799,741,26983.3,31450
4800,739,26983.3,31416.7
4801,740,26983.3,31433.3
4802,723,26933.3,31416.7
4803,716,26916.7,31383.3
4804,704,26900,31300
4805,673,26816.7,31350
4806,651,26766.7,31383.3
4807,644,26750,31383.3
4808,681,26833.3,31366.7
4809,680,26833.3,31350
4810,687,26850,31350
4811,686,26850,31333.3
4812,682,26833.3,31383.3
4813,710,26900,31466.7
4814,724,26933.3,31483.3
4815,711,26900,31516.7
4816,678,26816.7,31483.3
4817,691,26850,31450
4818,685,26833.3,31450
4819,695,26866.7,31400
4820,694,26866.7,31333.3
4821,721,26933.3,31333.3
4822,731,26966.7,31350
4823,737,26983.3,31350
4824,705,26900,31316.7
4825,722,26933.3,31400
4826,709,26900,31433.3
4827,703,26883.3,31450
4828,698,26866.7,31466.7
4829,692,26850,31483.3
4830,666,26800,31400
4831,638,26733.3,31500
4832,660,26783.3,31433.3
4833,661,26783.3,31450
4834,668,26800,31433.3
4835,693,26850,31533.3
4836,676,26816.7,31416.7
4837,653,26766.7,31433.3
4838,679,26816.7,31500
4839,649,26750,31616.7
4840,592,26616.7,31583.3
4841,636,26733.3,31450
4842,630,26716.7,31450
4843,669,26800,31450
4844,671,26800,31483.3
4845,663,26783.3,31533.3
4846,640,26733.3,31550
4847,624,26700,31566.7
4848,601,26633.3,31566.7
4849,589,26616.7,31516.7
4850,600,26633.3,31550
4851,606,26650,31516.7
4852,623,26700,31533.3
4853,641,26733.3,31583.3
4854,633,26716.7,31616.7
4855,610,26666.7,31550
4856,602,26633.3,31583.3
4857,603,26633.3,31633.3
4858,586,26600,31650
4859,574,26566.7,31700
4860,576,26566.7,31733.3
4861,581,26583.3,31700
4862,567,26550,31666.7
4863,566,26550,31633.3
4864,267,25683.3,30616.7
4865,221,25450,30800
4866,244,25566.7,30600
4867,241,25550,30616.7
4868,252,25600,30633.3
4869,506,26316.7,31783.3
4870,517,26350,31800
4871,513,26333.3,31766.7
4872,542,26433.3,31800
4873,536,26416.7,31816.7
4874,553,26483.3,31816.7
4875,565,26533.3,31800
4876,550,26466.7,31683.3
4877,568,26550,31700
4878,582,26583.3,31766.7
4879,629,26716.7,31416.7
4880,591,26616.7,31566.7
4881,618,26683.3,31616.7
4882,617,26683.3,31566.7
4883,621,26700,31466.7
4884,608,26666.7,31450
4885,616,26683.3,31516.7
4886,615,26683.3,31466.7
4887,625,26700,31600
4888,590,26616.7,31533.3
4889,593,26616.7,31600
4890,578,26583.3,31583.3
4891,572,26566.7,31633.3
4892,573,26566.7,31666.7
4893,597,26616.7,31700
4894,596,26616.7,31683.3
4895,595,26616.7,31666.7
4896,585,26600,31616.7
4897,580,26583.3,31683.3
4898,587,26600,31700
4899,605,26633.3,31750
4900,604,26633.3,31716.7
4901,611,26666.7,31600
4902,612,26666.7,31616.7
4903,627,26700,31666.7
4904,626,26700,31633.3
4905,634,26716.7,31666.7
4906,620,26683.3,31666.7
4907,607,26650,31650
4908,619,26683.3,31650
4909,584,26600,31600
4910,562,26533.3,31683.3
4911,588,26600,31716.7
4912,552,26483.3,31750
4913,628,26700,31683.3
4914,598,26616.7,31766.7
4915,614,26666.7,31683.3
4916,558,26516.7,31700
4917,533,26416.7,31733.3
4918,526,26383.3,31750
4919,541,26433.3,31766.7
4920,547,26450,31766.7
4921,531,26400,31816.7
4922,528,26383.3,31850
4923,527,26383.3,31833.3
4924,535,26416.7,31800
4925,551,26466.7,31800
4926,487,26266.7,31900
4927,493,26283.3,31816.7
4928,175,25100,30550
4929,189,25216.7,30533.3
4930,208,25350,30583.3
4931,213,25383.3,30550
4932,240,25550,29266.7
4933,234,25516.7,29350
4934,227,25483.3,28983.3
4935,238,25550,28900
4936,243,25566.7,28850
4937,266,25683.3,28933.3
4938,237,25533.3,29066.7
4939,272,25700,28883.3
4940,248,25583.3,28933.3
4941,239,25550,28983.3
4942,271,25700,28750
4943,231,25500,29066.7
4944,228,25483.3,29233.3
4945,219,25433.3,30550
4946,245,25566.7,30616.7
4947,224,25466.7,30566.7
4948,255,25616.7,30650
4949,194,25250,30516.7
4950,188,25200,30550
4951,187,25200,30533.3
4952,170,25066.7,30533.3
4953,107,24500,30600
4954,110,24516.7,30600
4955,121,24566.7,30583.3
4956,127,24666.7,30600
4957,112,24516.7,30666.7
4958,118,24550,30600
4959,111,24516.7,30650
4960,133,24716.7,30583.3
4961,144,24866.7,30550
4962,201,25283.3,30550
4963,195,25250,30566.7
4964,212,25383.3,30516.7
4965,205,25333.3,30516.7
4966,232,25500,30633.3
4967,217,25400,30550
4968,214,25383.3,30616.7
4969,537,26433.3,31183.3
4970,699,26883.3,31316.7
4971,734,26966.7,31433.3
4972,735,26966.7,31450
4973,727,26950,31433.3
4974,718,26916.7,31433.3
4975,700,26883.3,31400
4976,702,26883.3,31433.3
4977,677,26816.7,31433.3
4978,664,26800,31366.7
4979,674,26816.7,31366.7
4980,688,26850,31383.3
4981,708,26900,31400
4982,707,26900,31366.7
4983,714,26916.7,31350
4984,725,26950,31316.7
4985,544,26450,30700
4986,730,26966.7,31266.7
4987,768,27066.7,31266.7
4988,816,27233.3,31166.7
4989,851,27316.7,31033.3
4990,838,27283.3,31083.3
4991,833,27266.7,31166.7
4992,835,27266.7,31233.3
4993,810,27216.7,31233.3
4994,832,27266.7,31150
4995,826,27250,31100
4996,814,27233.3,31066.7
4997,798,27200,31100
4998,799,27200,31116.7
4999,775,27100,31200
5000,745,27016.7,31233.3
5001,746,27016.7,31250
5002,759,27050,31283.3
5003,747,27016.7,31300
5004,736,26983.3,31266.7
5005,720,26933.3,31300
5006,712,26916.7,31300
5007,665,26800,31383.3
5008,696,26866.7,31416.7
5009,659,26783.3,31400
5010,645,26750,31400
5011,652,26766.7,31416.7
5012,667,26800,31416.7
5013,646,26750,31433.3
5014,670,26800,31466.7
5015,672,26800,31500
5016,648,26750,31466.7
5017,655,26766.7,31466.7
5018,647,26750,31450
5019,631,26716.7,31483.3
5020,637,26733.3,31466.7
5021,662,26783.3,31516.7
5022,656,26766.7,31500
5023,639,26733.3,31516.7
5024,654,26766.7,31450
5025,690,26850,31416.7
5026,701,26883.3,31416.7
5027,697,26866.7,31450
5028,689,26850,31400
5029,684,26833.3,31416.7
5030,675,26816.7,31400
5031,683,26833.3,31400
5032,658,26783.3,31383.3
5033,635,26733.3,31416.7
5034,548,26450,31783.3
5035,521,26366.7,31750
5036,534,26416.7,31766.7
5037,532,26416.7,31716.7
5038,554,26500,31650
5039,579,26583.3,31650
5040,571,26566.7,31600
5041,557,26516.7,31683.3
5042,559,26516.7,31733.3
5043,569,26550,31716.7
5044,560,26516.7,31766.7
5045,556,26500,31816.7
5046,564,26533.3,31783.3
5047,546,26450,31733.3
5048,540,26433.3,31750
5049,539,26433.3,31716.7
5050,545,26450,31683.3
5051,555,26500,31716.7
5052,577,26566.7,31800
5053,570,26550,31800
5054,563,26533.3,31766.7
5055,575,26566.7,31716.7
5056,594,26616.7,31650
5057,549,26450,31800
5058,543,26433.3,31816.7
5059,561,26516.7,31816.7
5060,461,26216.7,31866.7
5061,442,26183.3,31900
5062,480,26250,31866.7
5063,486,26266.7,31850
5064,500,26300,31783.3
5065,522,26366.7,31800
5066,524,26366.7,31850
5067,479,26233.3,32083.3
5068,446,26183.3,32133.3
5069,485,26250,32116.7
5070,380,26083.3,32366.7
5071,361,26066.7,32300
5072,322,25983.3,32200
5073,335,26016.7,32266.7
5074,349,26050,32300
5075,341,26033.3,32316.7
5076,336,26016.7,32366.7
5077,281,25766.7,32700
5078,279,25750,32650
5079,269,25683.3,32633.3
5080,211,25366.7,32550
5081,223,25450,32500
5082,226,25466.7,32516.7
5083,230,25483.3,32516.7
5084,203,25300,32533.3
5085,220,25433.3,32533.3
5086,215,25383.3,32533.3
5087,218,25416.7,32566.7
5088,258,25616.7,32566.7
5089,256,25616.7,32533.3
5090,250,25583.3,32483.3
5091,327,26000,32166.7
5092,435,26166.7,32150
5093,445,26183.3,32066.7
5094,419,26150,32066.7
5095,375,26083.3,32200
5096,373,26083.3,32166.7
5097,388,26100,32083.3
5098,346,26050,32150
5099,340,26033.3,32133.3
5100,468,26216.7,32150
5101,466,26216.7,32100
5102,434,26166.7,32066.7
5103,455,26200,31966.7
5104,411,26133.3,31983.3
5105,489,26266.7,31950
5106,511,26316.7,31933.3
5107,519,26350,31900
5108,525,26366.7,31883.3
5109,520,26350,31916.7
5110,518,26350,31883.3
5111,529,26383.3,31866.7
5112,515,26333.3,31883.3
5113,496,26283.3,31933.3
5114,483,26250,31983.3
5115,497,26283.3,31950
5116,503,26300,31916.7
5117,516,26333.3,31933.3
5118,502,26300,31866.7
5119,481,26250,31900
5120,464,26216.7,31983.3
5121,454,26200,31933.3
5122,512,26316.7,31983.3
5123,491,26266.7,32016.7
5124,457,26200,32033.3
5125,475,26233.3,31966.7
5126,473,26233.3,31933.3
5127,474,26233.3,31950
5128,463,26216.7,31950
5129,484,26250,32050
5130,492,26266.7,32083.3
5131,478,26233.3,32033.3
5132,498,26283.3,32000
5133,504,26300,31966.7
5134,505,26300,32016.7
5135,499,26283.3,32066.7
5136,444,26183.3,31983.3
5137,433,26166.7,31983.3
5138,456,26200,32000
5139,476,26233.3,32000
5140,490,26266.7,31983.3
5141,488,26266.7,31916.7
5142,453,26200,31916.7
5143,443,26183.3,31933.3
5144,431,26166.7,31933.3
5145,430,26166.7,31916.7
5146,509,26316.7,31850
5147,482,26250,31916.7
5148,494,26283.3,31833.3
5149,510,26316.7,31883.3
5150,508,26316.7,31833.3
5151,501,26300,31850
5152,514,26333.3,31850
5153,507,26316.7,31800
5154,530,26400,31766.7
5155,523,26366.7,31833.3
5156,495,26283.3,31883.3
5157,470,26233.3,31866.7
5158,471,26233.3,31883.3
5159,462,26216.7,31900
5160,472,26233.3,31916.7
5161,432,26166.7,31966.7
5162,477,26233.3,32016.7
5163,418,26150,32033.3
5164,368,26083.3,32033.3
5165,371,26083.3,32083.3
5166,398,26116.7,32100
5167,356,26066.7,32050
5168,369,26083.3,32050
5169,400,26116.7,32166.7
5170,389,26100,32116.7
5171,357,26066.7,32083.3
5172,331,26016.7,32183.3
5173,339,26033.3,32100
5174,458,26200,32066.7
5175,467,26216.7,32116.7
5176,465,26216.7,32066.7
5177,459,26200,32083.3
5178,413,26133.3,32116.7
5179,397,26116.7,32083.3
5180,321,25983.3,32183.3
5181,334,26016.7,32233.3
5182,396,26116.7,32066.7
5183,370,26083.3,32066.7
5184,387,26100,32016.7
5185,412,26133.3,32033.3
5186,374,26083.3,32183.3
5187,348,26050,32250
5188,359,26066.7,32250
5189,360,26066.7,32266.7
5190,376,26083.3,32216.7
5191,358,26066.7,32183.3
5192,390,26100,32333.3
5193,379,26083.3,32350
5194,378,26083.3,32300
5195,406,26116.7,32533.3
5196,426,26150,32616.7
5197,438,26166.7,32516.7
5198,450,26183.3,32616.7
5199,449,26183.3,32583.3
5200,448,26183.3,32550
5201,439,26166.7,32550
5202,424,26150,32516.7
5203,437,26166.7,32500
5204,469,26216.7,32600
5205,345,26033.3,32866.7
5206,329,26000,32816.7
5207,328,26000,32783.3
5208,338,26016.7,32783.3
5209,650,26750,33933.3
5210,744,27000,33250
5211,395,26100,34283.3
5212,309,25900,32800
5213,307,25900,32750
5214,289,25816.7,32733.3
5215,295,25850,32766.7
5216,287,25800,32733.3
5217,296,25850,32833.3
5218,299,25866.7,32833.3
5219,313,25916.7,32833.3
5220,326,25983.3,32850
5221,319,25950,32850
5222,314,25916.7,32850
5223,303,25883.3,32783.3
5224,317,25933.3,32783.3
5225,407,26116.7,32716.7
5226,415,26133.3,32583.3
5227,425,26150,32600
5228,405,26116.7,32516.7
5229,383,26083.3,32483.3
5230,392,26100,32483.3
5231,355,26050,32783.3
5232,385,26083.3,32766.7
5233,427,26150,32666.7
5234,441,26166.7,32716.7
5235,394,26100,32783.3
5236,367,26066.7,32816.7
5237,393,26100,32766.7
5238,320,25966.7,32783.3
5239,366,26066.7,32800
5240,386,26083.3,32816.7
5241,304,25883.3,32800
5242,294,25850,32750
5243,291,25833.3,32750
5244,284,25766.7,32766.7
5245,297,25866.7,32716.7
5246,275,25716.7,32600
5247,342,26033.3,32366.7
5248,298,25866.7,32750
5249,262,25650,32583.3
5250,332,26016.7,32200
5251,333,26016.7,32216.7
5252,372,26083.3,32133.3
5253,347,26050,32200
5254,377,26083.3,32250
5255,399,26116.7,32133.3
5256,402,26116.7,32400
5257,414,26133.3,32366.7
5258,350,26050,32350
5259,362,26066.7,32333.3
5260,365,26066.7,32400
5261,391,26100,32433.3
5262,364,26066.7,32366.7
5263,351,26050,32366.7
5264,352,26050,32383.3
5265,363,26066.7,32350
5266,381,26083.3,32383.3
5267,382,26083.3,32416.7
5268,280,25750,32683.3
5269,270,25683.3,32650
5270,260,25633.3,32666.7
5271,276,25716.7,32650
5272,268,25683.3,32616.7
5273,274,25700,32633.3
5274,273,25700,32616.7
5275,277,25733.3,32616.7
5276,265,25666.7,32666.7
5277,278,25733.3,32716.7
5278,283,25766.7,32733.3
5279,286,25800,32716.7
5280,285,25783.3,32733.3
5281,290,25816.7,32783.3
5282,288,25800,32800
5283,308,25900,32783.3
5284,292,25833.3,32766.7
5285,302,25883.3,32766.7
5286,315,25933.3,32750
5287,312,25916.7,32750
5288,306,25900,32733.3
5289,301,25883.3,32733.3
5290,311,25916.7,32733.3
5291,354,26050,32766.7
5292,410,26116.7,32783.3
5293,408,26116.7,32733.3
5294,337,26016.7,32766.7
5295,353,26050,32750
5296,1113,28197.8,33627.5
5297,613,26666.7,31666.7
5298,642,26733.3,31633.3
5299,657,26766.7,31550
5300,632,26716.7,31550
5301,622,26700,31516.7
5302,609,26666.7,31500
5303,583,26600,31566.7
5304,599,26633.3,31533.3
5305,538,26433.3,31216.7
5306,33,23483.3,32883.3
5307,23,23133.3,32750
5308,16,22750,32566.7
5309,100,24450,35200
5310,45,23958.1,35447.5
5311,114,24516.7,33150
5312,98,24450,33016.7
5313,99,24450,33050
5314,91,24416.7,32966.7
5315,117,24535.3,32903.1
5316,119,24550,32883.3
5317,120,24550,32916.7
5318,108,24500,32883.3
5319,149,24883.3,32850
5320,185,25183.3,32633.3
5321,186,25183.3,32683.3
5322,171,25066.7,32816.7
5323,169,25050,32866.7
5324,161,24980.3,32874.7
5325,182,25150,32733.3
5326,168,25050,32850
5327,177,25116.7,32750
5328,179,25133.3,32733.3
5329,264,25666.7,32633.3
5330,259,25633.3,32616.7
5331,293,25833.3,32816.7
5332,310,25900,32833.3
5333,324,25983.3,32816.7
5334,330,26000,32850
5335,403,26116.7,32466.7
5336,401,26116.7,32350
5337,253,25600,32466.7
5338,261,25650,32466.7
5339,249,25583.3,32466.7
5340,247,25566.7,32466.7
5341,246,25566.7,32450
5342,242,25550,32450
5343,222,25450,32483.3
5344,200,25266.7,32600
5345,145,24866.7,32833.3
5346,147,24866.7,32866.7
5347,148,24883.3,32833.3
5348,153,24900,32883.3
5349,160,24966.7,32866.7
5350,150,24883.3,32866.7
5351,159,24933.3,32866.7
5352,181,25150,32716.7
5353,164,25000,32883.3
5354,151,24900,32850
5355,156,24916.7,32850
5356,155,24916.7,32833.3
5357,146,24866.7,32850
5358,142,24850,32850
5359,166,25033.3,32850
5360,157,24932.5,32891.9
5361,167,25033.3,32866.7
5362,172,25066.7,32833.3
5363,163,25000,32866.7
5364,154,24900,32950
5365,173,25066.7,33783.3
5366,165,25000,33316.7
5367,134,24733.3,32916.7
5368,137,24766.7,32933.3
5369,123,24566.7,33033.3
5370,136,24738.9,32941.7
5371,143,24850,32866.7
5372,138,24783.3,32900
5373,152,24900,32866.7
5374,158,24933.3,32833.3
5375,162,24983.3,32900
5376,141,24833.3,32866.7
5377,135,24733.3,32933.3
5378,130,24683.3,32933.3
5379,132,24700,32933.3
5380,131,24700,32916.7
5381,139,24783.3,32916.7
5382,140,24800,32866.7
5383,129,24666.7,32950
5384,128,24666.7,32916.7
5385,126,24616.7,32950
5386,116,24533.3,33033.3
5387,106,24483.3,33016.7
5388,109,24500,33000
5389,103,24483.3,32883.3
5390,88,24416.7,32866.7
5391,83,24400,32900
5392,81,24383.3,32916.7
5393,79,24366.7,32900
5394,82,24400,32883.3
5395,78,24333.3,32916.7
5396,73,24250,32900
5397,92,24433.3,32883.3
5398,84,24400,32916.7
5399,102,24483.3,32866.7
5400,96,24450,32900
5401,85,24400,32983.3
5402,66,24200,32883.3
5403,43,23900,32850
5404,47,24016.7,32866.7
5405,35,23550,32866.7
5406,17,22766.7,32516.7
5407,18,22866.7,32583.3
5408,12,22650,32383.3
5409,11,22650,32016.7
5410,9,22633.3,31950
5411,13,22716.7,32066.7
5412,15,22750,32133.3
5413,5,22516.7,31866.7
5414,10,22633.3,32266.7
5415,14,22733.3,32166.7
5416,4,22500,31883.3
5417,7,22616.7,31950
5418,3,22366.7,31633.3
5419,2,22233.3,31566.7
5420,1,22216.7,31516.7
5421,8,22616.7,32416.7
5422,6,22600,32333.3
5423,22,23083.3,32683.3
5424,19,22983.3,32650
5425,24,23166.7,32733.3
5426,34,23533.3,32883.3
5427,38,23683.3,32883.3
5428,30,23383.3,32950
5429,29,23283.3,32866.7
5430,32,23433.3,32900
5431,42,23883.3,32883.3
5432,53,24087.5,32898.9
5433,51,24083.3,32883.3
5434,54,24100,32883.3
5435,44,23945.6,35484.2
5436,174,25083.3,34900
5437,113,24516.7,32950
5438,97,24450,32933.3
5439,80,24366.7,32916.7
5440,95,24433.3,32950
5441,86,24400,33033.3
5442,71,24250,32866.7
5443,76,24316.7,32900
5444,77,24316.7,32950
5445,64,24183.3,32883.3
5446,59,24133.3,32883.3
5447,52,24083.3,32916.7
5448,48,24050,32866.7
5449,41,23883.3,32866.7
5450,58,24133.3,32866.7
5451,68,24216.7,32883.3
5452,61,24150,32866.7
5453,49,24050,32883.3
5454,50,24066.7,32883.3
5455,60,24133.3,32900
5456,63,24150,32900
5457,69,24233.3,32866.7
5458,55,24116.7,32866.7
5459,56,24116.7,32883.3
5460,57,24116.7,32900
5461,62,24150,32883.3
5462,20,23050,32683.3
5463,27,23200,32833.3
5464,26,23200,32750
5465,39,23783.3,32916.7
5466,46,24000,32866.7
5467,37,23666.7,32883.3
5468,36,23550,32883.3
5469,28,23266.7,32933.3
5470,21,23050,32733.3
5471,25,23166.7,32766.7
5472,31,23400,32933.3
5473,40,23866.7,32900
5474,67,24216.7,32850
5475,65,24200,32850
5476,75,24283.3,32883.3
5477,70,24233.3,32883.3
5478,74,24266.7,32900
5479,72,24250,32883.3
5480,89,24416.7,32900
5481,87,24400.3,32930.6
5482,93,24433.3,32900
5483,94,24433.3,32916.7
5484,90,24416.7,32933.3
5485,105,24483.3,32966.7
5486,101,24479.2,32943.6
5487,125,24616.7,32933.3
5488,122,24566.7,32933.3
5489,104,24483.3,32916.7
5490,115,24533.3,32933.3
5491,124,24616.7,32900
5492,178,25133.3,32716.7
5493,202,25283.3,32583.3
5494,197,25250,32566.7
5495,192,25233.3,32583.3
5496,198,25250,32616.7
5497,193,25233.3,32650
5498,184,25166.7,32750
5499,176,25100,32783.3
5500,204,25300,32550
5501,196,25250,32550
5502,190,25216.7,32650
5503,180,25133.3,32783.3
5504,183,25166.7,32700
5505,199,25266.7,32583.3
5506,191,25216.7,32666.7
5507,216,25383.3,32566.7
5508,225,25466.7,32483.3
5509,235,25516.7,32450
5510,233,25500,32466.7
5511,254,25600,32500
5512,251,25583.3,32533.3
5513,257,25616.7,32550
5514,210,25366.7,32500
5515,209,25350,32550
5516,207,25333.3,32583.3
5517,206,25333.3,32533.3
5518,229,25483.3,32500
5519,236,25516.7,32500
5520,282,25766.7,32716.7
5521,263,25650,32633.3
5522,305,25900,32716.7
5523,300,25883.3,32716.7
5524,316,25933.3,32766.7
5525,318,25950,32783.3
5526,325,25983.3,32833.3
5527,323,25983.3,32766.7
5528,343,26033.3,32783.3
5529,344,26033.3,32800
5530,384,26083.3,32750
5531,416,26133.3,32700
5532,428,26150,32716.7
5533,452,26183.3,32666.7
5534,451,26183.3,32650
5535,440,26166.7,32650
5536,447,26183.3,32483.3
5537,436,26166.7,32466.7
5538,421,26150,32433.3
5539,420,26150,32416.7
5540,422,26150,32466.7
5541,423,26150,32483.3
5542,404,26116.7,32483.3
5543,460,26200,32633.3
5544,409,26116.7,32766.7
5545,417,26133.3,32766.7
5546,429,26150,32766.7
5547,643,26733.3,33933.3
5548,819,27233.3,33833.3
5549,1070,28078.6,34427.2
5550,1388,28967.5,34649.7
5551,1217,28483.3,34533.3
5552,1907,29910.8,33743.3
5553,1799,29486.4,34901.9
5554,1422,29033.3,34666.7
5555,1413,29016.7,34666.7
5556,1913,29916.7,33750
5557,2523,30465.3,33781.7
5558,1946,30000,34683.3
5559,1862,29686.1,34297.2
5560,1087,28116.7,34350
5561,998,27863.6,34288.1
5562,1126,28237.2,33613.9
5563,862,27350,31600
5564,774,27083.3,31400
5565,773,27083.3,31383.3
5566,760,27050,31350
5567,1160,28355.3,33100.8
5568,943,27633.3,33583.3
5569,1207,28473.6,33330.8
5570,1599,29266.7,32966.7
5571,1858,29666.7,31316.7
5572,1877,29750,31300
5573,1879,29766.7,31233.3
5574,1908,29916.7,31166.7
5575,1914,29933.3,31166.7
5576,1903,29900,31250
5577,1920,29950,31200
5578,1898,29883.3,31216.7
5579,1890,29833.3,31250
5580,1896,29866.7,31250
5581,1899,29883.3,31250
5582,1905,29900,31300
5583,2005,30100,31333.3
5584,2020,30116.7,31316.7
5585,2056,30159.7,31314.2
5586,2105,30207.5,31280.3
5587,2075,30179.4,31353.1
5588,2058,30163.1,31386.9
5589,2073,30178.6,31323.9
5590,2021,30116.7,31333.3
5591,1996,30083.3,31300
5592,2030,30133.3,31300
5593,1989,30075.3,31241.4
5594,1994,30083.3,31233.3
5595,2024,30119.2,31232.5
5596,2079,30183.1,31205.3
5597,2036,30136.9,31244.2
5598,2007,30100.8,31216.1
5599,2095,30200,31200
5600,2080,30183.3,31200
5601,2027,30122.5,31133.6
5602,2126,30225.8,31050.8
5603,2118,30218.9,31027.8
5604,2084,30184.2,31035
5605,2131,30233.3,31000
5606,2152,30253.3,31057.5
5607,2071,30176.4,31119.7
5608,2120,30220.3,30969.4
5609,2065,30169.4,31007.2
5610,2054,30155.8,31032.5
5611,2068,30175.6,31103.9
5612,2025,30119.4,31141.4
5613,2033,30133.6,31166.1
5614,2078,30182.5,31167.2
5615,2070,30175.8,31114.2
5616,1991,30079.7,31129.2
5617,2001,30094.4,31206.4
5618,1981,30061.7,31193.9
5619,1959,30031.7,31111.9
5620,1932,29983.3,31133.3
5621,1919,29950,31116.7
5622,1947,30004.4,31125
5623,1948,30004.7,31125
5624,1969,30045.6,31092.5
5625,1925,29966.7,31150
5626,1956,30021.1,31175.3
5627,1951,30016.7,31166.7
5628,1927,29966.7,31200
5629,1888,29816.7,31266.7
5630,1891,29833.3,31283.3
5631,1894,29850,31266.7
5632,1912,29916.7,31300
5633,1916,29933.3,31250
5634,1897,29866.7,31300
5635,1886,29800,31250
5636,1895,29850,31333.3
5637,1871,29733.3,31283.3
5638,1872,29733.3,31300
5639,1889,29816.7,31300
5640,1865,29700,31316.7
5641,1861,29683.3,31316.7
5642,1844,29616.7,31283.3
5643,1870,29716.7,31300
5644,1860,29683.3,31266.7
5645,1842,29616.7,31216.7
5646,1876,29750,31250
5647,1863,29700,31250
5648,1859,29683.3,31250
5649,1837,29600,31233.3
5650,1814,29516.7,31216.7
5651,1825,29533.3,31283.3
5652,1824,29533.3,31250
5653,1864,29700,31283.3
5654,1857,29666.7,31283.3
5655,1873,29733.3,31316.7
5656,1878,29750,31316.7
5657,1880,29766.7,31266.7
5658,1881,29766.7,31300
5659,1869,29716.7,31283.3
5660,1868,29716.7,31266.7
5661,1910,29916.7,31250
5662,1918,29933.3,31283.3
5663,1936,29983.3,31233.3
5664,1953,30016.7,31233.3
5665,1942,30000,31216.7
5666,1974,30050,31233.3
5667,1949,30008.6,31212.2
5668,1960,30033.3,31183.3
5669,1967,30040.3,31184.7
5670,1978,30050.3,31127.2
5671,1968,30043.1,31109.2
5672,1970,30049.7,31087.2
5673,1979,30052.5,31155.6
5674,1955,30018.3,31223.9
5675,1904,29900,31283.3
5676,1921,29950,31233.3
5677,1911,29916.7,31266.7
5678,1917,29933.3,31266.7
5679,1909,29916.7,31233.3
5680,1957,30026.1,31240.3
5681,1943,30000,31233.3
5682,1922,29950,31266.7
5683,1937,29983.3,31266.7
5684,1950,30013.9,31267.2
5685,1965,30034.7,31245.3
5686,1952,30016.7,31216.7
5687,1961,30033.3,31200
5688,1971,30049.7,31171.4
5689,2063,30168.9,31168.1
5690,2016,30112.8,31168.9
5691,2017,30115.8,31080.3
5692,2125,30224.7,31125.6
5693,2172,30268.3,31138.3
5694,2190,30285.3,31128.9
5695,2274,30347.5,31155.6
5696,2238,30319.4,31110.3
5697,2198,30294.4,31034.7
5698,2141,30238.9,31074.4
5699,2140,30237.5,31070.8
5700,2121,30222.2,31095.8
5701,2153,30253.3,31121.7
5702,2092,30198.1,31134.2
5703,2112,30216.7,31166.7
5704,2182,30280,31203.6
5705,2128,30230.3,31190.6
5706,2163,30265.8,31173.6
5707,2197,30294.2,31197.5
5708,2308,30365.8,31201.4
5709,2338,30382.8,31210.8
5710,2329,30378.9,31189.7
5711,2289,30351.9,31226.1
5712,2219,30309.7,31275.8
5713,2262,30336.9,31274.2
5714,2245,30326.9,31244.2
5715,2196,30293.6,31245
5716,2218,30307.5,31236.1
5717,2266,30339.7,31246.9
5718,2145,30247.5,31204.4
5719,2134,30233.3,31166.7
5720,2089,30196.1,31090.8
5721,2122,30222.2,31141.7
5722,2119,30219.4,31168.1
5723,2086,30191.4,31163.3
5724,2156,30255.3,31161.7
5725,2146,30248.3,31141.4
5726,2220,30311.1,31204.7
5727,2223,30315.3,31188.6
5728,2177,30273.3,31233.9
5729,2285,30350,31266.7
5730,2136,30233.3,31333.3
5731,2139,30236.7,31302.2
5732,2107,30215.6,31231.4
5733,2102,30204.2,31190.8
5734,2133,30233.3,31150.3
5735,2116,30217.8,31189.2
5736,2077,30181.7,31225.8
5737,2057,30160,31235.3
5738,2052,30154.4,31217.8
5739,2038,30140.8,31209.7
5740,2069,30175.6,31238.6
5741,2127,30227.8,31264.4
5742,2096,30200,31250
5743,2137,30234.7,31288.9
5744,2104,30206.7,31217.2
5745,2109,30216.4,31206.4
5746,2143,30243.9,31243.3
5747,2164,30266.4,31246.7
5748,2261,30335.6,31211.7
5749,2295,30359.4,31182.8
5750,2305,30363.9,31208.3
5751,2276,30348.3,31158.1
5752,2180,30278.1,31107.8
5753,2154,30254.2,31088.9
5754,2142,30243.9,31087.2
5755,2179,30276.4,31062.5
5756,2149,30250,31033.3
5757,2148,30248.9,31056.4
5758,2284,30350,31000
5759,2275,30347.8,31000.8
5760,2244,30326.1,31000.8
5761,2320,30369.4,31011.4
5762,2326,30374.7,31017.5
5763,2283,30350,30966.7
5764,2343,30383.3,30983.3
5765,2529,30466.7,30900
5766,2342,30383.3,30950
5767,2279,30350,30816.7
5768,2250,30333.3,30800
5769,2253,30333.3,30900
5770,2228,30316.7,30916.7
5771,2227,30316.7,30900
5772,2202,30300,30933.3
5773,2165,30266.7,30900
5774,2312,30366.7,30866.7
5775,2225,30316.7,30850
5776,2251,30333.3,30850
5777,2192,30286.9,31013.9
5778,2159,30257.2,31017.5
5779,2111,30216.7,31033.3
5780,2138,30235.6,31012.2
5781,2160,30257.5,31032.8
5782,2216,30306.9,31113.3
5783,2247,30329.7,31191.7
5784,2213,30303.9,31163.3
5785,2201,30299.2,31146.4
5786,2144,30244.7,31121.4
5787,2018,30116.1,31131.7
5788,2062,30167.5,31105.6
5789,2012,30105.6,31113.6
5790,2011,30104.7,31067.8
5791,2059,30165.3,31072.8
5792,2035,30136.9,31071.4
5793,2061,30167.5,31020.8
5794,2064,30169.2,31041.7
5795,2101,30201.7,31061.7
5796,2132,30233.3,31133.3
5797,2157,30256.7,31125.3
5798,2240,30321.7,31153.6
5799,2230,30316.7,31116.7
5800,2176,30271.1,31082.2
5801,2191,30286.1,31050.8
5802,2175,30270.8,31034.7
5803,2205,30300,30983.3
5804,2226,30316.7,30883.3
5805,2252,30333.3,30883.3
5806,2340,30383.3,30883.3
5807,2412,30416.7,30900
5808,2411,30416.7,30883.3
5809,2280,30350,30866.7
5810,2369,30400,30833.3
5811,2445,30433.3,30833.3
5812,2341,30383.3,30916.7
5813,2336,30381.7,31000.6
5814,2277,30348.9,31005.6
5815,2171,30268.1,31047.2
5816,2106,30215,31009.2
5817,2100,30201.4,31070
5818,2129,30231.1,31063.1
5819,2066,30174.7,31048.6
5820,2091,30198.1,31040
5821,2085,30184.7,31035
5822,2090,30197.2,31003.9
5823,2088,30195.8,31006.7
5824,2229,30316.7,30983.3
5825,2441,30430.8,31034.4
5826,2466,30442.8,31028.3
5827,2371,30400,30983.3
5828,2471,30444.7,31000.8
5829,2772,30534.4,30946.9
5830,2669,30507.2,30964.7
5831,2677,30511.4,30975.3
5832,2829,30550,30933.3
5833,2728,30524.4,30995
5834,2817,30546.4,31035.8
5835,2803,30544.2,31043.3
5836,2752,30533.3,31116.7
5837,2856,30552.8,31178.3
5838,2879,30560,31215.8
5839,2893,30566.7,31150
5840,2753,30533.3,31150
5841,2894,30566.7,31183.3
5842,2859,30553.9,31202.2
5843,2605,30491.1,31200
5844,2628,30498.6,31228.6
5845,2696,30516.7,31216.7
5846,2895,30566.7,31216.7
5847,3076,30619.4,31261.7
5848,3177,30650,31216.7
5849,3078,30620,31211.7
5850,3190,30651.4,31134.7
5851,3051,30616.7,31183.3
5852,3053,30616.7,31233.3
5853,3025,30605.3,31265.3
5854,3037,30611.1,31254.7
5855,2567,30478.9,31231.9
5856,2620,30496.4,31208.9
5857,2497,30452.8,31227.5
5858,2485,30450,31183.3
5859,2368,30399.7,31189.7
5860,2362,30391.9,31172.5
5861,2462,30440.3,31137.5
5862,2463,30440.3,31155.3
5863,2513,30460.8,31187.5
5864,2607,30491.7,31125.8
5865,2656,30504.2,31150
5866,2891,30566.7,31100
5867,2948,30583.3,31083.3
5868,3015,30602.2,31090.3
5869,2892,30566.7,31116.7
5870,2940,30579.4,31134.4
5871,2695,30516.7,31209.2
5872,2681,30513.1,31225.6
5873,2663,30506.1,31181.4
5874,2650,30502.8,31269.4
5875,2902,30566.7,31383.3
5876,2951,30583.3,31383.3
5877,2952,30583.3,31400
5878,2730,30525,31425
5879,2717,30522.2,31422.2
5880,2720,30522.8,31530.6
5881,2759,30533.3,31566.9
5882,2880,30560.8,31572.5
5883,2364,30394.2,31553.9
5884,2422,30416.7,31566.7
5885,2405,30415.6,31585.6
5886,2382,30401.1,31550.8
5887,2355,30385.6,31533.9
5888,2330,30380,31528.6
5889,2296,30359.4,31502.5
5890,2363,30392.5,31518.6
5891,2328,30376.4,31546.1
5892,2379,30400,31550
5893,2319,30366.7,31400
5894,2375,30400,31400
5895,2420,30416.7,31383.3
5896,2400,30414.2,31390
5897,2503,30455,31364.2
5898,2490,30450,31383.3
5899,2349,30383.3,31333.3
5900,2316,30366.7,31316.7
5901,2418,30416.7,31316.7
5902,2487,30450,31300
5903,2465,30442.5,31340.8
5904,2409,30416.4,31348.6
5905,2489,30450,31333.3
5906,2231,30316.7,31250
5907,2232,30316.7,31283.3
5908,2286,30350,31300
5909,2208,30300,31350
5910,2297,30360.6,31377.5
5911,2360,30391.1,31344.4
5912,2373,30400,31300
5913,2437,30428.6,31293.1
5914,2419,30416.7,31333.3
5915,2444,30431.9,31316.4
5916,2534,30466.7,31266.7
5917,2346,30383.3,31266.7
5918,2416,30416.7,31283.3
5919,2325,30373.6,31333.3
5920,2356,30386.9,31261.1
5921,2488,30450,31316.7
5922,2433,30425,31372.2
5923,2427,30419.4,31465.3
5924,2612,30494.2,31477.2
5925,2583,30483.3,31466.7
5926,2658,30504.2,31422.2
5927,2904,30566.7,31416.7
5928,2780,30537.2,31381.7
5929,2930,30575.8,31335
5930,2950,30583.3,31366.7
5931,3008,30600.3,31349.2
5932,2949,30583.3,31300
5933,2687,30515.8,31334.4
5934,2535,30466.7,31300
5935,2514,30460.8,31315
5936,2562,30476.9,31362.8
5937,2757,30533.3,31383.3
5938,2884,30563.9,31470.8
5939,2795,30541.7,31443.1
5940,2838,30550,31466.7
5941,2769,30534.2,31470.6
5942,2638,30500,31463.9
5943,2993,30598.6,31473.1
5944,3552,30733.3,31466.7
5945,3553,30733.3,31491.7
5946,3544,30732.8,31495
5947,3543,30731.9,31536.7
5948,3702,30763.9,31519.4
5949,3632,30748.6,31522.5
5950,3646,30750,31515.8
5951,3630,30748.3,31550.3
5952,3555,30733.3,31566.7
5953,3603,30741.9,31585.3
5954,3605,30743.3,31582.5
5955,3606,30743.9,31576.1
5956,3663,30752.8,31619.7
5957,3568,30734.7,31618.6
5958,3740,30773.6,31616.9
5959,3682,30757.2,31606.9
5960,3333,30686.9,31641.4
5961,3415,30707.2,31538.6
5962,3399,30701.1,31527.2
5963,3564,30733.9,31513.6
5964,3554,30733.3,31517.8
5965,3709,30765.3,31481.9
5966,3744,30775,31500
5967,3507,30722.2,31472.2
5968,3508,30722.8,31458.3
5969,3349,30691.7,31499.2
5970,3250,30666.9,31516.4
5971,3249,30666.9,31499.7
5972,3145,30638.9,31462.5
5973,3153,30643.1,31455.6
5974,3120,30633.3,31483.3
5975,3182,30650,31488.9
5976,3144,30638.6,31539.7
5977,3123,30633.6,31549.7
5978,3186,30650.3,31587.5
5979,3058,30616.7,31616.4
5980,3033,30606.9,31635
5981,3188,30650.8,31665.8
5982,3028,30606.1,31700.8
5983,3206,30656.7,31770.8
5984,3191,30651.7,31763.3
5985,3062,30616.7,31749.7
5986,3066,30616.9,31733.3
5987,3298,30681.7,31703.1
5988,3327,30685.3,31718.1
5989,3266,30671.1,31722.5
5990,3316,30683.3,31733.3
5991,3533,30729.7,31797.2
5992,3822,30790.3,31787.8
5993,3972,30816.7,31800
5994,4004,30822.8,31774.2
5995,3971,30816.7,31783.3
5996,3917,30806.9,31797.8
5997,3772,30781.7,31796.7
5998,3721,30766.7,31783.3
5999,3557,30733.3,31766.7
6000,3795,30783.9,31688.6
6001,3664,30752.8,31730.3
6002,4271,30879.4,31656.4
6003,4270,30879.2,31638.6
6004,4185,30862.5,31618.6
6005,4036,30828.6,31599.4
6006,3715,30766.4,31653.3
6007,3458,30715.8,31640
6008,3577,30737.8,31606.4
6009,3602,30741.7,31593.6
6010,3585,30738.9,31599.4
6011,3436,30711.7,31606.4
6012,3127,30634.2,31599.2
6013,3047,30616.4,31628.9
6014,3121,30633.3,31608.3
6015,2937,30578.9,31554.4
6016,3129,30634.7,31519.2
6017,3081,30620.8,31590.8
6018,3155,30643.3,31612.2
6019,3092,30626.1,31635.6
6020,3166,30647.2,31675
6021,3226,30663.6,31685.3
6022,3082,30620.8,31696.1
6023,3035,30610.3,31708.6
6024,3064,30616.7,31750.3
6025,3006,30600,31733.1
6026,3044,30615,31733.1
6027,3041,30612.8,31733.6
6028,3130,30635.3,31758.3
6029,3246,30666.7,31783.3
6030,3247,30666.7,31816.7
6031,3302,30683.1,31775.3
6032,3522,30727.2,31862.5
6033,3578,30737.8,31883.3
6034,3459,30715.8,31882.2
6035,3560,30733.3,31866.7
6036,3989,30818.6,31808.1
6037,4329,30889.7,31827.2
6038,4337,30891.1,31811.1
6039,4349,30893.1,31865
6040,4336,30890.8,31866.9
6041,4188,30863.6,31942.8
6042,4698,30961.1,32068.1
6043,4381,30899.7,32044.4
6044,4428,30905.6,32019.4
6045,4175,30860.6,31992.8
6046,4460,30911.7,31988.9
6047,4320,30887.5,31959.4
6048,4021,30826.1,31988.9
6049,3837,30794.7,31980.8
6050,3838,30794.7,31990.6
6051,3936,30811.4,31994.2
6052,3943,30812.5,32005.6
6053,4420,30904.4,31961.9
6054,4189,30863.6,32000.6
6055,4358,30895,32015.3
6056,4676,30955.6,32091.7
6057,4498,30916.7,32016.7
6058,4538,30926.9,31946.7
6059,4218,30866.7,32033.3
6060,4179,30861.1,32048.6
6061,4290,30882.5,32027.2
6062,4305,30883.3,32050
6063,4219,30866.7,32077.8
6064,4821,30988.9,32062.5
6065,1939,29983.3,32550
6066,1931,29966.7,32550
6067,1826,29533.3,31983.3
6068,1801,29491.1,31275
6069,1790,29466.7,31266.7
6070,1800,29486.7,31224.2
6071,1833,29583.3,31216.7
6072,1835,29583.3,31266.7
6073,1856,29666.7,31266.7
6074,1851,29650,31266.7
6075,1850,29650,31250
6076,1853,29650,31316.7
6077,1848,29633.3,31266.7
6078,1832,29566.7,31283.3
6079,1831,29566.7,31250
6080,1818,29516.7,31283.3
6081,1817,29516.7,31266.7
6082,1798,29483.3,31266.7
6083,1778,29450.8,31236.1
6084,1734,29407.5,31252.5
6085,1754,29425.8,31278.9
6086,1762,29433.3,31200
6087,1751,29416.7,31183.3
6088,1678,29363.9,31213.6
6089,1696,29374.2,31270.8
6090,1628,29309.2,31240
6091,1641,29316.7,31200
6092,1627,29305.6,31163.9
6093,1626,29300.3,31198.3
6094,1611,29294.4,31218.3
6095,1580,29250,31216.7
6096,1549,29216.7,31116.7
6097,1609,29289.7,31113.9
6098,1673,29350,31050
6099,1735,29416.1,31045.3
6100,1750,29416.7,31016.7
6101,1726,29400,31016.7
6102,1747,29416.7,30900
6103,1688,29366.7,30900
6104,1746,29416.7,30866.7
6105,1721,29400,30816.7
6106,1653,29333.3,30883.3
6107,1669,29350,30816.7
6108,1744,29416.7,30833.3
6109,1723,29400,30900
6110,1620,29300,30850
6111,1636,29316.7,30850
6112,1706,29383.3,30816.7
6113,1722,29400,30866.7
6114,1774,29450,30866.7
6115,1786,29466.7,30866.7
6116,1758,29433.3,30966.7
6117,1795,29483.3,30966.7
6118,1808,29500,30950
6119,1809,29500,31000
6120,1777,29450,31050
6121,1792,29482.8,31036.4
6122,1822,29533.3,30983.3
6123,1821,29533.3,30966.7
6124,1807,29500,30916.7
6125,1827,29550,30950
6126,1732,29403.9,31009.7
6127,1791,29480.3,31044.2
6128,1727,29400,31150
6129,1623,29300,31150
6130,1645,29331.1,31219.7
6131,1625,29300,31216.7
6132,1567,29233.3,31216.7
6133,1566,29233.3,31200
6134,1555,29227.8,31219.4
6135,1539,29206.9,31180.6
6136,1473,29123.6,31170.8
6137,1472,29116.7,31083.3
6138,1483,29133.3,31050
6139,1499,29165.3,31038.9
6140,1534,29200,30966.7
6141,1456,29100,30983.3
6142,1496,29150,30950
6143,1520,29183.3,30933.3
6144,1429,29050,30983.3
6145,1437,29066.7,30966.7
6146,1450,29091.7,31048.6
6147,1468,29116.7,31016.7
6148,1449,29091.7,31022.2
6149,1428,29050,30966.7
6150,1444,29072.2,31058.3
6151,1431,29050,31100
6152,1441,29066.7,31116.7
6153,1448,29088.9,31115.3
6154,1459,29105.6,31131.9
6155,1433,29056.9,31023.6
6156,1420,29033.3,31016.7
6157,1411,29016.7,31033.3
6158,1495,29150,30800
6159,1464,29116.7,30816.7
6160,1504,29166.7,30783.3
6161,1475,29133.3,30616.7
6162,1490,29150,30583.3
6163,1461,29116.7,30600
6164,1491,29150,30616.7
6165,1517,29183.3,30683.3
6166,1561,29233.3,30783.3
6167,1545,29216.7,30766.7
6168,1502,29166.7,30733.3
6169,1476,29133.3,30633.3
6170,1462,29116.7,30650
6171,1477,29133.3,30650
6172,1474,29133.3,30600
6173,1570,29250,30666.7
6174,1632,29316.7,30700
6175,1631,29316.7,30650
6176,1664,29350,30683.3
6177,1665,29350,30700
6178,1701,29383.3,30700
6179,1757,29433.3,30700
6180,1739,29416.7,30650
6181,1756,29433.3,30650
6182,1773,29450,30800
6183,1784,29466.7,30766.7
6184,1771,29450,30716.7
6185,1772,29450,30750
6186,1740,29416.7,30683.3
6187,1738,29416.7,30633.3
6188,1783,29466.7,30700
6189,1770,29450,30700
6190,1782,29466.7,30683.3
6191,1717,29400,30633.3
6192,1699,29383.3,30566.7
6193,1698,29383.3,30550
6194,1682,29366.7,30600
6195,1603,29283.3,30733.3
6196,1543,29216.7,30683.3
6197,1501,29166.7,30666.7
6198,1479,29133.3,30716.7
6199,1452,29100,30683.3
6200,1518,29183.3,30733.3
6201,1573,29250,30750
6202,1559,29233.3,30750
6203,1649,29333.3,30750
6204,1684,29366.7,30733.3
6205,1703,29383.3,30766.7
6206,1718,29400,30650
6207,1716,29400,30616.7
6208,1683,29366.7,30683.3
6209,1648,29333.3,30716.7
6210,1651,29333.3,30800
6211,1704,29383.3,30783.3
6212,1652,29333.3,30833.3
6213,1572,29250,30716.7
6214,1544,29216.7,30700
6215,1589,29266.7,30733.3
6216,1571,29250,30683.3
6217,1558,29233.3,30700
6218,1588,29266.7,30700
6219,1590,29266.7,30750
6220,1576,29250,30883.3
6221,1595,29266.7,30850
6222,1562,29233.3,30800
6223,1617,29300,30700
6224,1615,29300,30650
6225,1667,29350,30750
6226,1685,29366.7,30750
6227,1702,29383.3,30733.3
6228,1720,29400,30700
6229,1700,29383.3,30666.7
6230,1662,29350,30583.3
6231,1680,29366.7,30550
6232,1737,29416.7,30450
6233,1681,29366.7,30583.3
6234,1663,29350,30600
6235,1647,29333.3,30633.3
6236,1719,29400,30683.3
6237,1741,29416.7,30716.7
6238,1745,29416.7,30850
6239,1743,29416.7,30816.7
6240,1521,29183.3,30950
6241,1535,29200,30983.3
6242,1547,29216.7,30983.3
6243,1552,29218.1,31154.2
6244,1524,29188.9,31115.3
6245,1514,29181.9,31154.2
6246,1525,29188.9,31198.6
6247,1522,29183.3,31183.3
6248,1551,29216.7,31150
6249,1597,29266.7,31166.7
6250,1526,29195.8,31080.6
6251,1548,29216.7,31066.7
6252,1457,29100,31050
6253,1402,29000,31033.3
6254,1434,29063.9,31088.9
6255,1439,29066.7,31083.3
6256,1443,29069.4,31047.2
6257,1440,29066.7,31100
6258,1442,29066.7,31133.3
6259,1435,29063.9,31130.6
6260,1447,29083.3,31116.7
6261,1432,29054.2,31058.3
6262,1438,29066.7,31016.7
6263,1445,29075,31022.2
6264,1469,29116.7,31033.3
6265,1488,29148.6,31012.5
6266,1512,29170.8,31002.8
6267,1487,29147.2,31047.2
6268,1513,29180.6,31054.2
6269,1554,29227.8,31072.2
6270,1553,29227.8,31013.9
6271,1536,29200,31000
6272,1523,29188.9,31048.6
6273,1538,29200,31100
6274,1510,29166.7,30983.3
6275,1470,29116.7,31050
6276,1497,29150,31066.7
6277,1584,29265.6,31085
6278,1640,29316.7,31000
6279,1582,29258.1,31049.2
6280,1622,29300,30966.7
6281,1578,29250,31050
6282,1708,29383.3,31016.7
6283,1692,29366.7,31033.3
6284,1768,29446.4,31208.3
6285,1711,29387.8,31201.4
6286,1729,29400,31183.3
6287,1733,29407.5,31172.8
6288,1781,29465.8,31076.1
6289,1766,29443.3,31001.4
6290,1761,29433.3,31033.3
6291,1731,29403.1,31245.3
6292,1710,29383.3,31233.3
6293,1676,29350.6,31274.2
6294,1610,29293.1,31126.1
6295,1540,29211.1,31113.9
6296,1485,29140.3,31075
6297,1414,29022.2,31038.9
6298,1410,29016.7,31016.7
6299,1415,29030.6,31080.6
6300,1430,29050,31083.3
6301,1471,29116.7,31066.7
6302,1484,29133.3,31133.3
6303,1498,29150,31133.3
6304,1486,29141.7,31144.4
6305,1598,29266.7,31183.3
6306,1583,29258.3,31198.9
6307,1600,29280,31198.9
6308,1608,29283.3,31216.7
6309,1658,29337.8,31205.6
6310,1659,29346.9,31238.9
6311,1709,29383.3,31216.7
6312,1752,29417.2,31192.5
6313,1753,29421.1,31230.8
6314,1675,29350.3,31238.3
6315,1780,29462.5,31270.8
6316,1769,29447.5,31277.2
6317,1823,29533.3,31233.3
6318,1810,29500,31233.3
6319,1802,29497.5,31233.9
6320,1767,29444.7,31194.4
6321,1797,29483.3,31216.7
6322,1763,29433.3,31216.7
6323,1816,29516.7,31250
6324,1834,29583.3,31233.3
6325,1855,29666.7,31233.3
6326,1789,29466.7,31216.7
6327,1765,29434.4,31221.1
6328,1779,29457.8,31210.8
6329,1813,29516.7,31000
6330,1794,29483.3,30950
6331,1788,29466.7,31000
6332,1787,29466.7,30966.7
6333,1724,29400,30950
6334,1725,29400,30966.7
6335,1749,29416.7,30933.3
6336,1654,29333.3,30950
6337,1565,29233.3,30950
6338,1577,29250,30900
6339,1564,29233.3,30933.3
6340,1509,29166.7,30916.7
6341,1454,29100,30916.7
6342,1426,29050,30900
6343,1463,29116.7,30800
6344,1503,29166.7,30766.7
6345,1494,29150,30766.7
6346,1505,29166.7,30800
6347,1507,29166.7,30833.3
6348,1482,29133.3,30933.3
6349,1465,29116.7,30900
6350,1370,28933.3,31016.7
6351,1384,28966.7,31000
6352,1396,28983.3,31016.7
6353,1386,28966.7,31033.3
6354,1378,28950,31016.7
6355,1357,28900,31000
6356,1364,28916.7,30983.3
6357,1356,28900,30983.3
6358,1369,28933.3,31000
6359,1363,28916.7,30950
6360,1376,28950,30933.3
6361,1405,29016.7,30883.3
6362,1427,29050,30916.7
6363,1383,28966.7,30950
6364,1368,28933.3,30950
6365,1367,28933.3,30933.3
6366,1351,28883.3,30950
6367,1355,28900,30950
6368,1362,28916.7,30900
6369,1361,28916.7,30883.3
6370,1354,28900,30933.3
6371,1348,28883.3,30900
6372,1349,28883.3,30916.7
6373,1390,28983.3,30833.3
6374,1392,28983.3,30866.7
6375,1373,28950,30850
6376,1346,28883.3,30833.3
6377,1336,28850,30783.3
6378,1308,28733.3,30833.3
6379,1335,28833.3,30800
6380,1318,28766.7,30833.3
6381,1309,28733.3,30883.3
6382,1293,28683.3,30766.7
6383,1287,28666.7,30800
6384,1277,28648.6,30728.6
6385,1267,28623.9,30710
6386,1316,28766.7,30750
6387,1304,28731.4,30710
6388,1282,28661.1,30733.1
6389,1286,28666.7,30750
6390,1256,28600,30833.3
6391,1272,28633.3,30816.7
6392,1255,28600,30800
6393,1275,28636.4,30721.9
6394,1268,28629.2,30726.4
6395,1261,28615,30733.6
6396,1250,28583.3,30766.7
6397,1270,28633.3,30750
6398,1263,28616.7,30766.7
6399,1190,28433.3,30830.6
6400,1186,28430.6,30848.6
6401,1204,28466.7,30833.3
6402,1208,28475,30783.3
6403,1234,28529.4,30745.3
6404,1244,28556.1,30741.9
6405,1242,28550,30709.4
6406,1251,28583.3,30816.7
6407,1301,28700,30900
6408,1296,28683.3,30883.3
6409,1310,28733.3,30900
6410,1315,28750,30883.3
6411,1321,28783.3,30816.7
6412,1317,28766.7,30783.3
6413,1271,28633.3,30783.3
6414,1259,28610,30704.2
6415,1269,28630.6,30684.7
6416,1266,28621.9,30718.3
6417,1274,28633.9,30693.9
6418,1262,28615.6,30679.4
6419,1248,28582.8,30663.1
6420,1240,28535.3,30658.3
6421,1227,28503.6,30651.9
6422,1195,28450,30633.3
6423,1179,28416.7,30600
6424,1175,28400,30683.3
6425,1166,28366.7,30650
6426,1156,28350,30650
6427,1149,28333.3,30616.7
6428,1164,28366.7,30600
6429,1169,28383.3,30616.7
6430,1174,28400,30633.3
6431,1145,28316.7,30716.7
6432,1138,28279.2,30750.6
6433,1144,28300,30733.3
6434,1167,28366.7,30666.7
6435,1201,28466.7,30666.7
6436,1213,28483.3,30666.7
6437,1265,28618.6,30671.9
6438,1260,28611.1,30681.1
6439,1297,28696.7,30693.1
6440,1302,28702.5,30694.2
6441,1231,28522.2,30699.4
6442,1239,28535,30662.2
6443,1232,28524.7,30664.2
6444,1253,28594.2,30716.1
6445,1252,28593.3,30730.8
6446,1278,28650,30766.7
6447,1298,28700,30766.7
6448,1342,28866.7,30783.3
6449,1345,28883.3,30800
6450,1352,28900,30800
6451,1371,28950,30816.7
6452,1337,28850,30833.3
6453,1330,28816.7,30816.7
6454,1344,28866.7,30916.7
6455,1341,28850,30933.3
6456,1350,28883.3,30933.3
6457,1353,28900,30883.3
6458,1360,28916.7,30850
6459,1372,28950,30833.3
6460,1359,28916.7,30816.7
6461,1323,28783.3,30900
6462,1328,28800,30950
6463,1334,28816.7,30916.7
6464,1332,28816.7,30850
6465,1340,28850,30900
6466,1374,28950,30866.7
6467,1366,28933.3,30900
6468,1394,28983.3,30916.7
6469,1467,29116.7,30933.3
6470,1446,29083.3,30933.3
6471,1537,29200,31033.3
6472,1612,29299.7,31170
6473,1624,29300,31166.7
6474,1643,29321.1,31197.2
6475,1674,29350,31216.7
6476,1693,29366.7,31200
6477,1677,29355.8,31195.6
6478,1656,29333.3,31183.3
6479,1730,29400,31233.3
6480,1728,29400,31166.7
6481,1796,29483.3,31016.7
6482,1755,29431.4,31050.8
6483,1646,29331.4,31137.5
6484,1657,29337.5,31163.6
6485,1695,29373.1,31170
6486,1655,29333.3,31133.3
6487,1642,29318.6,31121.1
6488,1607,29283.3,31200
6489,1527,29198.6,31162.5
6490,1550,29216.7,31133.3
6491,1568,29241.7,31195.8
6492,1224,28500,31733.3
6493,978,27766.7,30916.7
6494,1001,27866.7,30816.7
6495,1025,27950,30766.7
6496,1032,27966.7,30800
6497,1028,27950,30833.3
6498,1021,27933.3,30866.7
6499,1033,27966.7,30833.3
6500,1040,27983.3,30850
6501,1039,27983.3,30833.3
6502,1020,27933.3,30850
6503,1011,27900,30816.7
6504,1029,27950,30850
6505,1043,28000,30816.7
6506,1051,28016.7,30816.7
6507,1096,28150,30750
6508,1115,28200,30665.3
6509,1139,28283.3,30733.3
6510,1161,28363.9,30758.3
6511,1147,28324.2,30766.4
6512,1146,28316.7,30750
6513,1176,28400,30733.3
6514,1187,28433.3,30683.3
6515,1197,28450,30683.3
6516,1168,28366.7,30716.7
6517,1181,28416.7,30700
6518,1212,28483.3,30650
6519,1196,28450,30666.7
6520,1142,28300,30683.3
6521,1151,28333.3,30716.7
6522,1083,28116.7,30666.7
6523,1094,28150,30679.2
6524,1100,28156.9,30670.8
6525,1077,28100,30650
6526,1088,28123.6,30654.2
6527,1080,28105.6,30600
6528,1053,28033.3,28650
6529,766,27066.7,27966.7
6530,1153,28350,28850
6531,1489,29150,25783.3
6532,1515,29183.3,25516.7
6533,1528,29200,25516.7
6534,1516,29183.3,25566.7
6535,1841,29616.7,26500
6536,1529,29200,25533.3
6537,1660,29350,25383.3
6538,1541,29216.7,25400
6539,1542,29216.7,25533.3
6540,6072,31203.1,27826.7
6541,6819,31350,27100
6542,5875,31171.1,27673.3
6543,5279,31068.1,27918.6
6544,5781,31156.7,27658.9
6545,5256,31066.7,28433.3
6546,3960,30816.7,28950
6547,3962,30816.7,29283.3
6548,4051,30833.3,29500
6549,4483,30916.7,29433.3
6550,4169,30859.7,29687.2
6551,4207,30866.7,29716.7
6552,4383,30900,29716.7
6553,4784,30983.3,29766.7
6554,5339,31078.9,29723.1
6555,5678,31140.6,29785.3
6556,6060,31200.6,29883.3
6557,5933,31180.6,29887.8
6558,5991,31187.8,29900.8
6559,6002,31191.7,29911.9
6560,5833,31165.6,29873.9
6561,5112,31038.1,29826.9
6562,4948,31013.6,29805.3
6563,4962,31015.6,29872.2
6564,4898,31004.7,29796.7
6565,4837,30993.3,29783.6
6566,4893,31004.2,29720.8
6567,4441,30909.2,29735
6568,4528,30924.7,29775.8
6569,4487,30916.7,29600
6570,4634,30946.4,29629.7
6571,4297,30883.3,29716.7
6572,4618,30943.1,29835.8
6573,4150,30855,29789.2
6574,3895,30802.8,29602.2
6575,4003,30822.8,29620.8
6576,4573,30933.3,29500
6577,4713,30966.7,29550
6578,4298,30883.3,29733.3
6579,4350,30893.6,29720.3
6580,4382,30900,29683.3
6581,4601,30938.9,29739.7
6582,4716,30966.7,29766.7
6583,4369,30898.6,29743.3
6584,4765,30977.8,29763.3
6585,4330,30890,29756.1
6586,4810,30986.7,29755
6587,4835,30992.5,29766.7
6588,5216,31057.8,29837.8
6589,5507,31108.6,29785
6590,6079,31204.7,29959.2
6591,6068,31202.5,30026.9
6592,6075,31203.6,30037.5
6593,6034,31197.2,30014.7
6594,5925,31179.7,29936.1
6595,6118,31212.2,29924.7
6596,6045,31200,29916.7
6597,6058,31200.3,29985.8
6598,6208,31229.2,30019.2
6599,6227,31233.3,30000
6600,6361,31256.7,29986.4
6601,6322,31250,30000
6602,6415,31266.7,30000
6603,6406,31265.3,30018.3
6604,5458,31100,30016.7
6605,5499,31107.5,30021.7
6606,4994,31018.6,29924.4
6607,4830,30991.4,29830.3
6608,4852,30997.2,29949.7
6609,4762,30977.2,29927.2
6610,4930,31010.6,29854.2
6611,4899,31005.3,29895.3
6612,4769,30978.6,29808.9
6613,5237,31062.2,29819.4
6614,5280,31068.1,29834.4
6615,5899,31175.6,29878.3
6616,6039,31198.1,29919.2
6617,5363,31083.3,29983.3
6618,5048,31028.1,29966.1
6619,5224,31059.2,30093.6
6620,5166,31049.2,30088.3
6621,5171,31050,30150
6622,5206,31055.3,30220
6623,5031,31024.2,30206.7
6624,4816,30987.8,30175.6
6625,4932,31010.8,30192.5
6626,4712,30966.4,30249.2
6627,4909,31006.9,30219.7
6628,4462,30912.8,30249.4
6629,4474,30914.7,30076.1
6630,4577,30933.3,30116.7
6631,4340,30891.7,30120.3
6632,3500,30720.8,30108.3
6633,4616,30941.9,30108.3
6634,5130,31041.1,30265.3
6635,5078,31033.3,30266.7
6636,5110,31037.2,30267.5
6637,4995,31018.6,30338.9
6638,4578,30933.3,30216.1
6639,4540,30928.3,30183.3
6640,4439,30908.3,30177.5
6641,4257,30876.7,30163.6
6642,4785,30983.3,30183.3
6643,4687,30959.4,30152.8
6644,4838,30993.6,30198.6
6645,5459,31100,30050
6646,5170,31050,30083.3
6647,4764,30977.5,30055
6648,4739,30971.1,30173.6
6649,4778,30982.2,29976.4
6650,5108,31036.7,29912.8
6651,5199,31053.3,29940.8
6652,6220,31232.2,29963.9
6653,6207,31229.2,29984.4
6654,6213,31230,29970.6
6655,6286,31242.2,29966.4
6656,6274,31240.3,29968.6
6657,6226,31233.3,29950
6658,6172,31221.9,29934.2
6659,6067,31202.2,29931.1
6660,6197,31226.9,29952.5
6661,6032,31196.9,30050.8
6662,6030,31196.4,30056.7
6663,6134,31214.7,30025.8
6664,6144,31216.7,30033.3
6665,6199,31227.5,30035
6666,6016,31194.4,30079.7
6667,6250,31235.6,30115.3
6668,5843,31166.7,30133.3
6669,5647,31135.3,30101.7
6670,5541,31116.7,30116.7
6671,5460,31100,30083.3
6672,5728,31148.1,29997.2
6673,5364,31083.3,30116.7
6674,5413,31089.7,30088.9
6675,5315,31073.6,30195.8
6676,5172,31050,30166.7
6677,5330,31076.4,30212.2
6678,5258,31066.7,30216.7
6679,5148,31045.3,30170.8
6680,4509,30919.4,30135.8
6681,4650,30950,30066.7
6682,4631,30945.8,29972.8
6683,4386,30900,30016.7
6684,4529,30924.7,29990
6685,4668,30954.4,30023.1
6686,4361,30896.4,30349.7
6687,4482,30916.4,30351.1
6688,4293,30883.1,30412.2
6689,4267,30878.9,30437.5
6690,3982,30817.5,30470.3
6691,3955,30815.3,30526.4
6692,3980,30817.2,30598.1
6693,3883,30800.8,30591.4
6694,3810,30789.2,30608.9
6695,3669,30753.3,30651.7
6696,3670,30753.6,30633.9
6697,3668,30753.1,30626.4
6698,3932,30810.3,30686.4
6699,4139,30851.4,30694.4
6700,4081,30836.9,30655
6701,4079,30836.4,30641.9
6702,3948,30813.6,30648.6
6703,4026,30827.5,30624.7
6704,4076,30836.1,30641.7
6705,3857,30798.3,30675.8
6706,3690,30761.1,30670.8
6707,3654,30750.8,30711.4
6708,3749,30776.4,30713.9
6709,3701,30763.6,30713.6
6710,3581,30738.9,30745.8
6711,3460,30716.4,30704.2
6712,3538,30730.6,30654.2
6713,3448,30713.9,30637.5
6714,3490,30718.9,30645.6
6715,3432,30710.8,30647.8
6716,3343,30690.3,30631.9
6717,3505,30721.7,30676.4
6718,3570,30735.3,30700.6
6719,3511,30724.4,30652.8
6720,3746,30775.8,30672.8
6721,4018,30825.8,30665
6722,4030,30827.8,30636.1
6723,4152,30855.6,30615.3
6724,4198,30865.3,30617.2
6725,4194,30865,30577.2
6726,4442,30909.2,30516.9
6727,4341,30891.7,30526.4
6728,4312,30884.7,30502.8
6729,4322,30888.1,30492.5
6730,4544,30929.2,30533.6
6731,4309,30884.4,30560.6
6732,4338,30891.4,30611.7
6733,3850,30796.9,30589.4
6734,3935,30811.4,30591.1
6735,3825,30791.1,30618.6
6736,3928,30810,30591.7
6737,4170,30859.7,30609.7
6738,4006,30823.6,30504.2
6739,3944,30812.8,30570.8
6740,3964,30816.7,30555.6
6741,4022,30826.4,30520.8
6742,4034,30828.3,30466.9
6743,3934,30811.4,30466.7
6744,3699,30763.3,30503.1
6745,3698,30763.1,30536.9
6746,3109,30633.3,30383.3
6747,3695,30761.4,30470.6
6748,4014,30824.7,30559.2
6749,4063,30833.6,30578.3
6750,4129,30850,30594.7
6751,4402,30901.1,30593.1
6752,4491,30916.7,30583.3
6753,4598,30938.6,30550.6
6754,4458,30911.7,30544.4
6755,4501,30918.1,30568.1
6756,4526,30923.6,30573.6
6757,4492,30916.7,30600
6758,4521,30922.2,30558.6
6759,4735,30969.4,30595.8
6760,4603,30938.9,30612.5
6761,4370,30898.6,30638.3
6762,4408,30902.2,30641.4
6763,4325,30888.9,30577.8
6764,4433,30906.9,30548.1
6765,4416,30903.9,30590.6
6766,4275,30880.6,30591.1
6767,4480,30915.8,30645.6
6768,4095,30841.9,30677.2
6769,4210,30866.7,30683.3
6770,4310,30884.4,30731.9
6771,4404,30901.4,30735.8
6772,4246,30874.2,30748.1
6773,4279,30881.1,30767.2
6774,4176,30860.8,30734.4
6775,4046,30831.4,30741.7
6776,4324,30888.1,30735
6777,4259,30876.7,30740.6
6778,4332,30890.3,30733.6
6779,4087,30839.4,30722.2
6780,3824,30790.8,30736.7
6781,4009,30824.2,30607.8
6782,3842,30795.8,30610.6
6783,3806,30787.5,30632.8
6784,3767,30780.8,30647.8
6785,3793,30783.6,30704.2
6786,3828,30791.9,30638.6
6787,3845,30796.1,30645.8
6788,3860,30799.4,30637.5
6789,4117,30847.2,30729.4
6790,4093,30841.4,30675
6791,4334,30890.6,30709.7
6792,4476,30915,30735.8
6793,4597,30938.3,30702.2
6794,4779,30982.2,30646.4
6795,4727,30966.9,30606.9
6796,4907,31006.7,30618.9
6797,4773,30980.6,30672.2
6798,4811,30986.9,30684.7
6799,4599,30938.6,30657.8
6800,4557,30931.7,30656.1
6801,4699,30961.7,30659.7
6802,4754,30974.7,30673.9
6803,4641,30947.8,30665.6
6804,4502,30918.1,30620.8
6805,4197,30865.3,30547.2
6806,4112,30846.7,30544.4
6807,4149,30853.6,30561.4
6808,4089,30839.7,30570.3
6809,3574,30737.2,30556.9
6810,3599,30741.7,30564.2
6811,3731,30771.4,30520.6
6812,3612,30745.8,30609.7
6813,3501,30720.8,30586.7
6814,3711,30765.6,30592.5
6815,3773,30781.9,30554.2
6816,3827,30791.7,30543.1
6817,3464,30716.7,30352.8
6818,3527,30729.2,30391.7
6819,3335,30688.9,30375
6820,3029,30606.9,30629.2
6821,2976,30591.7,30616.9
6822,2481,30450,30516.7
6823,2278,30350,30350
6824,3348,30691.7,30586.1
6825,3184,30650.3,30500.3
6826,3152,30643.1,30651.4
6827,3151,30643.1,30601.4
6828,3214,30658.9,30545.6
6829,2224,30316.7,30416.7
6830,2684,30513.9,30382.5
6831,2310,30366.7,30350
6832,2946,30582.5,30069.4
6833,3274,30675,30145.8
6834,3406,30705.6,30149.7
6835,3373,30697.2,30029.2
6836,3566,30734.7,30075
6837,4191,30864.4,29818.6
6838,4143,30852.8,29839.2
6839,4255,30876.4,29878.1
6840,4042,30830.6,29857.2
6841,4321,30887.8,29898.1
6842,4119,30848.3,29928.3
6843,3805,30787.2,29802.8
6844,3958,30815.8,29808.9
6845,4123,30849.2,29876.9
6846,3303,30683.3,29855.6
6847,3264,30670.8,29916.7
6848,3095,30627.8,29968.1
6849,3405,30705.6,30008.3
6850,4163,30858.6,30152.2
6851,4387,30900,30216.7
6852,3953,30815,30261.7
6853,3580,30738.9,30251.4
6854,3620,30747.2,30216.7
6855,3407,30705.6,30308.3
6856,3374,30697.2,30231.9
6857,3173,30650,30116.1
6858,3324,30684.7,30084.7
6859,3227,30663.9,30075
6860,3368,30695.8,30072.2
6861,3342,30690.3,30130.6
6862,3492,30719.4,30250.6
6863,3877,30800.6,30316.1
6864,3848,30796.4,30361.4
6865,3748,30776.1,30422.8
6866,3889,30802.5,30370.6
6867,3410,30706.1,30521.4
6868,3209,30657.5,30556.9
6869,3036,30611.1,30569.7
6870,3362,30694.4,30593.1
6871,3547,30733.3,30616.7
6872,3685,30758.3,30620.3
6873,3900,30804.7,30529.7
6874,3856,30798.3,30519.4
6875,3741,30774.4,30461.7
6876,3832,30793.9,30512.5
6877,3923,30808.3,30547.8
6878,4429,30906.1,30645.8
6879,4500,30916.9,30622.8
6880,4854,30997.2,30640.6
6881,4809,30986.1,30595
6882,4839,30993.6,30584.7
6883,4997,31018.9,30597.5
6884,5058,31029.4,30590
6885,5439,31096.9,30532.5
6886,5415,31089.7,30563.1
6887,5300,31070.6,30546.1
6888,4710,30966.1,30530.3
6889,4553,30930.8,30537.5
6890,4355,30894.4,30590.8
6891,4313,30884.7,30587.5
6892,4365,30897.2,30582.2
6893,4352,30893.9,30593.9
6894,4412,30902.8,30601.9
6895,4228,30869.4,30585.6
6896,4144,30853.3,30610.3
6897,4251,30875.6,30644.4
6898,4452,30910.6,30659.2
6899,4378,30899.4,30667.2
6900,4652,30950,30666.7
6901,4593,30936.4,30668.1
6902,4681,30956.9,30684.7
6903,4823,30989.2,30683.9
6904,4750,30973.6,30615.3
6905,5041,31026.4,30665
6906,4660,30951.4,30694.4
6907,4733,30968.3,30699.7
6908,4695,30960.3,30701.4
6909,4881,31001.1,30773.6
6910,4859,30998.3,30776.4
6911,4886,31002.5,30754.7
6912,4987,31016.9,30761.4
6913,4861,30998.6,30710.3
6914,4728,30966.9,30731.1
6915,4570,30933.1,30735
6916,4430,30906.1,30746.4
6917,4448,30910,30755
6918,4455,30911.4,30780.6
6919,4548,30930,30730
6920,4413,30902.8,30723.6
6921,4230,30869.7,30702.2
6922,4262,30877.8,30675
6923,4391,30900,30683.3
6924,4450,30910.3,30661.1
6925,4367,30897.8,30683.6
6926,4155,30855.8,30617.5
6927,4102,30844.4,30626.7
6928,4010,30824.2,30633.6
6929,3965,30816.7,30599.2
6930,4111,30846.7,30526.1
6931,4208,30866.7,30533.3
6932,4165,30859.2,30525.8
6933,4281,30881.7,30485.8
6934,4380,30899.7,30490.3
6935,4461,30912.5,30504.7
6936,4753,30974.7,30476.4
6937,4800,30984.7,30464.4
6938,5197,31053.1,30342.8
6939,5261,31066.7,30300
6940,5273,31066.9,30298.9
6941,5175,31050,30300
6942,5096,31034.2,30322.5
6943,5049,31028.1,30305.6
6944,5209,31055.8,30357.5
6945,5465,31100,30350
6946,5511,31110,30336.4
6947,5584,31124.2,30324.2
6948,5489,31104.2,30299.4
6949,5278,31067.8,30281.7
6950,5142,31043.3,30284.2
6951,4844,30995.3,30338.6
6952,5119,31039.2,30360.8
6953,5024,31023.3,30338.3
6954,5151,31045.6,30346.1
6955,5370,31083.3,30366.7
6956,5368,31083.3,30316.7
6957,5464,31100,30300
6958,5314,31073.3,30263.6
6959,5463,31100,30250
6960,5711,31145.8,30226.1
6961,5544,31116.7,30233.3
6962,5754,31150.6,30168.1
6963,5823,31163.1,30179.2
6964,5657,31138.1,30178.1
6965,5612,31129.2,30198.3
6966,5543,31116.7,30200
6967,6022,31195.6,30398.6
6968,6081,31205,30379.4
6969,6426,31266.9,30202.2
6970,6137,31215,30130.6
6971,6321,31249.7,30139.2
6972,6636,31305.6,30299.2
6973,6696,31318.9,30413.3
6974,6719,31325.6,30379.4
6975,6720,31326.1,30406.7
6976,6541,31286.7,30239.7
6977,6417,31266.7,30233.3
6978,6500,31281.1,30232.5
6979,6547,31288.3,30276.4
6980,6543,31287.8,30366.9
6981,6693,31318.1,30396.9
6982,6559,31290.8,30354.4
6983,6443,31270.6,30351.9
6984,6073,31203.1,30322.2
6985,5880,31172.5,30347.2
6986,5961,31183.9,30335.6
6987,6035,31197.2,30355.6
6988,5972,31185.3,30340
6989,6041,31198.3,30325.6
6990,5573,31121.9,30266.4
6991,5737,31149.7,30243.9
6992,6435,31269.2,30212.2
6993,5739,31150,30250
6994,5928,31180,30235.3
6995,5981,31186.1,30367.8
6996,6029,31196.1,30386.9
6997,6305,31246.4,30314.4
6998,5970,31185,30273.3
6999,5629,31133.3,30316.7
7000,5740,31150,30333.3
7001,5767,31153.1,30383.1
7002,5691,31142.8,30326.7
7003,5800,31159.2,30357.5
7004,6043,31198.9,30400
7005,6120,31212.5,30409.4
7006,6268,31239.2,30425.6
7007,6206,31228.9,30456.1
7008,6430,31267.5,30464.7
7009,6377,31258.9,30459.4
7010,6323,31250,30466.7
7011,6474,31276.4,30466.4
7012,6318,31249.2,30450
7013,6444,31270.8,30414.4
7014,6553,31289.4,30443.6
7015,6620,31301.7,30434.7
7016,6927,31382.5,30436.7
7017,7035,31453.9,30419.7
7018,7031,31451.7,30420.8
7019,6971,31404.4,30416.4
7020,7026,31448.6,30401.1
7021,7024,31443.3,30385
7022,7039,31456.7,30416.9
7023,7001,31425,30396.9
7024,6838,31352.8,30447.5
7025,6832,31351.1,30436.1
7026,6893,31371.7,30451.1
7027,7005,31428.9,30395
7028,6867,31360.3,30401.7
7029,6896,31372.5,30428.1
7030,7037,31456.1,30400.3
7031,7025,31446.9,30391.7
7032,7006,31433.1,30396.1
7033,6934,31386.7,30423.1
7034,6936,31388.3,30423.9
7035,6948,31397.5,30433.3
7036,6978,31406.9,30445
7037,6977,31406.4,30491.7
7038,6987,31413.1,30429.2
7039,6985,31412.2,30431.9
7040,6917,31378.9,30483.3
7041,6943,31393.1,30490.8
7042,6960,31401.9,30495
7043,6894,31371.7,30456.7
7044,7020,31441.1,30424.4
7045,6901,31374.4,30561.4
7046,6961,31401.9,30503.3
7047,6957,31400.3,30483.6
7048,6928,31383.1,30491.7
7049,6866,31360,30486.7
7050,6850,31356.7,30493.3
7051,6773,31335.3,30511.9
7052,6582,31295.8,30543.3
7053,6659,31311.1,30524.7
7054,6892,31371.4,30498.1
7055,6930,31384.2,30491.4
7056,6962,31402.5,30488.3
7057,6786,31340,30458.9
7058,6703,31321.1,30431.4
7059,6575,31294.2,30446.7
7060,6362,31256.7,30465.6
7061,6368,31257.5,30441.9
7062,5804,31160.8,30462.2
7063,6069,31202.5,30547.2
7064,5755,31150.8,30556.7
7065,5618,31131.9,30559.4
7066,5870,31170.3,30545.6
7067,5982,31186.1,30541.4
7068,6674,31316.7,30508.1
7069,6503,31281.4,30490
7070,6580,31295,30518.9
7071,6410,31265.6,30476.1
7072,6427,31266.9,30491.4
7073,6304,31246.1,30493.3
7074,6431,31267.5,30480.6
7075,6229,31233.3,30483.3
7076,6221,31232.2,30489.4
7077,6115,31210.6,30498.6
7078,5971,31185,30489.7
7079,5929,31180,30509.2
7080,5466,31100,30450
7081,5433,31093.3,30414.7
7082,6097,31207.2,30423.1
7083,6288,31242.8,30443.1
7084,6418,31266.7,30397.8
7085,6704,31321.4,30383.1
7086,6769,31334.7,30403.1
7087,6874,31363.9,30454.2
7088,6921,31380,30445.8
7089,6692,31317.8,30454.2
7090,6480,31276.9,30445
7091,6395,31262.8,30416.4
7092,6353,31255,30412.5
7093,6429,31267.5,30436.4
7094,6730,31327.5,30480
7095,6792,31341.4,30486.7
7096,6779,31337.8,30549.2
7097,6918,31379.2,30546.4
7098,6733,31328.6,30625.6
7099,6667,31313.6,30614.7
7100,6534,31284.7,30633.1
7101,6550,31288.9,30650.3
7102,6512,31283.3,30650
7103,6358,31255.8,30716.9
7104,6170,31221.4,30697.2
7105,6175,31222.2,30699.4
7106,6136,31214.7,30704.7
7107,6023,31195.6,30653.6
7108,5926,31179.7,30645.6
7109,5896,31175.3,30650.6
7110,5707,31145.3,30608.3
7111,5789,31157.5,30678.6
7112,5725,31147.5,30661.9
7113,5727,31147.8,30687.8
7114,5812,31162.2,30660
7115,5985,31186.7,30673.9
7116,5883,31172.8,30684.4
7117,6316,31248.1,30620.3
7118,6511,31283.3,30616.7
7119,6583,31295.8,30627.8
7120,6726,31327.2,30661.9
7121,6805,31345,30711.9
7122,6711,31323.6,30730.6
7123,6809,31346.7,30743.3
7124,6860,31358.9,30707.2
7125,6784,31339.4,30735.3
7126,6727,31327.2,30687.8
7127,6664,31312.2,30683.6
7128,6817,31349.2,30688.9
7129,7064,31499.2,30777.8
7130,7091,31543.1,30858.3
7131,7089,31538.9,30841.7
7132,7088,31537.5,30841.7
7133,6595,31297.8,30790.8
7134,6489,31278.9,30812.8
7135,6531,31284.4,30832.5
7136,6441,31270,30827.8
7137,6188,31225.6,30821.1
7138,6178,31223.3,30801.7
7139,6260,31237.2,30814.2
7140,6339,31251.9,30870.8
7141,6637,31305.6,30788.6
7142,6625,31303.3,30792.5
7143,6739,31329.4,30786.9
7144,6788,31340.6,30767.8
7145,6705,31321.4,30778.3
