order,city_id,x,y
0,3944,53054.7,8750
1,4056,53089.7,8778.61
2,4063,53091.9,8713.06
3,3813,53017.2,8688.33
4,3717,52986.1,8701.67
5,3616,52955.8,8685.56
6,3571,52944.4,8657.78
7,3715,52985.8,8643.89
8,3451,52909.4,8573.33
9,3156,52804.7,8632.22
10,3126,52793.6,8614.44
11,3224,52834.2,8438.33
12,3150,52801.9,8402.22
13,3090,52774.7,8429.44
14,3067,52765.6,8435.83
15,2928,52711.1,8409.72
16,2552,52561.9,8353.33
17,2507,52547.2,8352.5
18,2333,52479.7,8309.72
19,2579,52571.7,8429.72
20,2708,52620,8461.11
21,2983,52733.3,8566.67
22,2861,52685.8,8574.44
23,2957,52722.2,8553.89
24,3006,52739.2,8540.28
25,3139,52797.5,8578.61
26,3266,52851.1,8503.89
27,3307,52866.7,8600
28,3152,52802.2,8564.72
29,3036,52754.7,8496.94
30,3622,52958.1,8480.56
31,3369,52888.1,8457.5
32,3335,52876.7,8381.67
33,3632,52961.1,8424.72
34,3611,52955,8370.28
35,3589,52949.2,8371.39
36,3886,53038.6,8328.06
37,3867,53033.3,8333.33
38,4076,53096.1,8343.06
39,4359,53172.8,8261.39
40,4371,53175.6,8264.44
41,4210,53133.1,8148.61
42,4071,53094.4,8150
43,4033,53082.8,8092.22
44,4512,53216.7,8050
45,4473,53203.3,8054.72
46,4552,53227.2,8048.33
47,4604,53238.9,8056.67
48,5144,53366.7,7933.33
49,5415,53422.8,7937.22
50,5335,53407.2,7884.17
51,5680,53616.7,7716.67
52,5725,53650,7700
53,5388,53416.7,7850
54,5360,53412.2,7836.11
55,5292,53397.5,7875.56
56,5217,53383.3,7862.22
57,4986,53330.3,7818.89
58,4982,53329.4,7812.78
59,4655,53250,7966.67
60,5064,53348.1,7984.72
61,4984,53329.7,8014.44
62,5027,53339.7,8016.94
63,5119,53360.8,7818.61
64,4880,53301.4,8012.22
65,5050,53344.4,7966.94
66,5093,53353.3,7974.72
67,5378,53415.6,7980.56
68,5142,53366.4,7974.17
69,5082,53351.1,7846.11
70,5429,53433.3,7966.67
71,5088,53352.8,8045.83
72,4361,53173.1,8087.5
73,4415,53188.1,8049.44
74,4549,53226.4,8068.61
75,4479,53206.1,8088.89
76,4402,53185.3,8098.06
77,4449,53197.5,8132.5
78,4444,53195.8,8393.61
79,4421,53189.2,8372.22
80,4558,53229.7,8331.67
81,4542,53224.7,8351.39
82,4271,53148.1,8335
83,4328,53163.3,8284.72
84,4264,53146.9,8298.06
85,4133,53111.7,8317.78
86,3872,53034.4,8338.89
87,3888,53038.9,8351.39
88,4005,53071.9,8380.28
89,3950,53056.9,8314.72
90,3604,52953.3,8265.83
91,3535,52932.8,8281.94
92,3544,52936.4,8354.17
93,3170,52807.8,8435.56
94,3172,52808.6,8588.06
95,3073,52767.5,8624.44
96,2971,52728.6,8767.5
97,3009,52741.4,8774.17
98,2910,52703.9,8864.17
99,3094,52776.1,8782.78
100,2892,52696.7,8815.56
101,3131,52795,8921.67
102,3282,52855.8,8993.89
103,3314,52867.8,9080.56
104,3182,52815.6,8966.67
105,3744,52994.4,8943.89
106,3527,52930.6,8989.72
107,4099,53103.1,9088.06
108,4089,53100,9066.67
109,4876,53300.6,9094.17
110,4805,53283.9,9046.67
111,4933,53317.5,9046.11
112,5178,53374.7,9186.11
113,5140,53366.1,9230.28
114,5278,53394.4,9334.44
115,5351,53410.8,9261.39
116,5566,53533.3,9283.33
117,5638,53583.3,9166.67
118,5714,53633.3,9100
119,5715,53633.3,9200
120,5831,53733.3,9166.67
121,6129,53932.2,9104.17
122,6023,53873.6,9100
123,5995,53859.4,9097.22
124,5852,53750,9116.67
125,5988,53856.1,9124.72
126,6109,53916.7,9152.78
127,6225,53958.3,9213.33
128,6670,54065.6,9181.67
129,6621,54049.4,9173.89
130,6542,54029.4,9209.44
131,6112,53916.9,9182.22
132,6169,53945.6,9171.67
133,6148,53940.8,9187.78
134,6127,53930.8,9189.44
135,6083,53903.3,9198.61
136,6121,53924.2,9195.28
137,6059,53898.3,9179.44
138,6095,53915.3,9096.39
139,6017,53868.3,9158.06
140,6028,53876.1,9142.78
141,5985,53853.9,9152.5
142,5812,53716.7,8883.33
143,5851,53750,9033.33
144,6042,53883.3,8983.33
145,5898,53783.3,8916.67
146,5850,53750,8950
147,6140,53933.3,8916.67
148,5935,53816.7,8816.67
149,5751,53666.7,8833.33
150,5712,53633.3,8833.33
151,5691,53616.7,8900
152,5692,53616.7,8966.67
153,5731,53650,9000
154,5516,53500,8750
155,5228,53385.8,8796.39
156,5198,53378.9,8810
157,4962,53324.2,8820
158,5058,53346.4,8860.56
159,4902,53308.9,8955.56
160,4996,53332.2,8925.28
161,4780,53278.6,8973.89
162,4977,53326.9,9139.44
163,4831,53288.9,9127.5
164,4670,53251.9,9149.72
165,4945,53320.6,9219.72
166,5103,53356.7,9070.56
167,5267,53393.1,9038.61
168,4758,53274.2,9132.5
169,4948,53321.1,9144.44
170,5163,53370.6,9134.72
171,5225,53384.4,9172.78
172,5030,53340.6,9203.61
173,5112,53359.2,9224.72
174,4834,53289.7,9230
175,4727,53266.7,9216.67
176,4690,53257.5,9212.5
177,4152,53116.7,9133.33
178,4191,53125.8,9119.44
179,3920,53049.4,9193.33
180,4219,53134.7,9205.83
181,4640,53246.7,9302.78
182,4653,53249.4,9350
183,5716,53633.3,9233.33
184,5616,53566.7,9233.33
185,5832,53733.3,9300
186,5900,53783.3,9383.33
187,5916,53800,9133.33
188,5773,53683.3,9183.33
189,5755,53666.7,9333.33
190,5774,53683.3,9333.33
191,5733,53650,9366.67
192,5567,53533.3,9366.67
193,5833,53733.3,9550
194,5918,53800,9516.67
195,6025,53875,9498.33
196,6081,53901.7,9628.61
197,6057,53896.9,9582.5
198,6416,54003.3,9538.06
199,6769,54087.2,9476.94
200,6607,54045.6,9394.17
201,7078,54180,9333.61
202,7081,54180.6,9410.28
203,7037,54165.6,9390.28
204,7416,54313.3,9503.33
205,7344,54277.2,9309.17
206,7225,54232.2,9292.22
207,7203,54221.9,9366.39
208,7233,54235,9573.61
209,7173,54207.8,9621.94
210,7289,54257.5,9384.44
211,7388,54297.8,9412.22
212,7396,54303.6,9411.94
213,7165,54205.6,9361.39
214,7069,54176.4,9354.17
215,7006,54154.4,9348.89
216,7032,54163.3,9346.11
217,6792,54091.4,9363.06
218,6957,54133.3,9316.67
219,6885,54114.7,9323.89
220,7235,54235.3,9214.72
221,7174,54208.1,9219.44
222,7147,54200,9216.67
223,7270,54250,9283.33
224,6879,54113.1,9290.56
225,7058,54171.7,9161.11
226,7412,54311.1,9315.28
227,7376,54291.7,9260
228,7403,54306.1,9321.67
229,7331,54271.4,9225.56
230,7206,54223.6,9092.22
231,7285,54253.6,9063.33
232,7287,54255.3,9223.06
233,7137,54198.1,9205.28
234,7395,54303.1,9267.22
235,7253,54242.5,9253.61
236,7296,54260.3,9327.5
237,7286,54254.4,9331.11
238,7117,54191.7,9203.61
239,6745,54081.1,9156.11
240,6660,54062.2,9109.17
241,6696,54070.3,9086.67
242,6622,54049.7,9082.78
243,6484,54018.3,9089.44
244,6713,54073.3,9042.78
245,6676,54066.7,9050
246,6477,54016.7,8983.33
247,6073,53900,9050
248,5984,53853.6,9044.44
249,6030,53880,9028.33
250,6093,53911.1,9020
251,6091,53908.1,9070.56
252,6280,53971.7,9033.06
253,6227,53958.6,8990.83
254,6186,53949.7,9043.89
255,6142,53934.2,9045.28
256,6552,54031.9,9118.33
257,6368,53992.2,9029.72
258,6396,53998.3,9103.33
259,6517,54025.3,9078.61
260,6504,54022.8,9140.28
261,6501,54021.7,9031.11
262,6210,53953.6,9072.78
263,6117,53920.8,9060.83
264,5978,53850,9000
265,6090,53908.1,9023.89
266,6868,54109.4,9027.5
267,6332,53985,8928.33
268,6355,53988.3,8906.67
269,6768,54086.9,8939.72
270,7323,54268.6,8783.06
271,7279,54252.8,8584.17
272,7448,54340.6,8527.22
273,7469,54375.6,8531.67
274,7424,54318.3,8476.67
275,7187,54213.6,8564.72
276,7072,54178.1,8599.72
277,7151,54202.2,8585.56
278,7310,54264.7,8657.5
279,7255,54243.9,8914.17
280,7190,54215,8931.67
281,7234,54235.3,8913.06
282,7134,54196.4,9023.06
283,7030,54162.8,9129.44
284,7121,54192.2,9071.67
285,6918,54121.4,8979.44
286,6979,54143.1,9115.28
287,6753,54083.1,9093.06
288,6864,54108.9,9151.11
289,6846,54105.3,9093.89
290,6949,54131.4,9110.83
291,6902,54118.6,9181.67
292,6888,54116.4,9201.39
293,6852,54106.1,9210.28
294,7082,54180.8,9283.89
295,7011,54156.4,9206.11
296,7097,54184.7,9180.28
297,7039,54166.4,9035.83
298,6948,54130.6,9051.39
299,7000,54150,9033.33
300,7076,54179.4,9100
301,7038,54165.8,9081.67
302,7318,54266.7,9033.33
303,7341,54276.4,9038.33
304,7356,54284.4,9326.94
305,7400,54304.2,9300.28
306,7417,54313.6,9333.33
307,7401,54304.4,9546.94
308,6561,54034.7,9394.17
309,6566,54036.7,9321.39
310,6525,54027.2,9321.67
311,6383,53995.8,9321.11
312,6435,54007.2,9320.56
313,6340,53985.8,9367.78
314,6489,54019.4,9395.56
315,6007,53866.4,9337.5
316,5969,53849.7,9371.67
317,6045,53885,9378.06
318,6328,53983.3,9323.89
319,6426,54005.3,9285.83
320,6965,54136.1,9326.11
321,6786,54090.8,9236.39
322,6804,54094.2,9206.67
323,6899,54116.7,9166.67
324,6812,54097.8,9225.56
325,6697,54070.3,9355
326,6461,54012.5,9403.61
327,6449,54010.3,9443.89
328,5958,53833.3,9466.67
329,5936,53816.7,9400
330,5617,53566.7,9483.33
331,5584,53550,9500
332,5878,53766.7,9400
333,5854,53750,9366.67
334,5790,53700,9283.33
335,5917,53800,9216.67
336,5853,53750,9233.33
337,6003,53865,9263.89
338,6029,53876.4,9249.72
339,6056,53896.7,9205.28
340,5957,53833.3,9233.33
341,5956,53833.3,9183.33
342,5999,53861.4,9211.67
343,6196,53950.3,9136.94
344,6204,53952.2,9107.5
345,6327,53983.3,9116.67
346,6239,53961.1,9113.61
347,6389,53997.2,9072.78
348,6438,54008.1,9140.83
349,6422,54004.7,9181.67
350,6652,54058.9,9213.61
351,6399,53999.7,9157.78
352,6281,53971.7,9146.11
353,6486,54018.9,9175.28
354,6695,54070,9217.5
355,6235,53960.6,9249.72
356,6236,53960.8,9318.06
357,6061,53899.2,9319.17
358,5791,53700,9550
359,5775,53683.3,9516.67
360,5987,53854.7,9497.22
361,6118,53921.1,9563.89
362,6088,53906.7,9512.78
363,6487,54018.9,9563.61
364,6590,54040.6,9486.39
365,7007,54154.7,9760
366,7099,54185,9828.33
367,7157,54203.1,9819.17
368,7178,54211.1,9826.39
369,7065,54174.4,9793.89
370,6955,54132.8,9845
371,6848,54105.6,9943.61
372,7162,54205.3,9928.61
373,7112,54190.6,9905
374,6873,54110.8,9898.89
375,7199,54220.8,9843.61
376,6226,53958.3,9966.67
377,6508,54023.6,9826.39
378,7048,54167.8,9828.33
379,7175,54208.1,9859.17
380,7311,54265,9861.94
381,7415,54312.5,9842.5
382,7305,54263.3,10011.7
383,7242,54238.9,9998.61
384,7330,54271.1,10029.7
385,7358,54284.7,9993.06
386,7435,54330.6,9790.28
387,7394,54300.3,9786.39
388,6980,54143.1,9740.28
389,6123,53926.4,9459.72
390,6262,53966.7,9300
391,6287,53973.6,9211.67
392,7005,54154.4,9126.94
393,6924,54122.2,9080.83
394,6995,54148.6,9091.94
395,7366,54287.8,9037.78
396,7146,54200,9185.56
397,7129,54193.6,9116.39
398,7214,54227.2,9034.44
399,7230,54233.3,9200.28
400,7124,54192.5,9171.39
401,7373,54289.7,9018.89
402,7351,54282.5,8983.89
403,7244,54239.2,9056.11
404,7194,54216.7,9100
405,7003,54151.1,9152.22
406,6723,54076.7,9078.33
407,6795,54091.9,9038.61
408,6448,54010.3,8937.22
409,6455,54011.7,8961.39
410,6192,53950,8950
411,6230,53959.2,8895.28
412,6208,53953.3,8886.67
413,6072,53900,8916.67
414,5877,53766.7,8766.67
415,6041,53883.3,8800
416,6167,53945.3,8821.39
417,6690,54069.2,8865.56
418,6710,54072.5,8850.83
419,6585,54039.7,8842.5
420,6559,54033.3,8900
421,6650,54058.6,8803.33
422,6476,54016.7,8766.67
423,6248,53963.6,8711.11
424,6615,54048.1,8687.5
425,6617,54048.6,8602.22
426,6255,53965.6,8504.44
427,6719,54074.7,8450.56
428,6731,54078.9,8413.89
429,6070,53900,8583.33
430,6179,53948.1,8546.94
431,6428,54005.8,8500
432,6483,54018.3,8524.17
433,6294,53975.8,8560.28
434,6233,53960.3,8418.06
435,6177,53947.5,8391.94
436,6228,53958.9,8287.78
437,6251,53964.4,8050.28
438,6334,53985.6,8003.89
439,6240,53961.4,7936.67
440,5874,53766.7,7833.33
441,5875,53766.7,8050
442,5844,53750,7916.67
443,5807,53716.7,7966.67
444,5683,53616.7,7866.67
445,5609,53566.7,7766.67
446,5632,53583.3,7800
447,5707,53633.3,7833.33
448,5765,53683.3,7883.33
449,5684,53616.7,8050
450,5580,53550,8050
451,5748,53666.7,7983.33
452,5893,53783.3,8033.33
453,5933,53816.7,8050
454,5827,53733.3,7916.67
455,6178,53948.1,7844.17
456,6013,53866.7,7916.67
457,5828,53733.3,7983.33
458,5657,53600,7866.67
459,5745,53666.7,7633.33
460,5705,53633.3,7683.33
461,5655,53600,7766.67
462,5746,53666.7,7700
463,5706,53633.3,7700
464,5608,53566.7,7700
465,5747,53666.7,7766.67
466,5681,53616.7,7800
467,5656,53600,7833.33
468,5826,53733.3,7800
469,5682,53616.7,7833.33
470,5558,53533.3,7783.33
471,5631,53583.3,7650
472,4823,53287.8,7658.61
473,4677,53254.2,7651.94
474,4643,53247.2,7687.5
475,4483,53207.5,7721.67
476,4340,53166.7,7733.33
477,4266,53147.2,7766.67
478,4072,53095.6,7721.39
479,4318,53161.1,7720.83
480,4105,53104.2,7736.11
481,3995,53070.6,7795.56
482,4045,53086.4,7802.5
483,4091,53100.6,7803.61
484,4501,53212.5,7805
485,4426,53190.6,7775.28
486,4428,53190.8,7714.44
487,4052,53088.9,7624.17
488,4260,53146.1,7475.83
489,4346,53169.2,7425.56
490,4358,53172.8,7475
491,4539,53224.4,7481.11
492,5094,53353.6,7419.17
493,4912,53311.4,7264.72
494,5022,53338.6,7242.5
495,5048,53344.2,7247.78
496,5352,53411.1,7201.11
497,5038,53342.2,7133.06
498,5032,53341.1,7105.56
499,5325,53404.7,7160.28
500,4901,53308.9,7075.28
501,4707,53261.7,7088.06
502,4740,53270,7122.5
503,4930,53316.4,7107.5
504,4951,53321.4,7117.78
505,4954,53322.5,7047.78
506,5117,53360.3,7045.83
507,5435,53434.2,6987.5
508,5445,53447.2,7023.61
509,5674,53610.6,7092.5
510,5782,53698.3,7078.33
511,5938,53817.8,7134.72
512,5889,53783.3,7400
513,5871,53766.7,7450
514,5949,53833.3,7433.33
515,5825,53733.3,7500
516,5873,53766.7,7633.33
517,5425,53433.3,7583.33
518,5372,53414.2,7633.61
519,5514,53500,7816.67
520,6038,53883.3,7766.67
521,6190,53950,7783.33
522,6345,53986.7,7808.06
523,6500,54021.4,7757.78
524,6102,53916.7,7633.33
525,6211,53953.9,7716.11
526,6278,53971.4,7752.5
527,6452,54011.4,7707.78
528,6313,53980.6,7698.06
529,6232,53960.3,7724.44
530,6037,53883.3,7716.67
531,6371,53992.8,7967.78
532,6104,53916.7,7866.67
533,6256,53965.8,7894.44
534,6521,54026.7,7884.72
535,6480,54017.8,7943.33
536,6573,54037.8,8026.67
537,6625,54050,8033.33
538,6714,54074.2,8036.67
539,6666,54064.2,8028.61
540,7105,54186.1,8099.72
541,6831,54101.7,8095
542,6933,54125.6,8084.72
543,6538,54028.3,8118.33
544,6405,54000,8083.33
545,6304,53979.2,8098.06
546,5808,53716.7,8050
547,5895,53783.3,8250
548,5829,53733.3,8083.33
549,5975,53850,8200
550,6540,54028.6,8278.89
551,6468,54014.7,8224.44
552,6139,53933.3,8250
553,6014,53866.7,8400
554,5788,53700,8466.67
555,5727,53650,8416.67
556,5876,53766.7,8500
557,5473,53466.7,8500
558,5562,53533.3,8466.67
559,5809,53716.7,8416.67
560,5687,53616.7,8466.67
561,6040,53883.3,8683.33
562,5847,53750,8516.67
563,5977,53850,8633.33
564,6105,53916.7,8300
565,6752,54083.1,8275
566,7021,54158.6,8369.44
567,6856,54107.5,8489.72
568,7094,54183.3,8500
569,7015,54157.2,8605
570,6638,54053.3,8525.56
571,6260,53966.7,8616.67
572,6301,53978.1,8617.5
573,6391,53997.5,8722.22
574,6415,54003.3,8769.44
575,6290,53974.2,8864.17
576,6646,54055.8,8903.06
577,6558,54033.3,8850
578,6578,54038.3,8873.33
579,6785,54090.8,8934.17
580,6842,54104.7,8855.56
581,6706,54071.9,8819.72
582,6592,54040.8,8925
583,6564,54035.8,8985
584,6329,53983.6,8959.44
585,6524,54026.9,9039.44
586,7186,54213.3,8991.94
587,7252,54242.2,9000.56
588,7075,54178.9,8973.33
589,7238,54235.8,8996.11
590,6870,54110,8995.28
591,6433,54006.7,8825.56
592,6354,53988.3,8835
593,5813,53716.7,9000
594,5753,53666.7,8966.67
595,5636,53583.3,9016.67
596,5772,53683.3,9000
597,5664,53600,9066.67
598,5581,53550,9016.67
599,5518,53500,9016.67
600,5476,53466.7,9100
601,5455,53450,9083.33
602,5261,53392.5,9066.39
603,5393,53416.7,9150
604,5637,53583.3,9116.67
605,5520,53500,9500
606,5222,53383.9,9500.56
607,5545,53516.7,9600
608,5259,53391.7,9615.56
609,5250,53390.3,9666.39
610,4638,53246.4,9612.78
611,4853,53295.8,9594.44
612,4924,53314.4,9585
613,4839,53290.8,9546.94
614,4745,53270.8,9551.11
615,4128,53110.3,9662.78
616,4094,53101.9,9648.33
617,4198,53128.1,9738.06
618,2805,52659.7,9654.44
619,2450,52525,9490
620,2369,52495.8,9575.83
621,2400,52504.4,9658.61
622,2521,52550.8,9560.56
623,2167,52416.7,9687.5
624,1894,52321.4,9552.22
625,1915,52332.8,9502.5
626,1746,52279.2,9505
627,1657,52256.7,9539.72
628,1605,52241.7,9656.94
629,1661,52257.5,9620.83
630,1675,52260.3,9658.61
631,2094,52391.9,9558.61
632,2030,52369.2,9563.61
633,2200,52429.2,9541.11
634,2327,52476.9,9505
635,2307,52470.8,9541.11
636,2299,52467.5,9535.28
637,2353,52490.3,9528.06
638,2172,52417.5,9565.56
639,2257,52451.9,9570.83
640,2542,52558.6,9464.44
641,2361,52491.7,9487.78
642,2058,52380.3,9424.44
643,1883,52318.3,9382.5
644,2044,52373.9,9370
645,1639,52250,9583.33
646,1665,52258.9,9577.22
647,1447,52197.2,9571.67
648,1460,52200,9550
649,1394,52182.8,9535.28
650,1339,52166.7,9550
651,1262,52150,9583.33
652,1736,52277.5,9737.22
653,1629,52247.2,9733.33
654,1194,52133.9,9770
655,1588,52238.9,9802.5
656,1146,52117.8,9800
657,1123,52112.8,9854.44
658,1128,52116.1,9828.06
659,954,52048.6,9857.5
660,995,52063.6,9699.44
661,1341,52166.7,9700
662,1405,52183.3,9750
663,1141,52116.7,9633.33
664,1321,52163.9,9738.89
665,1673,52260,9708.06
666,1685,52264.7,9674.72
667,2142,52407.2,9715.56
668,2158,52413.3,9731.94
669,2089,52388.9,9685
670,1819,52300,9700
671,1564,52230.6,9650
672,1560,52229.4,9599.44
673,1475,52203.3,9506.39
674,1529,52218.1,9491.39
675,912,52029.4,9444.44
676,1092,52100,9466.67
677,1693,52266.7,9366.67
678,1837,52306.4,9353.06
679,1783,52288.6,9359.44
680,1596,52240.3,9400.28
681,1542,52222.5,9410
682,1832,52304.4,9404.44
683,1970,52350,9500
684,1856,52310.8,9348.06
685,2113,52397.2,9489.72
686,2196,52428.1,9442.22
687,2123,52400,9366.67
688,1989,52354.7,9344.17
689,2000,52358.9,9332.22
690,1830,52304.2,9290
691,1872,52316.7,9266.67
692,2346,52485.3,9089.44
693,2463,52532.2,9084.72
694,2470,52533.3,9028.61
695,2469,52533.3,8875.56
696,2705,52616.7,8883.33
697,2288,52465.6,8965.28
698,2047,52375.3,9042.22
699,1668,52259.4,9159.44
700,1935,52337.2,9224.17
701,1871,52316.7,9233.33
702,1577,52234.2,9100.83
703,1619,52243.3,9101.94
704,1258,52150,9050
705,1385,52179.4,9080.56
706,1058,52087.2,9161.39
707,1033,52079.4,9175.56
708,1383,52179.2,9035.83
709,1430,52191.7,9027.78
710,1645,52251.9,9025.28
711,1135,52116.7,9116.67
712,1369,52174.4,9082.78
713,1134,52116.7,9033.33
714,1453,52199.4,9205.28
715,1363,52173.3,9223.89
716,1074,52093.6,9206.94
717,984,52058.6,9305.56
718,1004,52066.7,9283.33
719,1049,52083.3,9216.67
720,1403,52183.3,9400
721,1364,52173.3,9404.44
722,894,52015.6,9451.11
723,715,51933.3,9450
724,965,52050,9450
725,966,52050,9516.67
726,1158,52125,9523.06
727,1274,52151.7,9600
728,1325,52165,9605.83
729,1404,52183.3,9583.33
730,1099,52103.6,9513.61
731,1061,52088.6,9635.83
732,605,51893.3,9750.56
733,593,51888.1,9771.67
734,731,51939.2,9763.61
735,1126,52113.3,9743.33
736,1565,52230.8,9873.33
737,1205,52137.2,9748.89
738,1042,52082.2,9768.89
739,1151,52121.7,9772.5
740,1056,52086.4,9748.33
741,774,51962.8,9720
742,494,51861.4,9630.56
743,1008,52066.7,9683.33
744,537,51871.4,9678.89
745,1006,52066.7,9537.22
746,724,51935.6,9457.5
747,696,51926.9,9437.5
748,754,51953.9,9390.83
749,383,51808.1,9330.83
750,325,51772.5,9451.11
751,296,51757.2,9399.17
752,304,51761.4,9525
753,52,51563.9,9413.61
754,69,51583.3,9433.33
755,96,51605.8,9378.06
756,106,51611.1,9328.06
757,76,51586.4,9354.72
758,60,51571.9,9358.06
759,61,51572.8,9480.83
760,35,51536.7,9460.56
761,67,51580.6,9499.72
762,99,51606.4,9469.17
763,108,51612.8,9539.44
764,123,51627.5,9643.61
765,202,51683.3,9700
766,126,51631.4,9650.28
767,110,51614.2,9694.72
768,342,51783.3,9566.67
769,406,51823.6,9537.5
770,480,51856.1,9505.28
771,599,51890.8,9486.11
772,557,51877.5,9438.89
773,613,51896.9,9443.89
774,425,51832.5,9497.22
775,683,51921.1,9386.11
776,888,52013.3,9357.22
777,1054,52086.1,9376.11
778,1106,52106.7,9351.39
779,973,52054.2,9323.61
780,913,52029.7,9354.72
781,1029,52078.6,9346.94
782,1005,52066.7,9333.33
783,541,51873.6,9280.83
784,713,51933.3,9133.33
785,665,51916.1,9058.89
786,679,51918.9,9085.83
787,769,51961.4,9080.28
788,866,51999.7,9061.39
789,1002,52066.7,9066.67
790,945,52044.4,9060.56
791,1047,52083.3,8966.67
792,1088,52099.4,8723.61
793,1046,52083.3,8700
794,1239,52146.4,8720.83
795,1428,52190.8,8769.72
796,904,52022.2,8699.72
797,832,51983.3,8833.33
798,564,51879.2,8858.06
799,712,51933.3,8800
800,706,51932.2,8811.39
801,404,51821.7,8779.72
802,344,51784.4,8874.44
803,369,51798.6,8851.67
804,276,51743.1,8914.17
805,333,51778.9,8904.17
806,262,51732.2,8953.89
807,324,51771.7,8961.11
808,415,51826.9,9074.44
809,562,51878.3,9059.44
810,430,51833.3,9033.33
811,322,51770,9039.17
812,382,51807.8,8990.56
813,677,51917.5,8940
814,381,51807.5,9054.44
815,517,51866.7,9050
816,708,51932.2,9069.17
817,518,51866.7,9181.11
818,482,51856.9,9166.11
819,305,51762.5,9190
820,331,51776.9,9170.83
821,286,51748.6,9205.83
822,563,51878.6,9168.06
823,529,51869.4,9141.11
824,419,51829.4,9197.78
825,360,51792.8,9132.5
826,302,51760.6,9096.94
827,178,51666.7,9016.67
828,188,51675.3,8941.39
829,40,51550,8916.67
830,121,51623.1,8870.56
831,219,51692.8,8860.56
832,184,51672.2,8905.28
833,206,51685,8901.39
834,175,51663.1,9074.44
835,225,51700,9066.67
836,63,51573.3,9062.5
837,32,51533.3,9116.67
838,42,51550,9266.67
839,93,51605,9271.39
840,49,51555.3,9273.33
841,109,51613.1,9266.11
842,139,51639.4,9313.06
843,167,51656.7,9272.5
844,125,51631.4,9328.61
845,199,51682.5,9297.5
846,169,51658.9,9343.33
847,168,51657.8,9382.22
848,6,51470,9416.39
849,34,51535.3,9483.61
850,33,51533.3,9533.33
851,43,51550,9466.67
852,26,51522.2,9394.17
853,19,51505.8,9350.83
854,9,51483.3,9350
855,17,51500.8,9229.72
856,24,51519.7,9271.94
857,15,51495.6,9315
858,31,51531.9,9146.67
859,62,51573.1,9118.89
860,38,51540.6,9208.06
861,59,51571.7,9138.89
862,116,51617.2,9097.78
863,23,51515.8,9193.89
864,89,51601.9,9018.61
865,196,51679.4,8990.56
866,155,51648.9,8991.39
867,211,51688.3,8953.06
868,79,51590.6,8947.78
869,54,51566.7,8914.44
870,56,51567.5,9079.17
871,72,51583.6,9069.72
872,77,51587.2,8979.44
873,55,51566.7,9033.33
874,164,51654.4,8873.89
875,450,51846.1,8996.94
876,318,51766.7,8966.67
877,163,51653.9,8945.28
878,174,51662.5,8861.11
879,144,51642.2,8773.06
880,83,51595.3,8775.28
881,68,51582.2,8718.89
882,237,51707.2,8854.17
883,270,51740.3,8815.83
884,150,51646.7,8834.72
885,84,51597.2,8726.94
886,102,51608.3,8779.44
887,298,51758.6,8709.44
888,297,51757.5,8666.94
889,352,51789.4,8703.89
890,598,51890.3,8622.78
891,468,51851.4,8794.17
892,728,51936.9,8698.61
893,786,51966.7,8733.33
894,793,51968.9,8707.22
895,829,51983.3,8700
896,826,51982.2,8694.44
897,711,51933.3,8650
898,515,51866.7,8650
899,581,51883.3,8633.33
900,516,51866.7,8666.67
901,827,51982.8,8613.06
902,804,51973.3,8555.28
903,496,51861.7,8647.22
904,459,51849.7,8645
905,579,51883.3,8583.33
906,640,51906.1,8545.56
907,785,51966.7,8583.33
908,897,52016.7,8600
909,885,52011.4,8563.89
910,790,51967.8,8531.11
911,867,52001.1,8731.94
912,830,51983.3,8750
913,991,52062.5,8810.28
914,748,51950,8950
915,926,52034.4,9110.56
916,1010,52067.8,9126.11
917,1068,52091.4,9161.67
918,940,52041.4,9134.17
919,824,51981.7,9251.94
920,834,51983.6,9300.56
921,1084,52097.2,9285
922,964,52050,9200
923,672,51916.7,9216.67
924,675,51917.2,9248.61
925,365,51797.5,9273.89
926,204,51683.6,9374.72
927,584,51883.6,9530.56
928,525,51868.1,9531.67
929,626,51900,9533.33
930,652,51910,9520.56
931,576,51882.8,9421.67
932,538,51872.5,9402.22
933,366,51797.5,9376.39
934,314,51765.3,9355.28
935,329,51776.4,9310.28
936,162,51652.2,9155.56
937,172,51660,9154.17
938,120,51622.8,9038.33
939,133,51634.7,9055.56
940,146,51644.7,9065.56
941,101,51608.1,9103.33
942,92,51603.6,9092.22
943,240,51708.6,9081.39
944,232,51705.6,9068.06
945,293,51756.4,9054.72
946,242,51711.9,9040.56
947,228,51701.7,9025.56
948,275,51741.7,8938.06
949,345,51784.7,8924.17
950,157,51650,8966.67
951,492,51860,8880
952,259,51727.8,9024.72
953,362,51795.6,9078.89
954,301,51760.3,9039.44
955,261,51731.1,9073.61
956,294,51756.7,8987.78
957,111,51615,8858.89
958,135,51635.3,8826.67
959,98,51606.1,8853.61
960,90,51603.3,8829.72
961,115,51616.9,8940.28
962,156,51650,8900
963,127,51631.9,8713.06
964,292,51756.4,8741.94
965,284,51746.9,8742.5
966,176,51664.2,8742.22
967,177,51666.7,8750
968,223,51695.6,8664.72
969,205,51684.4,8572.78
970,323,51771.1,8615
971,217,51691.9,8721.94
972,254,51724.7,8862.5
973,268,51736.9,8956.94
974,173,51661.1,8995
975,104,51610.3,8978.06
976,91,51603.6,8973.89
977,124,51629.2,8975.83
978,112,51616.4,8978.61
979,119,51621.7,8975.28
980,153,51646.9,8963.89
981,210,51687.8,8983.33
982,560,51877.8,9000
983,635,51901.9,9002.5
984,671,51916.7,9033.33
985,1021,52073.1,8996.94
986,1133,52116.7,8983.33
987,1091,52100,8866.67
988,1125,52113.3,8915.83
989,1197,52135.3,8875.56
990,1210,52139.2,8899.17
991,1132,52116.7,8900
992,930,52035.6,8961.39
993,963,52050,8950
994,791,51967.8,8982.5
995,781,51965,8936.67
996,833,51983.3,8933.33
997,788,51966.7,9033.33
998,661,51913.6,9053.89
999,1012,52068.6,9026.67
1000,1067,52091.1,9028.06
1001,759,51956.7,8961.11
1002,693,51926.4,9009.17
1003,655,51910.3,9022.78
1004,573,51881.9,9024.44
1005,534,51870.8,9083.06
1006,528,51869.4,9026.94
1007,622,51900,8966.67
1008,452,51846.7,8891.11
1009,509,51865.8,8851.39
1010,524,51868.1,8873.33
1011,412,51825.3,8859.72
1012,316,51765.8,8818.89
1013,209,51687.8,8845
1014,411,51824.7,8807.78
1015,545,51874.4,8737.78
1016,587,51885.6,8709.72
1017,583,51883.6,8677.22
1018,690,51924.7,8648.89
1019,437,51836.4,8748.33
1020,349,51786.4,8743.61
1021,376,51806.4,8694.44
1022,398,51819.4,8788.06
1023,358,51792.5,8837.78
1024,508,51865.8,8787.22
1025,686,51922.2,8897.22
1026,859,51995.3,8890.56
1027,1039,52081.1,8971.67
1028,1202,52136.4,8956.94
1029,1584,52236.4,8887.22
1030,1672,52260,8925.83
1031,1554,52226.9,8945.56
1032,1764,52283.3,9150
1033,2028,52368.3,9144.17
1034,2022,52366.7,9066.67
1035,2366,52494.4,9063.06
1036,2329,52478.3,9102.22
1037,2357,52490.6,9003.33
1038,2407,52506.9,8980.56
1039,2279,52461.9,9021.11
1040,2448,52524.4,8938.06
1041,2494,52542.2,9076.67
1042,2294,52466.7,9099.17
1043,2268,52457.2,9068.06
1044,2249,52450,8966.67
1045,2014,52364.7,8943.33
1046,1816,52300,8950
1047,2068,52383.9,9074.44
1048,2244,52449.2,9061.11
1049,1458,52200,9066.67
1050,1337,52166.7,9166.67
1051,1156,52123.9,9225.83
1052,1137,52116.7,9266.67
1053,1260,52150,9250
1054,1191,52133.3,9250
1055,1236,52146.1,9375.56
1056,1064,52089.7,9296.11
1057,1104,52104.7,9293.61
1058,1357,52170.8,9373.06
1059,1113,52108.9,9328.89
1060,934,52040,9331.94
1061,1266,52150.8,9430.56
1062,1713,52271.4,9461.67
1063,1402,52183.3,9279.44
1064,1463,52200.6,9322.78
1065,1617,52243.1,9349.72
1066,1350,52169.7,9344.72
1067,1445,52196.7,9423.61
1068,1304,52159.2,9501.11
1069,1248,52148.9,9506.39
1070,1300,52158.3,9578.89
1071,1613,52242.8,9610.83
1072,1301,52158.3,9660.28
1073,1462,52200.3,9671.39
1074,1695,52266.7,9716.67
1075,1500,52210.3,9639.72
1076,1237,52146.1,9701.39
1077,1263,52150,9716.67
1078,993,52063.1,9598.89
1079,716,51933.3,9633.33
1080,565,51879.7,9643.06
1081,520,51866.7,9683.33
1082,519,51866.7,9666.67
1083,571,51881.7,9665.28
1084,676,51917.2,9766.39
1085,749,51950,9683.61
1086,649,51908.9,9608.06
1087,591,51886.4,9561.67
1088,287,51750,9550
1089,28,51524.4,9602.22
1090,7,51472.8,9768.89
1091,140,51639.4,9817.5
1092,148,51645.6,9858.33
1093,5,51468.6,9810
1094,16,51499.2,9613.06
1095,20,51511.4,9585
1096,12,51486.4,9724.72
1097,36,51537.8,9678.33
1098,25,51520.8,9656.11
1099,51,51561.9,9781.39
1100,227,51700.8,9725
1101,244,51713.3,9720
1102,288,51750,9766.67
1103,207,51685,9971.94
1104,97,51606.1,10175
1105,152,51646.7,9981.11
1106,180,51667.8,9821.67
1107,203,51683.3,9950
1108,130,51633.3,10033.3
1109,195,51677.8,10000.6
1110,103,51608.6,10061.9
1111,191,51676.1,10032.8
1112,256,51725.3,9968.89
1113,239,51707.8,9954.17
1114,190,51675.6,9990
1115,272,51740.6,9895.56
1116,283,51746.1,9900.83
1117,319,51766.7,9850
1118,295,51756.9,9855
1119,311,51764.7,9894.17
1120,282,51745.8,9863.61
1121,438,51837.2,9836.39
1122,307,51763.1,9781.11
1123,390,51814.4,9757.78
1124,439,51838.6,9740.83
1125,582,51883.3,9583.33
1126,673,51916.7,9566.67
1127,924,52033.3,9483.33
1128,844,51989.7,9295.28
1129,879,52008.9,9326.11
1130,570,51881.4,9318.33
1131,477,51855.6,9283.89
1132,463,51850,9233.33
1133,567,51880.6,9246.11
1134,442,51841.7,9278.33
1135,337,51781.1,9155.56
1136,487,51858.3,9240
1137,705,51931.4,9190.28
1138,714,51933.3,9166.67
1139,493,51861.1,9189.44
1140,88,51601.4,8958.89
1141,48,51554.4,8957.78
1142,113,51616.7,9083.33
1143,226,51700.8,9129.44
1144,431,51833.3,9116.67
1145,546,51874.4,9091.94
1146,396,51818.6,9105.28
1147,397,51819.2,9089.44
1148,409,51824.4,9121.94
1149,453,51846.7,9108.06
1150,488,51858.6,9098.06
1151,726,51936.7,9087.5
1152,530,51869.7,9023.89
1153,361,51793.1,9023.89
1154,489,51858.9,9023.61
1155,510,51865.8,8982.78
1156,666,51916.4,8984.44
1157,621,51900,8950
1158,773,51962.5,8910.28
1159,595,51888.9,8807.78
1160,266,51736.7,8785.56
1161,300,51760,8796.11
1162,248,51717.5,8742.5
1163,258,51727.5,8780
1164,107,51612.2,8855.83
1165,64,51577.5,8881.67
1166,47,51553.3,8912.22
1167,81,51592.2,8908.61
1168,170,51659.4,8929.44
1169,71,51583.6,9002.22
1170,82,51592.5,9130
1171,46,51551.9,9132.22
1172,149,51646.4,9221.94
1173,29,51526.4,9183.33
1174,22,51513.6,9233.06
1175,41,51550,9133.33
1176,87,51600.8,9137.78
1177,128,51632.8,9230.56
1178,245,51716.7,9116.67
1179,193,51677.2,9164.72
1180,160,51650.6,9179.72
1181,197,51681.9,9232.78
1182,481,51856.7,9175.28
1183,391,51815,9233.33
1184,392,51815.3,9298.33
1185,348,51786.1,9216.94
1186,277,51743.3,9348.33
1187,474,51853.9,9520.28
1188,400,51819.7,9564.17
1189,229,51701.9,9652.22
1190,222,51694.2,9661.94
1191,94,51605.6,9635.83
1192,213,51689.7,9638.89
1193,200,51682.5,9651.94
1194,74,51584.7,9703.89
1195,118,51620.6,9680.83
1196,154,51647.8,9587.78
1197,165,51654.7,9567.5
1198,37,51538.6,9637.22
1199,44,51550,9588.61
1200,73,51583.9,9541.39
1201,338,51781.4,9555.83
1202,187,51675,9478.06
1203,194,51677.5,9492.22
1204,151,51646.7,9454.44
1205,236,51706.9,9430.28
1206,181,51668.6,9381.11
1207,158,51650,9266.67
1208,231,51704.7,9266.11
1209,201,51683.3,9450
1210,114,51616.7,9533.33
1211,1,51445,9479.44
1212,10,51483.3,9366.67
1213,3,51462.2,9433.61
1214,50,51557.8,9412.5
1215,53,51564.4,9390
1216,95,51605.8,9301.67
1217,122,51623.1,9356.39
1218,39,51543.9,9347.5
1219,21,51513.3,9305.56
1220,30,51530.3,9331.94
1221,13,51487.8,9348.06
1222,185,51674.4,9280.83
1223,233,51706.1,9365
1224,658,51913.1,9482.22
1225,1019,52072.2,9450
1226,1140,52116.7,9566.67
1227,1575,52233.3,9466.67
1228,1609,52242.2,9514.44
1229,1718,52272.5,9661.94
1230,1766,52283.3,9783.33
1231,1347,52169.4,9829.17
1232,1597,52240.3,9842.5
1233,1627,52247.2,10066.4
1234,1348,52169.7,10078.3
1235,1270,52151.7,10056.7
1236,1501,52210.8,10321.1
1237,1566,52231.7,10332.8
1238,1464,52200.8,10334.4
1239,1569,52233.3,10316.7
1240,1580,52235.3,10300.6
1241,1165,52126.9,10313.6
1242,1414,52185.3,10338.1
1243,1293,52157.2,10353.1
1244,1179,52132.5,10366.9
1245,1232,52145.3,10337.8
1246,1313,52162.5,10319.7
1247,1545,52224.2,10139.7
1248,1559,52229.2,10179.7
1249,1697,52266.9,10164.2
1250,2124,52400,9900.28
1251,2146,52409.4,9934.44
1252,2169,52416.9,9916.94
1253,2620,52585.8,9866.67
1254,2697,52614.7,9776.11
1255,2724,52627.8,9764.44
1256,2565,52566.9,9850
1257,2519,52550,9867.22
1258,2614,52583.6,9850
1259,2588,52575,9891.11
1260,2007,52361.7,9828.89
1261,2066,52383.3,9833.61
1262,1779,52287.2,9857.78
1263,1846,52308.3,9844.17
1264,2027,52368.1,9770.83
1265,2032,52369.4,9816.11
1266,1974,52350,9816.67
1267,1731,52275.8,9773.33
1268,1614,52242.8,9752.5
1269,1009,52066.7,9716.67
1270,1031,52078.9,9697.78
1271,585,51884.4,9834.44
1272,628,51900,9779.72
1273,479,51855.8,9847.78
1274,464,51850,9750
1275,674,51916.7,9716.67
1276,811,51975.8,9861.11
1277,841,51988.3,9871.39
1278,733,51940.3,9900.56
1279,717,51933.6,10018.3
1280,701,51929.4,9995.28
1281,737,51942.2,10094.4
1282,802,51973.1,10144.7
1283,745,51950,10116.7
1284,732,51939.4,10035.6
1285,901,52018.9,10105
1286,1153,52122.8,10140.3
1287,1161,52126.1,10177.2
1288,1308,52160.3,10193.3
1289,1591,52239.7,10110.8
1290,1669,52260,10162.2
1291,1859,52311.7,10016.9
1292,1312,52161.7,9877.22
1293,917,52030.8,9842.78
1294,1094,52100,9783.33
1295,985,52058.9,9746.94
1296,1121,52112.2,9726.11
1297,1077,52094.4,9694.44
1298,1089,52099.7,9680.28
1299,920,52031.7,9711.94
1300,1015,52070,9901.11
1301,1218,52141.1,10118.1
1302,974,52054.2,9977.5
1303,1050,52084.2,9696.11
1304,1155,52123.1,9669.44
1305,1093,52100,9633.33
1306,1117,52110.6,9773.61
1307,1358,52171.4,9778.61
1308,1640,52250,9733.33
1309,1576,52233.3,9700
1310,1758,52281.7,9680.83
1311,1696,52266.7,9730.56
1312,1024,52075,9765.83
1313,1055,52086.1,9767.5
1314,1023,52075,9629.44
1315,1229,52142.5,9631.39
1316,1204,52136.7,9675.83
1317,1244,52147.8,9662.78
1318,1142,52116.7,9666.67
1319,1276,52151.9,9553.61
1320,1461,52200,9583.33
1321,1792,52290.3,9619.44
1322,2024,52366.9,9597.5
1323,2064,52382.8,9589.44
1324,2847,52681.4,9481.67
1325,3273,52852.8,9337.22
1326,3424,52903.1,9343.06
1327,3698,52981.4,9213.06
1328,3673,52975,9208.33
1329,3742,52993.9,9213.61
1330,3466,52915.3,9322.78
1331,3602,52953.1,9349.17
1332,3396,52897.2,9144.44
1333,3212,52827.8,9167.78
1334,3216,52829.4,9193.06
1335,3211,52827.8,9118.06
1336,3030,52751.9,9064.17
1337,3149,52801.7,9057.5
1338,3051,52760,9086.11
1339,3085,52773.1,9077.22
1340,3089,52774.4,9016.67
1341,3000,52736.4,9060.83
1342,3183,52816.4,9050
1343,3366,52887.5,9052.5
1344,3176,52811.9,9143.06
1345,3296,52861.7,9353.61
1346,3309,52866.7,9315.28
1347,3251,52845.8,9375.56
1348,3709,52984.7,9294.17
1349,3065,52764.7,9237.5
1350,3197,52821.1,9230.83
1351,3522,52928.9,9261.11
1352,3456,52911.1,9213.89
1353,3347,52880.8,9289.17
1354,3195,52820.6,9263.89
1355,3134,52795.8,9188.61
1356,3474,52916.7,9116.67
1357,3028,52751.1,9193.06
1358,2799,52657.2,9154.44
1359,2770,52644.4,9183.06
1360,2675,52607.5,9314.72
1361,2779,52647.8,9315.83
1362,2788,52652.5,9293.61
1363,2817,52668.3,9327.22
1364,2896,52698.9,9344.72
1365,2907,52702.2,9301.67
1366,3246,52843.6,8986.39
1367,3517,52928.1,9201.67
1368,3352,52882.8,9247.22
1369,3258,52847.5,9193.61
1370,3332,52875,9181.67
1371,3665,52971.9,9081.39
1372,3882,53038.1,9078.06
1373,3969,53063.1,9191.67
1374,4153,53116.9,9235.56
1375,3981,53065.8,9328.33
1376,4608,53239.4,9423.89
1377,4671,53251.9,9540.56
1378,4941,53320,9647.5
1379,3831,53022.5,9393.33
1380,3868,53033.3,9247.5
1381,3864,53032.8,9288.33
1382,3377,52890.6,9389.17
1383,3147,52800.8,9411.94
1384,3167,52806.7,9465.56
1385,3004,52738.3,9569.44
1386,2975,52731.9,9522.78
1387,2987,52733.3,9583.33
1388,2840,52679.2,9644.17
1389,2911,52704.4,9603.33
1390,2831,52675,9608.61
1391,2824,52671.4,9538.33
1392,2497,52543.3,9654.44
1393,2574,52569.4,9616.11
1394,3185,52816.9,9450.83
1395,2897,52699.2,9387.22
1396,2813,52666.9,9588.33
1397,2746,52634.7,9595.28
1398,2714,52622.5,9644.44
1399,2781,52648.6,9700.83
1400,2669,52603.3,9708.06
1401,2567,52567.5,9814.72
1402,2197,52428.1,9699.72
1403,2153,52412.5,9683.61
1404,2413,52509.7,9671.67
1405,2354,52490.3,9646.11
1406,2238,52446.4,9485
1407,2199,52429.2,9502.78
1408,2152,52411.7,9510.83
1409,1694,52266.7,9582.5
1410,1924,52333.6,9631.67
1411,1972,52350,9683.33
1412,2018,52366.1,9687.22
1413,1996,52356.7,9605.56
1414,2144,52407.5,9605.83
1415,2139,52405.6,9616.94
1416,2235,52445.8,9766.67
1417,2655,52598.1,9771.67
1418,2223,52439.7,9760.83
1419,2133,52403.3,9733.33
1420,1971,52350,9633.33
1421,2013,52364.4,9648.33
1422,2205,52431.1,9375.83
1423,2129,52401.4,9319.72
1424,2171,52417.5,9273.61
1425,2157,52412.8,9389.44
1426,2368,52495,9226.94
1427,2204,52430.8,9032.5
1428,1692,52266.7,9033.33
1429,2107,52395.6,9110.56
1430,2201,52429.7,9011.67
1431,2043,52373.9,9078.06
1432,1497,52209.4,9026.11
1433,1434,52193.9,9100.83
1434,1189,52133.3,9016.67
1435,1775,52285.8,8873.89
1436,1921,52333.3,8916.67
1437,1967,52350,8966.67
1438,1798,52291.9,9039.17
1439,1259,52150,9066.67
1440,1233,52145.3,9098.89
1441,1087,52098.6,9098.33
1442,1003,52066.7,9116.67
1443,1107,52107.8,8981.94
1444,1416,52186.7,9072.22
1445,1528,52217.8,9021.39
1446,2046,52374.4,8906.67
1447,2282,52463.3,9030.28
1448,2180,52421.4,8981.11
1449,2011,52363.9,8996.11
1450,2220,52438.6,8935.56
1451,2162,52415,8917.5
1452,2289,52466.4,8925.56
1453,2063,52382.5,8971.67
1454,1712,52271.4,8847.78
1455,1488,52206.9,8902.78
1456,1691,52266.7,8883.33
1457,1471,52202.5,8855.56
1458,1280,52154.2,8846.39
1459,1328,52166.1,8846.94
1460,1222,52141.4,8812.22
1461,1257,52150,8800
1462,1335,52166.7,8783.33
1463,1368,52174.4,8725.28
1464,1224,52141.7,8772.78
1465,1116,52110.6,8782.5
1466,987,52059.4,8714.44
1467,1051,52084.4,8790.56
1468,831,51983.3,8766.67
1469,873,52006.1,8749.44
1470,858,51995.3,8789.44
1471,976,52054.4,8853.61
1472,1001,52066.7,8950
1473,994,52063.3,9001.11
1474,1026,52076.7,9071.94
1475,988,52059.4,9072.78
1476,1356,52170.8,9117.22
1477,1311,52161.1,9115.56
1478,1418,52187.5,8966.11
1479,1375,52176.1,8772.78
1480,1888,52319.7,8851.39
1481,2185,52422.8,8814.44
1482,2418,52511.7,8806.67
1483,2340,52482.8,8711.94
1484,2750,52636.7,8740.83
1485,2676,52608.3,8696.94
1486,2822,52670.6,8463.89
1487,2775,52646.1,8425
1488,3101,52777.2,8404.17
1489,3372,52888.6,8511.67
1490,3502,52924.4,8534.44
1491,3590,52949.2,8449.17
1492,3560,52941.4,8571.67
1493,3503,52924.4,8586.67
1494,3395,52897.2,8538.61
1495,3404,52898.9,8509.17
1496,3027,52750.6,8493.89
1497,2737,52631.7,8478.61
1498,2699,52615.6,8293.06
1499,2786,52651.1,8396.11
1500,2568,52567.8,8256.39
1501,2629,52588.9,8153.61
1502,2423,52512.5,8211.11
1503,2496,52543.3,8182.22
1504,2452,52525.3,8135.28
1505,2502,52545,8211.11
1506,2251,52450.3,8181.94
1507,2006,52361.7,8309.17
1508,2074,52384.7,8463.06
1509,1822,52300.6,8382.22
1510,1943,52340,8318.61
1511,2125,52400.3,8292.78
1512,1892,52321.1,8099.17
1513,1931,52335,8081.94
1514,2222,52439.2,8036.67
1515,1950,52344.4,7892.78
1516,2241,52447.2,7945.56
1517,2764,52641.1,7926.39
1518,2365,52494.2,8024.44
1519,2427,52514.4,7987.78
1520,2544,52559.7,8076.94
1521,2440,52521.9,8081.39
1522,2481,52537.8,7991.39
1523,2445,52522.5,8024.44
1524,2371,52497.8,7980.28
1525,2486,52540.3,7931.94
1526,2305,52470.6,7936.11
1527,2226,52440,7882.5
1528,2183,52421.9,7938.61
1529,1994,52355.8,7812.5
1530,2008,52362.2,7644.17
1531,1840,52306.7,7497.5
1532,1793,52290.6,7553.06
1533,1130,52116.7,7866.67
1534,1062,52088.9,7853.06
1535,771,51962.2,7717.5
1536,835,51986.4,7752.78
1537,997,52065,7698.61
1538,996,52064.2,7646.67
1539,1052,52085,7566.94
1540,1122,52112.8,7592.78
1541,1101,52104.2,7571.39
1542,1181,52133.1,7677.78
1543,1115,52109.4,7749.44
1544,1035,52079.7,7799.17
1545,1860,52311.7,7875
1546,1761,52282.8,7770.56
1547,1737,52277.8,7834.17
1548,1918,52333.3,7888.61
1549,1919,52333.3,8008.33
1550,1908,52326.9,7978.89
1551,1722,52274.2,7938.61
1552,1169,52128.6,8007.22
1553,1109,52108.3,7809.44
1554,876,52007.5,7623.33
1555,910,52028.9,7585.83
1556,849,51991.7,7616.39
1557,805,51974.2,7703.33
1558,755,51955.3,7747.22
1559,806,51974.2,7781.11
1560,1286,52155.6,7534.17
1561,1444,52196.7,7549.44
1562,1315,52162.5,7554.44
1563,1958,52347.2,7693.61
1564,1990,52355,7703.89
1565,2121,52400,7600
1566,1715,52271.7,7729.44
1567,1396,52183.3,7716.67
1568,1381,52179.2,7737.78
1569,1238,52146.4,7749.72
1570,1250,52149.7,7793.06
1571,971,52051.9,7885.28
1572,975,52054.4,7875
1573,820,51980.8,7900
1574,856,51994.7,7897.5
1575,900,52017.8,7852.5
1576,887,52013.3,7780
1577,744,51949.2,7725.28
1578,878,52008.1,7774.17
1579,1013,52068.9,7827.5
1580,814,51977.5,7879.17
1581,861,51998.1,7820.56
1582,1305,52159.7,7927.78
1583,1891,52321.1,7991.94
1584,2147,52409.7,7969.72
1585,1811,52298.1,7777.22
1586,1802,52292.8,7773.89
1587,2127,52401.1,7819.44
1588,2345,52485,7814.72
1589,1660,52256.9,7806.94
1590,1772,52285,7845.28
1591,1730,52275.8,7992.22
1592,1874,52316.9,7966.67
1593,2170,52417.2,7858.89
1594,2417,52511.4,7810.83
1595,2160,52414.7,7770.28
1596,2106,52395.3,7646.67
1597,2274,52460.6,7731.39
1598,1961,52347.8,7748.89
1599,1721,52273.6,7758.89
1600,1983,52353.1,7783.33
1601,1975,52351.4,7833.06
1602,1876,52317.5,7746.67
1603,2303,52468.1,7608.33
1604,2002,52360.3,7576.67
1605,2203,52430.8,7648.89
1606,2431,52516.1,7588.06
1607,2414,52510,7504.17
1608,2285,52464.7,7460.28
1609,2211,52434.2,7529.17
1610,2100,52393.6,7545.83
1611,1439,52195.6,7665.56
1612,1421,52188.1,7657.5
1613,1124,52113.3,7486.94
1614,848,51991.4,7635
1615,889,52013.9,7595
1616,951,52048.3,7585.28
1617,958,52049.7,7567.22
1618,1355,52170.6,7588.06
1619,1483,52205.8,7498.61
1620,1773,52285.3,7384.17
1621,1812,52299.4,7420.28
1622,1916,52333.1,7358.06
1623,1704,52268.9,7397.78
1624,1750,52280,7390.83
1625,1903,52325,7321.67
1626,2166,52416.7,7233.33
1627,1898,52323.3,7303.89
1628,1984,52353.3,7340.28
1629,1982,52353.1,7378.61
1630,1886,52319.4,7324.17
1631,2073,52384.7,7296.94
1632,2078,52385.8,7245
1633,1749,52279.7,7252.78
1634,1615,52243.1,7382.22
1635,1552,52226.7,7342.78
1636,1810,52297.5,7246.67
1637,1493,52208.3,7197.5
1638,1586,52237.2,7231.11
1639,1537,52221.4,7231.94
1640,1857,52311.1,7221.94
1641,2025,52367.2,7164.72
1642,1561,52229.7,7260.83
1643,1814,52300,7228.33
1644,1789,52289.4,7248.33
1645,1635,52249.4,7213.89
1646,1610,52242.5,7170.56
1647,1784,52288.9,7143.61
1648,1558,52228.9,7040.28
1649,1747,52279.4,7035
1650,1882,52318.3,7088.06
1651,1864,52315,7120.83
1652,2042,52373.6,7039.44
1653,1711,52270.8,6998.33
1654,1594,52240.3,6911.94
1655,1827,52303.1,6963.89
1656,1896,52321.7,7002.78
1657,1723,52274.4,6830.28
1658,1880,52318.3,6855
1659,1735,52277.5,6856.67
1660,1688,52266.7,6799.44
1661,1490,52207.8,6871.94
1662,1769,52284.2,6785.83
1663,1727,52275,6791.67
1664,1799,52292.2,6807.78
1665,1539,52221.9,6826.67
1666,1626,52246.4,6845.56
1667,1476,52203.6,6821.11
1668,1707,52270,6757.78
1669,1901,52324.7,6885.56
1670,1881,52318.3,7003.33
1671,1995,52356.4,7005.56
1672,1622,52245,6959.17
1673,1698,52267.2,6949.72
1674,1842,52307.2,6951.94
1675,1878,52317.8,6966.11
1676,1652,52255.6,6870.83
1677,1523,52216.9,6836.94
1678,1623,52245.6,6812.5
1679,1420,52188.1,6816.39
1680,1409,52184.7,6850.28
1681,1454,52199.7,6820.83
1682,1861,52313.3,6831.94
1683,1828,52303.6,6875.28
1684,1955,52345.8,6975.28
1685,2207,52431.7,7045.56
1686,2181,52421.9,7092.22
1687,2343,52483.6,7211.94
1688,2269,52457.8,7188.61
1689,2582,52572.8,7086.39
1690,2646,52595.6,7143.06
1691,2980,52733.3,7191.39
1692,2961,52723.6,7230.28
1693,2958,52722.5,7274.72
1694,2798,52657.2,7379.44
1695,2680,52610.6,7289.17
1696,3095,52776.7,7214.17
1697,3260,52848.6,7234.44
1698,3243,52842.5,7257.22
1699,3186,52817.2,7334.72
1700,3069,52766.7,7266.67
1701,3310,52866.9,7208.06
1702,3690,52979.7,7380.56
1703,3559,52940.8,7346.11
1704,3382,52892.8,7418.06
1705,3351,52882.8,7447.22
1706,3168,52806.9,7285.28
1707,3305,52865.3,7256.11
1708,3422,52903.1,7296.67
1709,3931,53050.8,7178.61
1710,4090,53100.3,7074.17
1711,4175,53121.7,7008.89
1712,4163,53118.6,7044.72
1713,3991,53068.9,7165.28
1714,3890,53039.7,7192.5
1715,3803,53015.6,7191.11
1716,3781,53006.9,7217.5
1717,3769,53002.8,7261.67
1718,4115,53106.9,7240
1719,4412,53187.5,7278.89
1720,4550,53226.7,7291.67
1721,4628,53243.1,7343.89
1722,4828,53288.9,7451.39
1723,4482,53206.7,7455
1724,4134,53111.9,7528.33
1725,4396,53183.3,7592.22
1726,4414,53187.8,7625
1727,4375,53176.4,7656.94
1728,4364,53174.2,7725.56
1729,4620,53241.7,7721.67
1730,4711,53263.9,7673.89
1731,4625,53242.2,7617.5
1732,4586,53235.3,7643.06
1733,4494,53210.8,7650.83
1734,4461,53201.7,7626.94
1735,4645,53247.5,7579.44
1736,4235,53138.3,7641.67
1737,3472,52916.7,7697.22
1738,3407,52899.4,7602.5
1739,3179,52813.9,7554.44
1740,3277,52854.7,7580.28
1741,3556,52939.2,7443.61
1742,3597,52950.8,7450
1743,3595,52950.6,7552.5
1744,3680,52976.4,7492.5
1745,3445,52908.3,7469.72
1746,3486,52919.7,7474.72
1747,3518,52928.6,7563.89
1748,3361,52886.4,7667.22
1749,3240,52841.9,7776.11
1750,2921,52709.2,7717.5
1751,2759,52639.4,7738.06
1752,3061,52763.3,7729.44
1753,2825,52671.7,7720
1754,2947,52718.9,7856.39
1755,2534,52556.1,7928.33
1756,2768,52644.4,7866.67
1757,2868,52689.4,7904.72
1758,2903,52700.8,7933.89
1759,2870,52689.7,7932.22
1760,2936,52714.4,7924.44
1761,3040,52755.8,7842.78
1762,3111,52784.2,7873.61
1763,3113,52785.8,8022.22
1764,3521,52928.9,8237.5
1765,3371,52888.6,8307.5
1766,3072,52767.2,8345.83
1767,3143,52799.2,8358.61
1768,2982,52733.3,8349.44
1769,2877,52691.1,8382.78
1770,2747,52635.6,8414.72
1771,2836,52677.2,8451.67
1772,2995,52735.6,8440.83
1773,3081,52769.4,8523.06
1774,3117,52787.5,8482.78
1775,2933,52713.9,8499.44
1776,2458,52529.7,8258.33
1777,2420,52511.9,8270.28
1778,2252,52450.8,8249.44
1779,2376,52499.4,8200
1780,2456,52527.2,8088.06
1781,2488,52540.8,8146.67
1782,2468,52533.3,8195.28
1783,1981,52352.8,8276.67
1784,1684,52264.7,8323.61
1785,1513,52215.8,8188.61
1786,1212,52139.7,8084.72
1787,1154,52123.1,8086.11
1788,903,52020.6,8065
1789,730,51938.3,7928.06
1790,812,51976.4,8025.83
1791,779,51964.7,8150.83
1792,874,52006.9,8191.39
1793,881,52009.7,8201.67
1794,1228,52142.5,8223.33
1795,1532,52219.2,8291.67
1796,1287,52155.6,8451.67
1797,1199,52135.8,8361.94
1798,1159,52125.3,8410
1799,1171,52129.2,8451.67
1800,1433,52193.1,8517.78
1801,1249,52149.4,8400.56
1802,1774,52285.8,8281.11
1803,1302,52158.6,8411.11
1804,1452,52198.9,8407.78
1805,1666,52259.2,8428.61
1806,1671,52260,8498.06
1807,1717,52272.2,8446.11
1808,1649,52253.1,8363.61
1809,1633,52248.9,8404.17
1810,1677,52261.9,8356.11
1811,1848,52308.6,8405.83
1812,1806,52294.7,8382.22
1813,2057,52380,8337.5
1814,2691,52612.8,8420.83
1815,2695,52614.4,8335.56
1816,2636,52590.3,8314.72
1817,3091,52775.3,8061.67
1818,3199,52821.7,8193.33
1819,3215,52829.4,8215.28
1820,3312,52867.5,8167.5
1821,3693,52979.7,7980.83
1822,3946,53055.8,8030.56
1823,4107,53104.2,8049.44
1824,4129,53110.8,8064.44
1825,4281,53151.1,8012.5
1826,4142,53114.2,8214.17
1827,4368,53175.3,8115.28
1828,4436,53192.8,8164.72
1829,4450,53198.1,8232.22
1830,4794,53281.7,8200.28
1831,4851,53295.3,8108.33
1832,4786,53279.4,8099.17
1833,4871,53299.7,8070.56
1834,5127,53362.8,8115.56
1835,4960,53323.6,8100.28
1836,4865,53298.6,8122.22
1837,4803,53283.3,8100
1838,4432,53191.9,8120.83
1839,4151,53116.7,8216.67
1840,4200,53129.4,8236.39
1841,4101,53103.6,8306.39
1842,4000,53071.1,8330.83
1843,4108,53105,8317.78
1844,3927,53050.3,8198.89
1845,3747,52995.3,8128.06
1846,3297,52861.9,8196.67
1847,3363,52886.9,8159.17
1848,3533,52932.2,8157.22
1849,3383,52892.8,8078.89
1850,3558,52940.3,8035.56
1851,3207,52827.2,8161.11
1852,3200,52821.7,8250.83
1853,3439,52906.9,8245
1854,3461,52913.6,8306.11
1855,3205,52825.6,8289.72
1856,3012,52743.9,8038.89
1857,2866,52688.1,8096.39
1858,2710,52621.7,8057.78
1859,2640,52591.7,8215.28
1860,2573,52568.9,8208.06
1861,2597,52576.7,8196.11
1862,2626,52587.2,8187.5
1863,2670,52603.6,8244.44
1864,2526,52552.5,8271.94
1865,2461,52531.4,8213.61
1866,2625,52587.2,8088.61
1867,2578,52571.7,7997.78
1868,2546,52560.6,8042.22
1869,3046,52758.3,8078.06
1870,2909,52703.3,8017.5
1871,2894,52698.1,8014.44
1872,2531,52553.9,8021.11
1873,2726,52628.3,7948.61
1874,2755,52638.3,8067.5
1875,2649,52596.4,8092.22
1876,3031,52752.2,7953.06
1877,2929,52711.9,7980.56
1878,3079,52769.2,7958.89
1879,3118,52788.3,7690.28
1880,3116,52787.2,7719.72
1881,3289,52858.9,7685.28
1882,3483,52919.2,7747.22
1883,3777,53005,7796.39
1884,3598,52951.1,7801.67
1885,3435,52906.1,7871.39
1886,3359,52885.8,7877.78
1887,3458,52912.2,7908.89
1888,3294,52860.8,8061.67
1889,3338,52878.1,8086.39
1890,3772,53003.1,8007.78
1891,3919,53049.4,7907.78
1892,4061,53091.4,7913.33
1893,4213,53133.6,7888.06
1894,4069,53093.3,7885.83
1895,3826,53020.6,7941.67
1896,3789,53009.2,7927.78
1897,3939,53052.8,8048.89
1898,3423,52903.1,8064.72
1899,3609,52954.7,8058.06
1900,4395,53183.1,8167.78
1901,4180,53122.5,8108.06
1902,3996,53070.8,8078.89
1903,4413,53187.5,8150
1904,4495,53210.8,8221.11
1905,4825,53287.8,8350.28
1906,4656,53250,8300
1907,4302,53156.7,8336.94
1908,4256,53144.2,8390.83
1909,4186,53125,8287.22
1910,4159,53118.1,8348.61
1911,4031,53082.2,8321.11
1912,4301,53156.7,8257.22
1913,4262,53146.7,8193.61
1914,4308,53157.8,8157.5
1915,4365,53174.4,8220.28
1916,4647,53247.8,8183.06
1917,4560,53230.3,8180
1918,5382,53416.1,8345.56
1919,5214,53382.5,8297.78
1920,5047,53343.9,8408.33
1921,4695,53259.2,8504.44
1922,4374,53176.1,8423.61
1923,4567,53231.9,8552.78
1924,4712,53264.2,8534.44
1925,4616,53240.6,8505.83
1926,4807,53284.2,8640.28
1927,4749,53271.7,8634.17
1928,4330,53164.4,8673.33
1929,4398,53183.6,8719.72
1930,5188,53376.4,8762.5
1931,5151,53367.8,8697.78
1932,4777,53277.8,8684.72
1933,4866,53298.6,8721.39
1934,4752,53272.5,8792.5
1935,4922,53314.4,8680.28
1936,4821,53287.5,8607.5
1937,5368,53413.9,8634.17
1938,3468,52915.6,8633.61
1939,3304,52864.7,8760.56
1940,3239,52841.4,8686.39
1941,3343,52879.4,8717.22
1942,3704,52982.8,8681.11
1943,4272,53148.1,8641.11
1944,4674,53252.5,8628.33
1945,4537,53223.9,8627.22
1946,3679,52976.1,8688.61
1947,3751,52996.1,8733.06
1948,3862,53032.5,8727.78
1949,3974,53064.2,8612.22
1950,3986,53066.7,8450
1951,3476,52917.2,8580.56
1952,3455,52911.1,8618.33
1953,3526,52930.6,8425.83
1954,3562,52942.2,8388.33
1955,3762,53000,8383.33
1956,3686,52978.3,8368.06
1957,4144,53115,8226.94
1958,4257,53144.4,8224.17
1959,4046,53086.4,8488.89
1960,4230,53137.2,8696.39
1961,4347,53169.4,8735.83
1962,4713,53264.2,8625.83
1963,5373,53414.2,8443.06
1964,5431,53433.3,8433.33
1965,4937,53318.6,8606.39
1966,4989,53331.1,8717.78
1967,4938,53319.4,8851.67
1968,5007,53334.2,8814.72
1969,5293,53397.5,8745
1970,5323,53404.4,8760.28
1971,5200,53379.4,8485
1972,5196,53378.3,8466.67
1973,5249,53390.3,8277.22
1974,5413,53421.9,8225.83
1975,5406,53420.8,8324.17
1976,5195,53378.3,8378.33
1977,5280,53395.6,8329.44
1978,5401,53419.2,8371.67
1979,5221,53383.9,8431.94
1980,5156,53369.2,8435.83
1981,5123,53361.4,8480.83
1982,5002,53332.8,8421.11
1983,4768,53276.4,8403.61
1984,4518,53217.5,8351.39
1985,4463,53201.7,8355
1986,4592,53236.1,8369.44
1987,4787,53279.7,8316.39
1988,4766,53276.1,8165
1989,5472,53466.7,8216.67
1990,5100,53355.6,8345.56
1991,4884,53302.2,8312.5
1992,4621,53241.7,8350.56
1993,4484,53208.1,8370.83
1994,4519,53217.5,8418.33
1995,4345,53168.1,8390.56
1996,4321,53161.9,8386.39
1997,4248,53141.7,8285.83
1998,4316,53160.6,8224.17
1999,4588,53235.6,8268.33
2000,4214,53133.6,8462.22
2001,3973,53064.2,8583.61
2002,4103,53103.9,8476.39
2003,4642,53246.9,8551.67
2004,4378,53176.9,8486.94
2005,4325,53162.5,8496.39
2006,4795,53281.7,8548.06
2007,4859,53296.9,8547.5
2008,4957,53323.3,8654.17
2009,5057,53346.4,8550
2010,5166,53371.4,8506.39
2011,5116,53359.7,8633.33
2012,5391,53416.7,8579.72
2013,4978,53327.2,8464.17
2014,4892,53304.2,8478.33
2015,4694,53258.9,8453.61
2016,4637,53246.4,8467.22
2017,5170,53373.3,8536.94
2018,5713,53633.3,8866.67
2019,5752,53666.7,8883.33
2020,5730,53650,8816.67
2021,5635,53583.3,8850
2022,5565,53533.3,8883.33
2023,5728,53650,8650
2024,5770,53683.3,8633.33
2025,6107,53916.7,8750
2026,6172,53946.1,8723.06
2027,6229,53958.9,8750.28
2028,6837,54103.3,8457.5
2029,6763,54084.2,8447.5
2030,6675,54066.7,8550
2031,6778,54089.2,8589.44
2032,6413,54002.2,8468.33
2033,6216,53955,8467.5
2034,6511,54024.2,8400.56
2035,6224,53958.3,8403.33
2036,6288,53973.9,8413.61
2037,6181,53948.3,8311.39
2038,6245,53962.5,8337.78
2039,6529,54027.5,8337.22
2040,6478,54016.9,8108.89
2041,6308,53980,8036.11
2042,6444,54009.2,8059.17
2043,6231,53959.4,8017.5
2044,5894,53783.3,8100
2045,6039,53883.3,8083.33
2046,5913,53800,7883.33
2047,6164,53944.7,8005
2048,6254,53965.3,7990
2049,6215,53954.7,8091.67
2050,6266,53967.8,8098.33
2051,6437,54007.8,8015.56
2052,6689,54068.6,8016.94
2053,6213,53954.2,8060.56
2054,5974,53850,8183.33
2055,5766,53683.3,8116.67
2056,5708,53633.3,8116.67
2057,6067,53900,8216.67
2058,6138,53933.3,8033.33
2059,6442,54008.9,7966.67
2060,6370,53992.8,7946.94
2061,6214,53954.7,7919.72
2062,6176,53947.5,7900.83
2063,5952,53833.3,7866.67
2064,6137,53933.3,8000
2065,5932,53816.7,7766.67
2066,5845,53750,7933.33
2067,5786,53700,8100
2068,5749,53666.7,8050
2069,5785,53700,8000
2070,5892,53783.3,7916.67
2071,6103,53916.7,7816.67
2072,6065,53900,7800
2073,6136,53933.3,7750
2074,6135,53933.3,7683.33
2075,6101,53916.7,7583.33
2076,6264,53966.9,7541.67
2077,6265,53967.8,7419.44
2078,6207,53952.8,7433.33
2079,6161,53944.4,7412.22
2080,6134,53933.3,7433.33
2081,5973,53850,7450
2082,5872,53766.7,7500
2083,5630,53583.3,7566.67
2084,6174,53946.9,7517.5
2085,6367,53992.2,7545.83
2086,6502,54022.2,7543.06
2087,6219,53956.1,7578.33
2088,6325,53983.3,7500
2089,6241,53961.7,7455.56
2090,6009,53866.7,7316.67
2091,5929,53816.7,7250
2092,6004,53865.3,7202.78
2093,6060,53898.9,7086.39
2094,5963,53841.9,7212.5
2095,6387,53996.7,7295.56
2096,6432,54006.7,7223.61
2097,6987,54146.1,7250.56
2098,6981,54143.3,7212.78
2099,6964,54135.8,7182.78
2100,6171,53946.1,7186.39
2101,5885,53774.2,7195.28
2102,5760,53676.9,7223.61
2103,5795,53704.4,6923.33
2104,5880,53768.3,7158.61
2105,5546,53522.5,7092.5
2106,5575,53547.8,7066.11
2107,5779,53692.2,6993.61
2108,5587,53550.3,7238.89
2109,5242,53388.6,7162.22
2110,5157,53369.4,7150
2111,5086,53352.2,7201.67
2112,5059,53346.9,7350
2113,5309,53400.8,7383.33
2114,5193,53377.8,7490.83
2115,5326,53405,7464.17
2116,5357,53411.4,7426.94
2117,5149,53367.5,7213.89
2118,4716,53265.3,7215
2119,4490,53210,7150
2120,4854,53296.1,7289.44
2121,4636,53246.1,7292.78
2122,4435,53192.8,7351.67
2123,4137,53113.3,7398.06
2124,4041,53083.6,7395.28
2125,3929,53050.6,7375.28
2126,3859,53032.2,7300
2127,4174,53121.4,7375
2128,3835,53023.6,7334.17
2129,3783,53008.1,7355.56
2130,3631,52960.8,7313.33
2131,3265,52851.1,7328.89
2132,2991,52734.2,7398.89
2133,3109,52783.6,7417.22
2134,3169,52807.8,7423.61
2135,3155,52803.9,7353.61
2136,3269,52851.7,7320.28
2137,2778,52647.2,7481.94
2138,2711,52621.9,7424.44
2139,2663,52600,7416.67
2140,2888,52695.3,7456.67
2141,2246,52449.7,7537.78
2142,2143,52407.5,7536.39
2143,2321,52475.6,7595.83
2144,2175,52418.1,7703.89
2145,2484,52539.7,7813.33
2146,2326,52476.9,7891.11
2147,2631,52589.4,7986.39
2148,2789,52653.9,7969.72
2149,2802,52659.2,7940.83
2150,2720,52625.8,7851.94
2151,2654,52597.8,7797.22
2152,2848,52681.9,7802.22
2153,2908,52702.5,7715.56
2154,4293,53154.2,7681.67
2155,3838,53024.7,7640
2156,3865,53033.1,7723.33
2157,3830,53022.5,7609.17
2158,3776,53005,7523.89
2159,3741,52993.3,7506.11
2160,3761,53000,7383.33
2161,3816,53017.5,7333.89
2162,3861,53032.5,7377.78
2163,3899,53042.2,7404.72
2164,3675,52975.3,7300.28
2165,3910,53047.2,7245.56
2166,3444,52908.3,7214.17
2167,3528,52930.8,7198.89
2168,3501,52923.3,7206.67
2169,3374,52889.2,7235
2170,3406,52899.4,7226.11
2171,3339,52878.6,7182.22
2172,3317,52869.2,7157.5
2173,3293,52860,7166.94
2174,3229,52837.5,7173.06
2175,3108,52783.6,7112.22
2176,3256,52847.5,7043.06
2177,3346,52880.6,7073.33
2178,3368,52888.1,7170.56
2179,3298,52862.2,7127.22
2180,3316,52869.2,7069.44
2181,3161,52806.1,7163.06
2182,2972,52729.4,7126.94
2183,3010,52741.9,7120.56
2184,2895,52698.3,7199.17
2185,3187,52817.5,7177.22
2186,3415,52900.8,7109.44
2187,3230,52838.3,7026.39
2188,3261,52848.9,7071.94
2189,3074,52767.8,7068.33
2190,2889,52695.8,6989.72
2191,2968,52726.9,6983.06
2192,3137,52796.7,7038.06
2193,3099,52776.9,7083.33
2194,3171,52808.3,7133.61
2195,3241,52842.2,7172.22
2196,3453,52910.6,7142.78
2197,3677,52975.6,7158.61
2198,3586,52947.8,7188.89
2199,3733,52990.6,7122.5
2200,3617,52956.1,7061.11
2201,3778,53005.8,7050.83
2202,3640,52962.2,7022.78
2203,3454,52910.8,7101.94
2204,3669,52973.6,7016.39
2205,3738,52991.4,6980.28
2206,3853,53030.6,7020.28
2207,3982,53066.1,6998.06
2208,3987,53067.2,6986.94
2209,4130,53111.4,6980.56
2210,4074,53095.8,6951.11
2211,3970,53063.6,6960.83
2212,4038,53083.6,6945.83
2213,4021,53079.4,6900.83
2214,4600,53237.8,6838.61
2215,4662,53250.8,6818.06
2216,4706,53261.7,6707.5
2217,4754,53273.6,6783.06
2218,4489,53209.7,6645
2219,4362,53173.3,6689.44
2220,3943,53054.7,6719.72
2221,4015,53075.6,6735
2222,4354,53171.7,6772.5
2223,4393,53182.5,6752.5
2224,4314,53160,6725.56
2225,4212,53133.6,6725
2226,4117,53107.8,6651.39
2227,3817,53017.8,6668.89
2228,3555,52938.9,6680.28
2229,3509,52925.8,6676.67
2230,3771,53003.1,6605
2231,3536,52933.1,6611.67
2232,3718,52987.2,6623.89
2233,3749,52995.6,6639.44
2234,3662,52969.2,6543.06
2235,3798,53014.4,6578.89
2236,4384,53180.6,6650.56
2237,5260,53392.5,6563.61
2238,5834,53735.6,6713.06
2239,6089,53908.1,6805.56
2240,5739,53662.8,6801.94
2241,5286,53396.4,6884.17
2242,5320,53403.9,6858.89
2243,5506,53490,6798.61
2244,5213,53382.5,6835
2245,5523,53505,6981.11
2246,5805,53716.7,7070.56
2247,5628,53583.3,7000
2248,5641,53588.9,6872.22
2249,5461,53453.9,6921.94
2250,5448,53450,6844.17
2251,5592,53555,6791.67
2252,5339,53408.6,6911.39
2253,5419,53424.7,6956.94
2254,5343,53409.4,7041.11
2255,5356,53411.4,7041.94
2256,5310,53401.1,7016.11
2257,5252,53390.6,6999.17
2258,5071,53349.4,7080.28
2259,4692,53258.6,7014.72
2260,4894,53305.3,7041.11
2261,5034,53341.4,6978.06
2262,4836,53290,7086.67
2263,4863,53297.8,7092.22
2264,5231,53386.1,7126.94
2265,4943,53320.3,7072.22
2266,4685,53255.8,7065.56
2267,4576,53233.3,7048.89
2268,4342,53166.9,7059.44
2269,4326,53162.8,7040.28
2270,3797,53014.2,6954.17
2271,3712,52985.3,6886.94
2272,3912,53047.5,6834.44
2273,3940,53053.1,6863.61
2274,3971,53063.9,6920.56
2275,4068,53093.3,7018.89
2276,4120,53108.9,7023.61
2277,4100,53103.6,7020
2278,3645,52964.2,7081.67
2279,3569,52943.6,7042.22
2280,3464,52914.7,6940.83
2281,3551,52938.1,6957.5
2282,3625,52958.9,6937.22
2283,3574,52945,6937.22
2284,3538,52934.2,6928.89
2285,3523,52929.4,6999.17
2286,3614,52955.8,7093.06
2287,3687,52978.9,7055.56
2288,3976,53064.4,7048.33
2289,3857,53031.9,7070.28
2290,3376,52889.7,7044.17
2291,3281,52855.8,7131.67
2292,3158,52805.3,7137.22
2293,3327,52873.6,7162.78
2294,3908,53046.7,7156.11
2295,4039,53083.6,7079.17
2296,3968,53063.1,7057.22
2297,3722,52988.9,7067.78
2298,3825,53020.6,7052.22
2299,3570,52943.9,6981.11
2300,3425,52903.6,6984.72
2301,3849,53029.2,6985.28
2302,3660,52968.9,6994.17
2303,3330,52874.2,6962.5
2304,3336,52876.9,7010.83
2305,3248,52844.4,7003.06
2306,3337,52878.1,7022.22
2307,3427,52904.4,7088.06
2308,3392,52896.7,7087.78
2309,3268,52851.7,7092.78
2310,3184,52816.7,7075.56
2311,2852,52682.5,7117.78
2312,2193,52426.4,7006.11
2313,2254,52451.9,6978.89
2314,2403,52505.3,7069.72
2315,2688,52612.2,7140.28
2316,2738,52631.9,7191.94
2317,1956,52346.4,7264.44
2318,2087,52388.6,7227.5
2319,2009,52363.3,7220.28
2320,1851,52309.4,7263.61
2321,2437,52519.7,7308.89
2322,2355,52490.6,7322.22
2323,2455,52526.7,7137.22
2324,2301,52468.1,7196.39
2325,2126,52400.8,7301.11
2326,2379,52500,7316.67
2327,2120,52400,7216.67
2328,2119,52400,7200
2329,2096,52392.5,7106.67
2330,2202,52430,7107.78
2331,2115,52399.2,7178.33
2332,2071,52384.4,7166.11
2333,2352,52488.9,7062.78
2334,2255,52451.9,7016.67
2335,2225,52440,7030.28
2336,1948,52342.8,6974.44
2337,2072,52384.7,7000.83
2338,1753,52280.6,7063.61
2339,1942,52339.4,7160.28
2340,1835,52306.1,7171.67
2341,1843,52307.5,7166.67
2342,1686,52265.8,7230.56
2343,1557,52228.1,7234.17
2344,1352,52170,7039.72
2345,1455,52199.7,7021.39
2346,1361,52172.5,7026.39
2347,1544,52223.9,7165.83
2348,1917,52333.3,7133.33
2349,1516,52216.4,7065.83
2350,1219,52141.1,7186.94
2351,1410,52184.7,7190.83
2352,1441,52196.1,7187.5
2353,1211,52139.4,7174.44
2354,1292,52156.7,7235.28
2355,1303,52158.9,7146.39
2356,1680,52264.4,7107.78
2357,1754,52280.6,7086.67
2358,1980,52352.5,7078.61
2359,2031,52369.4,7128.33
2360,1960,52347.5,7095.83
2361,2102,52394.2,7290
2362,1651,52254.4,7334.72
2363,1780,52288.3,7320.56
2364,1776,52286.4,7298.89
2365,1465,52200.8,7300
2366,1324,52164.4,7306.67
2367,1373,52176.1,7335
2368,1367,52174.4,7393.06
2369,1777,52286.7,7489.17
2370,1807,52296.1,7471.94
2371,2265,52456.4,7494.17
2372,2619,52585.6,7473.33
2373,2389,52501.7,7440.83
2374,2256,52451.9,7461.39
2375,2382,52500.6,7503.06
2376,2806,52662.2,7436.39
2377,2585,52573.9,7411.94
2378,2722,52627.5,7541.39
2379,2801,52657.8,7550.56
2380,2860,52685,7591.67
2381,2891,52696.7,7630.83
2382,2993,52734.4,7593.06
2383,2989,52733.9,7685.28
2384,3237,52840.8,7496.94
2385,3096,52776.7,7532.78
2386,2994,52734.7,7530.56
2387,2874,52690.6,7536.39
2388,3020,52749.2,7554.17
2389,2884,52694.7,7602.5
2390,2893,52698.1,7625.28
2391,2820,52669.7,7683.61
2392,2596,52576.4,7825.83
2393,2554,52563.1,7768.89
2394,2932,52713.9,7801.39
2395,2429,52515.8,7885.56
2396,2392,52503.3,7838.33
2397,2380,52500.3,7811.67
2398,3210,52827.8,7764.72
2399,3381,52891.9,7731.11
2400,3552,52938.3,7680.28
2401,3457,52911.4,7617.5
2402,3173,52810.8,7755.83
2403,3288,52858.6,7829.17
2404,3416,52900.8,7817.5
2405,3786,53008.3,7839.17
2406,3703,52982.5,7924.44
2407,3516,52927.8,7949.44
2408,3414,52900,7816.67
2409,3154,52803.6,7804.17
2410,3201,52823.6,7869.72
2411,3038,52755.6,7826.67
2412,3114,52786.1,7913.61
2413,3063,52763.9,7930.28
2414,3021,52749.2,8080
2415,3097,52776.7,8132.78
2416,2592,52575.6,8106.67
2417,2773,52644.7,8143.89
2418,2757,52638.9,8137.78
2419,2518,52550,8250
2420,2312,52472.2,8234.72
2421,2212,52434.4,8255.56
2422,2149,52410.6,8229.44
2423,2393,52503.3,8237.22
2424,2475,52535.8,8331.39
2425,2304,52468.1,8397.78
2426,2069,52384.2,8386.94
2427,2109,52396.1,8425.56
2428,1962,52347.8,8476.94
2429,1702,52268.1,8411.67
2430,1689,52266.7,8550
2431,1503,52211.1,8603.89
2432,1579,52234.7,8584.44
2433,1585,52236.7,8631.11
2434,1571,52233.3,8666.67
2435,1643,52250.8,8654.72
2436,1957,52346.4,8630.28
2437,1945,52340.6,8654.44
2438,2184,52421.9,8664.17
2439,2398,52504.2,8486.94
2440,2491,52541.4,8521.11
2441,2681,52610.6,8455.83
2442,3002,52737.5,8457.5
2443,2628,52588.6,8601.39
2444,2509,52548.3,8571.94
2445,2442,52521.9,8476.39
2446,2248,52450,8500
2447,2319,52474.2,8545.83
2448,2198,52428.3,8461.11
2449,2362,52492.2,8457.5
2450,2342,52483.3,8566.67
2451,2138,52405.6,8580.83
2452,2131,52401.7,8527.22
2453,2052,52378.1,8542.78
2454,2489,52540.8,8545
2455,2405,52505.8,8538.06
2456,2424,52513.3,8575.56
2457,2503,52545.3,8602.5
2458,2729,52628.6,8635
2459,2566,52567.2,8538.89
2460,2647,52596.1,8546.94
2461,2320,52475,8464.72
2462,2230,52441.7,8583.61
2463,2656,52598.3,8671.67
2464,2569,52567.8,8720.28
2465,2609,52582.8,8617.5
2466,2161,52415,8580.56
2467,2221,52438.9,8567.5
2468,2748,52635.8,8696.67
2469,2151,52411.4,8734.72
2470,2267,52456.9,8648.61
2471,2439,52520.8,8671.94
2472,2498,52543.9,8850.56
2473,2449,52525,8853.06
2474,2409,52507.8,8999.44
2475,2550,52561.7,9032.22
2476,2334,52479.7,8991.11
2477,2308,52471.4,9067.22
2478,2367,52495,9151.39
2479,2399,52504.2,9152.22
2480,2645,52594.4,9194.72
2481,2686,52611.4,9110.28
2482,2826,52671.7,9106.39
2483,2581,52572.5,9102.5
2484,2785,52650,9220.56
2485,2790,52653.9,9235
2486,2717,52623.3,9246.94
2487,2247,52449.7,9392.5
2488,2243,52448.3,9446.67
2489,2306,52470.6,9495.83
2490,2725,52628.1,9333.33
2491,2397,52503.9,9453.61
2492,2482,52538.1,9378.89
2493,2328,52477.2,9371.11
2494,2276,52461.1,9370.56
2495,2262,52454.7,9333.61
2496,2577,52570.3,9282.78
2497,2904,52700.8,9420.83
2498,2742,52633.3,9500
2499,2084,52387.8,9479.17
2500,2039,52373.1,9444.44
2501,1887,52319.4,9359.44
2502,1922,52333.3,9383.33
2503,1969,52350,9416.67
2504,1866,52315,9579.44
2505,1933,52335.8,9605
2506,1912,52331.1,9664.44
2507,1973,52350,9750
2508,2010,52363.6,9733.61
2509,1999,52358.3,9710.56
2510,1986,52353.6,9756.11
2511,2065,52383.3,9733.33
2512,1907,52326.7,9688.33
2513,2177,52418.6,9812.22
2514,2210,52433.3,9791.94
2515,1923,52333.3,9783.33
2516,1809,52296.9,9758.61
2517,1794,52290.6,9780.83
2518,1790,52289.7,9655.83
2519,1748,52279.4,9609.17
2520,1818,52300,9450
2521,1602,52241.1,9386.11
2522,1477,52203.6,9330.56
2523,2023,52366.7,9200
2524,1641,52250.3,9148.89
2525,1574,52233.3,9116.67
2526,1446,52196.9,9168.06
2527,1459,52200,9183.33
2528,1289,52155.6,9382.5
2529,1234,52145.3,9315.56
2530,1273,52151.7,9357.78
2531,1326,52165.3,9415.28
2532,1247,52148.9,9422.5
2533,1034,52079.4,9434.72
2534,1022,52073.3,9501.11
2535,1603,52241.4,9464.72
2536,1478,52204.4,9555.28
2537,1608,52241.9,9543.06
2538,1863,52314.7,9507.22
2539,1900,52324.4,9269.44
2540,1817,52300,9300
2541,1952,52344.7,9365
2542,1968,52350,9333.33
2543,2062,52381.4,9302.5
2544,1951,52344.7,9307.5
2545,1853,52310,9226.67
2546,1745,52279.2,9281.11
2547,1724,52274.4,9290.56
2548,1765,52283.3,9216.67
2549,1083,52095.8,9180.56
2550,1267,52151.1,9163.61
2551,1401,52183.3,9233.33
2552,1451,52198.6,9242.5
2553,1168,52128.3,9316.67
2554,1108,52108.1,9259.44
2555,1148,52120.3,9393.89
2556,1530,52218.9,9416.67
2557,1521,52216.7,9383.33
2558,1139,52116.7,9483.33
2559,989,52061.9,9613.33
2560,1192,52133.3,9583.33
2561,1207,52138.1,9535.83
2562,1340,52166.7,9600
2563,1323,52164.2,9628.33
2564,1431,52191.7,9435.83
2565,1474,52203.3,9300.83
2566,1063,52089.7,9246.11
2567,977,52054.7,9244.17
2568,623,51900,9166.67
2569,761,51958.1,9195.56
2570,734,51940.6,9254.17
2571,490,51859.2,9291.94
2572,278,51743.6,9305.83
2573,355,51790.6,9138.89
2574,343,51783.6,9322.22
2575,263,51733.1,9291.39
2576,27,51522.8,9502.5
2577,57,51569.7,9510.83
2578,105,51610.3,9515
2579,70,51583.3,9566.67
2580,80,51591.4,9583.33
2581,246,51716.7,9566.67
2582,241,51709.4,9611.39
2583,273,51741.4,9559.17
2584,586,51885,9453.89
2585,547,51874.4,9559.17
2586,478,51855.8,9619.17
2587,752,51951.9,9654.17
2588,946,52045,9718.61
2589,252,51724.4,9892.5
2590,221,51693.6,9940
2591,212,51689.2,9932.78
2592,251,51720.3,9916.94
2593,208,51686.1,9847.5
2594,328,51776.1,9770.56
2595,472,51853.1,9827.5
2596,727,51936.7,9789.44
2597,796,51971.4,9777.5
2598,1017,52071.4,9846.39
2599,1041,52081.7,9920.28
2600,886,52012.2,9960.83
2601,990,52062.2,9922.5
2602,553,51876.7,9886.94
2603,789,51966.7,9850
2604,899,52017.2,9880
2605,825,51981.7,9857.22
2606,627,51900,9616.67
2607,736,51941.4,9699.17
2608,418,51828.3,9570
2609,216,51691.7,9670.56
2610,18,51500.8,9708.61
2611,14,51493.9,9709.17
2612,11,51483.6,9783.06
2613,4,51466.7,9716.67
2614,145,51643.3,9951.94
2615,141,51639.4,9963.61
2616,290,51754.4,9776.39
2617,257,51727.2,9780.56
2618,414,51826.7,9742.5
2619,354,51790,9812.22
2620,521,51866.7,9816.67
2621,420,51829.7,9895.56
2622,432,51833.3,9900
2623,373,51801.9,9983.61
2624,378,51806.9,9990.56
2625,408,51824.2,10044.4
2626,444,51842.8,10028.6
2627,350,51788.6,10051.9
2628,498,51862.5,10069.2
2629,644,51908.3,10064.4
2630,890,52014.2,10101.4
2631,810,51975.6,10150.3
2632,615,51898.1,10242.8
2633,341,51783.3,10333.3
2634,371,51800,10283.3
2635,394,51816.7,10283.3
2636,1223,52141.7,10385.6
2637,1371,52175,10409.2
2638,1424,52190.6,10380
2639,1208,52138.3,10461.9
2640,1314,52162.5,10393.6
2641,1536,52220.8,10365.3
2642,757,51956.1,10287.5
2643,695,51926.9,10287.2
2644,702,51929.7,10260
2645,1225,52141.9,10289.7
2646,1407,52184.7,10315.8
2647,1279,52154.2,10282.2
2648,780,51965,10266.4
2649,722,51934.7,10241.1
2650,526,51868.6,10262.8
2651,393,51815.8,10158.3
2652,317,51766.7,10100
2653,427,51833.3,10250
2654,454,51847.8,10242.2
2655,617,51899.4,10248.6
2656,569,51881.1,10196.4
2657,588,51885.8,10096.1
2658,473,51853.3,10110
2659,699,51928.3,9951.39
2660,440,51838.9,9980.56
2661,374,51802.5,9991.11
2662,247,51716.7,9950
2663,271,51740.3,9947.5
2664,267,51736.7,9973.89
2665,117,51619.4,10016.4
2666,159,51650,9916.67
2667,136,51635.6,10055
2668,100,51607.2,10043.6
2669,85,51598.9,10035.8
2670,171,51660,10068.6
2671,370,51800,10166.7
2672,659,51913.6,10034.2
2673,782,51965.6,9909.72
2674,933,52038.3,9953.89
2675,908,52027.2,9974.72
2676,892,52014.7,10001.4
2677,1264,52150.6,10177.2
2678,1592,52239.7,10208.1
2679,1714,52271.7,10172.5
2680,1734,52276.9,10168.6
2681,1674,52260.3,10181.7
2682,2179,52420.8,9852.78
2683,2105,52395,9833.61
2684,2015,52364.7,9820.56
2685,1884,52318.3,9785.28
2686,1826,52302.8,9801.67
2687,1767,52283.3,9833.33
2688,1755,52280.8,9841.39
2689,1756,52280.8,9867.5
2690,1550,52225.3,9922.22
2691,981,52056.9,9950.56
2692,1025,52076.1,9915.83
2693,840,51987.2,9937.22
2694,868,52001.9,9936.39
2695,1251,52149.7,9968.06
2696,1227,52142.5,10160.3
2697,667,51916.7,10316.7
2698,646,51908.9,10328.3
2699,637,51904.4,10278.1
2700,456,51848.1,10073.1
2701,486,51858.3,10168.1
2702,466,51850.8,10124.7
2703,467,51851.4,10166.7
2704,568,51880.8,10312.8
2705,760,51956.9,10210.8
2706,742,51948.6,10222.2
2707,763,51958.6,10237.8
2708,600,51891.7,10217.8
2709,1252,52150,10461.7
2710,1379,52178.6,10448.6
2711,1294,52157.5,10442.5
2712,1436,52194.4,10423.3
2713,1283,52155.3,10457.2
2714,1425,52190.6,10429.7
2715,1175,52131.4,10457.2
2716,1114,52109.4,10398.3
2717,1172,52129.4,10407.5
2718,1329,52166.7,10416.7
2719,1145,52117.5,10403.3
2720,1098,52103.1,10433.1
2721,1345,52168.6,10445.3
2722,1473,52203.1,10365.8
2723,1531,52219.2,10341.1
2724,1514,52216.1,10355.6
2725,1384,52179.4,10286.9
2726,1468,52202.2,10307.5
2727,847,51991.4,10208.9
2728,902,52019.2,10145.6
2729,882,52010.3,10103.3
2730,614,51897.8,10128.6
2731,334,51779.2,10076.9
2732,347,51785.6,10062.8
2733,426,51833.3,10166.7
2734,639,51905.8,10132.5
2735,1157,52125,10115
2736,1277,52152.8,10125
2737,1193,52133.9,10143.6
2738,1183,52133.3,10230.3
2739,1182,52133.3,10200
2740,1593,52239.7,10299.4
2741,1417,52186.9,10363.9
2742,1435,52194.2,10359.2
2743,1351,52170,10341.7
2744,1547,52225.3,10301.1
2745,1508,52213.1,10308.6
2746,1484,52205.8,9979.17
2747,1393,52182.5,9991.39
2748,1129,52116.1,9902.78
2749,1111,52108.3,9894.17
2750,983,52058.1,9937.78
2751,931,52035.8,10022.8
2752,925,52033.3,9983.33
2753,798,51972.2,10070.3
2754,809,51975.3,9895.56
2755,1007,52066.7,9633.33
2756,1160,52125.3,9710.56
2757,1065,52089.7,9565.28
2758,935,52040,9474.44
2759,916,52030.6,9405.28
2760,979,52055.8,9386.39
2761,1138,52116.7,9383.33
2762,691,51925.6,9251.67
2763,819,51980.6,9311.39
2764,656,51910.6,9339.17
2765,612,51896.9,9205.56
2766,915,52030,9291.67
2767,624,51900,9250
2768,1053,52085.3,9193.33
2769,1048,52083.3,9183.33
2770,1136,52116.7,9216.67
2771,1095,52101.1,9220.56
2772,1190,52133.3,9216.67
2773,1112,52108.9,9154.44
2774,956,52049.2,9165.83
2775,943,52042.5,9255.28
2776,1282,52155,9232.5
2777,1338,52166.7,9283.33
2778,1366,52173.9,9262.78
2779,1419,52187.8,9358.06
2780,1261,52150,9400
2781,1495,52208.3,9428.89
2782,1391,52181.9,9498.89
2783,2103,52394.2,9516.39
2784,2148,52410.3,9340
2785,2364,52493.3,9287.5
2786,2432,52516.7,9200
2787,2761,52639.7,9483.33
2788,2504,52545.8,9474.17
2789,2396,52503.6,9445.83
2790,3138,52796.7,9365.83
2791,3001,52736.4,9493.61
2792,3014,52745.6,9428.06
2793,2829,52673.6,9309.44
2794,3071,52766.9,9265
2795,3387,52894.2,9203.61
2796,3367,52887.5,9308.89
2797,3480,52918.9,9250.83
2798,3549,52937.8,9203.61
2799,3548,52937.8,9128.06
2800,3285,52856.4,9199.72
2801,2583,52572.8,9375.28
2802,2871,52689.7,9231.67
2803,2606,52581.4,9162.22
2804,2665,52600,9050
2805,2530,52553.6,8991.39
2806,2298,52467.5,9288.33
2807,2012,52364.2,9278.61
2808,1929,52334.2,9210
2809,1997,52357.5,9209.72
2810,2593,52575.8,9079.44
2811,2712,52621.9,8967.5
2812,2671,52605.3,8960.83
2813,2538,52556.4,8906.94
2814,2510,52548.6,8936.94
2815,2487,52540.3,8907.22
2816,2767,52643.1,8868.89
2817,2674,52607.2,8873.06
2818,3140,52797.5,8888.89
2819,3190,52818.6,8866.94
2820,3308,52866.7,8900
2821,3364,52887.2,8844.44
2822,3388,52894.7,8630.56
2823,3409,52899.7,8696.67
2824,3648,52964.7,8645.28
2825,3947,53056.1,8728.06
2826,3793,53013.1,8716.39
2827,3385,52893.3,8657.5
2828,3430,52905.6,8710.56
2829,3488,52920.3,8723.33
2830,3470,52916.1,8738.33
2831,3801,53015.3,8772.78
2832,3978,53065.3,8774.44
2833,4170,53120.8,8859.44
2834,4469,53202.8,8871.11
2835,4409,53186.4,8906.39
2836,4561,53230.3,8945.83
2837,4521,53218.9,8886.67
2838,4553,53227.2,8981.39
2839,3235,52840.3,8828.89
2840,3557,52939.4,8893.33
2841,3264,52850,8998.33
2842,2974,52731.7,9076.94
2843,2948,52719.2,9065.83
2844,2661,52599.7,8975.56
2845,2774,52645.6,8955
2846,2856,52683.3,8816.67
2847,2723,52627.5,8751.11
2848,2315,52472.8,8863.89
2849,2428,52515.6,8896.67
2850,2266,52456.4,8929.44
2851,2553,52561.9,8795.56
2852,2053,52378.1,8813.89
2853,1940,52338.3,8738.61
2854,1733,52276.1,8717.5
2855,1388,52181.1,8698.33
2856,1298,52157.5,8650.83
2857,1177,52131.7,8628.33
2858,1195,52134.4,8639.44
2859,1185,52133.3,8550
2860,1344,52168.3,8289.17
2861,1255,52150,8300
2862,1770,52284.7,8215.28
2863,1803,52293.9,8166.39
2864,1804,52294.2,8225.83
2865,2242,52448.1,8062.5
2866,2287,52465.6,8061.94
2867,2005,52361.7,8271.11
2868,2229,52441.7,8316.11
2869,2545,52559.7,8446.39
2870,2425,52513.9,8508.06
2871,2459,52530,8603.33
2872,2415,52510.3,8712.78
2873,2707,52618.3,8764.72
2874,2740,52632.2,8728.89
2875,2653,52597.2,8708.89
2876,2808,52663.1,8689.44
2877,2935,52714.2,8780.83
2878,2901,52700,8816.67
2879,3044,52756.9,8776.11
2880,3166,52806.7,8745.83
2881,3022,52749.2,8642.78
2882,2837,52678.1,8689.72
2883,2756,52638.3,8654.44
2884,2865,52686.4,8668.61
2885,3145,52800,8650
2886,2855,52683.3,8616.67
2887,2845,52681.1,8609.72
2888,2917,52707.8,8575.28
2889,2984,52733.3,8616.67
2890,2999,52736.4,8576.11
2891,2810,52664.7,8623.06
2892,2709,52620.8,8615.56
2893,3504,52924.7,8645.28
2894,3491,52920.8,8624.44
2895,3353,52883.9,8601.11
2896,3807,53015.6,8588.89
2897,3226,52835.6,8278.06
2898,3254,52846.7,8175.83
2899,3696,52981.1,8249.17
2900,3636,52961.7,8273.33
2901,3418,52901.1,8236.11
2902,3499,52923.1,8276.67
2903,3754,52997.5,8418.61
2904,3699,52981.7,8436.11
2905,2981,52733.3,8333.33
2906,3164,52806.7,8443.61
2907,3350,52882.5,8350.28
2908,3420,52902.8,8346.11
2909,3348,52881.7,8195.83
2910,3394,52896.9,8132.5
2911,3257,52847.5,7955.28
2912,3344,52880.3,7958.61
2913,3287,52858.1,7958.33
2914,3727,52989.4,7887.5
2915,3869,53033.6,7920.28
2916,3990,53068.3,7863.61
2917,4141,53114.2,7804.17
2918,4027,53081.7,7848.06
2919,4139,53113.9,7890.28
2920,3764,53000.8,7924.44
2921,3723,52988.9,7970.28
2922,3495,52921.4,7993.06
2923,3213,52828.6,8023.06
2924,3484,52919.2,7954.72
2925,3532,52931.9,7877.22
2926,3326,52873.3,7806.94
2927,3292,52859.7,7849.72
2928,3208,52827.5,7817.78
2929,3222,52833.9,7619.17
2930,3106,52781.7,7611.11
2931,3086,52773.3,7611.39
2932,3299,52863.1,7606.94
2933,3490,52920.8,7539.72
2934,3479,52918.9,7511.94
2935,3531,52931.7,7490.28
2936,3477,52917.8,7540.83
2937,3730,52990,7605.28
2938,3691,52979.7,7563.61
2939,3728,52989.7,7567.22
2940,3692,52979.7,7568.61
2941,3745,52995,7556.11
2942,3615,52955.8,7641.67
2943,3379,52890.8,7705
2944,3487,52920.3,7684.44
2945,3567,52943.1,7918.06
2946,3620,52956.9,8012.5
2947,3827,53020.6,8221.94
2948,3708,52984.7,8224.72
2949,3678,52976.1,8181.67
2950,3768,53002.2,8146.67
2951,4279,53150,8200
2952,4352,53171.1,8170.56
2953,5218,53383.3,8166.67
2954,5559,53533.3,8066.67
2955,5428,53433.3,7950
2956,4665,53251.1,7941.67
2957,4591,53236.1,7958.89
2958,4872,53300,8000
2959,4663,53250.8,7976.11
2960,4247,53141.1,7926.11
2961,4442,53195.3,7881.94
2962,4606,53239.4,7786.11
2963,4920,53314.4,7751.11
2964,4995,53332.2,7673.61
2965,4551,53226.9,7791.39
2966,4569,53232.5,7726.94
2967,4611,53240,7656.11
2968,4427,53190.8,7587.22
2969,3951,53057.2,7551.11
2970,4383,53180.3,7576.67
2971,4312,53159.2,7538.89
2972,4443,53195.6,7443.33
2973,4267,53147.5,7357.22
2974,4380,53178.1,7454.72
2975,4356,53171.9,7380.56
2976,4181,53122.8,7374.72
2977,4055,53089.7,7381.11
2978,3757,52998.3,7303.89
2979,3514,52927.2,7388.06
2980,3306,52866.4,7295.83
2981,3478,52918.3,7264.72
2982,3577,52945.6,7304.17
2983,3737,52991.1,7202.22
2984,3829,53021.1,7232.22
2985,3824,53020.3,7250
2986,3792,53011.4,7297.22
2987,4016,53076.9,7318.33
2988,4138,53113.6,7320
2989,4179,53122.5,7267.22
2990,4250,53142.2,7222.22
2991,4220,53135,7220.28
2992,4439,53194.4,7165.28
2993,4095,53102.2,7221.39
2994,4195,53127.8,7168.06
2995,4183,53124.2,7195.83
2996,4040,53083.6,7243.89
2997,3834,53023.6,7220.83
2998,3685,52977.8,7161.67
2999,3452,52910,7178.89
3000,3421,52903.1,7118.61
3001,3276,52854.2,7110
3002,3373,52888.9,7073.06
3003,3619,52956.9,7027.22
3004,3871,53034.4,7005.56
3005,3852,53030.6,6965
3006,4233,53137.5,6980.28
3007,4323,53162.5,7010
3008,4269,53148.1,7110
3009,4215,53134.2,7094.17
3010,4140,53114.2,7143.33
3011,4336,53166.1,7140.56
3012,4691,53258.1,7151.67
3013,5334,53407.2,6838.89
3014,5387,53416.7,6810.28
3015,5549,53525,6782.22
3016,5482,53476.9,6736.39
3017,5477,53469.7,6536.39
3018,5624,53579.7,6697.22
3019,5722,53650,6665.28
3020,5983,53852.5,6653.06
3021,5888,53781.1,6486.94
3022,5869,53766.1,6545.28
3023,5758,53673.3,6571.67
3024,5607,53566.7,6583.33
3025,5423,53433.1,6333.33
3026,5465,53457.5,6310.28
3027,5307,53400.6,6434.44
3028,5463,53456.1,6396.39
3029,5459,53451.7,6307.78
3030,5363,53412.8,6305.28
3031,4963,53324.4,6397.22
3032,4949,53321.4,6353.06
3033,5197,53378.6,6392.22
3034,5126,53362.8,6365.56
3035,4895,53305.6,6258.06
3036,4974,53326.7,6244.72
3037,4910,53310,6247.22
3038,5008,53335,6211.39
3039,4848,53295,6237.22
3040,4849,53295.3,6308.89
3041,4762,53275.6,6367.5
3042,4574,53233.3,6350
3043,4673,53252.5,6213.61
3044,4565,53231.9,6191.11
3045,4529,53221.7,6213.61
3046,4610,53240,6221.67
3047,4841,53292.2,6266.94
3048,4874,53300.6,6282.78
3049,4961,53324.2,6328.61
3050,4289,53153.9,6409.72
3051,4491,53210.3,6431.94
3052,4474,53203.6,6400.83
3053,4008,53073.3,6211.94
3054,4329,53163.6,6165
3055,4010,53073.9,6098.61
3056,4355,53171.9,6174.72
3057,4410,53186.7,6215.56
3058,3459,52913.3,6272.5
3059,3471,52916.7,6283.33
3060,3408,52899.7,6261.39
3061,3481,52919.2,6121.94
3062,3554,52938.9,6219.72
3063,3848,53028.9,6251.94
3064,3547,52937.5,6322.22
3065,3511,52926.4,6235.56
3066,3250,52845.3,6301.11
3067,3320,52870,6308.06
3068,3274,52853.3,6327.5
3069,3066,52765.6,6267.22
3070,3157,52805.3,6296.94
3071,2804,52659.4,6381.39
3072,2796,52656.7,6423.89
3073,2533,52555.8,6475.83
3074,2528,52553.1,6431.39
3075,2751,52637.5,6261.94
3076,2937,52715,6344.17
3077,3034,52753.9,6537.22
3078,2950,52720.3,6581.67
3079,3032,52752.5,6703.89
3080,2859,52685,6778.33
3081,2515,52550,6750
3082,2551,52561.9,6723.33
3083,2217,52436.4,6699.17
3084,2245,52449.7,6712.5
3085,2388,52501.7,6786.11
3086,2426,52514.2,6763.89
3087,2004,52361.4,6710.83
3088,2085,52388.1,6688.06
3089,2001,52359.7,6650
3090,2101,52394.2,6716.94
3091,2104,52395,6797.5
3092,2190,52425.3,6747.22
3093,2145,52408.6,6700.83
3094,2118,52400,6733.33
3095,2061,52381.4,6608.61
3096,1998,52358.1,6557.78
3097,1879,52318.3,6605.28
3098,1913,52331.4,6607.5
3099,2033,52370.8,6577.22
3100,2017,52366.1,6528.06
3101,2228,52441.4,6423.06
3102,2075,52385,6495.28
3103,2390,52502.8,6527.78
3104,2436,52519.7,6382.5
3105,2290,52466.7,6304.17
3106,2291,52466.7,6400
3107,2395,52503.6,6382.22
3108,2474,52535,6375.56
3109,2522,52551.1,6373.33
3110,2457,52528.3,6309.44
3111,2556,52564.4,6439.72
3112,2595,52576.1,6423.33
3113,2815,52667.8,6433.89
3114,2623,52586.7,6473.89
3115,2657,52598.6,6465.83
3116,2744,52634.7,6498.61
3117,2696,52614.7,6460.56
3118,2189,52425.3,6446.11
3119,2176,52418.3,6502.78
3120,2275,52461.1,6500
3121,2135,52404.4,6399.17
3122,2451,52525.3,6480.28
3123,2702,52616.7,6357.78
3124,2765,52641.4,6341.39
3125,2513,52550,6283.33
3126,2818,52668.6,6497.78
3127,2867,52689.2,6491.94
3128,2811,52665,6594.17
3129,2763,52641.1,6533.06
3130,2873,52690.6,6645.28
3131,2876,52690.8,6639.72
3132,2598,52577.2,6489.72
3133,2384,52500.8,6557.78
3134,2076,52385,6575
3135,2213,52434.7,6604.72
3136,2054,52378.3,6652.5
3137,2112,52396.9,6640.56
3138,1954,52345.8,6613.89
3139,1481,52205.3,6514.17
3140,1408,52184.7,6559.17
3141,1467,52201.4,6537.78
3142,1527,52217.8,6503.06
3143,1360,52171.9,6586.11
3144,1555,52228.1,6544.17
3145,1556,52228.1,6608.89
3146,1934,52336.4,6559.72
3147,2375,52498.9,6763.06
3148,2038,52373.1,6787.78
3149,1977,52351.7,7025
3150,1786,52289.2,6941.39
3151,1834,52305,6981.94
3152,2264,52455.6,6956.94
3153,2373,52498.6,7056.94
3154,2679,52609.7,7113.89
3155,2480,52537.8,7050.28
3156,2163,52415.3,7052.5
3157,2108,52396.1,7042.5
3158,2313,52472.5,7021.94
3159,2524,52551.7,6946.39
3160,2693,52614.2,7030
3161,2766,52642.8,7015.56
3162,2560,52565,6888.61
3163,2523,52551.1,6907.5
3164,2402,52505.3,6876.11
3165,2600,52578.3,6868.89
3166,2682,52610.8,6844.17
3167,2902,52700.8,6921.67
3168,2899,52700,6986.67
3169,2997,52736.1,7020.83
3170,2922,52709.4,7046.39
3171,2809,52663.6,7213.89
3172,2302,52468.1,7294.44
3173,2219,52438.6,7263.33
3174,2541,52557.8,7301.39
3175,2713,52622.2,7363.06
3176,2745,52634.7,7323.61
3177,2589,52575.3,7294.44
3178,2791,52654.2,7252.22
3179,2941,52716.7,7283.33
3180,3192,52819.2,7290.28
3181,3159,52805.3,7461.67
3182,3529,52931.4,7345
3183,3228,52836.1,7371.39
3184,3405,52899.2,7357.5
3185,3329,52873.9,7308.06
3186,3496,52921.7,7310
3187,3440,52907.2,7296.39
3188,3119,52788.9,7330.28
3189,3189,52818.1,7471.11
3190,3247,52844.2,7392.5
3191,3283,52856.1,7364.44
3192,3056,52761.7,7453.61
3193,3070,52766.9,7470.83
3194,3419,52902.2,7398.06
3195,3635,52961.7,7413.33
3196,3181,52815.6,7467.22
3197,3360,52886.1,7506.67
3198,3123,52791.9,7567.5
3199,2965,52724.7,7522.22
3200,2952,52720.6,7582.5
3201,2586,52574.4,7550.28
3202,2700,52615.8,7640.28
3203,2344,52484.7,7556.39
3204,1988,52354.7,7650.56
3205,1681,52264.4,7744.72
3206,1502,52211.1,7736.67
3207,1469,52202.2,7715
3208,1411,52184.7,7728.06
3209,1330,52166.7,7783.33
3210,1397,52183.3,7750
3211,1272,52151.7,7775.83
3212,1096,52101.9,7783.61
3213,1217,52140.8,7714.17
3214,1059,52087.5,7753.33
3215,1020,52072.8,7672.22
3216,1011,52068.3,7643.33
3217,919,52031.7,7721.94
3218,953,52048.6,7702.78
3219,1032,52079.2,7739.17
3220,1318,52163.6,7750
3221,1678,52262.5,7725.28
3222,1868,52316.7,7716.67
3223,1873,52316.9,7778.61
3224,1937,52337.8,7788.89
3225,1448,52197.5,7678.61
3226,1759,52282.2,7618.33
3227,1893,52321.4,7588.06
3228,2080,52386.4,7663.33
3229,1930,52334.4,7618.06
3230,2508,52548.3,7511.67
3231,2692,52613.6,7582.78
3232,2642,52593.3,7562.5
3233,2754,52638.1,7606.11
3234,2833,52676.7,7599.17
3235,2906,52701.9,7488.06
3236,2324,52475.8,7445.28
3237,2209,52433.3,7345
3238,2286,52465.6,7399.72
3239,2237,52446.1,7366.39
3240,2277,52461.7,7344.44
3241,2236,52446.1,7303.06
3242,1705,52269.2,7208.06
3243,1443,52196.7,7179.17
3244,1296,52157.5,7226.39
3245,1354,52170.6,7333.61
3246,1320,52163.9,7324.17
3247,1245,52148.6,7065.28
3248,1295,52157.5,7053.89
3249,1742,52278.6,7159.72
3250,1482,52205.8,7081.94
3251,1226,52141.9,7046.39
3252,1377,52177.2,7230.83
3253,1517,52216.7,7233.33
3254,1618,52243.3,7241.67
3255,1621,52243.9,7331.11
3256,1242,52147.2,7342.78
3257,1349,52169.7,7256.94
3258,1489,52207.5,7257.5
3259,1392,52182.2,7300.83
3260,1281,52155,7206.67
3261,1422,52189.2,7258.61
3262,1220,52141.1,7256.94
3263,1164,52126.7,7460.28
3264,1173,52130,7460
3265,1327,52166.1,7400.83
3266,1284,52155.3,7420.28
3267,1230,52144.2,7473.61
3268,1231,52144.4,7517.78
3269,1163,52126.4,7561.11
3270,1118,52111.1,7661.11
3271,1060,52088.1,7625.28
3272,970,52051.9,7595.83
3273,883,52010.8,7703.61
3274,877,52008.1,7755.56
3275,880,52009.7,7666.11
3276,938,52041.1,7635.83
3277,939,52041.4,7656.67
3278,1075,52093.9,7611.39
3279,1043,52082.5,7678.06
3280,1253,52150,7700
3281,1307,52160,7475.28
3282,1498,52209.7,7425.83
3283,1631,52248.3,7397.5
3284,1449,52198.3,7328.89
3285,1215,52140.3,7374.44
3286,1423,52189.2,7469.17
3287,1738,52278.3,7437.78
3288,2240,52446.9,7467.78
3289,2297,52467.2,7691.11
3290,2635,52590.3,7665
3291,2575,52569.7,7701.94
3292,2525,52551.7,7970.28
3293,2727,52628.6,7924.17
3294,2760,52639.7,7863.06
3295,2990,52733.9,7909.72
3296,2943,52716.7,7916.67
3297,3088,52774.2,7815
3298,2919,52708.1,7664.72
3299,3087,52773.6,7642.22
3300,3543,52936.4,7636.39
3301,3626,52959.2,7726.39
3302,4083,53098.6,7645.83
3303,4360,53173.1,7696.11
3304,4306,53157.5,7591.94
3305,4756,53273.9,7488.89
3306,4709,53262.5,7505.28
3307,4434,53192.5,7378.61
3308,4629,53243.6,7377.22
3309,4682,53255.3,7256.94
3310,4669,53251.9,7220.56
3311,4999,53332.5,7192.22
3312,4708,53261.7,7194.44
3313,4577,53233.3,7200
3314,4404,53185.6,7246.94
3315,4430,53191.4,7277.78
3316,4287,53152.5,7255
3317,4767,53276.4,7185.56
3318,4857,53296.7,7146.11
3319,4774,53277.5,7142.5
3320,4847,53294.4,7163.61
3321,4386,53180.8,7073.33
3322,4162,53118.3,7114.44
3323,3802,53015.6,7152.78
3324,3697,52981.4,7089.44
3325,3930,53050.8,7125.28
3326,3972,53064.2,7113.06
3327,4064,53092.2,7092.22
3328,4127,53110.3,7061.67
3329,4652,53249.2,6953.89
3330,4861,53297.2,6971.39
3331,5248,53390,6951.39
3332,5160,53370,6932.78
3333,5227,53385.6,6889.72
3334,5420,53428.6,6918.89
3335,5346,53409.7,7004.72
3336,5315,53402.2,6954.72
3337,5161,53370.3,6833.61
3338,5079,53350.6,6810
3339,5395,53416.9,6790.28
3340,5194,53378.3,6817.5
3341,5403,53419.4,6740.56
3342,5076,53350.3,6745.83
3343,4827,53288.9,6844.17
3344,4155,53117.5,6732.5
3345,3977,53065.3,6713.61
3346,3934,53051.7,6750
3347,3962,53060.6,6767.5
3348,3637,52961.9,6697.22
3349,3756,52998.1,6714.17
3350,3482,52919.2,6708.61
3351,3593,52950,6710.28
3352,3610,52955,6702.5
3353,3649,52965.3,6723.06
3354,3684,52977.8,6642.22
3355,3820,53019.2,6614.72
3356,3898,53041.9,6610.56
3357,3463,52914.2,6416.94
3358,3270,52851.9,6461.39
3359,3566,52943.1,6600.28
3360,3667,52972.5,6611.67
3361,3694,52981.1,6601.11
3362,3512,52927.2,6633.61
3363,3401,52898.6,6656.94
3364,3505,52925.3,6537.78
3365,3417,52901.1,6607.22
3366,3644,52963.1,6594.44
3367,3841,53026.9,6606.39
3368,3720,52988.6,6605
3369,3585,52947.2,6674.44
3370,3655,52966.7,6683.33
3371,3599,52951.9,6657.78
3372,3787,53008.6,6693.33
3373,3945,53055.6,6703.89
3374,4381,53178.9,6711.67
3375,4476,53203.9,6778.61
3376,4648,53248.6,6780.83
3377,4689,53257.5,6796.67
3378,4668,53251.9,6841.94
3379,4816,53286.7,6809.17
3380,4950,53321.4,6732.22
3381,4965,53324.4,6698.33
3382,4811,53285.3,6750
3383,4837,53290.3,6753.89
3384,4840,53291.4,6689.17
3385,5338,53408.3,6662.78
3386,5362,53412.5,6700.56
3387,5256,53391.7,6834.44
3388,5535,53516.7,7083.33
3389,5294,53397.8,7025.28
3390,5097,53354.7,7055.56
3391,5460,53452.2,7099.72
3392,5405,53420,7133.61
3393,5056,53345.3,7049.72
3394,5045,53343.3,7135.56
3395,4790,53280.6,7026.11
3396,4654,53250,7068.06
3397,4833,53289.7,7045.83
3398,5106,53358.6,6965.83
3399,5036,53341.7,6941.11
3400,4875,53300.6,6925.28
3401,4757,53274.2,6817.78
3402,4814,53286.4,6827.78
3403,4755,53273.9,6761.39
3404,4991,53331.7,6767.22
3405,4459,53200.6,6708.61
3406,4202,53130.3,6744.44
3407,3879,53036.9,6673.61
3408,3979,53065.6,6651.39
3409,3674,52975.3,6766.94
3410,3612,52955.3,6759.17
3411,3881,53037.8,6866.11
3412,3876,53036.1,6891.39
3413,4189,53125.8,6847.5
3414,4499,53211.9,6948.61
3415,4526,53221.4,6995
3416,4573,53233.1,6951.94
3417,4303,53156.9,6966.67
3418,4382,53180,6957.78
3419,4451,53198.3,7003.33
3420,4480,53206.4,7000.83
3421,4817,53286.9,6894.44
3422,4940,53319.7,6857.22
3423,4911,53311.4,7018.06
3424,4900,53307.8,7160.28
3425,5040,53342.5,7198.61
3426,5014,53335.6,7200.28
3427,4725,53266.7,7133.33
3428,4883,53302.2,7065.83
3429,5203,53380.3,7107.78
3430,5241,53388.3,7109.17
3431,5306,53400.3,7126.11
3432,5412,53421.9,7167.5
3433,5486,53478.6,7167.78
3434,5529,53511.9,7142.5
3435,5677,53616.7,7383.33
3436,5436,53434.2,7241.94
3437,5109,53359.2,7148.89
3438,4906,53309.7,7234.44
3439,4686,53255.8,7273.89
3440,4812,53285.3,7256.94
3441,4881,53301.7,7315.56
3442,4582,53234.2,7030.83
3443,4541,53224.7,7119.44
3444,4527,53221.4,7219.44
3445,4585,53235.3,7320
3446,4870,53299.7,7255
3447,5069,53348.9,7215.56
3448,5122,53361.1,7326.67
3449,4956,53323.1,7433.61
3450,5704,53633.3,7333.33
3451,5653,53600,7433.33
3452,5243,53388.9,7373.61
3453,4970,53325.6,7323.61
3454,5063,53348.1,7381.11
3455,5536,53516.7,7383.33
3456,6152,53942.5,7035.56
3457,6223,53957.8,7174.72
3458,6273,53969.7,7242.5
3459,6770,54087.5,7195.56
3460,6845,54105.3,7208.61
3461,6874,54111.4,7217.22
3462,6765,54085,7278.06
3463,6570,54037.5,7315
3464,6563,54035,7238.61
3465,6349,53987.8,7279.72
3466,6630,54050.3,7235.28
3467,6488,54019.2,7229.44
3468,6337,53985.8,7138.89
3469,6499,54021.4,7043.61
3470,6774,54088.6,7000
3471,6567,54036.9,7057.5
3472,6684,54067.5,7190.83
3473,6704,54071.7,7221.94
3474,6616,54048.3,7144.72
3475,6640,54055.3,7125
3476,6601,54043.6,7108.06
3477,6443,54009.2,7200.83
3478,6595,54041.7,7249.17
3479,6536,54028.3,7366.39
3480,6819,54100,7316.67
3481,6374,53993.3,7215.83
3482,6324,53983.3,7233.33
3483,6813,54098.1,7252.22
3484,6732,54079.2,7261.39
3485,6807,54095.6,7219.72
3486,6911,54120.8,7161.11
3487,7096,54184.2,7142.22
3488,7010,54156.4,7135
3489,7062,54173.3,7151.11
3490,7191,54215.6,7112.22
3491,6986,54145.8,7109.17
3492,6984,54145.3,6991.94
3493,6908,54120,6930.83
3494,6962,54135.3,6869.44
3495,7444,54338.6,6874.44
3496,7291,54258.6,6893.33
3497,7182,54212.2,6905.28
3498,7202,54221.9,6890
3499,7425,54318.6,6895
3500,7258,54244.7,6843.06
3501,7273,54250.6,6860.83
3502,7327,54270,6871.94
3503,7397,54303.9,6881.67
3504,6942,54127.8,6788.06
3505,6783,54090.3,6761.11
3506,6838,54103.6,6803.06
3507,6938,54126.4,6821.94
3508,6993,54148.6,6845
3509,6662,54063.3,6748.33
3510,6402,54000,6700
3511,6284,53972.8,6718.89
3512,6672,54066.7,6700.28
3513,7089,54182.5,6700.28
3514,6849,54105.8,6733.33
3515,6889,54116.7,6733.33
3516,6447,54010.3,6820.28
3517,6716,54074.4,6897.5
3518,6656,54061.4,6893.06
3519,6678,54066.9,6842.78
3520,6198,53951.1,6777.22
3521,6212,53954.2,6822.5
3522,6050,53888.1,6748.33
3523,5867,53762.8,6546.67
3524,5884,53773.3,6398.61
3525,5907,53793.6,6237.5
3526,5868,53763.3,6267.78
3527,5887,53776.4,6263.33
3528,5836,53738.6,6279.44
3529,6385,53996.1,6352.78
3530,6671,54066.7,6483.33
3531,6145,53936.1,6540.28
3532,6457,54012.2,6588.33
3533,6440,54008.6,6656.39
3534,6360,53990,6605.28
3535,6463,54013.1,6518.89
3536,6611,54046.9,6490.28
3537,6549,54031.7,6514.72
3538,6550,54031.9,6490.28
3539,6534,54028.3,6350.83
3540,6609,54046.1,6368.06
3541,6321,53983.3,6497.22
3542,6594,54041.7,6423.61
3543,6519,54026.1,6614.44
3544,6628,54050.3,6531.39
3545,6505,54023.1,6621.11
3546,6541,54029.4,6645.56
3547,6947,54130.6,6661.39
3548,6989,54146.9,6663.33
3549,7158,54203.6,6838.33
3550,7073,54178.9,6867.22
3551,6748,54082.5,6956.11
3552,6692,54069.7,6948.06
3553,6403,54000,6900
3554,6185,53949.4,6873.06
3555,5994,53859.2,6873.06
3556,6026,53875.6,6920.28
3557,5819,53726.4,6879.17
3558,5904,53788.6,6882.78
3559,6132,53933.3,7130.28
3560,6154,53942.8,7130.28
3561,6309,53980.3,7159.17
3562,6306,53979.7,7191.11
3563,6237,53961.1,7212.22
3564,6168,53945.6,7255.28
3565,6035,53883.3,7283.33
3566,6598,54042.8,7376.39
3567,6357,53988.9,7427.5
3568,6618,54048.9,7422.22
3569,6350,53987.8,7442.22
3570,6412,54001.1,7438.89
3571,6388,53997.2,7456.94
3572,6099,53916.7,7266.67
3573,6242,53961.9,7301.67
3574,6820,54100,7450
3575,6841,54104.7,7646.39
3576,7026,54161.1,7706.67
3577,6945,54130,7737.5
3578,6779,54089.4,7798.06
3579,6811,54097.5,7781.94
3580,7218,54230.3,7978.33
3581,7193,54216.7,8001.94
3582,7114,54191.1,8015
3583,6641,54055.6,7920
3584,6569,54037.2,7943.89
3585,6727,54077.5,8025.28
3586,6853,54106.4,8023.89
3587,6928,54123.9,8017.5
3588,7024,54160,8014.44
3589,7144,54200,8033.33
3590,7093,54183.3,8045.56
3591,7153,54202.5,7951.94
3592,7337,54273.6,7902.78
3593,7357,54284.7,7964.44
3594,7054,54170.3,8061.94
3595,7042,54166.7,8083.33
3596,7198,54220.6,8047.22
3597,7209,54224.2,8169.17
3598,7167,54206.4,8155.56
3599,7185,54213.3,8163.89
3600,7132,54195.3,8199.72
3601,7161,54204.7,8136.67
3602,6954,54132.8,8118.33
3603,6822,54100,8116.67
3604,6680,54066.9,7973.89
3605,6821,54100,7866.67
3606,6528,54027.5,7906.39
3607,6425,54005.3,7933.06
3608,6414,54002.5,7774.72
3609,6687,54068.6,7710
3610,6736,54080,7693.61
3611,6969,54137.2,7795
3612,6893,54116.7,7783.33
3613,6860,54108.3,7796.67
3614,6782,54089.7,7833.33
3615,6421,54004.4,7732.5
3616,6739,54080.3,7743.06
3617,6762,54083.9,7834.72
3618,6833,54101.9,7857.22
3619,7183,54212.5,7905.28
3620,7442,54337.5,7990.83
3621,7347,54280,8018.33
3622,7128,54193.6,8076.39
3623,7140,54198.9,8051.94
3624,7169,54206.7,8044.44
3625,7070,54177.2,8099.44
3626,7045,54167.5,8117.5
3627,6982,54144.7,8099.17
3628,6974,54139.2,8006.67
3629,6404,54000,7883.33
3630,6793,54091.7,7732.22
3631,6932,54125,7697.78
3632,6649,54058.3,7681.94
3633,6855,54107.2,7618.06
3634,6798,54092.8,7537.5
3635,6527,54027.5,7588.89
3636,6735,54079.7,7595
3637,6771,54087.5,7589.72
3638,6944,54129.7,7635.28
3639,6784,54090.8,7710.83
3640,6900,54117.5,7663.61
3641,7074,54178.9,7666.11
3642,6916,54121.4,7675.56
3643,6717,54074.4,7636.94
3644,6737,54080,7716.67
3645,6637,54053.1,7507.22
3646,6869,54109.7,7501.39
3647,6781,54089.7,7619.17
3648,6701,54070.8,7679.72
3649,6801,54093.3,7636.11
3650,6699,54070.6,7600.28
3651,6669,54065,7477.5
3652,6351,53988.1,7386.67
3653,6361,53990.8,7360.56
3654,6832,54101.9,7448.89
3655,6790,54091.4,7422.78
3656,6913,54120.8,7450.28
3657,6817,54099.4,7365
3658,6973,54139.2,7314.44
3659,6100,53916.7,7333.33
3660,5823,53733.3,7316.67
3661,5806,53716.7,7333.33
3662,5910,53800,7366.67
3663,6036,53883.3,7400
3664,5948,53833.3,7416.67
3665,5947,53833.3,7350
3666,5870,53766.7,7383.33
3667,5783,53700,7383.33
3668,5678,53616.7,7466.67
3669,5743,53666.7,7333.33
3670,5843,53750,7300
3671,5815,53718.6,7152.22
3672,5718,53644.2,7206.67
3673,5703,53633.3,7162.5
3674,5764,53683.3,6866.67
3675,6020,53870.6,6959.72
3676,6246,53963.1,6858.89
3677,6316,53981.9,6913.06
3678,6418,54003.9,6893.61
3679,6589,54040.3,6868.89
3680,6386,53996.1,6836.94
3681,6302,53978.3,6838.89
3682,6289,53974.2,6926.67
3683,6966,54136.4,6829.72
3684,7022,54159.2,6790.28
3685,6809,54096.1,6786.11
3686,6520,54026.4,6751.11
3687,6702,54071.4,6674.17
3688,6776,54089.2,6696.11
3689,7040,54166.7,6733.33
3690,6629,54050.3,6850.56
3691,6734,54079.7,6849.17
3692,6754,54083.3,6800
3693,6647,54057.2,6818.33
3694,6985,54145.6,6818.89
3695,6835,54102.8,6895
3696,6493,54020.6,6964.44
3697,6183,53948.6,6921.39
3698,6097,53916.7,6966.67
3699,6147,53939.4,6907.78
3700,6098,53916.7,7000
3701,6286,53973.1,6953.61
3702,6381,53994.7,6852.22
3703,6146,53938.9,6785.56
3704,6410,54000.8,6797.78
3705,6612,54047.5,6730
3706,6512,54024.4,6706.11
3707,6430,54006.4,6726.39
3708,6222,53957.5,6663.06
3709,6150,53941.9,6635.56
3710,6369,53992.8,6655
3711,6159,53944.2,6717.5
3712,6471,54016.1,6742.78
3713,6220,53957.2,6623.61
3714,6206,53952.8,6577.5
3715,6263,53966.9,6571.67
3716,6086,53905,6495.83
3717,6275,53970,6551.11
3718,6182,53948.6,6541.39
3719,6295,53976.1,6523.89
3720,6401,54000,6583.33
3721,6535,54028.3,6401.94
3722,6509,54024.2,6428.61
3723,6681,54067.2,6348.61
3724,6051,53890.6,6388.89
3725,5939,53820.6,6334.72
3726,5942,53824.2,6312.78
3727,6608,54045.8,6253.06
3728,6859,54108.3,6347.5
3729,5883,53772.5,6313.06
3730,5822,53731.7,6337.78
3731,5990,53858.1,6279.17
3732,5968,53848.1,6281.67
3733,6333,53985.3,6193.89
3734,6482,54018.3,6221.67
3735,6579,54038.9,6267.78
3736,6277,53971.4,6361.94
3737,6398,53999.7,6262.78
3738,6441,54008.9,6181.94
3739,6466,54013.3,6187.5
3740,6554,54033.3,6133.33
3741,6393,53997.8,6127.78
3742,6320,53983.3,6200
3743,6319,53983.3,6183.33
3744,6424,54005.3,6123.33
3745,6454,54011.7,6138.61
3746,6491,54020,6145
3747,6586,54040,6188.33
3748,6718,54074.7,6283.89
3749,6667,54064.4,6218.61
3750,6078,53900.8,6390.28
3751,6153,53942.8,6451.67
3752,6170,53946.1,6484.17
3753,6205,53952.8,6524.44
3754,5835,53736.1,6422.78
3755,5945,53828.1,6447.78
3756,5699,53624.7,6488.06
3757,5569,53536.9,6446.67
3758,5525,53508.1,6462.5
3759,5672,53608.1,6391.39
3760,5719,53645,6345
3761,5736,53656.7,6419.17
3762,5780,53693.1,6419.72
3763,5861,53752.8,6363.89
3764,5757,53672.5,6394.17
3765,5720,53650,6316.67
3766,5668,53600.8,6231.39
3767,5670,53605.8,6227.5
3768,5648,53595.6,6216.39
3769,5626,53582.5,6244.44
3770,5589,53554.2,6209.17
3771,5622,53577.2,6283.61
3772,5698,53623.1,6230.83
3773,5673,53608.3,6337.5
3774,5603,53566.1,6385.56
3775,5721,53650,6350
3776,5639,53586.7,6289.72
3777,5756,53671.7,6481.67
3778,6002,53864.7,6435.83
3779,6545,54030.3,6455.83
3780,6274,53970,6431.11
3781,6125,53927.5,6411.39
3782,6187,53950,6366.67
3783,6006,53866.4,6341.39
3784,6395,53998.1,6195.56
3785,6580,54039.2,6239.72
3786,6685,54068.1,6243.06
3787,6840,54104.2,6293.06
3788,6635,54052.2,6339.72
3789,6593,54041.7,6332.78
3790,6722,54075.6,6255.56
3791,6761,54083.9,6283.89
3792,6767,54086.9,6261.67
3793,6419,54004.4,6177.22
3794,6380,53994.7,6175
3795,6379,53994.4,6220.28
3796,6001,53863.1,6310.28
3797,6330,53984.2,6439.44
3798,6400,54000,6416.67
3799,6498,54021.4,6394.72
3800,5967,53847.8,6434.72
3801,5961,53835,6396.11
3802,5816,53718.9,6347.78
3803,5781,53695.6,6308.89
3804,5761,53677.2,6319.17
3805,5734,53651.1,6313.06
3806,5778,53685.3,6268.61
3807,5643,53590,6224.17
3808,5695,53616.9,6253.89
3809,5717,53640.6,6237.78
3810,5700,53628.9,6268.33
3811,5551,53525.3,6262.5
3812,5593,53555.8,6304.72
3813,5553,53528.1,6169.17
3814,5568,53535.3,6196.39
3815,5597,53559.7,6334.44
3816,5645,53592.5,6728.61
3817,5502,53485.3,6611.39
3818,5290,53396.9,6681.94
3819,5201,53380,6664.17
3820,5098,53355,6641.67
3821,5507,53495,6685.56
3822,5021,53338.6,6543.61
3823,4773,53277.5,6563.89
3824,4502,53213.3,6708.61
3825,4564,53231.4,6722.5
3826,4782,53278.9,6697.5
3827,4523,53220.6,6743.06
3828,4613,53240.3,6735.56
3829,4739,53270,6848.33
3830,4868,53299.2,6845
3831,5009,53335,6838.61
3832,4953,53322.2,6818.61
3833,5139,53365.8,6767.78
3834,5282,53396.1,6758.61
3835,5447,53449.4,6709.44
3836,5464,53456.7,6631.67
3837,5150,53367.8,6621.11
3838,5226,53385,6593.61
3839,5281,53396.1,6598.06
3840,4926,53315.6,6634.72
3841,5083,53351.4,6600
3842,4820,53287.5,6682.22
3843,5246,53389.2,6806.11
3844,5191,53377.5,6786.11
3845,5438,53435.6,6796.39
3846,5398,53418.3,6835.28
3847,5400,53419.2,6898.33
3848,5016,53336.1,6844.72
3849,4597,53236.9,6948.89
3850,4935,53318.6,6959.17
3851,5020,53338.3,6994.44
3852,5067,53348.6,6998.06
3853,5084,53351.9,7021.67
3854,4715,53264.7,6968.89
3855,4515,53217.2,7002.22
3856,5013,53335.6,7071.94
3857,5524,53505,7146.94
3858,5262,53392.8,7210.56
3859,5407,53421.1,7251.11
3860,5522,53504.7,7239.72
3861,5556,53533.3,7350
3862,5570,53538.1,7220.28
3863,5742,53666.7,7300
3864,5824,53733.3,7483.33
3865,5537,53516.7,7516.67
3866,5220,53383.6,7466.67
3867,5189,53376.7,7462.78
3868,5468,53466.7,7450
3869,5490,53483.3,7483.33
3870,5090,53353.1,7495.83
3871,5010,53335,7473.89
3872,5297,53398.6,7509.44
3873,5377,53415.6,7476.39
3874,4980,53328.3,7473.61
3875,4192,53126.1,7491.94
3876,4240,53139.4,7523.33
3877,4268,53147.5,7524.44
3878,3843,53027.5,7597.22
3879,3553,52938.6,7646.39
3880,3613,52955.3,7490.28
3881,3238,52841.4,7613.33
3882,2963,52723.9,7468.89
3883,3121,52789.4,7388.61
3884,3295,52861.4,7298.89
3885,3365,52887.5,7159.72
3886,3389,52895.3,7121.67
3887,3506,52925.3,7117.22
3888,3580,52946.7,7129.72
3889,3719,52988.3,7154.17
3890,3873,53034.7,7162.78
3891,4013,53075.3,7139.72
3892,3965,53062.2,7227.78
3893,4178,53121.9,7233.61
3894,4394,53183.1,7199.44
3895,4746,53271.1,7245.28
3896,5253,53390.8,7279.72
3897,5442,53440.3,7231.67
3898,4983,53329.7,7253.61
3899,5029,53340.6,7277.22
3900,4990,53331.4,7213.61
3901,5371,53414.2,7296.11
3902,5257,53391.7,7331.11
3903,5489,53483.3,7350
3904,5491,53483.3,7533.33
3905,5629,53583.3,7533.33
3906,5654,53600,7716.67
3907,5450,53450,7633.33
3908,5724,53650,7500
3909,5784,53700,7616.67
3910,5890,53783.3,7716.67
3911,5951,53833.3,7750
3912,5931,53816.7,7650
3913,6011,53866.7,7716.67
3914,5408,53421.1,8029.72
3915,5233,53386.7,8073.61
3916,4919,53314.2,8202.22
3917,4602,53238.1,8234.44
3918,4693,53258.9,8236.94
3919,4710,53263.3,8211.67
3920,4737,53269.4,8261.94
3921,4520,53218.9,8279.17
3922,3967,53062.5,8143.89
3923,4058,53090.6,8182.78
3924,4338,53166.4,8151.39
3925,4423,53189.7,8265.56
3926,4627,53242.5,8388.33
3927,4747,53271.1,8439.72
3928,4556,53228.6,8449.17
3929,4683,53255.6,8346.11
3930,4744,53270.3,8341.67
3931,4879,53301.1,8264.72
3932,4934,53318.1,8455.83
3933,4908,53309.7,8395
3934,5066,53348.3,8466.11
3935,5688,53616.7,8550
3936,5661,53600,8483.33
3937,5515,53500,8433.33
3938,5390,53416.7,8483.33
3939,4873,53300.3,8483.89
3940,4921,53314.4,8506.67
3941,5247,53389.4,8616.11
3942,5689,53616.7,8616.67
3943,5663,53600,8600
3944,5659,53600,8350
3945,5787,53700,8216.67
3946,5685,53616.7,8266.67
3947,5633,53583.3,8266.67
3948,5710,53633.3,8350
3949,5660,53600,8383.33
3950,5561,53533.3,8350
3951,5560,53533.3,8283.33
3952,5709,53633.3,8183.33
3953,5612,53566.7,8233.33
3954,5495,53483.3,8266.67
3955,5538,53516.7,8283.33
3956,5539,53516.7,8316.67
3957,5498,53483.3,8716.67
3958,5453,53450,8516.67
3959,5497,53483.3,8566.67
3960,5454,53450,8566.67
3961,5564,53533.3,8583.33
3962,5767,53683.3,8383.33
3963,5614,53566.7,8283.33
3964,5686,53616.7,8283.33
3965,5726,53650,8283.33
3966,6068,53900,8300
3967,6269,53968.6,8373.89
3968,6462,54012.8,8323.06
3969,6106,53916.7,8366.67
3970,6352,53988.3,8350
3971,6259,53966.7,8300
3972,6417,54003.6,8195.83
3973,6429,54006.1,8125.28
3974,6619,54049.4,8134.44
3975,6475,54016.7,8183.33
3976,6756,54083.3,8183.33
3977,6861,54108.3,8152.78
3978,6674,54066.7,8150
3979,6661,54063.1,8094.44
3980,6602,54043.6,8107.22
3981,6645,54055.8,8104.72
3982,6673,54066.7,8116.67
3983,6705,54071.9,8098.06
3984,6726,54077.2,8175.56
3985,6362,53990.8,8063.61
3986,6514,54025.3,8074.72
3987,6318,53982.5,8153.61
3988,6956,54133.3,8100
3989,6574,54037.8,8077.22
3990,6998,54150,7933.33
3991,6582,54039.2,7833.89
3992,6496,54020.8,7833.06
3993,6724,54076.9,7811.39
3994,6643,54055.8,7871.94
3995,6532,54028.1,7795.83
3996,6642,54055.8,7778.61
3997,6884,54114.7,7729.17
3998,7090,54183.1,7748.89
3999,7154,54203.1,7713.33
4000,7008,54155,7717.5
4001,7125,54193.1,7697.22
4002,6803,54094.2,7707.5
4003,6688,54068.6,7762.22
4004,6865,54109.2,7758.89
4005,7027,54161.1,7743.33
4006,7002,54151.1,7784.72
4007,6871,54110.6,7823.61
4008,6572,54037.8,7629.17
4009,6599,54043.1,7673.06
4010,6829,54101.1,7732.5
4011,6875,54111.4,7771.67
4012,6587,54040,7749.17
4013,6249,53964.2,7814.17
4014,6331,53984.2,7911.67
4015,6363,53991.1,7787.78
4016,6453,54011.4,7792.78
4017,6850,54105.8,7905
4018,6805,54095,7876.94
4019,6691,54069.4,7861.11
4020,6863,54108.6,7887.5
4021,6560,54034.2,7912.5
4022,6243,53961.9,7869.72
4023,6364,53991.1,7830.56
4024,6268,53968.6,7673.89
4025,6522,54026.9,7695.56
4026,6518,54025.8,7674.72
4027,6458,54012.2,7649.44
4028,6547,54031.1,7626.39
4029,6658,54061.9,7575.56
4030,6892,54116.7,7583.33
4031,6766,54085,7532.78
4032,6203,53951.9,7656.67
4033,6064,53900,7666.67
4034,6584,54039.7,7708.61
4035,6479,54017.8,7728.33
4036,6633,54051.4,7853.61
4037,6755,54083.3,7850
4038,6751,54083.1,7894.44
4039,6651,54058.9,8005.56
4040,6459,54012.2,8017.78
4041,6439,54008.3,8097.22
4042,6728,54077.8,8105.56
4043,6895,54116.7,8083.33
4044,6506,54023.3,7996.94
4045,6533,54028.1,7972.22
4046,6743,54080.6,7936.11
4047,6887,54116.4,7905
4048,6999,54150,8000
4049,6990,54147.2,8020.28
4050,7056,54171.4,8011.94
4051,7014,54156.9,8005
4052,7126,54193.1,7930.28
4053,7131,54194.7,7890
4054,7155,54203.1,7902.22
4055,7060,54172.5,7878.33
4056,7080,54180.6,7863.33
4057,7378,54292.8,7875.28
4058,7365,54286.9,7987.22
4059,7274,54250.8,7900.28
4060,7119,54192.2,7858.06
4061,7035,54163.9,7783.06
4062,7059,54172.5,7734.72
4063,7294,54259.7,7926.67
4064,7263,54246.1,7925.56
4065,7389,54298.1,7935.28
4066,7711,54765,7591.39
4067,7729,54781.1,7610.28
4068,7733,54786.1,7558.33
4069,7742,54794.2,7551.94
4070,7837,54883.3,7466.67
4071,7865,54926.7,7487.5
4072,7853,54913.1,7464.44
4073,7863,54922.5,7471.11
4074,7870,54933.3,7450
4075,7836,54883.3,7450
4076,7805,54849.2,7500.28
4077,7787,54831.9,7483.61
4078,7815,54860.8,7472.78
4079,7843,54895.8,7527.5
4080,7904,54958.9,7569.17
4081,7958,55019.2,7592.78
4082,7943,54995.8,7772.22
4083,7979,55042.8,7738.33
4084,7957,55018.1,7796.39
4085,7970,55031.7,7882.78
4086,8056,55128.3,7913.06
4087,7985,55049.2,7816.39
4088,7807,54850,7933.33
4089,7818,54865.6,7731.67
4090,7884,54941.9,7741.11
4091,7879,54938.1,7667.5
4092,7864,54925,7609.72
4093,7751,54799.4,7642.78
4094,7707,54760.6,7601.11
4095,7731,54785.6,7630.83
4096,7736,54790.8,7657.5
4097,7761,54805,7643.33
4098,7753,54800,7683.33
4099,7793,54834.7,7745.28
4100,7732,54785.8,7690.56
4101,7748,54796.7,7642.22
4102,7717,54768.9,7660.28
4103,7699,54751.9,7649.44
4104,7691,54738.6,7709.44
4105,7752,54800,7583.33
4106,7701,54753.3,7688.61
4107,7809,54851.4,7777.78
4108,7786,54828.3,7787.22
4109,7914,54969.4,7958.33
4110,8046,55116.7,8150
4111,8053,55123.3,8164.72
4112,7890,54948.3,8128.33
4113,7765,54809.7,8150.83
4114,7828,54870.6,8113.33
4115,7819,54865.6,8008.61
4116,7785,54827.5,7947.78
4117,7769,54814.7,7899.17
4118,7573,54621.9,8068.06
4119,7595,54640.3,8055
4120,7682,54729.4,8046.11
4121,7667,54707.5,8026.67
4122,7738,54792.5,7806.11
4123,7756,54800,7812.5
4124,7768,54814.7,7828.33
4125,7755,54800,7783.33
4126,7718,54770.8,7771.11
4127,7741,54793.1,7714.17
4128,7824,54866.9,7767.5
4129,7825,54867.5,7810.56
4130,7880,54938.1,7901.67
4131,7877,54937.2,7839.44
4132,7862,54921.4,7920.83
4133,7833,54878.3,7979.72
4134,7799,54842.5,7933.61
4135,7757,54800,7966.67
4136,7685,54732.2,7937.78
4137,7749,54796.7,7885.28
4138,7754,54800,7766.67
4139,7746,54795.6,7772.78
4140,7767,54812.5,7773.06
4141,7723,54775.8,7853.61
4142,7844,54900,8038.33
4143,7829,54870.8,7947.5
4144,7866,54929.2,7807.22
4145,7868,54931.4,7907.22
4146,7908,54965.8,7871.11
4147,7847,54907.2,7791.94
4148,7873,54933.9,7808.61
4149,7678,54724.7,8040.83
4150,7779,54819.2,7975.28
4151,7794,54836.4,8071.39
4152,7739,54792.8,8171.67
4153,7735,54789.7,8288.89
4154,7704,54757.5,8303.89
4155,7740,54792.8,8237.78
4156,7727,54780.6,8317.5
4157,7792,54833.3,8366.67
4158,7939,54991.1,8431.39
4159,7921,54976.4,8519.44
4160,7881,54938.1,8380.83
4161,7936,54990.3,8502.5
4162,7728,54780.8,8515.56
4163,7745,54795.3,8436.67
4164,7796,54837.2,8425.56
4165,7800,54842.5,8466.67
4166,7774,54817.2,8515.28
4167,7823,54866.7,8366.67
4168,7848,54907.8,8382.22
4169,7831,54873.3,8336.11
4170,7820,54865.6,8362.22
4171,7791,54833.3,8350
4172,7852,54911.9,8441.94
4173,7905,54958.9,8391.11
4174,7898,54951.1,8359.17
4175,7915,54969.7,8338.89
4176,7961,55021.9,8317.78
4177,7892,54948.9,8340.56
4178,7934,54985.6,8431.11
4179,7924,54978.6,8380.56
4180,7734,54786.7,8443.06
4181,7759,54802.8,8447.5
4182,7700,54753.1,8423.89
4183,7692,54740,8360.83
4184,7612,54651.9,8283.33
4185,7623,54663.1,8257.78
4186,7636,54675.6,8293.61
4187,7648,54688.6,8278.61
4188,7730,54783.3,8271.67
4189,7788,54831.9,8323.89
4190,7804,54848.1,8316.39
4191,7626,54666.7,8233.33
4192,7594,54640,8306.94
4193,7527,54514.7,8222.5
4194,7494,54411.1,8319.44
4195,7456,54357.2,8244.72
4196,7432,54326.9,8274.44
4197,7471,54377.2,8327.78
4198,7501,54426.9,8314.44
4199,7490,54401.7,8303.61
4200,7521,54483.1,8264.17
4201,7528,54521.1,8178.06
4202,7525,54500,8183.33
4203,7562,54595.8,8135.56
4204,7535,54537.8,8138.89
4205,7520,54474.4,8192.22
4206,7502,54428.6,8210
4207,7503,54433.3,8183.33
4208,7449,54348.3,8087.22
4209,7481,54388.6,8109.72
4210,7496,54415.6,8158.06
4211,7226,54233.1,8065.83
4212,7338,54275.6,7981.67
4213,7257,54244.4,7970.56
4214,6644,54055.8,7968.89
4215,7108,54188.9,7983.61
4216,7212,54224.7,8021.94
4217,7334,54273.1,8002.5
4218,7555,54583.9,7783.33
4219,7550,54574.2,7840.56
4220,7539,54550,7833.33
4221,7554,54583.3,7766.67
4222,7712,54766.7,7583.33
4223,7720,54772.8,7564.44
4224,7747,54796.7,7611.39
4225,7725,54779.2,7588.61
4226,7813,54857.2,7632.5
4227,7770,54815.3,7549.72
4228,7942,54994.4,7431.11
4229,7912,54969.4,7530.28
4230,7929,54981.4,7561.11
4231,7999,55059.4,7492.78
4232,8083,55145.6,7425.56
4233,8191,55250.8,7624.44
4234,8129,55184.7,7623.61
4235,8100,55160,7590
4236,8145,55200,7683.33
4237,8137,55196.9,7725.28
4238,8164,55225.8,7851.39
4239,8141,55199.2,7830
4240,8131,55186.9,7823.61
4241,8070,55138.6,7833.61
4242,8098,55156.9,7804.72
4243,8151,55205.8,7847.78
4244,8121,55182.2,7692.78
4245,8095,55154.7,7751.11
4246,8120,55179.7,7643.33
4247,8196,55260,7668.61
4248,8206,55268.6,7652.5
4249,8183,55249.7,7664.44
4250,8147,55200.8,7527.22
4251,8144,55200,7616.67
4252,8043,55116.7,7516.67
4253,8175,55240.6,7516.11
4254,8203,55266.7,7500
4255,8208,55270,7640.56
4256,8128,55184.4,7659.44
4257,8123,55183.3,7683.33
4258,8099,55159.7,7662.5
4259,8079,55143.1,7564.44
4260,8052,55123.3,7588.33
4261,8064,55133.3,7566.67
4262,8113,55173.1,7580.83
4263,7974,55035.3,7721.67
4264,7897,54951.1,7663.61
4265,7883,54941.9,7694.17
4266,7960,55021.7,7683.33
4267,8031,55100,7816.67
4268,7950,55000,7842.78
4269,7930,54983.3,7866.67
4270,7983,55048.6,7873.61
4271,8114,55174.2,7902.78
4272,8111,55172.2,7736.67
4273,8091,55150,7716.67
4274,8161,55223.6,7623.06
4275,8130,55186.1,7732.78
4276,8134,55194.7,7742.78
4277,8178,55245,7742.5
4278,8125,55183.3,7750
4279,8105,55164.4,7772.5
4280,8158,55214.7,7814.72
4281,8174,55240,7737.78
4282,8172,55234.2,7795.28
4283,8177,55241.9,7795.83
4284,8126,55183.3,7766.67
4285,8068,55134.7,7702.22
4286,7995,55055,7706.11
4287,8010,55073.1,7671.67
4288,7996,55058.1,7730.83
4289,8008,55070.8,7686.11
4290,8037,55110,7660.28
4291,8081,55143.9,7696.39
4292,8057,55129.2,7716.67
4293,8033,55101.4,7672.78
4294,7984,55049.2,7670.56
4295,8023,55088.1,7698.89
4296,7973,55034.2,7588.33
4297,7944,54996.4,7519.17
4298,7922,54976.7,7526.94
4299,7858,54919.7,7562.78
4300,7885,54943.1,7571.94
4301,7878,54937.8,7551.11
4302,7918,54974.2,7589.72
4303,7899,54951.7,7637.22
4304,7861,54921.4,7741.94
4305,7856,54914.7,7656.67
4306,7816,54860.8,7665.56
4307,7811,54854.4,7685.83
4308,7832,54874.7,7598.33
4309,7801,54843.9,7576.11
4310,7849,54910.3,7574.72
4311,8065,55133.3,7650
4312,7966,55029.2,7686.67
4313,8115,55174.4,7797.78
4314,8146,55200,8000
4315,8076,55141.9,7980.83
4316,8073,55140,8077.78
4317,8051,55121.9,8109.72
4318,8077,55142.2,8115.56
4319,8193,55258.1,8206.11
4320,7987,55050.3,8231.94
4321,7670,54711.7,8242.22
4322,7680,54726.1,8241.94
4323,7640,54681.4,8240
4324,7664,54705.3,8450
4325,7582,54629.4,8512.78
4326,7639,54680.3,8626.94
4327,7689,54737.2,8420.56
4328,7641,54681.9,8384.72
4329,7643,54683.3,8333.33
4330,7587,54633.6,8408.61
4331,7722,54775,8492.78
4332,7598,54641.4,8356.39
4333,7690,54737.2,8430.83
4334,7696,54746.7,8424.44
4335,7619,54656.7,8305.28
4336,7645,54686.9,8331.94
4337,7631,54671.7,8343.33
4338,7693,54740.8,8446.94
4339,7710,54764.4,8407.5
4340,7724,54776.4,8410
4341,7658,54699.4,8404.17
4342,7604,54645.3,8593.61
4343,7611,54650.3,8645.83
4344,7596,54640.3,8628.89
4345,7504,54433.9,8454.17
4346,7495,54413.9,8466.11
4347,7421,54315.8,8424.17
4348,7487,54400,8450
4349,7381,54294.2,8440.83
4350,7374,54290,8428.06
4351,6358,53989.2,8526.67
4352,6303,53978.6,8687.5
4353,6492,54020.3,8712.5
4354,6730,54078.3,8699.72
4355,6858,54107.8,8735.56
4356,6797,54092.5,8764.44
4357,6746,54081.7,8786.11
4358,6712,54072.8,8755
4359,6788,54091.1,8721.11
4360,6834,54101.9,8777.5
4361,6750,54082.8,8666.94
4362,6915,54121.1,8645.28
4363,6854,54106.4,8684.17
4364,6796,54092.5,8674.72
4365,6513,54024.7,8650.56
4366,6460,54012.2,8607.78
4367,6639,54054.7,8616.39
4368,6445,54009.2,8720.28
4369,6293,53975.3,8717.22
4370,6353,53988.3,8700.28
4371,6409,54000.3,8678.06
4372,6339,53985.8,8735
4373,6261,53966.7,8751.67
4374,6270,53968.9,8795.28
4375,6165,53945,8788.33
4376,6469,54015.3,8869.72
4377,6516,54025.3,8858.61
4378,6108,53916.7,8866.67
4379,6200,53951.4,8919.72
4380,6503,54022.8,8908.06
4381,6411,54000.8,8940.56
4382,6267,53968.1,8930.28
4383,6789,54091.1,8920
4384,6571,54037.5,8816.94
4385,6818,54099.4,8575
4386,6217,53955.3,8594.44
4387,6335,53985.6,8613.89
4388,6931,54124.7,8466.11
4389,6917,54121.4,8500.83
4390,7044,54166.9,8485.56
4391,7068,54175.6,8556.94
4392,6862,54108.3,8630.28
4393,6934,54125.6,8591.11
4394,6946,54130,8569.72
4395,6757,54083.3,8516.67
4396,6613,54047.8,8448.06
4397,6515,54025.3,8499.17
4398,6372,53992.8,8510.83
4399,6772,54087.8,8325.83
4400,6866,54109.2,8316.11
4401,6711,54072.8,8247.22
4402,6577,54038.3,8223.61
4403,7207,54223.9,8232.5
4404,7036,54164.2,8169.72
4405,6896,54116.7,8166.67
4406,6780,54089.4,8094.44
4407,6356,53988.6,8121.11
4408,6209,53953.6,8122.5
4409,6175,53946.9,8090
4410,6291,53974.7,7937.78
4411,6272,53969.2,7961.94
4412,6338,53985.8,7953.61
4413,6378,53994.2,8031.94
4414,6894,54116.7,7916.67
4415,6310,53980.3,7857.22
4416,6191,53950,7831.94
4417,6066,53900,7950
4418,5953,53833.3,7916.67
4419,5891,53783.3,7816.67
4420,6012,53866.7,7816.67
4421,5912,53800,7800
4422,6510,54024.2,7860.28
4423,6624,54050,7800
4424,6297,53976.9,7786.11
4425,6202,53951.7,7703.61
4426,5930,53816.7,7566.67
4427,5950,53833.3,7516.67
4428,5911,53800,7583.33
4429,6063,53900,7633.33
4430,6010,53866.7,7533.33
4431,6300,53977.2,7645.83
4432,6474,54016.7,7616.67
4433,6603,54044.7,7602.5
4434,6693,54069.7,7584.44
4435,6473,54016.7,7550
4436,6173,53946.4,7485.56
4437,6787,54091.1,7435
4438,6698,54070.6,7406.11
4439,6920,54121.7,7410.28
4440,6665,54064.2,7330.56
4441,6657,54061.7,7420
4442,6315,53981.7,7438.06
4443,6742,54080.6,7367.78
4444,6614,54048.1,7405
4445,6653,54059.4,7369.17
4446,6749,54082.8,7442.5
4447,6777,54089.2,7497.78
4448,6925,54122.8,7477.5
4449,7001,54150.3,7420.28
4450,6830,54101.4,7392.5
4451,7009,54155.6,7316.67
4452,7092,54183.3,7233.33
4453,7004,54151.9,7188.33
4454,6919,54121.7,7194.17
4455,7123,54192.5,7142.78
4456,7103,54185.6,7164.17
4457,6978,54141.9,7193.61
4458,6912,54120.8,7233.33
4459,6878,54112.8,7253.06
4460,7237,54235.8,7139.17
4461,7205,54223.3,7090.83
4462,7240,54237.8,7028.06
4463,6988,54146.4,7009.72
4464,7016,54157.8,6983.33
4465,7067,54175.3,6995.28
4466,7034,54163.9,6898.33
4467,6994,54148.6,6925.28
4468,7085,54181.4,6954.72
4469,7166,54205.8,7056.94
4470,7077,54179.7,7125.83
4471,7150,54202.2,7101.94
4472,6929,54124.2,7131.94
4473,6891,54116.7,7123.89
4474,6968,54137.2,7026.67
4475,6890,54116.7,7016.67
4476,7349,54281.4,7001.11
4477,7269,54250,6983.33
4478,7336,54273.3,7025.83
4479,7377,54292.8,7095.83
4480,7406,54308.3,7113.61
4481,7402,54305.6,7079.72
4482,7268,54250,6966.67
4483,7236,54235.8,6987.78
4484,7127,54193.6,7032.5
4485,7345,54277.5,7065
4486,7142,54200,7116.67
4487,7303,54262.5,7113.33
4488,7122,54192.5,7076.94
4489,6910,54120.8,7058.89
4490,6953,54132.5,7075.83
4491,6997,54149.7,7089.44
4492,7064,54174.2,7058.06
4493,7321,54266.9,7034.17
4494,6914,54121.1,6975.28
4495,6700,54070.8,7040.56
4496,6883,54114.4,7163.89
4497,6941,54127.2,7146.94
4498,6836,54102.8,7141.11
4499,6664,54063.9,7148.61
4500,6703,54071.7,7163.06
4501,6828,54101.1,7175.83
4502,7179,54211.7,7210.28
4503,7115,54191.4,7224.72
4504,6921,54121.9,7247.5
4505,7143,54200,7166.67
4506,6623,54050,7316.67
4507,6531,54028.1,7331.67
4508,6568,54036.9,7353.06
4509,6880,54114.2,7287.78
4510,6814,54098.6,7290.56
4511,6729,54078.3,7309.44
4512,6507,54023.6,7305.28
4513,6557,54033.3,7226.67
4514,6252,53964.7,7268.89
4515,6201,53951.7,7332.5
4516,6257,53966.4,7383.33
4517,6472,54016.7,7533.33
4518,6597,54042.2,7513.33
4519,6537,54028.3,7509.44
4520,6721,54075.3,7552.78
4521,6903,54118.9,7631.11
4522,7041,54166.7,7700
4523,7130,54194.7,7704.44
4524,7359,54285,7162.78
4525,7188,54214.7,7159.44
4526,7281,54253.3,7125.28
4527,7339,54275.8,7131.67
4528,7135,54196.7,7096.67
4529,7320,54266.9,7018.89
4530,7467,54373.9,7023.61
4531,7386,54296.4,7013.89
4532,7292,54259.2,7008.33
4533,7111,54190,6988.89
4534,7020,54158.6,7031.67
4535,6481,54018.1,7086.39
4536,6632,54050.8,7071.67
4537,6543,54029.7,7022.5
4538,6305,53979.4,7046.11
4539,6408,54000.3,6956.67
4540,6382,53995.3,6966.11
4541,6800,54093.1,6960
4542,6738,54080.3,7008.33
4543,6930,54124.7,7003.33
4544,6709,54072.5,7081.94
4545,6605,54045,7012.5
4546,6464,54013.1,7120
4547,6347,53987.2,7050
4548,6648,54057.5,7025.56
4549,6926,54123.1,7030.56
4550,7163,54205.6,6937.5
4551,7138,54198.3,6887.5
4552,7414,54312.5,6924.17
4553,7363,54286.7,6966.39
4554,7493,54408.9,7050
4555,7478,54386.4,7036.39
4556,7480,54388.1,6984.17
4557,7489,54400.6,6975.56
4558,7463,54366.7,6966.67
4559,7454,54355.6,7060.83
4560,7453,54355.6,7005.56
4561,7399,54304.2,6986.94
4562,7261,54245.6,6899.17
4563,7275,54251.1,6836.39
4564,7195,54218.9,6838.06
4565,7152,54202.5,6791.11
4566,6967,54136.7,6691.39
4567,6996,54149.4,6756.39
4568,6314,53981.4,6781.11
4569,6253,53965,6903.89
4570,6155,53943.1,7014.17
4571,6323,53983.3,6966.67
4572,6495,54020.8,7013.89
4573,6365,53991.4,7079.44
4574,6373,53993.1,7024.72
4575,6221,53957.2,7058.89
4576,5652,53600,7283.33
4577,5399,53418.9,7457.5
4578,5049,53344.4,7427.78
4579,5404,53419.7,7511.94
4580,5449,53450,7483.33
4581,5080,53350.6,7444.44
4582,5134,53364.2,7393.89
4583,4388,53181.4,7422.5
4584,4465,53202.5,7488.33
4585,4503,53213.3,7449.44
4586,4507,53213.9,7546.67
4587,4333,53165,7565.56
4588,4700,53260.8,7652.78
4589,4601,53237.8,7476.39
4590,4661,53250.6,7507.22
4591,4992,53331.7,7353.89
4592,4714,53264.4,7335
4593,4292,53153.9,7367.22
4594,4578,53233.3,7449.44
4595,4927,53315.6,7368.06
4596,4764,53275.8,7390.28
4597,4751,53272.2,7366.94
4598,4729,53267.2,7382.5
4599,4455,53200,7316.67
4600,4204,53130.6,7305.83
4601,4042,53084.2,7294.44
4602,4123,53109.2,7353.33
4603,4201,53129.7,7321.11
4604,4020,53078.3,7437.5
4605,4062,53091.9,7438.06
4606,4223,53136.1,7370.28
4607,4508,53215,7388.61
4608,4598,53237.2,7387.5
4609,4899,53307.5,7386.94
4610,4845,53293.6,7363.33
4611,5172,53373.6,7446.39
4612,5132,53363.9,7472.5
4613,5000,53332.8,7442.78
4614,5321,53403.9,7570.56
4615,5273,53394.2,7524.44
4616,5336,53407.8,7543.06
4617,5096,53354.4,7627.78
4618,5041,53342.5,7613.89
4619,4981,53329.4,7624.44
4620,5035,53341.4,7648.89
4621,5053,53345,7675.28
4622,5271,53393.9,7717.22
4623,5162,53370.6,7761.94
4624,4952,53321.4,7668.33
4625,4703,53261.1,7559.44
4626,4688,53257.2,7427.5
4627,4741,53270,7431.67
4628,5158,53369.4,7503.33
4629,5081,53350.8,7523.33
4630,5115,53359.7,7487.5
4631,5223,53384.4,7411.94
4632,5557,53533.3,7616.67
4633,5353,53411.1,7761.94
4634,5344,53409.4,7715.56
4635,5311,53401.4,7735.56
4636,5042,53342.5,7702.5
4637,4959,53323.6,7698.06
4638,4771,53276.9,7661.94
4639,4907,53309.7,7669.44
4640,4975,53326.7,7554.17
4641,5070,53348.9,7553.89
4642,5006,53334.2,7580.83
4643,4838,53290.3,7565.83
4644,4772,53277.2,7630.56
4645,5165,53371.4,7589.17
4646,4903,53309.4,7548.06
4647,5025,53339.7,7603.06
4648,4966,53324.4,7682.78
4649,4735,53269.2,7776.39
4650,5258,53391.7,7780.56
4651,5026,53339.7,7798.33
4652,4893,53304.4,7584.72
4653,4896,53305.8,7615.83
4654,4687,53256.1,7601.67
4655,4543,53225,7676.67
4656,4759,53275.3,7552.22
4657,4217,53134.4,7404.44
4658,3894,53040.6,7538.33
4659,3893,53040,7439.44
4660,3948,53056.4,7507.5
4661,4540,53224.4,7613.89
4662,5427,53433.3,7700
4663,5381,53416.1,7669.44
4664,5492,53483.3,7666.67
4665,5426,53433.3,7650
4666,5679,53616.7,7616.67
4667,5744,53666.7,7483.33
4668,6133,53933.3,7416.67
4669,6285,53972.8,7300.28
4670,6082,53901.9,7176.94
4671,5960,53833.9,7075.56
4672,5909,53797.2,7029.44
4673,5944,53825.8,6890.83
4674,6131,53933.3,6833.33
4675,6033,53883.3,6833.33
4676,5530,53512.2,6618.61
4677,5596,53559.2,6656.67
4678,5797,53706.9,6682.5
4679,5921,53808.9,6756.94
4680,6058,53897.8,6743.06
4681,5862,53754.2,6554.17
4682,5962,53837.8,6571.11
4683,5996,53859.7,6540.56
4684,5841,53747.8,6646.11
4685,5735,53652.8,6681.39
4686,5814,53717.8,6577.5
4687,5923,53809.7,6656.39
4688,5902,53786.7,6648.06
4689,6077,53900.6,6695.28
4690,6282,53972.5,6638.06
4691,6390,53997.5,6641.67
4692,6451,54010.8,6633.06
4693,6436,54007.8,6601.11
4694,6555,54033.3,6547.22
4695,6683,54067.5,6463.61
4696,6565,54036.4,6569.44
4697,6497,54021.1,6783.06
4698,6606,54045.3,6773.61
4699,6322,53983.3,6766.67
4700,6467,54014.4,6843.61
4701,6470,54015.8,6886.67
4702,6806,54095.6,6911.67
4703,6485,54018.6,6928.89
4704,6423,54005,7037.5
4705,6741,54080.6,7097.5
4706,6544,54029.7,7146.94
4707,6553,54033.1,7110.28
4708,6307,53980,7108.61
4709,6156,53943.1,7075
4710,6189,53950,7116.67
4711,6434,54006.9,7125.83
4712,6034,53883.3,7050
4713,5842,53748.1,7163.89
4714,5946,53830.6,6930.83
4715,5860,53751.1,6954.17
4716,5738,53662.5,7010.56
4717,5801,53713.1,7018.33
4718,5864,53757.8,6839.44
4719,5908,53793.6,6736.39
4720,5818,53725.6,6801.11
4721,5838,53740.8,6664.72
4722,5671,53605.8,6774.17
4723,5723,53650,6666.67
4724,5702,53633.1,6667.5
4725,5606,53566.7,6579.72
4726,5759,53676.7,6612.5
4727,5863,53756.7,6678.89
4728,5971,53850,6809.17
4729,5941,53822.8,6750.56
4730,5676,53612.8,6553.06
4731,5646,53593.6,6486.11
4732,5642,53589.7,6336.67
4733,5644,53592.5,6363.33
4734,5922,53809.2,6270.56
4735,5741,53666.4,6240.83
4736,5740,53665.3,6354.44
4737,5793,53701.4,6246.11
4738,5881,53768.9,6344.44
4739,6047,53886.1,6344.44
4740,5965,53843.3,6335.28
4741,5970,53850,6338.89
4742,5997,53860.3,6377.78
4743,6008,53866.7,6433.33
4744,6130,53933.3,6383.33
4745,6122,53925,6377.78
4746,6494,54020.8,6306.94
4747,5993,53858.6,6253.06
4748,6000,53862.8,6278.33
4749,5928,53816.4,6273.61
4750,5964,53842.8,6302.78
4751,5940,53822.5,6295.83
4752,6157,53943.3,6383.89
4753,6021,53871.7,6306.94
4754,6016,53868.3,6314.17
4755,5820,53729.7,6347.5
4756,6144,53934.4,6477.78
4757,6271,53969.2,6486.39
4758,6377,53994.2,6504.17
4759,6420,54004.4,6467.78
4760,6120,53922.8,6546.39
4761,6092,53910.8,6615.83
4762,6188,53950,6633.33
4763,6032,53883.3,6600
4764,5943,53824.2,6531.11
4765,6197,53951.1,6601.67
4766,6636,54052.2,6666.11
4767,6725,54077.2,6695.83
4768,6539,54028.6,6727.5
4769,6882,54114.4,6675
4770,6907,54120,6672.22
4771,7052,54169.7,6750.28
4772,7019,54158.3,6638.89
4773,7215,54228.1,6824.72
4774,7241,54238.1,6883.89
4775,7306,54263.3,6875.56
4776,7328,54270.3,6889.72
4777,7353,54283.3,6920
4778,7369,54289.2,6934.72
4779,7102,54185.6,6903.61
4780,7118,54191.9,6769.72
4781,7104,54186.1,6845.28
4782,7267,54250,6900
4783,7220,54230.8,6914.44
4784,7095,54183.9,6960.28
4785,7427,54322.5,7007.22
4786,7445,54339.2,7009.17
4787,7483,54391.7,7049.72
4788,7486,54399.4,7039.44
4789,7438,54333.3,7050
4790,7375,54291.7,7116.67
4791,7168,54206.7,7083.89
4792,7057,54171.7,7067.22
4793,7204,54222.8,7052.78
4794,7249,54240.3,6986.94
4795,7459,54363.1,6920.28
4796,7458,54359.2,6966.94
4797,7426,54320.6,6961.11
4798,7447,54340.6,6959.17
4799,7429,54325.6,7038.61
4800,7455,54356.9,7027.78
4801,7465,54369.4,6908.06
4802,7431,54326.7,6915.83
4803,7316,54266.7,6916.67
4804,7382,54294.4,6931.11
4805,7342,54277.2,6908.61
4806,7079,54180.6,7023.61
4807,6963,54135.8,6911.11
4808,7063,54173.9,6912.78
4809,6939,54126.7,6941.94
4810,7012,54156.7,6959.72
4811,6937,54126.1,6900.56
4812,6904,54119.2,6860
4813,6679,54066.9,6931.94
4814,6581,54039.2,6925.56
4815,6342,53986.4,6995.56
4816,6556,54033.3,6983.33
4817,5903,53788.1,7058.61
4818,5972,53850,7083.33
4819,5926,53813.1,6951.39
4820,5696,53618.6,6920.56
4821,5555,53531.7,6961.11
4822,5620,53570.3,6903.06
4823,5062,53347.8,6690.83
4824,5417,53423.1,6574.72
4825,5500,53483.9,6285.28
4826,5440,53438.1,6295.56
4827,5422,53431.7,6300.28
4828,5350,53410.8,6215.83
4829,5133,53364.2,6278.06
4830,5019,53338.1,6215
4831,4985,53330.3,6230.56
4832,4738,53269.7,6224.17
4833,4445,53196.7,6178.61
4834,4343,53167.2,6133.61
4835,4125,53109.7,6164.17
4836,4568,53232.2,6167.22
4837,4630,53243.9,6133.06
4838,4485,53208.3,6134.44
4839,4431,53191.9,6131.67
4840,4477,53204.4,6120.83
4841,5131,53363.6,6082.78
4842,4826,53288.9,6145.28
4843,4679,53254.4,6147.78
4844,4672,53252.2,6112.5
4845,4667,53251.9,6171.11
4846,4792,53281.7,6167.78
4847,4942,53320.3,6263.33
4848,5037,53341.9,6226.39
4849,5065,53348.3,6309.17
4850,5073,53350,6250
4851,4887,53303.1,6183.06
4852,4401,53184.7,6227.5
4853,4300,53156.7,6204.17
4854,4332,53164.7,6217.22
4855,4171,53121.1,6201.67
4856,3953,53058.3,6191.39
4857,3961,53060.6,6289.44
4858,3858,53032.2,6368.61
4859,3664,52971.7,6392.5
4860,3607,52954.2,6359.17
4861,3349,52881.9,6329.72
4862,3775,53004.4,6298.89
4863,3398,52897.8,6492.78
4864,3596,52950.8,6530.83
4865,3492,52921.1,6512.22
4866,3467,52915.6,6548.61
4867,3300,52863.6,6596.11
4868,3245,52843.3,6663.33
4869,3202,52824.4,6688.61
4870,3102,52777.5,6650
4871,3227,52836.1,6633.33
4872,3278,52855.3,6741.39
4873,3671,52974.4,6735.83
4874,3656,52966.7,6733.33
4875,3573,52945,6705.56
4876,3713,52985.8,6677.78
4877,3952,53057.8,6602.5
4878,3897,53041.9,6560.28
4879,3985,53066.7,6533.06
4880,4102,53103.9,6553.61
4881,4029,53081.9,6539.17
4882,4277,53150,6475.56
4883,4244,53140.3,6498.33
4884,4369,53175.6,6470.56
4885,4596,53236.9,6452.22
4886,4733,53268.3,6475.28
4887,4721,53266.4,6621.11
4888,4664,53251.1,6568.06
4889,4869,53299.7,6619.44
4890,4964,53324.4,6563.33
4891,4603,53238.3,6622.22
4892,4575,53233.3,6779.72
4893,4584,53235,6883.06
4894,5011,53335.3,6931.94
4895,5594,53556.1,6770
4896,4724,53266.7,6800
4897,4779,53278.6,6890.56
4898,4594,53236.7,7048.06
4899,4571,53232.8,6998.33
4900,4554,53227.5,6858.06
4901,4387,53181.1,6887.22
4902,4785,53279.2,6995.56
4903,4624,53242.2,6949.72
4904,4698,53260,6933.89
4905,4468,53202.8,6870.83
4906,4615,53240.6,6870
4907,5159,53369.7,7001.67
4908,4590,53236.1,7073.33
4909,4385,53180.8,6945
4910,4509,53215.3,6704.44
4911,4666,53251.4,6591.67
4912,4858,53296.9,6586.94
4913,4635,53246.1,6551.39
4914,4327,53163.3,6423.33
4915,4092,53101.1,6501.11
4916,3984,53066.7,6532.78
4917,4084,53098.9,6572.22
4918,4034,53083.3,6583.33
4919,4067,53093.3,6608.06
4920,4514,53217.2,6564.44
4921,4566,53231.9,6573.33
4922,4467,53202.8,6578.06
4923,4285,53151.7,6518.06
4924,4255,53143.9,6507.5
4925,4373,53176.1,6590
4926,4363,53174.2,6401.39
4927,4351,53170.6,6429.17
4928,4464,53202.2,6501.11
4929,4113,53106.7,6489.44
4930,4800,53283.3,6601.11
4931,4798,53282.8,6472.78
4932,4788,53280.3,6444.44
4933,5068,53348.9,6346.67
4934,5141,53366.4,6407.5
4935,5078,53350.6,6438.06
4936,5176,53374.4,6405.56
4937,5018,53337.8,6346.11
4938,4917,53313.6,6363.89
4939,5319,53403.9,6502.5
4940,5484,53478.1,6502.22
4941,4932,53317.2,6507.5
4942,4878,53301.1,6502.22
4943,5108,53359.2,6438.89
4944,5528,53510.8,6427.22
4945,5479,53473.3,6318.61
4946,5799,53709.2,6292.78
4947,5839,53745,6287.78
4948,5840,53745,6316.67
4949,5859,53751.1,6314.44
4950,5924,53810,6297.22
4951,5966,53844.2,6261.11
4952,5919,53801.7,6255.56
4953,5866,53761.1,6307.5
4954,5803,53713.3,6279.17
4955,5817,53723.3,6282.5
4956,5821,53731.1,6259.17
4957,5697,53621.9,6318.33
4958,5800,53710,6543.33
4959,5737,53657.5,6522.78
4960,5602,53564.7,6355.28
4961,5625,53580.3,6187.78
4962,5882,53770.3,6254.72
4963,5837,53740.6,6267.5
4964,5762,53681.9,6239.17
4965,5777,53685,6299.72
4966,5621,53572.2,6241.67
4967,5598,53560.6,6271.67
4968,5532,53512.8,6245.28
4969,5466,53459.7,6218.06
4970,5675,53612.8,6181.94
4971,5591,53555,6237.5
4972,5503,53487.2,6151.94
4973,5444,53442.8,6140
4974,5505,53490,6148.89
4975,5342,53409.4,6174.17
4976,5212,53382.5,6202.5
4977,5416,53423.1,6137.5
4978,5510,53496.7,6111.11
4979,5480,53474.7,6176.39
4980,5437,53435.3,6177.5
4981,5483,53477.5,6143.06
4982,5418,53424.7,6175.83
4983,5308,53400.8,6329.17
4984,5164,53371.1,6250.83
4985,5284,53396.4,6228.06
4986,5255,53391.4,6240.56
4987,5143,53366.7,6233.33
4988,5384,53416.4,6180.56
4989,4909,53310,6215.56
4990,5211,53382.5,6174.44
4991,5135,53364.4,6169.17
4992,5251,53390.6,6121.67
4993,5512,53500,6116.67
4994,5434,53433.9,6226.39
4995,5202,53380.3,6264.17
4996,5533,53515.8,6236.11
4997,5513,53500,6250
4998,5240,53388.3,6193.89
4999,5421,53430.8,6127.5
5000,5457,53450.8,6154.44
5001,5619,53569.7,6250.83
5002,5534,53516.7,6433.33
5003,5333,53407.2,6447.22
5004,5138,53365.8,6495.56
5005,4916,53312.8,6557.78
5006,5101,53356.1,6554.44
5007,5085,53352.2,6526.94
5008,5015,53336.1,6515.28
5009,5052,53344.7,6527.78
5010,5155,53368.9,6509.44
5011,4939,53319.7,6480.28
5012,5174,53373.9,6432.22
5013,5266,53393.1,6426.94
5014,5318,53403.6,6401.11
5015,5296,53398.6,6400.56
5016,5238,53388.1,6375.56
5017,5345,53409.7,6368.06
5018,5358,53411.7,6444.17
5019,5410,53421.7,6550.28
5020,5270,53393.6,6513.33
5021,5208,53381.7,6623.61
5022,5554,53528.6,6658.33
5023,5531,53512.5,6540
5024,5458,53450.8,6478.89
5025,5509,53496.1,6369.72
5026,5552,53525.3,6315.56
5027,5504,53488.6,6306.39
5028,5446,53448.6,6294.72
5029,5443,53441.9,6263.06
5030,5462,53454.7,6278.06
5031,5527,53510,6293.89
5032,5763,53683.3,6300
5033,5701,53629.2,6320.28
5034,5245,53389.2,6296.94
5035,5147,53366.9,6294.44
5036,5181,53375.3,6330.56
5037,5302,53400,6466.67
5038,5216,53383.3,6416.67
5039,4723,53266.7,6446.67
5040,4583,53235,6524.72
5041,4458,53200.6,6463.06
5042,4946,53320.8,6459.44
5043,5314,53402.2,6670.83
5044,5182,53375.3,6710.28
5045,5092,53353.3,6760.28
5046,5175,53373.9,6731.67
5047,5209,53381.9,6681.94
5048,4913,53311.7,6720.28
5049,4918,53314.2,6719.44
5050,4832,53289.7,6716.94
5051,5012,53335.6,6692.5
5052,5074,53350,6668.61
5053,4593,53236.7,6657.5
5054,4609,53239.7,6656.11
5055,4533,53222.8,6644.44
5056,4525,53221.1,6750.83
5057,4547,53226.1,6808.89
5058,4493,53210.8,6815.83
5059,4718,53265.6,6863.61
5060,4472,53203.3,6863.06
5061,4511,53216.7,6902.78
5062,4377,53176.7,6917.78
5063,4399,53183.9,6984.44
5064,4197,53128.1,6947.5
5065,4078,53096.7,6918.06
5066,4311,53159.2,6884.44
5067,4291,53153.9,6805
5068,4077,53096.4,6834.17
5069,3928,53050.6,6808.61
5070,4032,53082.5,6768.89
5071,4111,53106.4,6765.28
5072,4259,53145,6920.56
5073,4114,53106.7,6946.11
5074,4298,53156.1,6914.44
5075,4498,53211.7,6923.33
5076,3988,53067.8,6825.56
5077,3916,53048.9,6716.39
5078,4149,53116.7,6633.33
5079,4173,53121.4,6689.72
5080,4339,53166.7,6637.22
5081,4232,53137.5,6646.94
5082,4253,53143.6,6634.72
5083,4344,53167.2,6610.28
5084,4193,53126.4,6615.56
5085,3905,53044.4,6611.94
5086,4037,53083.6,6635.28
5087,3999,53071.1,6630.56
5088,3966,53062.5,6501.39
5089,3957,53059.4,6456.67
5090,4026,53081.7,6520
5091,4002,53071.4,6562.78
5092,4049,53088.6,6564.72
5093,4006,53073.1,6461.11
5094,3767,53001.4,6550.28
5095,3600,52952.8,6601.67
5096,3856,53031.9,6713.06
5097,3796,53013.6,6701.11
5098,3621,52958.1,6749.72
5099,3519,52928.9,6714.72
5100,3469,52916.1,6749.17
5101,3399,52897.8,6790.56
5102,3650,52965.3,6795.28
5103,3564,52942.8,6760.56
5104,3546,52937.2,6709.17
5105,3705,52984.4,6784.44
5106,3800,53015.3,6810.56
5107,3855,53031.7,6748.06
5108,3842,53027.5,6799.44
5109,3676,52975.6,6815
5110,3432,52905.8,6911.39
5111,3378,52890.8,6919.72
5112,3391,52895.8,6881.67
5113,3579,52946.4,6898.61
5114,3711,52985,6857.78
5115,3956,53059.2,6867.78
5116,3653,52966.1,6812.22
5117,4011,53074.7,6833.61
5118,4119,53108.9,6912.22
5119,3958,53059.4,6824.44
5120,3938,53052.5,6808.06
5121,3880,53037.8,6786.94
5122,3828,53020.8,6751.11
5123,3758,52998.6,6751.11
5124,3883,53038.3,6725.28
5125,3836,53023.9,6713.89
5126,3740,52993.1,6800.28
5127,3735,52991.1,6784.17
5128,3701,52982.5,6811.67
5129,3780,53006.9,6819.44
5130,3426,52903.9,6755.83
5131,3233,52839.4,6859.72
5132,3244,52842.8,6763.89
5133,3302,52863.9,6752.78
5134,3180,52815.3,6806.39
5135,3191,52819.2,6782.78
5136,2992,52734.4,6744.17
5137,2949,52719.7,6773.33
5138,2912,52705.8,6680.28
5139,3093,52775.8,6627.5
5140,3083,52772.5,6613.06
5141,3047,52759.2,6614.72
5142,3008,52740.8,6600.28
5143,3013,52744.7,6563.06
5144,3146,52800.3,6736.94
5145,3045,52757.5,6725.56
5146,2887,52695.3,6869.17
5147,2885,52695,6894.17
5148,2850,52682.2,6931.67
5149,2800,52657.8,6899.72
5150,2493,52542.2,6858.06
5151,2516,52550,6900
5152,2466,52533.3,6850
5153,2260,52453.1,6865.28
5154,2117,52399.7,6947.78
5155,2250,52450.3,6939.72
5156,2391,52503.3,6904.17
5157,2467,52533.3,6866.67
5158,2464,52532.8,6759.44
5159,2444,52522.5,6740.83
5160,2776,52646.9,6736.11
5161,2827,52671.9,6733.89
5162,2890,52696.1,6791.94
5163,2924,52710,6791.67
5164,2960,52723.6,6770
5165,2492,52541.7,6713.89
5166,2512,52548.9,6722.78
5167,2377,52499.7,6685
5168,2587,52575,6720.56
5169,2752,52637.5,6501.67
5170,3115,52786.4,6456.11
5171,2926,52711.1,6470.28
5172,2839,52679.2,6391.67
5173,3082,52771.1,6466.67
5174,3098,52776.9,6484.72
5175,3033,52753.6,6526.11
5176,3255,52847.2,6566.39
5177,3209,52827.8,6646.39
5178,3214,52829.4,6642.22
5179,3313,52867.8,6700.56
5180,3204,52825.3,6712.78
5181,3259,52848.3,6709.44
5182,3007,52740.6,6767.78
5183,2973,52730.8,6811.67
5184,2838,52678.9,6832.22
5185,2913,52705.8,6807.78
5186,3060,52763.3,6780.56
5187,3048,52759.2,6850
5188,2998,52736.4,6972.5
5189,2732,52629.7,6981.94
5190,2672,52605.8,7020.28
5191,2651,52596.9,6953.61
5192,3015,52746.4,6935
5193,2615,52584.2,7015.28
5194,2643,52593.6,6981.39
5195,2495,52543.3,7193.33
5196,2878,52691.9,7270.28
5197,3135,52796.4,7288.06
5198,3080,52769.4,7271.11
5199,2939,52716.4,7291.11
5200,3162,52806.1,7210.56
5201,3151,52802.2,7109.44
5202,3177,52813.1,7122.78
5203,3016,52746.9,7126.11
5204,2879,52692.5,7105.28
5205,3105,52781.4,7188.33
5206,3043,52756.9,7122.22
5207,2900,52700,7051.67
5208,3225,52834.7,6958.33
5209,3271,52852.2,6874.44
5210,3657,52967.2,6898.06
5211,3739,52992.8,6942.5
5212,3714,52985.8,6915.83
5213,3652,52965.8,6993.89
5214,3397,52897.5,6983.06
5215,3249,52844.7,6971.67
5216,3303,52863.9,6878.89
5217,3236,52840.8,6926.11
5218,3342,52879.2,6873.33
5219,3442,52908.1,6896.67
5220,3356,52884.4,6921.39
5221,3438,52906.9,6942.22
5222,3436,52906.7,6930.83
5223,3333,52875.3,6929.72
5224,3390,52895.6,6923.06
5225,3460,52913.3,6975
5226,3315,52868.3,6887.22
5227,3319,52869.4,6867.5
5228,3462,52913.9,6822.78
5229,3023,52749.4,6757.78
5230,3242,52842.5,6787.78
5231,3232,52838.9,6805.56
5232,3821,53019.2,6908.33
5233,3785,53008.3,6940
5234,3815,53017.5,6909.17
5235,3605,52953.6,6986.39
5236,3811,53017.2,7019.17
5237,3941,53053.3,6937.5
5238,3922,53050,6892.78
5239,3646,52964.7,6851.67
5240,3594,52950,6802.78
5241,3513,52927.2,6812.5
5242,3788,53008.6,6851.67
5243,3755,52997.8,6854.44
5244,3736,52991.1,6893.89
5245,3808,53016.1,6889.44
5246,3845,53027.8,6870.83
5247,4035,53083.3,6900
5248,4265,53147.2,6836.39
5249,4126,53110,6812.22
5250,4030,53081.9,6800.56
5251,4104,53104.2,6831.67
5252,4112,53106.4,6886.39
5253,4438,53193.3,6905.28
5254,4676,53254.2,6900.56
5255,4448,53197.5,6953.06
5256,4324,53162.5,7059.72
5257,4245,53140.6,7066.39
5258,4470,53203.1,7025.56
5259,4168,53120.3,7043.33
5260,3917,53049.2,7088.61
5261,3887,53038.9,7120.83
5262,3964,53061.7,7161.39
5263,4022,53079.7,7199.72
5264,3641,52962.5,7370.28
5265,3433,52905.8,7374.72
5266,3726,52989.2,7377.5
5267,3588,52949.2,7284.44
5268,3623,52958.3,7205.28
5269,3498,52922.8,7173.06
5270,3493,52921.1,7195.56
5271,3291,52859.4,7151.11
5272,3206,52827.2,7228.89
5273,3188,52817.5,7251.39
5274,2905,52701.7,7168.33
5275,2777,52647.2,7100.28
5276,2611,52583.1,7270.28
5277,2258,52452.5,7246.67
5278,2232,52442.8,7212.22
5279,2192,52425.6,7281.67
5280,2208,52432.2,7278.33
5281,2186,52423.6,7263.61
5282,2317,52473.3,7259.17
5283,2114,52398.9,7384.72
5284,1964,52349.2,7413.06
5285,1538,52221.7,7388.89
5286,1380,52179.2,7312.5
5287,1221,52141.1,7356.39
5288,1206,52138.1,7304.44
5289,1278,52153.6,7325.83
5290,1291,52156.1,7465.56
5291,1271,52151.7,7450.56
5292,1480,52204.7,7540.56
5293,1143,52116.9,7504.72
5294,1285,52155.3,7503.89
5295,1343,52168.1,7522.22
5296,1479,52204.7,7499.72
5297,2045,52374.4,7449.17
5298,2385,52500.8,7383.61
5299,2673,52606.4,7387.5
5300,2690,52612.8,7376.94
5301,2659,52599.7,7363.89
5302,2610,52583.1,7235
5303,2641,52591.9,7180
5304,2601,52579.4,7124.17
5305,2537,52556.4,7124.17
5306,2387,52501.4,7086.67
5307,2410,52508.1,7243.06
5308,2472,52534.4,7261.39
5309,2564,52566.9,7346.94
5310,2281,52463.1,7328.61
5311,2401,52504.7,7297.22
5312,2337,52481.9,7261.67
5313,2408,52507.8,7182.5
5314,2141,52406.1,7244.44
5315,1906,52326.7,7160
5316,1932,52335.6,7304.44
5317,2036,52371.9,7334.44
5318,2116,52399.2,7396.67
5319,2040,52373.3,7391.39
5320,2035,52371.4,7393.06
5321,2155,52412.8,7433.33
5322,2462,52532.2,7420.56
5323,2501,52545,7391.11
5324,2668,52602.8,7301.94
5325,2517,52550,7300
5326,2438,52520,7210.56
5327,2685,52611.4,7229.72
5328,2853,52683.1,7173.89
5329,2731,52629.4,7073.33
5330,2966,52725.6,7044.72
5331,2920,52709.2,7021.94
5332,2931,52713.9,7088.06
5333,2816,52668.1,7046.11
5334,3053,52760.6,6906.94
5335,3019,52749.2,6874.72
5336,3041,52756.4,6972.78
5337,3037,52755.3,6956.39
5338,2881,52693.1,6956.94
5339,3026,52750.6,6909.72
5340,3217,52830,6973.06
5341,3193,52820,7005.83
5342,3413,52900,7033.33
5343,3702,52982.5,6944.44
5344,3446,52908.9,6842.22
5345,3341,52879.2,6815.56
5346,2797,52657.2,6788.89
5347,2934,52714.2,6741.11
5348,2951,52720.3,6722.78
5349,2927,52711.1,6826.11
5350,3011,52743.6,6878.06
5351,2930,52713.3,6847.78
5352,2814,52667.2,6812.22
5353,2718,52624.4,6865.28
5354,2792,52655,6863.61
5355,2730,52629.2,6909.17
5356,2612,52583.3,6900
5357,2173,52417.8,7003.33
5358,2048,52376.1,7021.67
5359,2020,52366.7,7016.67
5360,2187,52424.2,6928.33
5361,1928,52334.2,6839.44
5362,1899,52324.4,6834.72
5363,1820,52300.3,6803.06
5364,1877,52317.8,6795.83
5365,2555,52564.2,6824.44
5366,2584,52573.1,6861.67
5367,2630,52589.2,6877.78
5368,2602,52579.7,6930.83
5369,2758,52639.2,7046.67
5370,2652,52596.9,7016.94
5371,2599,52577.8,7026.94
5372,2621,52586.1,7023.33
5373,2844,52681.1,7022.22
5374,2735,52631.1,6994.72
5375,2648,52596.4,7100.83
5376,2363,52492.8,6923.06
5377,2632,52589.7,7087.22
5378,2483,52538.6,6948.06
5379,2331,52479.4,6997.5
5380,2300,52467.8,6899.17
5381,2323,52475.8,6777.5
5382,2335,52481.1,6686.39
5383,2234,52443.6,6673.89
5384,2421,52512.2,6641.67
5385,2637,52590.6,6556.11
5386,2511,52548.9,6547.5
5387,1985,52353.6,6649.17
5388,1604,52241.7,6541.67
5389,1752,52280.6,6556.11
5390,1636,52249.7,6602.22
5391,1658,52256.9,6691.39
5392,1744,52279.2,6691.11
5393,1679,52263.3,6778.33
5394,1725,52274.7,6706.39
5395,1979,52352.2,6640.28
5396,2070,52384.4,6520.56
5397,2194,52426.7,6538.89
5398,2227,52441.1,6474.72
5399,2570,52568.3,6479.72
5400,2627,52588.3,6499.72
5401,2500,52544.7,6477.5
5402,2372,52498.3,6490.83
5403,2347,52485.8,6473.33
5404,2479,52537.8,6456.94
5405,2698,52615.6,6420.56
5406,2956,52721.9,6349.44
5407,3103,52777.8,6323.61
5408,3231,52838.9,6358.61
5409,3160,52806.1,6416.11
5410,3286,52857.5,6366.39
5411,3220,52833.3,6333.33
5412,3132,52795.8,6404.72
5413,2946,52718.3,6284.17
5414,2977,52732.8,6293.06
5415,3035,52754.4,6208.33
5416,3124,52792.8,6187.5
5417,3003,52738.3,6205.56
5418,3039,52755.8,6147.22
5419,3125,52793.1,6141.39
5420,3447,52909.2,6081.94
5421,3443,52908.3,6141.11
5422,3375,52889.7,6199.17
5423,3219,52832.2,6236.39
5424,3429,52905.6,6201.39
5425,3437,52906.9,6171.67
5426,3318,52869.4,6196.94
5427,3639,52962.2,6145.83
5428,3272,52852.8,6216.94
5429,3510,52926.4,6209.17
5430,3592,52950,6250
5431,3682,52977.2,6272.78
5432,3889,53039.4,6287.78
5433,3954,53058.6,6226.11
5434,4059,53091.4,6226.94
5435,4148,53116.4,6474.44
5436,4743,53270.3,6387.22
5437,4697,53259.7,6368.89
5438,4958,53323.6,6355.83
5439,5055,53345.3,6358.89
5440,4822,53287.8,6341.11
5441,4793,53281.7,6339.17
5442,4789,53280.6,6316.39
5443,4882,53301.9,6417.78
5444,4844,53293.6,6311.94
5445,5386,53416.7,6238.33
5446,5295,53398.6,6259.72
5447,5285,53396.4,6282.78
5448,5215,53383.3,6333.33
5449,5265,53393.1,6355
5450,5414,53422.2,6267.22
5451,5003,53333.1,6248.89
5452,4722,53266.7,6174.17
5453,4696,53259.4,6144.72
5454,4778,53278.3,6100.28
5455,5235,53387.8,6065.28
5456,5571,53539.2,6161.39
5457,5601,53563.3,6147.22
5458,5627,53582.8,6108.33
5459,5576,53549.2,6082.78
5460,5595,53557.2,6156.94
5461,5548,53524.7,6109.72
5462,5300,53399.7,6125.83
5463,5254,53391.4,6145.83
5464,5349,53410.8,6202.22
5465,5005,53334.2,6321.39
5466,4905,53309.7,6285.28
5467,4748,53271.7,6278.06
5468,4702,53261.1,6300.28
5469,4720,53265.8,6316.39
5470,4559,53230.3,6340.56
5471,4453,53199.4,6277.78
5472,4440,53194.7,6306.11
5473,4132,53111.7,6328.33
5474,3449,52909.4,6502.22
5475,3301,52863.9,6556.94
5476,3203,52824.7,6568.89
5477,3541,52935.6,6544.72
5478,3700,52982.5,6566.94
5479,3112,52785.3,6580.56
5480,3321,52870,6495.56
5481,3384,52893.1,6529.72
5482,3370,52888.6,6407.5
5483,3441,52908.1,6551.39
5484,3412,52900,6666.67
5485,3380,52891.9,6635.56
5486,3340,52878.9,6693.33
5487,3434,52906.1,6700.56
5488,3128,52794.7,6633.61
5489,3175,52811.9,6618.89
5490,3136,52796.7,6463.33
5491,3076,52768.6,6308.06
5492,3005,52738.9,6234.44
5493,2959,52723.1,6189.44
5494,3064,52764.2,6151.67
5495,3068,52766.1,6187.22
5496,2875,52690.8,6211.39
5497,2580,52572.5,6226.11
5498,2453,52525.8,6270.28
5499,2591,52575.6,6311.67
5500,2532,52555.6,6343.89
5501,2557,52564.4,6470.28
5502,2079,52386.4,6449.44
5503,2098,52393.1,6433.33
5504,2083,52387.5,6368.33
5505,1791,52290.3,6391.11
5506,1546,52224.4,6433.06
5507,1741,52278.6,6400.83
5508,1703,52268.3,6381.94
5509,1570,52233.3,6583.33
5510,1427,52190.6,6603.61
5511,1743,52278.9,6572.78
5512,1875,52317.2,6600
5513,1512,52215.3,6766.11
5514,1450,52198.6,6852.22
5515,1909,52327.2,6925.28
5516,2111,52396.7,6936.67
5517,1845,52308.1,6811.67
5518,1927,52334.2,6676.67
5519,1700,52267.5,6668.61
5520,1492,52208.3,6621.94
5521,1782,52288.6,6480.83
5522,1763,52283.3,6482.5
5523,1813,52300,6450
5524,2026,52367.8,6427.78
5525,1647,52252.8,6450.56
5526,1637,52250,6400
5527,1664,52258.9,6453.33
5528,1646,52252.5,6403.06
5529,1757,52281.1,6520
5530,1751,52280.3,6531.67
5531,1606,52241.9,6506.11
5532,1506,52211.9,6517.78
5533,1729,52275.8,6384.44
5534,1624,52245.8,6347.22
5535,1553,52226.9,6345.83
5536,1852,52309.7,6611.11
5537,2278,52461.9,6710.28
5538,2311,52471.9,6706.67
5539,2214,52435,6738.89
5540,2341,52483.3,6716.67
5541,2386,52501.1,6711.67
5542,1847,52308.6,6759.44
5543,1839,52306.7,6672.5
5544,1895,52321.7,6647.5
5545,1905,52326.4,6640.56
5546,1429,52191.7,6851.67
5547,1598,52240.6,6956.39
5548,1595,52240.3,7015.28
5549,1583,52236.4,6968.06
5550,1620,52243.6,6855.28
5551,1487,52206.9,6890.83
5552,1372,52175.6,7006.11
5553,1268,52151.4,6986.11
5554,1176,52131.4,6919.72
5555,1442,52196.7,7010
5556,1587,52238.3,6880.56
5557,1180,52132.5,6904.44
5558,1515,52216.1,6895.56
5559,1683,52264.7,6916.39
5560,1701,52268.1,6897.22
5561,1762,52283.1,6901.11
5562,1648,52252.8,6900.56
5563,1511,52214.7,7031.11
5564,1663,52258.3,7111.94
5565,1322,52164.2,7014.44
5566,1200,52136.1,7038.33
5567,1534,52220.3,6916.94
5568,1365,52173.6,6888.89
5569,1316,52162.8,6887.22
5570,1353,52170.3,6855
5571,1628,52247.2,6610.56
5572,1563,52230.3,6462.22
5573,1611,52242.8,6380.28
5574,1632,52248.9,6401.11
5575,2215,52435.3,6391.67
5576,2239,52446.7,6345.28
5577,2224,52440,6352.5
5578,2572,52568.9,6272.22
5579,2514,52550,6300
5580,2549,52561.7,6373.06
5581,2605,52580.8,6405.83
5582,2529,52553.3,6560
5583,2465,52533.3,6623.33
5584,2325,52476.4,6618.06
5585,2505,52546.1,6554.72
5586,2309,52471.7,6512.5
5587,2506,52546.4,6540.28
5588,2954,52721.7,6391.67
5589,2823,52671.4,6475.83
5590,2862,52686.1,6375
5591,3075,52768.3,6327.5
5592,3029,52751.9,6346.11
5593,3661,52969.2,6316.67
5594,3663,52970.3,6342.78
5595,3608,52954.4,6268.33
5596,3485,52919.7,6299.17
5597,3746,52995.3,6296.39
5598,3576,52945.6,6327.22
5599,3823,53019.4,6320
5600,3578,52946.4,6277.22
5601,3710,52985,6418.06
5602,3752,52996.7,6547.5
5603,3980,53065.8,6555.28
5604,3524,52930,6530
5605,3630,52960.8,6563.61
5606,3695,52981.1,6660.56
5607,4014,53075.6,6673.89
5608,4211,53133.3,6616.67
5609,4510,53215.8,6666.94
5610,4705,53261.7,6651.67
5611,4864,53298.1,6747.22
5612,4730,53267.5,6671.67
5613,4799,53282.8,6598.06
5614,4408,53186.4,6644.44
5615,4411,53186.7,6636.11
5616,4650,53248.9,6666.11
5617,4254,53143.6,6673.06
5618,4296,53155.6,6740.56
5619,4370,53175.6,6778.89
5620,4392,53181.9,6796.67
5621,4618,53240.8,6818.89
5622,4763,53275.6,6859.44
5623,4806,53284.2,6880.83
5624,4304,53157.2,6766.94
5625,4290,53153.9,6696.11
5626,4538,53224.4,6610.56
5627,4454,53200,6583.33
5628,4313,53159.4,6581.39
5629,4228,53136.9,6526.11
5630,4348,53170,6532.5
5631,4420,53189.2,6461.39
5632,4888,53303.1,6396.67
5633,5374,53414.4,6265.28
5634,4973,53326.4,6294.72
5635,5004,53333.3,6283.33
5636,4947,53321.1,6215.28
5637,4546,53226.1,6124.44
5638,4165,53119.2,6070
5639,4023,53080.6,6067.22
5640,4166,53119.4,6148.61
5641,4433,53192.5,6169.17
5642,4391,53181.9,6268.61
5643,4425,53190,6287.5
5644,4424,53190,6245.83
5645,4471,53203.3,6199.44
5646,4761,53275.6,6199.72
5647,4797,53282.8,6270.83
5648,4732,53268.3,6199.72
5649,4819,53287.5,6219.17
5650,4914,53312.2,6268.33
5651,5107,53359.2,6216.11
5652,4842,53292.5,6128.61
5653,4753,53273.6,6142.5
5654,4784,53279.2,6154.17
5655,4246,53140.8,6063.06
5656,4206,53130.8,6091.39
5657,4007,53073.3,6165.28
5658,3874,53035.8,6112.5
5659,3681,52976.7,6116.94
5660,3795,53013.6,6126.94
5661,4096,53102.8,6065
5662,4199,53128.3,6075
5663,3937,53052.2,6084.72
5664,3784,53008.3,6111.39
5665,4054,53089.7,6111.94
5666,4194,53126.7,6164.44
5667,4080,53097.2,6173.61
5668,4407,53186.4,6134.44
5669,4236,53138.6,6144.72
5670,3998,53071.1,6241.94
5671,3878,53036.7,6183.89
5672,3903,53044.2,6160
5673,3875,53036.1,6160.56
5674,3563,52942.5,6075
5675,3358,52885.8,6145.83
5676,3234,52840,6100.28
5677,3534,52932.5,6076.94
5678,3550,52938.1,6038.61
5679,3672,52975,6049.44
5680,3624,52958.6,6053.89
5681,3765,53001.1,6085
5682,3654,52966.4,6092.5
5683,3732,52990.6,6085.28
5684,4122,53109.2,6106.67
5685,4147,53116.4,6069.17
5686,4288,53153.3,6080.83
5687,4274,53148.3,6141.67
5688,4466,53202.8,6098.33
5689,3989,53068.3,6065.83
5690,3997,53071.1,6131.94
5691,3782,53007.2,6156.11
5692,3643,52963.1,6199.72
5693,3854,53031.7,6217.5
5694,3810,53017.2,6200
5695,3921,53050,6275.56
5696,3774,53003.9,6200.56
5697,3689,52979.4,6138.06
5698,3770,53003.1,6108.89
5699,3907,53046.4,6099.72
5700,3942,53053.9,6100.83
5701,3411,52900,6133.33
5702,3144,52799.4,6142.78
5703,3275,52853.6,6150.28
5704,3345,52880.6,6097.22
5705,3253,52846.7,6137.78
5706,3362,52886.9,6221.39
5707,3410,52900,6100
5708,3627,52959.4,6098.89
5709,3618,52956.4,6019.44
5710,3497,52921.9,6107.22
5711,3311,52867.5,6064.72
5712,3494,52921.4,6080.56
5713,3540,52934.7,6147.78
5714,3591,52949.4,6177.5
5715,3489,52920.6,6183.33
5716,3508,52925.6,6180
5717,3748,52995.6,6159.17
5718,3525,52930.6,6184.44
5719,3651,52965.8,6185.83
5720,3659,52968.9,6255.56
5721,3884,53038.6,6246.39
5722,3753,52996.9,6265.83
5723,3913,53048.1,6257.22
5724,3666,52972.5,6209.17
5725,3178,52813.6,6362.22
5726,3104,52781.4,6233.89
5727,3018,52748.9,6212.22
5728,2749,52636.7,6231.94
5729,2539,52556.9,6231.11
5730,2613,52583.6,6226.94
5731,2563,52566.7,6200
5732,3042,52756.7,6353.89
5733,2783,52650,6250
5734,2419,52511.9,6280.28
5735,2348,52486.4,6336.94
5736,2360,52491.7,6501.11
5737,2292,52466.7,6550
5738,2378,52500,6600
5739,2350,52488.1,6639.44
5740,1850,52309.2,6728.61
5741,1825,52302.8,6736.67
5742,1805,52294.4,6765
5743,1768,52284.2,6764.44
5744,1855,52310.8,6750.56
5745,2231,52442.2,6778.61
5746,2019,52366.7,6833.33
5747,2178,52420.8,6860.56
5748,2650,52596.7,6824.72
5749,2191,52425.3,6915.56
5750,2095,52392.5,6820
5751,2314,52472.8,6856.11
5752,1941,52338.6,6719.72
5753,1978,52351.9,6700
5754,1890,52320.6,6702.22
5755,1582,52236.1,6726.11
5756,1659,52256.9,6724.44
5757,1549,52225.3,6645.83
5758,1682,52264.7,6766.94
5759,1710,52270.8,6704.72
5760,1841,52306.9,6712.5
5761,1849,52309.2,6716.94
5762,1944,52340.3,6784.44
5763,2067,52383.9,6800.56
5764,2090,52389.2,6720.28
5765,1939,52338.3,6653.33
5766,1959,52347.5,6578.33
5767,1656,52256.4,6631.94
5768,1720,52273.1,6585.83
5769,1676,52261.9,6550.83
5770,1936,52337.8,6556.94
5771,1838,52306.7,6470.83
5772,1926,52334.2,6457.5
5773,1904,52325.8,6494.17
5774,1867,52316.1,6472.78
5775,1567,52232.2,6368.33
5776,1600,52241.1,6352.5
5777,1387,52180.6,6359.44
5778,1413,52185,6354.17
5779,1551,52225.6,6335.56
5780,1440,52196.1,6367.5
5781,1426,52190.6,6370.56
5782,1548,52225.3,6390.56
5783,1568,52232.2,6404.72
5784,1432,52192.5,6412.22
5785,1526,52217.8,6403.33
5786,1524,52217.2,6361.39
5787,1655,52256.4,6477.78
5788,1667,52259.4,6455.28
5789,2060,52380.8,6561.39
5790,1987,52353.9,6507.22
5791,2263,52455.3,6512.5
5792,2159,52413.6,6412.5
5793,2478,52537.8,6432.5
5794,2359,52491.4,6435.28
5795,2206,52431.4,6415.56
5796,2165,52416.7,6376.67
5797,2332,52479.7,6420
5798,2706,52617.5,6495.56
5799,2719,52625.6,6522.22
5800,2658,52599.7,6525
5801,2433,52516.9,6593.06
5802,2406,52506.9,6584.72
5803,2358,52490.8,6581.39
5804,2310,52471.9,6588.06
5805,2349,52486.9,6661.11
5806,2271,52458.6,6682.78
5807,2295,52466.9,6608.33
5808,2218,52436.9,6465.28
5809,2370,52496.4,6365.56
5810,2394,52503.6,6287.22
5811,2633,52590,6276.39
5812,2618,52585.6,6244.44
5813,2677,52608.9,6303.06
5814,2594,52576.1,6365.83
5815,2830,52674.7,6292.5
5816,2863,52686.4,6257.5
5817,2678,52609.7,6232.22
5818,2771,52644.7,6223.06
5819,2962,52723.9,6156.39
5820,2843,52681.1,6218.89
5821,3100,52777.2,6171.39
5822,3057,52762.8,6235.56
5823,3198,52821.7,6277.78
5824,3284,52856.4,6282.5
5825,3357,52885,6376.94
5826,3354,52884.2,6404.17
5827,3174,52811.7,6491.94
5828,2854,52683.3,6604.72
5829,2794,52655.6,6556.94
5830,2736,52631.7,6551.39
5831,2667,52602.8,6547.5
5832,2604,52580.6,6568.06
5833,2559,52565,6674.17
5834,2753,52638.1,6616.94
5835,2898,52699.7,6668.61
5836,2608,52582.8,6604.17
5837,2828,52673.6,6545
5838,3049,52759.4,6460.28
5839,3017,52747.8,6499.72
5840,3058,52762.8,6452.78
5841,3052,52760.6,6445.83
5842,2918,52708.1,6494.44
5843,3107,52782.5,6596.67
5844,3403,52898.9,6726.11
5845,3024,52750,6667.5
5846,2846,52681.4,6686.67
5847,2793,52655.3,6656.11
5848,2536,52556.4,6706.67
5849,2562,52566.1,6745.56
5850,2780,52648.3,6681.67
5851,2733,52630.3,6674.17
5852,2940,52716.7,6551.67
5853,3092,52775.6,6708.61
5854,3153,52803.3,6700.56
5855,2967,52726.4,6662.5
5856,2842,52680.3,6853.33
5857,2955,52721.7,6921.94
5858,3025,52750,6850
5859,2979,52733.1,6901.94
5860,2782,52649.2,6927.22
5861,2662,52600,6917.5
5862,2561,52565,6941.94
5863,2485,52540.3,6954.72
5864,2130,52401.7,7056.94
5865,2140,52406.1,7015.56
5866,2422,52512.2,7030.83
5867,2683,52610.8,7079.17
5868,2540,52556.9,7098.06
5869,2772,52644.7,7149.72
5870,2477,52536.4,7220
5871,2490,52541.1,7273.06
5872,2703,52616.7,7438.89
5873,2916,52707.8,7402.5
5874,2969,52726.9,7371.11
5875,2872,52690.3,7477.22
5876,2819,52668.6,7407.22
5877,2835,52677.2,7438.33
5878,2784,52650,7536.67
5879,2617,52584.7,7603.61
5880,2473,52534.4,7620.83
5881,2624,52587.2,7540
5882,2869,52689.7,7503.06
5883,2915,52707.2,7558.89
5884,2590,52575.3,7720.28
5885,2701,52616.4,7775.28
5886,2548,52561.1,7706.94
5887,2330,52478.9,7676.39
5888,2454,52526.1,7681.67
5889,2443,52522.2,7716.94
5890,3055,52761.1,7730.83
5891,2976,52732.2,7712.78
5892,2964,52724.4,7767.22
5893,3077,52768.9,7768.61
5894,3129,52794.7,7833.89
5895,2942,52716.7,7906.67
5896,3078,52768.9,7893.06
5897,2694,52614.4,7893.06
5898,2134,52404.2,7865.56
5899,2055,52379.2,7858.61
5900,2051,52378.1,7688.06
5901,1953,52345.6,7709.44
5902,1865,52315,7730
5903,1081,52095.8,7717.5
5904,1265,52150.6,7720.83
5905,978,52055.8,7715
5906,959,52050,7800
5907,1201,52136.1,7824.72
5908,957,52049.4,7753.33
5909,906,52025.6,7803.61
5910,1706,52269.2,8100.28
5911,1670,52260,8150.83
5912,1653,52255.6,8165.56
5913,1486,52206.4,8139.17
5914,1510,52213.9,8272.22
5915,1213,52139.7,8203.61
5916,1346,52169.4,8183.06
5917,1170,52129.2,8129.44
5918,1066,52090.8,8110.56
5919,1331,52166.7,8000
5920,1389,52181.4,7981.11
5921,967,52050.3,8022.78
5922,1016,52070.8,7927.22
5923,1203,52136.7,7930.83
5924,1174,52131.1,7982.78
5925,1317,52162.8,7776.11
5926,1299,52158.1,7772.22
5927,1167,52127.8,7846.94
5928,955,52048.9,7935
5929,697,51927.2,7918.06
5930,575,51882.8,7915.28
5931,682,51921.1,7913.33
5932,764,51959.2,7896.94
5933,650,51909.2,7932.78
5934,428,51833.3,8016.11
5935,532,51870.3,8049.17
5936,435,51835.3,8036.11
5937,403,51821.7,8052.22
5938,653,51910.3,8053.89
5939,857,51995.3,8036.39
5940,986,52059.2,8098.61
5941,1127,52113.6,8090.83
5942,853,51993.6,8107.22
5943,610,51896.1,8165
5944,402,51820.8,8184.44
5945,441,51839.2,8212.22
5946,533,51870.8,8206.94
5947,685,51921.9,8182.5
5948,972,52053.6,8257.78
5949,851,51991.7,8341.94
5950,818,51980.6,8375.83
5951,751,51950.6,8376.11
5952,767,51961.1,8459.44
5953,765,51959.4,8525
5954,750,51950.3,8614.17
5955,687,51922.8,8554.44
5956,694,51926.7,8557.22
5957,491,51859.4,8559.17
5958,648,51908.9,8601.94
5959,423,51830.6,8585.28
5960,461,51850,8582.78
5961,379,51807.2,8633.61
5962,410,51824.7,8656.11
5963,357,51792.2,8673.33
5964,310,51764.7,8754.17
5965,189,51675.6,8693.33
5966,235,51706.4,8677.78
5967,321,51768.1,8659.17
5968,243,51712.8,8634.44
5969,332,51777.5,8497.78
5970,633,51901.4,8521.39
5971,616,51898.6,8495.83
5972,590,51886.1,8513.89
5973,718,51933.6,8481.67
5974,823,51981.4,8513.89
5975,743,51948.9,8550.28
5976,709,51933.3,8566.67
5977,514,51866.7,8566.67
5978,327,51774.7,8526.94
5979,580,51883.3,8600
5980,721,51934.4,8630
5981,753,51952.8,8657.22
5982,999,52066.7,8600
5983,1073,52093.1,8550.83
5984,1235,52145.8,8513.89
5985,1518,52216.7,8583.33
5986,1491,52208.1,8556.11
5987,1398,52183.3,8633.33
5988,852,51992.8,8570.83
5989,960,52050,8566.67
5990,968,52050.3,8597.5
5991,1038,52080.3,8717.5
5992,1334,52166.7,8733.33
5993,1188,52133.3,8733.33
5994,1110,52108.3,8731.39
5995,1090,52100,8750
5996,762,51958.3,8781.94
5997,797,51971.7,8757.5
5998,918,52031.1,8768.89
5999,911,52028.9,8746.11
6000,1103,52104.7,8691.39
6001,1166,52127.2,8637.78
6002,1186,52133.3,8600
6003,1097,52101.9,8601.94
6004,1275,52151.9,8503.89
6005,1589,52239.2,8542.78
6006,1209,52138.3,8396.67
6007,1412,52184.7,8334.17
6008,1507,52211.9,8351.94
6009,1504,52211.4,8415.28
6010,1869,52316.7,8500
6011,1862,52314.7,8467.78
6012,1991,52355,8484.72
6013,2339,52482.8,8339.72
6014,2446,52522.5,8327.22
6015,2283,52463.9,8349.17
6016,2318,52473.3,8155.83
6017,2272,52459.4,8187.78
6018,2411,52508.3,8152.5
6019,2412,52509.7,8077.78
6020,2638,52590.6,8053.33
6021,2607,52581.9,8163.61
6022,2704,52616.7,8183.33
6023,2547,52560.6,8234.17
6024,2734,52630.8,8277.5
6025,3084,52772.5,8024.72
6026,3262,52849.7,8032.22
6027,3223,52834.2,8125
6028,3054,52760.6,8098.06
6029,3122,52790.3,8234.17
6030,3127,52794.2,8290.28
6031,3194,52820.3,8255
6032,3812,53017.2,8026.67
6033,4251,53143.1,7988.06
6034,4350,53170.3,8021.94
6035,4389,53181.7,8023.61
6036,4504,53213.3,8029.72
6037,4367,53175.3,8049.44
6038,4524,53220.6,7948.33
6039,4968,53325.3,7979.44
6040,4971,53325.6,7883.06
6041,4736,53269.4,7826.94
6042,4536,53223.9,7821.67
6043,4441,53194.7,7747.22
6044,4462,53201.7,7777.5
6045,4243,53140,7602.22
6046,4188,53125.3,7658.33
6047,4136,53113.1,7678.89
6048,4017,53077.2,7727.5
6049,3683,52977.2,7690
6050,3750,52996.1,7639.44
6051,3773,53003.6,7590.56
6052,3805,53015.6,7529.44
6053,3891,53039.7,7491.67
6054,3839,53026.1,7469.44
6055,3734,52990.6,7416.67
6056,3837,53023.9,7425
6057,3766,53001.1,7412.78
6058,3902,53043.1,7340.28
6059,4070,53094.4,7329.44
6060,4156,53117.5,7275.83
6061,4366,53175,7289.44
6062,4258,53144.7,7238.61
6063,4209,53133.1,7148.61
6064,4222,53135.8,7176.67
6065,4322,53162.2,7191.11
6066,4124,53109.4,7137.5
6067,4335,53165.3,7097.78
6068,4492,53210.6,7100.56
6069,4310,53158.6,7096.94
6070,4280,53150.3,7130
6071,4379,53178.1,7180.28
6072,4048,53088.3,7188.61
6073,4075,53096.1,7210
6074,3870,53033.9,7257.22
6075,3923,53050,7400
6076,4003,53071.7,7358.89
6077,4004,53071.9,7393.33
6078,3955,53058.9,7407.78
6079,4060,53091.4,7478.33
6080,3759,52998.9,7472.78
6081,3918,53049.4,7462.5
6082,3568,52943.3,7429.17
6083,3668,52972.5,7430.28
6084,3634,52961.4,7461.94
6085,3670,52974.2,7473.33
6086,3804,53015.6,7397.78
6087,3707,52984.7,7419.44
6088,4009,53073.3,7430.28
6089,3993,53070,7452.5
6090,3833,53023.1,7455.83
6091,3507,52925.3,7424.72
6092,3581,52946.7,7492.78
6093,3400,52897.8,7483.33
6094,3428,52905,7503.89
6095,3279,52855.3,7567.22
6096,3450,52909.4,7604.72
6097,3325,52873.1,7555.83
6098,3221,52833.3,7593.33
6099,3141,52797.8,7583.06
6100,3059,52762.8,7623.33
6101,3328,52873.6,7596.94
6102,3402,52898.6,7670.83
6103,3520,52928.9,7656.39
6104,3539,52934.4,7659.17
6105,3475,52916.9,7649.72
6106,3323,52872.2,7730.28
6107,2851,52682.2,7852.22
6108,2795,52656.4,7876.67
6109,2821,52670,7928.06
6110,2849,52681.9,7955.83
6111,2666,52601.9,7960.28
6112,2660,52599.7,8003.61
6113,2687,52611.9,8008.33
6114,2634,52590,7954.44
6115,2622,52586.4,8014.72
6116,2762,52640,7968.33
6117,2050,52376.9,7921.67
6118,2132,52403.3,7937.78
6119,1801,52292.5,8021.67
6120,1854,52310.6,8076.39
6121,2150,52411.4,8061.11
6122,2270,52458.1,7970
6123,1778,52287.2,8239.17
6124,1590,52239.4,8268.33
6125,1496,52209.2,8321.11
6126,1578,52234.4,8331.67
6127,1616,52243.1,8314.44
6128,1406,52184.4,8262.22
6129,1269,52151.4,8243.06
6130,1030,52078.9,8340.56
6131,778,51963.9,8342.22
6132,606,51895,8360.56
6133,663,51915.8,8399.72
6134,657,51911.1,8361.11
6135,632,51900.8,8352.5
6136,884,52011.4,8344.17
6137,756,51955.3,8417.5
6138,602,51893.1,8435.28
6139,511,51866.1,8413.61
6140,531,51870,8383.06
6141,368,51798.3,8300.83
6142,433,51833.9,8316.94
6143,839,51987.2,8362.22
6144,720,51934.2,8378.61
6145,645,51908.3,8263.33
6146,536,51871.1,8305.28
6147,535,51871.1,8275.83
6148,483,51857.2,8299.17
6149,253,51724.7,8406.94
6150,264,51735,8355.56
6151,274,51741.7,8364.44
6152,495,51861.7,8388.33
6153,497,51862.2,8254.44
6154,504,51863.3,8233.33
6155,364,51796.9,8168.89
6156,421,51830.6,8143.33
6157,574,51882.2,8020.56
6158,596,51890,7932.5
6159,550,51875.6,8000.28
6160,572,51881.9,7981.11
6161,540,51873.3,7948.33
6162,608,51895.6,7946.67
6163,807,51974.4,8136.39
6164,475,51854.4,8070.83
6165,660,51913.6,8128.06
6166,597,51890.3,8213.06
6167,577,51883.1,8303.06
6168,813,51976.9,8301.67
6169,860,51997.8,8021.94
6170,936,52040.3,7967.22
6171,837,51986.9,7895.83
6172,907,52027.2,7943.89
6173,836,51986.4,7979.72
6174,777,51963.9,7985.28
6175,739,51943.1,8040.28
6176,445,51843.9,8036.67
6177,641,51907.5,8099.17
6178,542,51873.9,8117.5
6179,470,51851.9,8167.22
6180,561,51878.1,8185.83
6181,503,51863.3,8165.56
6182,447,51844.2,8168.33
6183,566,51880.3,8090.28
6184,630,51900.6,8119.17
6185,740,51946.1,8111.67
6186,643,51907.8,8147.22
6187,863,51998.6,8245.83
6188,838,51987.2,8227.78
6189,1014,52070,8218.06
6190,950,52048.1,8175.28
6191,992,52062.8,8208.33
6192,937,52040.3,8167.78
6193,921,52032.8,8198.61
6194,1332,52166.7,8219.72
6195,1306,52159.7,8192.78
6196,1076,52094.2,8240.56
6197,1078,52094.7,8124.17
6198,1152,52122.5,8133.06
6199,895,52016.7,8116.67
6200,1196,52135.3,8042.78
6201,1069,52092.8,8008.06
6202,909,52027.5,7923.06
6203,982,52057.8,7990
6204,1470,52202.2,8171.67
6205,1472,52202.8,8108.06
6206,1254,52150,8083.33
6207,949,52047.8,8119.44
6208,792,51968.3,8097.22
6209,828,51983.1,8187.22
6210,735,51941.1,8178.89
6211,700,51929.4,8185.56
6212,651,51909.4,8173.61
6213,704,51930.8,8059.44
6214,417,51828.1,8080.83
6215,609,51896.1,8018.33
6216,801,51972.8,8028.33
6217,855,51994.4,7969.17
6218,845,51990.6,7927.5
6219,772,51962.2,7878.33
6220,870,52003.1,7819.44
6221,799,51972.2,7813.06
6222,770,51961.9,7807.5
6223,746,51950,7850.56
6224,850,51991.7,7853.06
6225,784,51966.7,7800
6226,893,52015.6,7621.11
6227,969,52051.4,7607.22
6228,1395,52183.3,7451.11
6229,1499,52210,7423.61
6230,1795,52291.7,7297.78
6231,1911,52330,7315.56
6232,2034,52370.8,7397.22
6233,2164,52415.3,7397.22
6234,2182,52421.9,7361.67
6235,2081,52386.7,7342.22
6236,2041,52373.3,7489.44
6237,1787,52289.2,7460.83
6238,1541,52222.2,7455.56
6239,1370,52174.7,7403.89
6240,2021,52366.7,7509.44
6241,1897,52322.5,7383.06
6242,2093,52391.7,7415.83
6243,2049,52376.1,7360.83
6244,1993,52355.8,7369.72
6245,2016,52365.8,7323.89
6246,1949,52343.1,7416.39
6247,2154,52412.8,7362.5
6248,2259,52452.5,7431.11
6249,2293,52466.7,7513.89
6250,2616,52584.2,7638.06
6251,2571,52568.3,7671.39
6252,2834,52676.9,7778.89
6253,2923,52709.7,7788.61
6254,2978,52732.8,7786.67
6255,2803,52659.2,7952.78
6256,2739,52632.2,8108.61
6257,2558,52564.4,8110.28
6258,2535,52556.1,8115.56
6259,2576,52569.7,8335.56
6260,2356,52490.6,8268.61
6261,2296,52466.9,8275.28
6262,2137,52405,8374.72
6263,1739,52278.3,8366.39
6264,1785,52288.9,8452.5
6265,1625,52246.1,8427.22
6266,1533,52219.7,8385.56
6267,2037,52372.5,8345.83
6268,2136,52405,8353.33
6269,1821,52300.3,8255
6270,1687,52265.8,8268.06
6271,1829,52303.6,8162.5
6272,1836,52306.4,8102.22
6273,1760,52282.5,8051.11
6274,1726,52274.7,7915.83
6275,1716,52271.7,8029.72
6276,1709,52270.6,7883.06
6277,1243,52147.2,7855.28
6278,1184,52133.3,7916.67
6279,1719,52272.8,7811.11
6280,1607,52241.9,7816.94
6281,1382,52179.2,7905.28
6282,1796,52291.7,7848.33
6283,1732,52276.1,7871.94
6284,1824,52302.2,7857.22
6285,1885,52318.9,7854.17
6286,1788,52289.2,7852.78
6287,1910,52328.3,7825
6288,1808,52296.9,7995.83
6289,1485,52206.1,8081.11
6290,1386,52179.7,8103.06
6291,1494,52208.3,8116.11
6292,1241,52146.7,8053.61
6293,1102,52104.2,8002.78
6294,1072,52093.1,8048.33
6295,1044,52082.5,8152.22
6296,395,51818.1,8134.72
6297,375,51805.8,8182.5
6298,458,51848.6,8195.56
6299,451,51846.4,8204.72
6300,422,51830.6,8229.72
6301,386,51811.7,8146.67
6302,367,51797.8,8187.5
6303,384,51808.3,8108.33
6304,499,51862.8,8124.44
6305,607,51895.3,8045.83
6306,816,51979.2,8003.61
6307,738,51942.2,7997.78
6308,684,51921.9,8086.94
6309,719,51933.9,8096.11
6310,941,52042.2,8198.89
6311,872,52004.7,8149.72
6312,1070,52092.8,8173.61
6313,1086,52098.1,8201.94
6314,891,52014.2,8110.56
6315,952,52048.3,8265.83
6316,947,52046.1,8264.72
6317,842,51988.6,8299.17
6318,680,51919.7,8260.56
6319,741,51947.2,8325.83
6320,618,51900,8333.33
6321,601,51892.2,8340.83
6322,543,51873.9,8344.44
6323,460,51850,8316.67
6324,501,51863.1,8319.44
6325,500,51863.1,8297.78
6326,513,51866.7,8333.33
6327,629,51900.3,8283.06
6328,336,51780.6,8294.44
6329,353,51789.7,8294.17
6330,471,51852.8,8152.22
6331,512,51866.7,8200
6332,932,52037.5,8256.94
6333,922,52033.1,8279.72
6334,1374,52176.1,8402.78
6335,1540,52221.9,8413.61
6336,1378,52177.2,8260.56
6337,1376,52176.4,8244.17
6338,1297,52157.5,8276.11
6339,1310,52161.1,8318.89
6340,1415,52186.7,8357.5
6341,1027,52076.9,8281.94
6342,998,52066.7,8233.33
6343,803,51973.3,8219.17
6344,800,51972.2,8279.44
6345,768,51961.4,8294.44
6346,928,52035.3,8262.78
6347,1085,52097.5,8273.33
6348,869,52002.2,8315.28
6349,758,51956.4,8340.56
6350,944,52043.9,8424.72
6351,980,52056.1,8415.83
6352,668,51916.7,8466.67
6353,678,51918.1,8470.56
6354,654,51910.3,8471.39
6355,556,51877.5,8491.67
6356,554,51877.2,8445
6357,688,51923.3,8605.56
6358,647,51908.9,8578.06
6359,710,51933.3,8600
6360,669,51916.7,8600
6361,896,52016.7,8583.33
6362,864,51998.6,8694.44
6363,914,52030,8692.5
6364,1036,52079.7,8626.39
6365,862,51998.3,8628.61
6366,846,51990.6,8540.56
6367,942,52042.2,8565.56
6368,817,51979.2,8687.5
6369,681,51920.8,8723.33
6370,725,51936.4,8770
6371,634,51901.9,8753.89
6372,539,51872.8,8719.72
6373,636,51904.2,8741.11
6374,401,51820.3,8608.06
6375,502,51863.1,8580
6376,527,51868.6,8615.56
6377,377,51806.9,8652.78
6378,552,51875.8,8666.67
6379,747,51950,8683.33
6380,619,51900,8783.33
6381,795,51970,8834.72
6382,815,51977.8,8835.83
6383,443,51842.2,8935.28
6384,469,51851.4,8984.44
6385,434,51834.4,8877.22
6386,455,51847.8,8841.94
6387,559,51877.8,8798.06
6388,380,51807.5,8836.11
6389,359,51792.8,8788.33
6390,335,51780.3,8721.94
6391,326,51772.8,8681.39
6392,260,51728.3,8618.89
6393,280,51744.4,8610.28
6394,255,51725.3,8521.11
6395,234,51706.4,8521.67
6396,214,51690.8,8601.67
6397,179,51667.8,8600.28
6398,143,51641.9,8575.28
6399,147,51645.3,8595.56
6400,182,51670.6,8570.83
6401,192,51676.9,8549.17
6402,132,51634.7,8563.89
6403,265,51735.8,8552.22
6404,230,51703.3,8502.22
6405,238,51707.5,8530.56
6406,250,51719.2,8501.94
6407,389,51814.2,8536.94
6408,320,51767.2,8561.39
6409,448,51845,8701.11
6410,462,51850,8716.67
6411,484,51857.2,8738.89
6412,388,51813.1,8710.28
6413,306,51762.8,8603.33
6414,198,51682.5,8648.89
6415,166,51656.7,8637.22
6416,66,51577.8,8749.44
6417,138,51638.9,8839.72
6418,134,51635,8776.11
6419,129,51633.1,8775.28
6420,183,51671.7,8714.72
6421,218,51692.2,8499.72
6422,215,51691.7,8443.06
6423,372,51801.1,8493.61
6424,555,51877.2,8535.28
6425,729,51937.5,8449.17
6426,692,51926.4,8389.17
6427,611,51896.9,8410
6428,548,51874.7,8390.56
6429,642,51907.5,8379.72
6430,875,52007.2,8405.28
6431,898,52017.2,8251.11
6432,821,51981.1,8326.11
6433,854,51993.6,8394.72
6434,905,52023.1,8490
6435,698,51927.8,8453.33
6436,523,51868.1,8438.61
6437,558,51877.8,8348.61
6438,551,51875.6,8344.44
6439,387,51811.7,8398.61
6440,578,51883.1,8447.78
6441,269,51738.9,8490
6442,291,51755.3,8437.5
6443,303,51761.4,8416.39
6444,309,51764.4,8374.17
6445,312,51765.3,8453.33
6446,436,51835.3,8493.33
6447,346,51785,8610.28
6448,339,51781.9,8665.28
6449,505,51863.9,8643.06
6450,766,51960,8690
6451,927,52034.7,8836.39
6452,1000,52066.7,8833.33
6453,871,52004.4,8830
6454,962,52050,8883.33
6455,707,51932.2,8857.22
6456,631,51900.6,8793.06
6457,620,51900,8850
6458,787,51966.7,8783.33
6459,670,51916.7,8750
6460,506,51864.7,8806.11
6461,592,51886.9,8764.17
6462,446,51843.9,8741.11
6463,351,51788.6,8640.83
6464,161,51650.8,8645
6465,220,51693.6,8890
6466,315,51765.6,8885
6467,330,51776.7,8893.06
6468,340,51782.2,8873.61
6469,356,51791.1,8865.28
6470,363,51796.1,8950.56
6471,457,51848.1,9035.56
6472,313,51765.3,9291.39
6473,224,51695.8,9345.28
6474,131,51634.2,9224.17
6475,78,51587.5,9265.56
6476,75,51585,9186.67
6477,137,51635.8,9178.06
6478,142,51640.3,9295.83
6479,279,51744.2,9415.56
6480,289,51753.9,9458.89
6481,625,51900,9450
6482,603,51893.1,9441.11
6483,299,51759.2,9553.06
6484,65,51577.5,9698.61
6485,45,51550,9833.33
6486,58,51571.4,9743.89
6487,8,51481.9,9762.22
6488,2,51455.3,9815.83
6489,86,51600,10133.3
6490,476,51854.7,10362.2
6491,522,51867.5,10373.6
6492,589,51886.1,10361.7
6493,604,51893.3,10396.4
6494,549,51875.6,10347.2
6495,449,51845.6,10296.7
6496,485,51857.8,10297.2
6497,1216,52140.8,10268.9
6498,1162,52126.1,10226.4
6499,1342,52166.9,10289.7
6500,1581,52235.8,10185.6
6501,1178,52132.2,10198.3
6502,1642,52250.6,10164.2
6503,1630,52247.5,10178.1
6504,1831,52304.4,10045.8
6505,1634,52249.4,10042.8
6506,1708,52270.6,10029.4
6507,1662,52258.1,10022.5
6508,1309,52160.6,10030.3
6509,1290,52155.6,9934.44
6510,1522,52216.7,9950
6511,2253,52451.4,9662.5
6512,2280,52461.9,9600.28
6513,2447,52523.6,9669.44
6514,2351,52488.3,9575.56
6515,2338,52482.5,9680.56
6516,2945,52718.1,9451.94
6517,2812,52666.7,9400
6518,2471,52534.2,9252.78
6519,2476,52536.1,9300.28
6520,2273,52459.7,9289.44
6521,2059,52380.6,9223.06
6522,1946,52341.1,9264.44
6523,2543,52559.2,9192.78
6524,2721,52627.2,8988.89
6525,3142,52798.6,9013.89
6526,3334,52876.4,9010.28
6527,3431,52905.6,8909.72
6528,3706,52984.4,9002.5
6529,3642,52962.5,9064.44
6530,3473,52916.7,9100
6531,3725,52988.9,9082.22
6532,3896,53041.1,9147.5
6533,4160,53118.1,9150.28
6534,4184,53124.7,9248.61
6535,4770,53276.7,9518.06
6536,4931,53316.9,9610.56
6537,5199,53379.2,9496.94
6538,4796,53281.7,9467.78
6539,4626,53242.2,9429.17
6540,3851,53029.2,9364.72
6541,3925,53050,9316.67
6542,3911,53047.2,9241.94
6543,4051,53088.6,9325.56
6544,4646,53247.5,9331.39
6545,5341,53409.2,9858.33
6546,4929,53316.1,9878.33
6547,5239,53388.1,9999.72
6548,5411,53421.7,9905.56
6549,5572,53544.2,10003.1
6550,5623,53578.9,10015.8
6551,5669,53604.7,10010.3
6552,5488,53483.3,10083.3
6553,5485,53478.6,10059.7
6554,5600,53562.5,9962.78
6555,5858,53750,9883.33
6556,5588,53554.2,10134.4
6557,5508,53495.6,10065.6
6558,5487,53483.3,10016.7
6559,5647,53595.3,9974.17
6560,5312,53401.7,10031.9
6561,5478,53471.4,10076.7
6562,5441,53439.2,10141.7
6563,5379,53415.8,10120
6564,5550,53525.3,10124.7
6565,5640,53588.3,9961.94
6566,5651,53600,10033.3
6567,5577,53550,10116.7
6568,5573,53544.4,10141.7
6569,5605,53566.7,10069.7
6570,5574,53546.7,10171.7
6571,6526,54027.2,9684.44
6572,6085,53903.9,9789.72
6573,6180,53948.1,9836.11
6574,6677,54066.7,9916.67
6575,6299,53977.2,10041.9
6576,6113,53917.8,10016.4
6577,6024,53874.4,9951.11
6578,6054,53893.9,9920
6579,6548,54031.1,9812.5
6580,6983,54145,9783.33
6581,6959,54133.9,9752.22
6582,6810,54096.7,9765.56
6583,6604,54044.7,9836.94
6584,7219,54230.6,9944.72
6585,7213,54225,9990.83
6586,7231,54233.3,9858.33
6587,7181,54211.7,9873.33
6588,7271,54250,9928.61
6589,7172,54207.5,9895.83
6590,7413,54312.2,9812.78
6591,7409,54310,9829.72
6592,7280,54253.1,9850
6593,7410,54310.8,9570.56
6594,6991,54147.5,9566.67
6595,7098,54185,9593.06
6596,7277,54251.4,9626.94
6597,7319,54266.7,9800
6598,7028,54161.9,9749.44
6599,6668,54064.4,9834.44
6600,6031,53880,9814.72
6601,6055,53896.1,9794.17
6602,6344,53986.4,9839.72
6603,6376,53993.9,9823.61
6604,6279,53971.4,9840.56
6605,6394,53997.8,9779.17
6606,6407,54000,9733.33
6607,7189,54214.7,9721.94
6608,7083,54180.8,9729.72
6609,6971,54137.8,9661.11
6610,6747,54082.2,9573.89
6611,6694,54069.7,9507.78
6612,6906,54119.4,9579.44
6613,6562,54034.7,9498.61
6614,6877,54112.5,9455.56
6615,6936,54125.8,9365.83
6616,7133,54196.1,9339.17
6617,7171,54206.9,9318.06
6618,7046,54167.5,9348.89
6619,7201,54221.7,9383.61
6620,7361,54286.1,9375
6621,7384,54295.6,9358.33
6622,7392,54300,9400
6623,7393,54300,9550
6624,7307,54263.3,9653.06
6625,6758,54083.3,9550
6626,7405,54307.8,9354.17
6627,7355,54283.3,9366.67
6628,7379,54292.8,9332.5
6629,7391,54300,9316.67
6630,7364,54286.7,9294.72
6631,7346,54277.8,9216.94
6632,7295,54259.7,9249.17
6633,7315,54266.4,9267.78
6634,7139,54198.6,9265.56
6635,7018,54158.1,9328.89
6636,6952,54132.2,9233.61
6637,6872,54110.6,9368.61
6638,6825,54100,9316.67
6639,7208,54223.9,9268.89
6640,7227,54233.1,9318.89
6641,7170,54206.7,9507.22
6642,6631,54050.3,9515
6643,6158,53943.6,9384.72
6644,6087,53906.4,9383.33
6645,6116,53920,9270.28
6646,6341,53986.1,9241.67
6647,6346,53986.7,9284.17
6648,6166,53945,9224.44
6649,5992,53858.3,9403.61
6650,6079,53900.8,9406.39
6651,6018,53869.4,9446.67
6652,6044,53883.3,9550
6653,5959,53833.3,9566.67
6654,5989,53856.4,9527.78
6655,6844,54105,9499.44
6656,6867,54109.2,9468.33
6657,7013,54156.7,9441.94
6658,6972,54138.1,9456.39
6659,6960,54134.4,9404.44
6660,6775,54088.6,9387.78
6661,6715,54074.2,9405.56
6662,6596,54041.7,9341.11
6663,6490,54019.7,9278.61
6664,6634,54051.7,9339.17
6665,6446,54009.7,9421.39
6666,6627,54050,9383.33
6667,6659,54061.9,9402.5
6668,6802,54093.9,9377.78
6669,6901,54117.8,9408.33
6670,7390,54299.4,9441.39
6671,7385,54296.1,9687.5
6672,7210,54224.4,9753.61
6673,7329,54270.6,9724.72
6674,7420,54314.7,9716.67
6675,7196,54219.2,9802.22
6676,6759,54083.3,9846.94
6677,6076,53900,9717.78
6678,5857,53750,9733.33
6679,5776,53683.3,9900
6680,5604,53566.4,9922.22
6681,5649,53596.4,9927.5
6682,5650,53599.4,9911.11
6683,5586,53550,9950
6684,5590,53554.4,10027.2
6685,5424,53433.3,10066.7
6686,5028,53340,9869.72
6687,4284,53151.4,9790
6688,4231,53137.2,9749.72
6689,4972,53325.8,9735.28
6690,4994,53331.9,9758.33
6691,4760,53275.3,9659.72
6692,4660,53250,9718.06
6693,4185,53124.7,9668.33
6694,4808,53284.7,9595.28
6695,4781,53278.6,9596.94
6696,4619,53241.1,9660.56
6697,4925,53315.3,9769.17
6698,4701,53260.8,9581.67
6699,4719,53265.6,9583.61
6700,4835,53289.7,9565
6701,4684,53255.6,9580
6702,4634,53245.3,9585.83
6703,3561,52941.7,9385.83
6704,3545,52936.7,9345.28
6705,3658,52968.3,9407.22
6706,3847,53028.1,9304.44
6707,4675,53253.6,9246.11
6708,4897,53306.4,9212.78
6709,5192,53377.5,9252.5
6710,5299,53399.4,9253.06
6711,5206,53381.1,9210.83
6712,5104,53357.2,9216.67
6713,5370,53413.9,9357.22
6714,4659,53250,9333.33
6715,4579,53233.3,9433.33
6716,4644,53247.2,9417.78
6717,5077,53350.3,9615.83
6718,5087,53352.5,9561.94
6719,5694,53616.7,9666.67
6720,5666,53600,9750
6721,5901,53783.3,9650
6722,5394,53416.7,9333.33
6723,5340,53409.2,9301.94
6724,4997,53332.2,9284.17
6725,4810,53285,9525
6726,4563,53231.1,9524.17
6727,4632,53244.4,9535
6728,4617,53240.6,9395.28
6729,5043,53343.1,9463.06
6730,5585,53550,9516.67
6731,5543,53516.7,9450
6732,6084,53903.3,9759.17
6733,5879,53766.7,9816.67
6734,5802,53713.1,9883.61
6735,5667,53600,9850
6736,5665,53600,9683.33
6737,5792,53700,9816.67
6738,5856,53750,9550
6739,5855,53750,9466.67
6740,5937,53816.7,9566.67
6741,6075,53900,9633.33
6742,6080,53901.1,9691.11
6743,5798,53708.3,9870.83
6744,5794,53704.2,9894.44
6745,6126,53927.8,9939.17
6746,6143,53934.2,9885.83
6747,6114,53917.8,9951.39
6748,6062,53899.2,9941.94
6749,6096,53916.7,10033.3
6750,6283,53972.8,10130.8
6751,6276,53970.3,10108.1
6752,6707,54071.9,9940.56
6753,6384,53996.1,10070.6
6754,6886,54115.8,10102.2
6755,6247,53963.3,10047.2
6756,6149,53941.9,10023.9
6757,5906,53793.3,9988.06
6758,5521,53503.6,10063.9
6759,5526,53510,10094.7
6760,5501,53484.7,10085.8
6761,5511,53498.3,10092.5
6762,5547,53523.3,10046.9
6763,5796,53706.7,10090.3
6764,6258,53966.7,10083.3
6765,6392,53997.8,10038.3
6766,6740,54080.3,9945.28
6767,6808,54095.8,10100
6768,6940,54126.9,10086.7
6769,7160,54203.9,10036.1
6770,7260,54245,9865.28
6771,7084,54181.1,9880.28
6772,7301,54261.9,9798.06
6773,7350,54281.7,9799.72
6774,7340,54275.8,9790.83
6775,7248,54240,9700.83
6776,7051,54168.9,9673.06
6777,6234,53960.3,9570.83
6778,6074,53900,9574.72
6779,6046,53885.8,9920.56
6780,5920,53808.3,9953.89
6781,5925,53811.4,9968.89
6782,5905,53792.2,10005.8
6783,6456,54011.9,10003.6
6784,6465,54013.1,9961.11
6785,7251,54241.7,9816.67
6786,7211,54224.4,9815.83
6787,7272,54250.3,9901.39
6788,7061,54172.5,9933.61
6789,7276,54251.4,10063.6
6790,7284,54253.6,10040.8
6791,7109,54189.2,10054.2
6792,6826,54100.3,10070.3
6793,6292,53975,9975
6794,6199,53951.1,9948.06
6795,6128,53931.1,9915
6796,6184,53949.2,9865.28
6797,6119,53921.7,9791.67
6798,6022,53872.5,9927.5
6799,5927,53815,9977.78
6800,6005,53865.8,9901.94
6801,5865,53760.6,9896.11
6802,5804,53716.1,9890.28
6803,5886,53775,9687.5
6804,5599,53561.4,9917.22
6805,5467,53466.7,10016.7
6806,5618,53566.7,9983.33
6807,4998,53332.2,9886.11
6808,5283,53396.1,9778.06
6809,4633,53245,9738.61
6810,5118,53360.3,9620.83
6811,5044,53343.1,9643.61
6812,5091,53353.1,9707.78
6813,5114,53359.4,9701.67
6814,5180,53375,9537.5
6815,5456,53450,9533.33
6816,5331,53406.1,9514.72
6817,4631,53243.9,9501.67
6818,4580,53233.3,9483.33
6819,3926,53050,9516.67
6820,3603,52953.1,9422.22
6821,3688,52979.2,9413.06
6822,3814,53017.2,9386.11
6823,3583,52946.7,9458.33
6824,3565,52942.8,9451.67
6825,3263,52849.7,9438.06
6826,3163,52806.1,9381.39
6827,3062,52763.6,9332.5
6828,3110,52783.6,9397.5
6829,3148,52801.1,9454.17
6830,3196,52820.8,9416.67
6831,3280,52855.3,9398.33
6832,3290,52858.9,9427.78
6833,3832,53022.8,9368.33
6834,3582,52946.7,9229.44
6835,3633,52961.1,9235.83
6836,3465,52915,9189.72
6837,3716,52985.8,9351.67
6838,3794,53013.1,9355.56
6839,4050,53088.6,9312.22
6840,4044,53086.1,9285.28
6841,3763,53000.3,9126.11
6842,3638,52961.9,9153.89
6843,3724,52988.9,9046.11
6844,3779,53006.4,9028.06
6845,4065,53092.2,9065.28
6846,4242,53139.4,8933.61
6847,4500,53212.2,8974.44
6848,4813,53286.1,9007.5
6849,4843,53293.3,8974.17
6850,5366,53413.6,8923.33
6851,5173,53373.6,8941.11
6852,5517,53500,8883.33
6853,5433,53433.3,8850
6854,5397,53417.8,8846.11
6855,5499,53483.3,8933.33
6856,5541,53516.7,8950
6857,5354,53411.1,9029.44
6858,5301,53399.7,8999.17
6859,5232,53386.4,9056.39
6860,5396,53417.5,9054.44
6861,5187,53376.1,9012.78
6862,5095,53353.6,9158.61
6863,5111,53359.2,9157.5
6864,4852,53295.6,9159.17
6865,4967,53324.7,9164.17
6866,4765,53275.8,9205.56
6867,4944,53320.3,9179.17
6868,5219,53383.3,9200
6869,5367,53413.6,9177.5
6870,5383,53416.1,9203.89
6871,5291,53397.2,9152.5
6872,5355,53411.1,9162.22
6873,5364,53412.8,9148.06
6874,4915,53312.2,9021.94
6875,5190,53376.7,8956.11
6876,5153,53368.1,8960.56
6877,5330,53406.1,9032.78
6878,5317,53403.3,9045.28
6879,5264,53392.8,9022.78
6880,5359,53411.9,9008.06
6881,5475,53466.7,9000
6882,5986,53854.2,9108.06
6883,6048,53886.7,9102.5
6884,6160,53944.2,9067.5
6885,6027,53875.8,9160.28
6886,6111,53916.9,9133.89
6887,6151,53942.2,9133.06
6888,6053,53893.6,9149.17
6889,6195,53950.3,8983.06
6890,6336,53985.6,8884.44
6891,6238,53961.1,8831.11
6892,6218,53955.8,8878.89
6893,6250,53964.2,8794.17
6894,6312,53980.3,8816.39
6895,6317,53981.9,8778.89
6896,6296,53976.4,8791.39
6897,5769,53683.3,8600
6898,5810,53716.7,8666.67
6899,6071,53900,8766.67
6900,6366,53991.4,8789.72
6901,6626,54050,8733.33
6902,6764,54084.2,8815
6903,6610,54046.4,8793.61
6904,6620,54049.4,8824.72
6905,6654,54059.4,8820
6906,6551,54031.9,8787.5
6907,6588,54040,8722.5
6908,6348,53987.2,8689.44
6909,5976,53850,8533.33
6910,5954,53833.3,8383.33
6911,5896,53783.3,8483.33
6912,6530,54027.5,8476.67
6913,6961,54135,8561.39
6914,6546,54030.6,8699.72
6915,6450,54010.6,8660.28
6916,6951,54131.7,8680
6917,6591,54040.8,8760
6918,6720,54075,8592.22
6919,6583,54039.2,8550.83
6920,6298,53976.9,8451.67
6921,6943,54129.2,8441.94
6922,6827,54100.6,8405
6923,6905,54119.2,8330.28
6924,6799,54092.8,8308.33
6925,6427,54005.6,8431.67
6926,6311,53980.3,8461.11
6927,6326,53983.3,8466.67
6928,5934,53816.7,8550
6929,5848,53750,8666.67
6930,5634,53583.3,8600
6931,5402,53419.2,8504.44
6932,5125,53361.7,8334.72
6933,5033,53341.1,8358.61
6934,5001,53332.8,8392.22
6935,5313,53401.7,8351.39
6936,5039,53342.2,8266.39
6937,4846,53293.6,8242.5
6938,5113,53359.4,8195.28
6939,5279,53395.3,8105.28
6940,5337,53408.1,8121.11
6941,5298,53399.4,8196.11
6942,5060,53346.9,8158.33
6943,5183,53375.3,8068.33
6944,5024,53339.4,8060
6945,5274,53394.4,7998.33
6946,5224,53384.4,7974.72
6947,5329,53405.8,7973.33
6948,5289,53396.7,7975.56
6949,5389,53416.7,8016.67
6950,5287,53396.4,8043.33
6951,5365,53413.3,8048.89
6952,5470,53466.7,8000
6953,5658,53600,7933.33
6954,5452,53450,8100
6955,5120,53360.8,8236.39
6956,5207,53381.4,8193.89
6957,5347,53410,8205
6958,5409,53421.4,8039.17
6959,5471,53466.7,8016.67
6960,4936,53318.6,8068.33
6961,4505,53213.3,8061.39
6962,4680,53255,7893.61
6963,4418,53188.6,7986.67
6964,4150,53116.7,8000
6965,4218,53134.7,8035.56
6966,4270,53148.1,8001.67
6967,4320,53161.7,7951.39
6968,4353,53171.4,7944.44
6969,4019,53077.2,7897.22
6970,4517,53217.5,7797.22
6971,4522,53220,7847.22
6972,5303,53400,7638.89
6973,5263,53392.8,7685.56
6974,5179,53375,7656.11
6975,4639,53246.7,7850.83
6976,4562,53231.1,7915.83
6977,4587,53235.3,7925
6978,5184,53375.6,8000.28
6979,4416,53188.1,8195
6980,4121,53108.9,8315
6981,4182,53123.6,8241.67
6982,4097,53103.1,8248.06
6983,4053,53089.2,8218.89
6984,4276,53149.4,8372.5
6985,4135,53111.9,8350.83
6986,4237,53138.6,8358.61
6987,4081,53098.3,8427.5
6988,4299,53156.4,8429.72
6989,4249,53141.9,8415.56
6990,4581,53233.9,8416.39
6991,4783,53278.9,8430
6992,5129,53363.3,8445.83
6993,5269,53393.3,8475.83
6994,5432,53433.3,8483.33
6995,5563,53533.3,8566.67
6996,5662,53600,8550
6997,5615,53566.7,8633.33
6998,5830,53733.3,8633.33
6999,5768,53683.3,8583.33
7000,5914,53800,8600
7001,6194,53950.3,8692.5
7002,6244,53961.9,8658.61
7003,6015,53866.7,8850
7004,5811,53716.7,8766.67
7005,5729,53650,8750
7006,5897,53783.3,8666.67
7007,5690,53616.7,8733.33
7008,5771,53683.3,8733.33
7009,5711,53633.3,8750
7010,5849,53750,8850
7011,5955,53833.3,9033.33
7012,5732,53650,9116.67
7013,5542,53516.7,9083.33
7014,5979,53850,9300
7015,5899,53783.3,9316.67
7016,6049,53887.5,9269.72
7017,6019,53869.7,9186.67
7018,5998,53861.1,9182.5
7019,5982,53851.7,9174.44
7020,6043,53883.3,9216.67
7021,6052,53890.6,9313.89
7022,6094,53911.9,9305.83
7023,6141,53933.3,9266.94
7024,6110,53916.7,9250
7025,6163,53944.4,9263.61
7026,6576,54037.8,9230.56
7027,6816,54098.9,9252.22
7028,6935,54125.8,9139.72
7029,6847,54105.6,9121.11
7030,7177,54209.7,9026.94
7031,7312,54265.8,9030.56
7032,7297,54260.6,9034.44
7033,7159,54203.6,9051.39
7034,7049,54168.3,9125.28
7035,7106,54188.3,9230.83
7036,7087,54181.9,9252.78
7037,7017,54157.8,9235.83
7038,6909,54120,9233.61
7039,7023,54159.2,9285.28
7040,6970,54137.8,9201.67
7041,6898,54116.7,9141.11
7042,6343,53986.4,8999.72
7043,6162,53944.4,9101.94
7044,6193,53950,9033.33
7045,6124,53927.2,9022.22
7046,6115,53918.9,9018.61
7047,5789,53700,8950
7048,5915,53800,8966.67
7049,6397,53998.6,8979.17
7050,6359,53989.4,9026.11
7051,6431,54006.4,9028.06
7052,6575,54037.8,9065.83
7053,6773,54088.1,9109.17
7054,7278,54251.7,8893.06
7055,7304,54262.5,8881.11
7056,7368,54288.6,8961.67
7057,7370,54289.2,8998.33
7058,7262,54245.8,8812.5
7059,7232,54233.6,8946.67
7060,7086,54181.7,8997.5
7061,7025,54160.8,8994.44
7062,6851,54105.8,8879.72
7063,7192,54215.8,8660.56
7064,6976,54140,8641.67
7065,7071,54177.2,8658.89
7066,6600,54043.1,8584.44
7067,6655,54060.8,8503.61
7068,7110,54189.4,8553.61
7069,7216,54228.6,8516.11
7070,7200,54221.4,8499.72
7071,7149,54201.9,8545
7072,6682,54067.2,8494.17
7073,6815,54098.6,8549.72
7074,6857,54107.5,8544.72
7075,6760,54083.6,8564.17
7076,6881,54114.2,8533.06
7077,7324,54268.9,8494.44
7078,7479,54387.2,8503.06
7079,7245,54239.4,8448.89
7080,7511,54457.5,8329.44
7081,7563,54604.2,8379.17
7082,7557,54585.6,8437.22
7083,7583,54630.8,8370.56
7084,7516,54466.4,8448.61
7085,7622,54661.9,8563.33
7086,7677,54724.2,8564.17
7087,7627,54668.6,8784.72
7088,7634,54672.5,8779.72
7089,7656,54695,8773.61
7090,7586,54633.3,8633.33
7091,7589,54634.2,8623.61
7092,7588,54633.9,8593.33
7093,7609,54649.7,8376.67
7094,7654,54692.8,8400.28
7095,7716,54768.1,8450
7096,7683,54729.4,8547.78
7097,7650,54690.3,8640.28
7098,7672,54719.4,8663.89
7099,7662,54701.9,8609.17
7100,7694,54743.9,8637.78
7101,7669,54711.1,8695.56
7102,7665,54705.8,8536.11
7103,7660,54700,8500
7104,7686,54733.3,8335.28
7105,7659,54700,8383.33
7106,7633,54672.5,8420.56
7107,7567,54611.4,8467.5
7108,7482,54390.6,8470
7109,7446,54339.4,8501.11
7110,7031,54163.3,8398.06
7111,7228,54233.3,8300
7112,7229,54233.3,8316.67
7113,7066,54174.7,8281.67
7114,7116,54191.4,8261.11
7115,7033,54163.6,8310.56
7116,6708,54072.2,8278.61
7117,6744,54080.6,8307.22
7118,6824,54100,8250
7119,6523,54026.9,8228.61
7120,6843,54105,8264.72
7121,6977,54141.7,8115.56
7122,7107,54188.6,8118.89
7123,7302,54262.2,8142.22
7124,7288,54256.4,8234.17
7125,7250,54240.3,8272.5
7126,7371,54289.4,8280.83
7127,7309,54264.7,8200
7128,7428,54322.5,8200.28
7129,7443,54337.8,8226.67
7130,7441,54335.6,8148.33
7131,7354,54283.3,8130.83
7132,7298,54261.4,8156.94
7133,7419,54314.7,8196.39
7134,7266,54249.4,8206.11
7135,7387,54296.4,8252.22
7136,7436,54330.8,8170.28
7137,7422,54317.2,8106.67
7138,7468,54374.4,8115.28
7139,7372,54289.7,8120
7140,7136,54196.9,8134.72
7141,7100,54185.3,8191.67
7142,7101,54185.3,8233.33
7143,7148,54201.9,8285.83
7144,7184,54212.5,8387.22
7145,7407,54308.3,8389.17
7146,7430,54325.8,8313.89
7147,7352,54283.1,8211.39
7148,7362,54286.4,8154.44
7149,7433,54327.8,8195.56
7150,7476,54385.8,8076.67
7151,7457,54358.3,8036.67
7152,7383,54295,8020.56
7153,7367,54288.6,8081.94
7154,7156,54203.1,8084.44
7155,6839,54103.9,8176.67
7156,6823,54100,8200
7157,7043,54166.7,8150
7158,7484,54391.9,8163.61
7159,7474,54384.2,8139.44
7160,7510,54456.7,8173.89
7161,7538,54544.4,8209.72
7162,7646,54688.1,8213.06
7163,7614,54653.1,8258.61
7164,7603,54644.4,8255.56
7165,7642,54682.2,8171.67
7166,7760,54804.2,8380.56
7167,7673,54719.7,8301.67
7168,7655,54693.9,8346.11
7169,7750,54797.5,8282.5
7170,7842,54890.6,8146.67
7171,7955,55016.7,8100
7172,8029,55096.4,8098.33
7173,7947,54997.2,8290.83
7174,8019,55083.3,8289.44
7175,7965,55028.6,8271.11
7176,7980,55043.1,8268.33
7177,7851,54910.8,8338.33
7178,7817,54864.7,8276.67
7179,8078,55142.2,8280
7180,8045,55116.7,8133.33
7181,8088,55149.4,7948.89
7182,8044,55116.7,7900
7183,7932,54984.4,7837.78
7184,7850,54910.6,7770.56
7185,7859,54920.3,7782.22
7186,7935,54990,7683.89
7187,7887,54945.8,7591.94
7188,7854,54913.3,7683.06
7189,7845,54905.6,7666.11
7190,7822,54866.7,7733.33
7191,7838,54886.9,7675.28
7192,7784,54826.4,7663.61
7193,7790,54833.3,7633.33
7194,7782,54823.3,7577.22
7195,7902,54955.3,7486.94
7196,7910,54968.1,7475.28
7197,7946,54996.7,7460.83
7198,7906,54960.3,7472.78
7199,8027,55093.3,7435.28
7200,8241,55347.2,7306.39
7201,8244,55357.5,7311.67
7202,8245,55369.2,7337.5
7203,8215,55280.8,7499.17
7204,8210,55276.9,7424.44
7205,8213,55278.3,7344.17
7206,8109,55166.7,7321.94
7207,8119,55179.7,7406.94
7208,8179,55246.4,7407.78
7209,8218,55283.3,7400
7210,8194,55258.3,7358.89
7211,8236,55329.2,7309.72
7212,8226,55301.1,7317.78
7213,8220,55285.3,7369.17
7214,8246,55376.9,7370.56
7215,8227,55301.4,7337.78
7216,8229,55310,7339.72
7217,8173,55238.1,7383.06
7218,8165,55232.5,7403.33
7219,8181,55248.6,7370.56
7220,8132,55188.3,7418.89
7221,8182,55249.2,7434.72
7222,8110,55171.9,7497.22
7223,8063,55133.3,7450
7224,8190,55250.6,7515.83
7225,8124,55183.3,7700
7226,8163,55223.9,7699.72
7227,8054,55125.6,7811.39
7228,8039,55114.2,7808.89
7229,7945,54996.4,7730
7230,8071,55138.9,7852.22
7231,8059,55131.9,7847.78
7232,8030,55098.9,7858.33
7233,8055,55126.1,7869.44
7234,8138,55196.9,7852.22
7235,7952,55010.8,7723.06
7236,8153,55208.6,7781.94
7237,8072,55138.9,7915.56
7238,8020,55083.9,8096.39
7239,7869,54931.4,7949.44
7240,7764,54808.3,7967.22
7241,7771,54815.8,7956.94
7242,7705,54758.9,7750.56
7243,7544,54566.4,7841.67
7244,7546,54569.2,7855.28
7245,7607,54647.5,7997.78
7246,7644,54685.3,8070.83
7247,7628,54669.4,8145.56
7248,7663,54703.3,8117.78
7249,7766,54811.9,8168.89
7250,7789,54831.9,8361.11
7251,7846,54906.4,8209.44
7252,7872,54933.3,8291.67
7253,7956,55016.7,8383.33
7254,7972,55033.3,8400
7255,7964,55025,8260.83
7256,7938,54990.6,8262.22
7257,7923,54977.8,8260
7258,8047,55116.7,8283.33
7259,7982,55045.6,8191.94
7260,7886,54945.6,8243.33
7261,7933,54984.4,8241.94
7262,8067,55133.3,8100
7263,8048,55117.2,8136.94
7264,8040,55115.6,8106.94
7265,8032,55100,8133.33
7266,8018,55083.3,8133.33
7267,8035,55106.4,8135.83
7268,8058,55130.8,8017.78
7269,8103,55161.7,7920.28
7270,8127,55183.3,7966.67
7271,8140,55198.9,7961.39
7272,8118,55178.1,7929.44
7273,8093,55152.8,7826.39
7274,8084,55145.6,7968.33
7275,8112,55172.8,7916.67
7276,8096,55155.3,7976.67
7277,8066,55133.3,8066.67
7278,8086,55146.4,8055.56
7279,8106,55164.7,7977.78
7280,8201,55265.3,8225.83
7281,7951,55003.6,7804.72
7282,7949,55000,7766.67
7283,7989,55050.8,7742.22
7284,7969,55030.8,7779.17
7285,7901,54955,7725.56
7286,7860,54920.6,7696.39
7287,7920,54975.6,7773.89
7288,7916,54970.6,7706.39
7289,7953,55015.6,7537.5
7290,8011,55074.2,7597.22
7291,8014,55076.1,7638.89
7292,7981,55044.2,7656.67
7293,7990,55051.9,7598.06
7294,7998,55059.2,7628.61
7295,7994,55054.7,7638.06
7296,7971,55033.3,7633.33
7297,7913,54969.4,7612.5
7298,7937,54990.6,7586.94
7299,7962,55022.5,7583.33
7300,8002,55060.6,7520.28
7301,7975,55037.8,7506.94
7302,8013,55076.1,7613.89
7303,7968,55030.6,7497.5
7304,7977,55039.7,7485.83
7305,7992,55054.4,7496.11
7306,8050,55121.4,7425.83
7307,7976,55039.4,7428.33
7308,8006,55070.3,7480.56
7309,8041,55116.1,7451.11
7310,7963,55023.3,7476.11
7311,7954,55016.1,7470.56
7312,7907,54963.6,7576.11
7313,7940,54991.9,7541.94
7314,7948,54999.2,7484.44
7315,7931,54983.9,7527.22
7316,7840,54888.6,7517.5
7317,7855,54914.4,7611.11
7318,7874,54935.8,7626.39
7319,7871,54933.3,7616.67
7320,7882,54941.1,7640.56
7321,7894,54950,7616.67
7322,7888,54946.1,7620.28
7323,7806,54849.7,7643.33
7324,7726,54779.7,7672.5
7325,7762,54805.3,7676.39
7326,7808,54850.3,7598.06
7327,7857,54915.6,7553.06
7328,7903,54956.4,7501.39
7329,8007,55070.8,7529.72
7330,7927,54979.4,7412.5
7331,7891,54948.9,7466.67
7332,7925,54978.9,7444.44
7333,7917,54971.4,7416.39
7334,7909,54966.7,7416.67
7335,7997,55058.9,7348.89
7336,8049,55117.5,7397.78
7337,7959,55021.4,7404.44
7338,8202,55266.7,7416.67
7339,8199,55263.9,7487.22
7340,8211,55278.1,7464.44
7341,8143,55200,7516.67
7342,8223,55293.1,7336.11
7343,8089,55150,7116.67
7344,8168,55233.3,6983.33
7345,8204,55267.5,7054.17
7346,8149,55203.1,7053.33
7347,8152,55207.2,6986.11
7348,8192,55256.4,7025.56
7349,8185,55250,7066.67
7350,8122,55183.3,7050
7351,8189,55250.6,7149.72
7352,8169,55233.3,7083.33
7353,8171,55233.9,7154.44
7354,8154,55210.3,7258.89
7355,8001,55060.3,7385
7356,8017,55079.7,7277.5
7357,8004,55064.7,7321.11
7358,7978,55040.8,7382.22
7359,7993,55054.7,7461.67
7360,8060,55132.5,7408.61
7361,8094,55154.2,7426.67
7362,7928,54980.3,7533.89
7363,7893,54950,7433.33
7364,7911,54968.9,7441.39
7365,7986,55050,7400
7366,7988,55050.8,7386.67
7367,7967,55030.3,7388.61
7368,8087,55148.3,7331.94
7369,8136,55196.4,7396.94
7370,8155,55211.4,7393.89
7371,8104,55163.6,7403.61
7372,8090,55150,7444.72
7373,8028,55093.9,7540.28
7374,8015,55076.9,7488.61
7375,8009,55073.1,7482.78
7376,8024,55088.6,7474.17
7377,8003,55064.4,7429.17
7378,8097,55156.1,7599.17
7379,8133,55194.2,7530.28
7380,8022,55086.9,7305
7381,8016,55078.1,7306.11
7382,8021,55085.6,7247.78
7383,8005,55066.7,7266.67
7384,8036,55107.2,7252.22
7385,8085,55145.8,7287.22
7386,7991,55054.4,7313.33
7387,8025,55091.9,7238.61
7388,8042,55116.7,7200
7389,8062,55133.3,7200
7390,8075,55141.4,7187.5
7391,8108,55166.7,7166.67
7392,8170,55233.3,7150
7393,8107,55166.7,7100
7394,8117,55176.1,7164.17
7395,8162,55223.9,7148.61
7396,8167,55233.1,7276.39
7397,8242,55349.4,7345
7398,8243,55350,7333.33
7399,8237,55332.8,7299.44
7400,8230,55311.7,7311.67
7401,8222,55292.8,7310.56
7402,8240,55345,7314.44
7403,8221,55288.9,7220.28
7404,8188,55250,7266.67
7405,8214,55279.2,7314.44
7406,8232,55316.1,7297.78
7407,8209,55274.2,7317.22
7408,8212,55278.3,7236.94
7409,8080,55143.9,7166.39
7410,8207,55269.2,7173.33
7411,8186,55250,7150
7412,8180,55248.6,7085.83
7413,8235,55316.7,7200.28
7414,8198,55262.8,7133.89
7415,8233,55316.7,7166.67
7416,8217,55283.3,7166.67
7417,8231,55314.7,7276.67
7418,8239,55336.4,7285.28
7419,8225,55300,7266.67
7420,8228,55306.7,7163.89
7421,8205,55267.5,7081.67
7422,8069,55135.8,7227.5
7423,8187,55250,7200
7424,8092,55150.6,7202.5
7425,8116,55174.7,7237.22
7426,8038,55113.6,7212.5
7427,8061,55133.3,7166.67
7428,8142,55200,6983.33
7429,8184,55250,7005.56
7430,8159,55216.7,6933.33
7431,8224,55300,7150
7432,8238,55333.6,7182.5
7433,8234,55316.7,7183.33
7434,8219,55285.3,7212.5
7435,8197,55261.7,7198.33
7436,8216,55283.1,7226.94
7437,8176,55241.7,7229.17
7438,8148,55202.8,7281.67
7439,8135,55195.6,7254.44
7440,8160,55223.3,7274.44
7441,8157,55214.4,7412.22
7442,8200,55265,7428.61
7443,8195,55259.4,7423.89
7444,8166,55232.8,7456.67
7445,8139,55198.1,7493.61
7446,8150,55205.6,7517.22
7447,8156,55211.4,7518.89
7448,8102,55160.6,7471.94
7449,8101,55160.3,7432.5
7450,7941,54992.2,7479.17
7451,7777,54818.6,7512.5
7452,7814,54858.1,7523.89
7453,7876,54936.9,7593.61
7454,7875,54936.9,7534.72
7455,7835,54882.8,7550.28
7456,7839,54888.1,7494.44
7457,7826,54868.9,7516.67
7458,7802,54844.2,7525.83
7459,7744,54794.7,7591.39
7460,7721,54774.4,7653.89
7461,7773,54816.1,7647.5
7462,7780,54822.5,7698.33
7463,7763,54806.4,7722.5
7464,7812,54856.7,7762.22
7465,7841,54888.9,7751.11
7466,7821,54866.7,7716.67
7467,7830,54872.8,7768.06
7468,7895,54950,7733.33
7469,7889,54946.1,7669.44
7470,7834,54882.2,7670.83
7471,7803,54848.1,7619.72
7472,7781,54823.1,7631.11
7473,7758,54801.4,7624.17
7474,7713,54766.7,7683.33
7475,7579,54625.3,7715.56
7476,7029,54162.5,7871.11
7477,7543,54557.2,7896.67
7478,7536,54540,7906.67
7479,7778,54818.6,7870.83
7480,7714,54766.7,7816.67
7481,7688,54733.9,7745.56
7482,7552,54576.1,7963.89
7483,7541,54555.3,8006.39
7484,7684,54729.7,7788.33
7485,7900,54953.1,7848.61
7486,7919,54975,7937.78
7487,7810,54854.2,8030.83
7488,7743,54794.4,7996.39
7489,7545,54568.9,8210.56
7490,7477,54386.1,8299.44
7491,7491,54403.3,8404.17
7492,7506,54438.3,8313.89
7493,7513,54459.4,8282.22
7494,7571,54615.8,8277.78
7495,7534,54536.9,8201.94
7496,7531,54526.1,8196.67
7497,7530,54525.3,8234.17
7498,7498,54416.7,8390.28
7499,7475,54384.7,8323.33
7500,7505,54434.4,8399.72
7501,7450,54349.2,8251.39
7502,7411,54311.1,8227.5
7503,7404,54306.4,8176.11
7504,7217,54230,8207.5
7505,7343,54277.2,8280
7506,7500,54424.7,8452.78
7507,7492,54406.1,8509.44
7508,7472,54379.2,8481.11
7509,7451,54349.4,8480.83
7510,7398,54303.9,8512.78
7511,7259,54245,8538.61
7512,7113,54190.8,8480.56
7513,7325,54269.2,8340.28
7514,7313,54266.4,8322.5
7515,7497,54416.7,8166.67
7516,7522,54483.3,8100
7517,7529,54523.1,8255.83
7518,7519,54473.3,8234.17
7519,7515,54465.3,8368.61
7520,7507,54440,8381.11
7521,7514,54463.9,8375.56
7522,7577,54624.4,8430.28
7523,7585,54633.3,8450
7524,7629,54669.7,8567.78
7525,7719,54770.8,8469.17
7526,7708,54760.6,8455.56
7527,7697,54747.2,8376.67
7528,7681,54728.3,8376.11
7529,7649,54690.3,8445
7530,7575,54624.2,8462.78
7531,7574,54623.3,8551.67
7532,7576,54624.2,8531.39
7533,7561,54594.2,8399.44
7534,7706,54760.3,8499.72
7535,7709,54762.5,8525.28
7536,7797,54839.2,8409.44
7537,7795,54836.7,8221.94
7538,7775,54817.8,8185.28
7539,8026,55091.9,8266.67
7540,8082,55144.7,8186.67
7541,8034,55105.3,8263.61
7542,8074,55140.8,8222.22
7543,8012,55074.2,8272.22
7544,8000,55059.7,8300.28
7545,7867,54929.4,8441.94
7546,7896,54950,8500
7547,7798,54839.4,8473.33
7548,7926,54979.2,8501.39
7549,7715,54766.7,8483.33
7550,7783,54824.2,8434.44
7551,7772,54815.8,8406.67
7552,7737,54791.9,8400
7553,7703,54756.1,8389.72
7554,7776,54818.3,8254.17
7555,7608,54647.8,8304.17
7556,7565,54609.2,8292.78
7557,7547,54569.7,8173.89
7558,7540,54553.3,8198.61
7559,7615,54653.9,8138.06
7560,7606,54646.4,8195.56
7561,7624,54664.7,8130.56
7562,7566,54610.3,8108.33
7563,7601,54642.8,8090.28
7564,7572,54616.7,8100
7565,7560,54594.2,8111.94
7566,7702,54753.6,7834.44
7567,7537,54543.3,7889.72
7568,7618,54656.7,8019.17
7569,7590,54634.7,8059.17
7570,7605,54645.8,8030.56
7571,7621,54659.4,8049.17
7572,7638,54678.1,8104.72
7573,7676,54720.3,8124.17
7574,7657,54697.2,8155.28
7575,7616,54656.4,8183.06
7576,7600,54641.7,8144.17
7577,7610,54650,8116.67
7578,7630,54671.1,8035.83
7579,7652,54691.1,8019.44
7580,7827,54869.2,8055.56
7581,7653,54691.9,7994.72
7582,7559,54592.8,8054.17
7583,7564,54605,8135
7584,7551,54575.8,8135
7585,7526,54511.9,8066.11
7586,7523,54483.3,8133.33
7587,7524,54486.1,8214.72
7588,7591,54634.7,8270.83
7589,7593,54636.4,8383.33
7590,7632,54672.5,8386.67
7591,7613,54652.8,8594.72
7592,7661,54700,8716.67
7593,7675,54720,8717.78
7594,7698,54747.8,8698.33
7595,7671,54717.8,8701.11
7596,7668,54708.1,8737.78
7597,7578,54624.4,8600.83
7598,7581,54628.3,8611.11
7599,7597,54640.8,8388.89
7600,7617,54656.4,8352.22
7601,7542,54556.1,8139.17
7602,7651,54690.6,8181.67
7603,7647,54688.1,8239.44
7604,7674,54720,8212.5
7605,7532,54530.6,8141.11
7606,7569,54613.6,8085.28
7607,7584,54631.9,8078.89
7608,7558,54589.2,8162.78
7609,7556,54585.3,8139.44
7610,7549,54571.4,8155
7611,7570,54614.7,8124.72
7612,7602,54643.9,8063.61
7613,7637,54677.5,8091.11
7614,7580,54626.1,8118.89
7615,7553,54576.9,8119.72
7616,7548,54570.8,8113.06
7617,7533,54533.3,8116.67
7618,7512,54458.1,8406.39
7619,7508,54441.7,8434.44
7620,7485,54398.1,8451.67
7621,7460,54363.1,8651.67
7622,7223,54231.1,8718.61
7623,7440,54333.3,8600
7624,7488,54400,8516.67
7625,7568,54613.1,8581.11
7626,7599,54641.4,8596.39
7627,7625,54665,8613.89
7628,7687,54733.6,8610.56
7629,7635,54673.6,8689.17
7630,7679,54724.7,8651.39
7631,7695,54745.6,8622.5
7632,7666,54706.4,8752.5
7633,7592,54634.7,8641.67
7634,7620,54657.5,8631.67
7635,7473,54383.3,8616.67
7636,7264,54248.6,8659.44
7637,7423,54318.1,8541.67
7638,7239,54236.4,8542.5
7639,7120,54192.2,8446.39
7640,7180,54211.7,8509.44
7641,7164,54205.6,8566.39
7642,7088,54182.2,8602.5
7643,7053,54170,8603.33
7644,7197,54219.4,8617.5
7645,7439,54333.3,8500
7646,7437,54332.2,8646.67
7647,7462,54366.4,8585.28
7648,7470,54376.7,8576.94
7649,7464,54367.2,8568.06
7650,7461,54363.3,8523.06
7651,7333,54271.9,8593.33
7652,7047,54167.8,8620.83
7653,6922,54121.9,8693.61
7654,6975,54139.7,8697.78
7655,7055,54170.3,8671.39
7656,7247,54240,8676.11
7657,6923,54122.2,8725.56
7658,6958,54133.9,8716.39
7659,7290,54257.8,8722.22
7660,7308,54264.2,8722.22
7661,7314,54266.4,8598.33
7662,7408,54309.2,8566.11
7663,7222,54230.8,8799.72
7664,7254,54243.3,8731.11
7665,7246,54239.4,8757.5
7666,7283,54253.3,8776.67
7667,7335,54273.1,8769.44
7668,7293,54259.4,8763.06
7669,7224,54231.9,8833.33
7670,7300,54261.9,8778.33
7671,7265,54249.2,8861.67
7672,7322,54268.1,8903.61
7673,7299,54261.7,8925
7674,7348,54280.3,8930.56
7675,7256,54244.2,8846.94
7676,7466,54369.7,8631.94
7677,7452,54349.7,8605.83
7678,7282,54253.3,8497.5
7679,7317,54266.7,8483.33
7680,7360,54286.1,8391.39
7681,7326,54269.7,8398.06
7682,7418,54313.9,8451.67
7683,7499,54418.1,8500
7684,7518,54468.3,8331.11
7685,7509,54450,8283.33
7686,7517,54466.7,8283.33
7687,7434,54328.9,8422.5
7688,7221,54230.8,8356.67
7689,6992,54148.1,8301.67
7690,6794,54091.7,8208.89
7691,6406,54000,8200
7692,6686,54068.1,8199.44
7693,7176,54209.7,8286.94
7694,7141,54199.7,8325.56
7695,7050,54168.6,8393.33
7696,7145,54200,8366.67
7697,6927,54123.3,8247.78
7698,7332,54271.7,8367.5
7699,7380,54293.9,8371.11
7700,7243,54239.2,8423.61
7701,7091,54183.1,8419.44
7702,6950,54131.7,8394.44
7703,6663,54063.6,8255.83
7704,6897,54116.7,8283.33
7705,6876,54111.4,8358.06
7706,6791,54091.4,8352.78
7707,6733,54079.2,8376.11
7708,6069,53900,8383.33
7709,5846,53750,8333.33
7710,5750,53666.7,8333.33
7711,5496,53483.3,8366.67
7712,5430,53433.3,8233.33
7713,5124,53361.7,8220
7714,5137,53365.3,8119.72
7715,5236,53387.8,8023.33
7716,5304,53400,7983.33
7717,4717,53265.3,8113.06
7718,5385,53416.4,8183.33
7719,5493,53483.3,8083.33
7720,5611,53566.7,8100
7721,5327,53405,8145.83
7722,5288,53396.4,8146.94
7723,5375,53414.4,8121.11
7724,5494,53483.3,8133.33
7725,5613,53566.7,8250
7726,5579,53550,7950
7727,5610,53566.7,7883.33
7728,5451,53450,7883.33
7729,5469,53466.7,7866.67
7730,5268,53393.3,7829.72
7731,5578,53550,7716.67
7732,4850,53295.3,7728.61
7733,4775,53277.5,7776.67
7734,4801,53283.3,7750
7735,4898,53306.9,7711.39
7736,5169,53373.3,7706.67
7737,5105,53357.5,7708.33
7738,4769,53276.7,7708.06
7739,4829,53288.9,7746.67
7740,4889,53303.1,7786.11
7741,4809,53285,7866.39
7742,5017,53337.5,7886.11
7743,4824,53287.8,7905.28
7744,4877,53300.8,7950.83
7745,4802,53283.3,7883.33
7746,4595,53236.7,7873.61
7747,4278,53150,7835.83
7748,4087,53099.2,7840
7749,4118,53108.3,7876.67
7750,4224,53136.1,7807.5
7751,4478,53205,7880.56
7752,4437,53193.1,7901.94
7753,4229,53136.9,7970.56
7754,4025,53080.6,7925.83
7755,4043,53085.6,7905.28
7756,4106,53104.2,8023.33
7757,4419,53188.6,8040.83
7758,4203,53130.3,7975
7759,4146,53116.1,8026.94
7760,4057,53090.6,8121.11
7761,4085,53098.9,8268.61
7762,4400,53184.2,8298.06
7763,4641,53246.9,8319.72
7764,4979,53327.5,8219.44
7765,4904,53309.4,8114.17
7766,4742,53270,7994.17
7767,4993,53331.9,8066.11
7768,4969,53325.3,8125.56
7769,5054,53345,8090
7770,4776,53277.8,8037.22
7771,4544,53225.8,7980
7772,4530,53221.7,7884.17
7773,4497,53211.1,7860.83
7774,4297,53155.8,7882.78
7775,4486,53208.3,7923.61
7776,4535,53223.3,7906.11
7777,4405,53186.1,7807.78
7778,4422,53189.4,7841.39
7779,4018,53077.2,7832.22
7780,3731,52990.3,7702.78
7781,3963,53061.4,7744.44
7782,4047,53087.2,7755.28
7783,3822,53019.2,7757.5
7784,3895,53040.6,7806.39
7785,3860,53032.2,7788.33
7786,3959,53059.7,7857.78
7787,3992,53068.9,7839.44
7788,4024,53080.6,7892.5
7789,3935,53051.7,7869.44
7790,3647,52964.7,7986.11
7791,3885,53038.6,8086.39
7792,3866,53033.3,8066.67
7793,3960,53060.3,7971.94
7794,3393,52896.9,7970.83
7795,3130,52795,7773.06
7796,3133,52795.8,7711.39
7797,3331,52874.7,7832.5
7798,2882,52693.9,8031.39
7799,2864,52686.4,8235.83
7800,3120,52788.9,8184.17
7801,2988,52733.6,8143.33
7802,2832,52675.3,8086.94
7803,2883,52693.9,8143.89
7804,2970,52727.8,8150.28
7805,2841,52679.4,8162.5
7806,2787,52652.2,8185
7807,2880,52692.5,8273.61
7808,2728,52628.6,8292.22
7809,2664,52600,8356.67
7810,2216,52435.8,8406.39
7811,2156,52412.8,8379.44
7812,2441,52521.9,8399.17
7813,2639,52591.1,8317.22
7814,2603,52580,8328.61
7815,2434,52518.6,8465.56
7816,2644,52593.6,8470.28
7817,2769,52644.4,8470.28
7818,2316,52473.1,8430.56
7819,2088,52388.6,8448.06
7820,1699,52267.2,8510
7821,2003,52360.3,8493.06
7822,1938,52337.8,8553.61
7823,1844,52307.5,8657.5
7824,1333,52166.7,8583.33
7825,1187,52133.3,8633.33
7826,1256,52150,8566.67
7827,1438,52195.3,8719.72
7828,1612,52242.8,8703.33
7829,1399,52183.3,8683.33
7830,1045,52083.3,8633.33
7831,1079,52095,8690.56
7832,923,52033.3,8666.67
7833,1543,52223.3,8581.94
7834,2099,52393.3,8502.22
7835,2188,52424.2,8384.44
7836,2381,52500.3,8453.06
7837,2374,52498.6,8448.61
7838,2174,52417.8,8531.11
7839,1947,52342.2,8526.67
7840,2082,52387.2,8585.28
7841,1925,52333.9,8628.06
7842,1889,52320.3,8618.61
7843,2122,52400,8577.22
7844,2233,52442.8,8631.67
7845,2056,52379.4,8561.39
7846,1654,52256.1,8471.67
7847,1214,52140,8455.28
7848,1028,52077.5,8366.94
7849,948,52047.5,8408.33
7850,662,51914.4,8363.33
7851,638,51905.6,8422.5
7852,776,51963.3,8381.67
7853,1057,52086.9,8278.89
7854,1105,52105.3,8244.72
7855,1198,52135.8,8275.83
7856,1144,52117.2,8345
7857,1080,52095.3,8433.06
7858,1149,52120.6,8415.83
7859,1359,52171.7,8372.78
7860,1599,52240.8,8442.22
7861,1437,52194.7,8450.28
7862,1288,52155.6,8512.5
7863,1319,52163.6,8529.72
7864,1362,52173.3,8462.5
7865,1037,52080,8541.11
7866,1082,52095.8,8588.89
7867,822,51981.1,8570.83
7868,689,51924.7,8516.39
7869,775,51963.1,8409.17
7870,723,51935,8386.39
7871,664,51916.1,8386.67
7872,594,51888.9,8404.17
7873,399,51819.7,8496.39
7874,281,51745.6,8439.72
7875,385,51811.4,8463.06
7876,249,51718.3,8451.67
7877,186,51675,8576.39
7878,405,51822.5,8419.17
7879,429,51833.3,8411.94
7880,416,51827.5,8463.89
7881,407,51823.9,8462.78
7882,308,51763.3,8328.33
7883,413,51826.4,8318.33
7884,285,51747.2,8340.28
7885,465,51850.6,8341.39
7886,424,51832.5,8357.5
7887,507,51865,8362.78
7888,544,51874.4,8435
7889,703,51930.3,8464.17
7890,794,51969.7,8439.17
7891,808,51974.7,8463.06
7892,783,51966.4,8470.83
7893,865,51998.9,8452.22
7894,843,51988.6,8479.72
7895,1018,52071.7,8640
7896,1040,52081.4,8678.06
7897,1505,52211.7,8692.22
7898,1740,52278.3,8736.11
7899,1870,52316.7,8700
7900,1914,52331.7,8733.06
7901,1638,52250,8800
7902,2092,52391.1,8755.83
7903,2168,52416.9,8714.17
7904,2404,52505.6,8703.33
7905,1902,52324.7,8765.28
7906,2110,52396.4,8926.94
7907,2091,52390.6,8943.06
7908,2086,52388.3,8879.17
7909,2097,52392.8,8898.06
7910,2128,52401.4,8785.83
7911,1966,52350,8766.67
7912,1781,52288.3,8931.94
7913,1520,52216.7,9000
7914,1573,52233.3,8983.33
7915,1601,52241.1,8986.94
7916,1246,52148.9,8966.39
7917,1963,52348.9,8900
7918,1992,52355,8833.06
7919,1519,52216.7,8816.67
7920,1336,52166.7,8900
7921,1100,52103.9,8905.83
7922,1119,52111.7,8888.89
7923,1240,52146.4,8880.83
7924,1150,52121.4,8956.94
7925,1147,52119.2,8930
7926,1120,52111.9,8983.89
7927,1131,52116.7,8783.33
7928,929,52035.3,8732.22
7929,961,52050,8716.67
7930,1071,52092.8,8818.89
7931,1509,52213.3,8803.33
7932,1400,52183.3,8813.06
7933,1456,52200,8800
7934,1457,52200,8833.33
7935,1525,52217.2,8876.39
7936,1562,52230,8855.28
7937,1572,52233.3,8900
7938,1920,52333.3,8850
7939,1833,52304.7,8857.78
7940,1800,52292.2,8855.56
7941,1815,52300,8800
7942,1690,52266.7,8733.33
7943,1858,52311.1,8704.44
7944,1771,52284.7,8715
7945,1644,52251.7,8541.39
7946,1797,52291.7,8555.56
7947,1650,52253.9,8606.94
7948,1466,52201.1,8606.94
7949,1390,52181.4,8556.67
7950,1535,52220.3,8501.39
7951,1728,52275.3,8647.78
7952,1823,52300.8,8643.06
7953,2261,52453.6,8743.06
7954,1976,52351.4,8577.5
7955,2029,52368.9,8566.67
7956,2077,52385,8585.83
7957,1965,52350,8683.33
7958,2322,52475.6,8701.67
7959,2520,52550.6,8813.06
7960,2435,52519.4,8717.78
7961,2416,52511.1,8609.72
7962,2807,52662.5,8755
7963,2886,52695,8759.72
7964,3165,52806.7,8697.5
7965,2914,52706.7,8772.78
7966,2689,52612.5,8806.11
7967,2716,52623.3,8812.22
7968,2857,52683.3,8950
7969,2985,52733.3,9300
7970,2925,52710.3,9260.56
7971,2953,52721.4,9318.61
7972,2499,52544.2,9203.06
7973,2284,52464.4,9254.17
7974,2195,52427.5,9246.67
7975,2430,52515.8,9168.89
7976,2527,52552.8,9281.39
7977,2383,52500.6,9371.39
7978,2460,52530.8,9434.44
7979,2336,52481.4,9414.17
7980,2684,52610.8,9393.89
7981,2858,52683.9,9355.83
7982,2996,52735.6,9492.78
7983,2986,52733.3,9516.67
7984,2944,52716.9,9586.67
7985,2743,52634.2,9729.44
7986,2715,52622.5,9731.11
7987,2741,52632.2,9751.67
7988,4225,53136.4,9698.06
7989,4275,53148.6,9803.61
7990,4988,53330.6,9827.78
7991,5168,53373.1,9823.89
7992,5305,53400,9916.67
7993,5439,53436.1,9871.94
7994,5481,53476.4,9899.17
7995,5544,53516.7,9566.67
7996,6375,53993.6,9420
7997,5981,53850.8,9425.28
7998,5991,53858.3,9355.56
7999,5980,53850,9350
8000,5754,53666.7,9283.33
8001,5693,53616.7,9150
8002,5376,53414.4,9282.78
8003,5154,53368.6,9220.83
8004,5167,53371.9,9154.72
8005,5130,53363.3,9130
8006,5392,53416.7,9100
8007,5204,53380.8,9136.39
8008,5322,53404.2,9271.11
8009,5277,53394.4,9226.11
8010,4923,53314.4,9238.61
8011,5328,53405,9240.56
8012,5244,53388.9,9159.44
8013,5185,53375.6,9138.06
8014,5186,53375.8,9065
8015,5061,53347.5,8971.67
8016,5099,53355,8927.22
8017,5152,53368.1,8888.33
8018,4855,53296.4,8743.06
8019,4678,53254.2,8812.22
8020,4589,53235.8,8815.56
8021,4622,53241.7,8799.44
8022,4651,53248.9,8896.39
8023,4699,53260,8882.5
8024,4734,53268.3,8920
8025,4804,53283.3,8900
8026,4818,53287.2,8926.67
8027,5023,53338.6,8945
8028,5540,53516.7,8850
8029,5332,53406.4,8813.06
8030,5369,53413.9,8780.56
8031,5361,53412.2,8746.67
8032,4928,53315.6,8716.11
8033,5474,53466.7,8666.67
8034,4885,53302.2,8617.22
8035,4376,53176.4,8651.39
8036,3949,53056.7,8640.28
8037,3901,53042.8,8649.44
8038,5121,53360.8,8604.44
8039,5348,53410,8582.78
8040,5148,53367.2,8570.83
8041,5102,53356.7,8538.06
8042,4681,53255,8545.83
8043,4607,53239.4,8551.39
8044,4599,53237.5,8479.44
8045,4460,53201.4,8467.22
8046,4506,53213.3,8493.61
8047,4452,53198.3,8300
8048,4487,53208.3,8322.22
8049,4731,53267.5,8400.83
8050,4429,53191.1,8478.06
8051,4241,53139.4,8466.39
8052,4252,53143.1,8542.78
8053,4319,53161.1,8527.78
8054,4315,53160.3,8570
8055,4446,53196.9,8566.94
8056,4157,53117.5,8494.17
8057,4456,53200,8466.67
8058,4397,53183.6,8455.28
8059,4305,53157.2,8454.17
8060,4372,53175.6,8448.61
8061,4208,53131.7,8404.17
8062,4098,53103.1,8392.22
8063,4088,53099.7,8381.94
8064,4143,53114.7,8440
8065,4028,53081.7,8370.56
8066,3743,52994.2,8360
8067,3844,53027.5,8390.56
8068,3806,53015.6,8359.72
8069,3914,53048.3,8400.28
8070,4158,53117.8,8397.5
8071,3909,53046.7,8539.17
8072,3606,52953.6,8645.83
8073,3840,53026.7,8763.06
8074,3799,53014.4,8851.39
8075,3628,52959.4,8913.06
8076,3322,52871.4,8908.61
8077,3050,52760,8895.56
8078,3355,52884.2,8910.28
8079,3324,52872.2,9029.17
8080,3587,52947.8,9063.06
8081,3819,53018.9,9170.56
8082,4161,53118.1,9290.28
8083,4207,53131.4,9274.44
8084,4658,53250,9150
8085,4283,53151.4,9100.56
8086,5519,53500,9200
8087,5582,53550,9116.67
8088,5583,53550,9216.67
8089,5051,53344.4,9205.83
8090,4815,53286.4,9251.39
8091,4955,53322.5,9270.28
8092,5146,53366.7,9065
8093,4856,53296.4,9110
8094,4036,53083.3,9200
8095,4177,53121.7,9181.94
8096,4073,53095.6,9270.56
8097,4131,53111.4,9206.39
8098,4239,53139.2,9218.89
8099,4012,53074.7,9248.89
8100,3584,52946.9,9448.89
8101,3572,52944.7,9292.22
8102,3500,52923.1,9180.56
8103,3877,53036.4,9044.44
8104,4337,53166.1,9020.83
8105,4190,53125.8,9045.56
8106,4176,53121.7,9068.33
8107,4227,53136.7,9064.44
8108,4334,53165,9079.44
8109,4294,53154.7,9079.72
8110,4263,53146.7,9075.56
8111,4728,53266.9,9146.67
8112,5275,53394.4,8959.44
8113,5272,53393.9,8988.33
8114,4791,53280.6,8945.28
8115,4357,53172.2,8923.89
8116,4481,53206.4,8865.83
8117,4516,53217.2,8836.11
8118,4612,53240,8859.72
8119,5089,53352.8,8971.67
8120,4890,53303.3,8930.56
8121,5075,53350,8908.61
8122,4860,53296.9,8993.61
8123,4862,53297.5,9019.17
8124,4726,53266.7,9066.67
8125,5136,53364.4,9060
8126,4886,53302.5,9069.17
8127,4830,53288.9,9054.72
8128,4867,53298.9,9050.83
8129,4750,53271.9,9048.89
8130,4891,53303.9,8997.78
8131,5205,53381.1,9009.44
8132,5380,53415.8,8984.17
8133,5234,53387.2,9030.56
8134,5230,53385.8,8993.33
8135,5171,53373.3,9052.78
8136,5276,53394.4,9024.17
8137,5237,53387.8,8912.5
8138,5145,53366.7,8866.67
8139,5046,53343.3,8891.67
8140,5110,53359.2,8905
8141,4532,53222.5,8967.22
8142,4528,53221.4,8940.83
8143,4221,53135.3,8841.94
8144,4086,53098.9,8887.5
8145,4273,53148.1,8881.67
8146,4261,53146.1,8915.28
8147,4109,53105,8948.06
8148,4196,53127.8,8946.67
8149,4349,53170,8969.72
8150,4154,53117.2,8959.44
8151,4079,53096.7,8912.5
8152,3994,53070,8898.06
8153,3791,53010.3,8944.44
8154,3790,53009.7,8857.5
8155,3729,52989.7,8789.72
8156,3601,52953.1,8826.11
8157,3530,52931.4,8853.89
8158,3252,52846.1,8755.56
8159,2938,52715.6,8830.28
8160,3537,52933.9,8886.11
8161,3629,52959.7,8956.11
8162,3386,52893.9,8821.94
8163,3515,52927.5,8836.94
8164,3218,52831.9,8916.11
8165,3448,52909.2,8790
8166,3542,52935.8,8836.11
8167,3267,52851.1,8727.22
8168,3575,52945.3,8813.89
8169,3818,53018.6,8864.72
8170,3721,52988.6,8916.39
8171,3846,53028.1,9068.61
8172,4001,53071.1,8941.11
8173,3809,53016.7,9016.67
8174,4216,53134.2,9108.06
8175,4167,53119.7,8995.56
8176,4093,53101.1,8968.06
8177,4169,53120.6,8960.56
8178,4164,53118.9,9036.11
8179,4234,53138.1,8977.22
8180,4704,53261.4,9069.44
8181,5128,53363.1,9015.56
8182,5324,53404.4,8922.5
8183,5072,53349.7,8887.78
8184,4987,53330.3,8885.28
8185,4976,53326.7,8913.89
8186,4657,53250,8936.67
8187,5177,53374.7,8864.72
8188,5229,53385.8,8903.89
8189,5316,53402.2,8745.56
8190,5210,53382.2,8716.67
8191,5031,53340.8,8678.33
8192,4555,53227.8,8729.72
8193,4572,53232.8,8700
8194,4548,53226.1,8733.06
8195,4307,53157.5,8805.83
8196,4066,53092.8,8801.94
8197,3933,53051.4,8813.61
8198,3892,53039.7,8758.06
8199,3936,53051.7,8722.78
8200,3900,53042.5,8720.56
8201,4187,53125,8806.39
8202,4317,53160.6,8745
8203,4488,53208.3,8715.83
8204,4406,53186.1,8843.33
8205,4649,53248.6,8842.22
8206,4531,53222.5,8928.33
8207,4447,53196.9,8926.94
8208,4390,53181.7,8937.78
8209,4341,53166.7,9002.5
8210,4605,53238.9,8941.67
8211,3863,53032.5,8928.33
8212,3924,53050,8855.56
8213,3904,53044.2,8852.22
8214,4205,53130.6,8905.28
8215,4614,53240.3,8888.61
8216,4557,53228.6,8877.5
8217,4457,53200.3,8873.89
8218,4417,53188.1,8846.94
8219,4282,53151.4,8845.28
8220,4496,53210.8,8815.83
8221,4403,53185.3,8825.83
8222,4295,53155.3,8910
8223,4286,53152.2,8896.11
8224,4475,53203.6,8830.28
8225,4623,53241.9,8721.94
8226,4238,53139.2,8806.11
8227,4309,53157.8,8761.94
8228,4513,53216.7,8765.83
8229,3983,53066.4,8816.67
8230,3915,53048.3,8830.56
8231,3932,53050.8,8788.06
8232,3975,53064.2,8883.06
8233,4116,53107.5,8903.06
8234,3850,53029.2,8965
8235,3906,53045.3,8907.78
8236,3760,52998.9,8885.28
8237,4110,53105.3,8803.89
8238,4082,53098.3,8811.94
8239,4331,53164.4,8931.39
8240,4226,53136.7,8885.83
8241,4172,53121.1,8766.94
8242,4545,53225.8,8771.11
8243,4570,53232.5,8775.28
8244,4534,53223.1,8800
8245,4145,53115,8741.39
