order,city_id,x,y
0,1364,4097.22,30347.5
1,1367,4114.72,30276.7
2,1343,4038.61,30267.2
3,1442,4253.33,30385.3
4,1410,4208.89,30396.1
5,1392,4182.22,30266.4
6,1294,3885.83,30620.3
7,1349,4050.56,30345.3
8,1381,4155.83,30489.4
9,1374,4147.78,30799.4
10,1454,4282.78,30745.6
11,1443,4266.67,31200
12,1357,4083.33,31166.7
13,1323,3983.33,31133.3
14,1315,3944.72,31171.7
15,1356,4073.89,31171.7
16,1168,3616.67,30583.3
17,1157,3588.61,30709.4
18,1054,3326.39,30764.2
19,1096,3383.33,30866.7
20,1175,3633.33,30783.3
21,1202,3683.33,30600
22,1174,3633.33,30666.7
23,845,2933.33,30716.7
24,730,2726.94,30565.3
25,729,2717.5,30632.5
26,559,2477.5,30515
27,581,2516.67,30533.3
28,602,2538.06,30616.7
29,562,2483.33,30700
30,622,2560.56,30739.2
31,560,2478.89,30663.6
32,561,2481.94,30675.6
33,550,2466.67,30700
34,535,2433.33,30783.3
35,440,2116.67,31050
36,362,1900,31116.7
37,348,1866.67,31133.3
38,319,1800,31083.3
39,333,1822.5,31132.2
40,275,1711.67,31106.9
41,273,1706.39,31155.8
42,274,1707.22,31180.3
43,285,1718.61,31161.4
44,218,1570.56,31175.3
45,219,1578.89,31148.3
46,220,1580.83,31132.2
47,212,1563.33,31121.1
48,195,1523.06,31107.8
49,188,1503.33,31109.2
50,196,1529.72,31130.6
51,257,1679.72,31116.1
52,288,1725,31111.7
53,291,1733.06,31113.9
54,236,1603.33,31141.4
55,217,1570.28,31065.3
56,213,1565,31145.8
57,197,1533.06,31155
58,190,1507.5,31148.9
59,194,1520,31156.7
60,221,1581.94,31147.8
61,206,1550,31150
62,192,1515.56,31127.5
63,230,1588.33,31143.1
64,229,1586.67,31174.2
65,256,1677.5,31158.1
66,263,1691.39,31103.9
67,314,1783.33,30966.7
68,318,1793.61,30978.3
69,327,1816.39,30951.9
70,341,1833.89,30870
71,361,1900,30883.3
72,413,2050,30900
73,468,2185.28,30976.4
74,449,2133.33,31000
75,441,2116.67,31133.3
76,477,2233.33,31466.7
77,489,2283.33,31633.3
78,501,2333.33,31700
79,551,2466.67,31750
80,563,2483.33,31750
81,747,2750,31466.7
82,748,2750,31500
83,733,2733.33,31483.3
84,772,2791.94,31467.5
85,819,2883.33,31283.3
86,804,2850,31283.3
87,872,3000,31250
88,954,3133.33,31366.7
89,919,3057.5,31221.7
90,1120,3462.22,30826.7
91,1035,3297.78,30955.3
92,1134,3509.17,31197.5
93,1257,3800,31183.3
94,1247,3776.67,31215.6
95,1070,3350,31133.3
96,950,3121.39,31076.9
97,952,3133.33,31100
98,907,3041.39,31166.1
99,936,3100,31100
100,920,3066.67,31100
101,921,3066.67,31150
102,894,3033.33,31300
103,895,3033.33,31333.3
104,789,2825.28,31254.7
105,827,2900,31716.7
106,1011,3266.67,31533.3
107,982,3200,31616.7
108,1113,3433.33,31833.3
109,1124,3483.33,31966.7
110,1135,3516.67,32050
111,1288,3883.33,32266.7
112,1382,4166.67,32266.7
113,1350,4066.67,32200
114,1176,3633.33,32133.3
115,1098,3383.33,32400
116,1099,3383.33,32600
117,1072,3350,32600
118,1097,3383.33,32366.7
119,965,3166.67,32266.7
120,1086,3366.67,32266.7
121,971,3183.33,32316.7
122,1085,3366.67,32166.7
123,898,3033.33,32166.7
124,886,3016.67,32116.7
125,885,3016.67,32100
126,751,2750,31966.7
127,897,3033.33,31766.7
128,774,2800,31750
129,766,2783.33,31766.7
130,734,2733.33,31766.7
131,750,2750,31766.7
132,757,2766.67,31516.7
133,790,2825.83,31423.3
134,755,2766.67,31483.3
135,756,2766.67,31500
136,961,3150,31400
137,964,3163.06,31396.4
138,949,3117.22,31385.3
139,862,2983.33,31166.7
140,792,2830.56,31052.2
141,763,2783.33,31000
142,744,2745.83,31010.3
143,746,2750,31033.3
144,731,2726.94,31328.1
145,818,2883.33,31250
146,951,3133.33,30850
147,846,2948.89,30917.5
148,884,3011.94,30894.7
149,773,2800,31050
150,791,2827.5,30982.8
151,700,2667.22,31356.4
152,696,2666.67,31364.7
153,567,2500,31750
154,656,2616.67,31716.7
155,703,2683.33,31750
156,668,2633.33,31733.3
157,606,2550,31700
158,594,2533.33,31700
159,483,2259.72,31467.8
160,463,2166.67,31666.7
161,537,2433.33,31750
162,414,2050,31683.3
163,370,1916.67,31633.3
164,328,1816.67,31666.7
165,334,1833.33,31550
166,376,1950,31533.3
167,434,2100,31600
168,469,2186.11,31481.1
169,355,1883.33,31683.3
170,305,1750,31716.7
171,267,1700,31566.7
172,223,1583.33,31516.7
173,214,1566.67,31483.3
174,234,1600,31600
175,224,1583.33,31616.7
176,208,1550,31700
177,247,1650,31583.3
178,150,1416.67,31783.3
179,149,1416.67,31766.7
180,102,1316.67,31750
181,126,1366.67,31600
182,49,1200,31450
183,54,1216.67,31633.3
184,56,1216.67,31700
185,37,1150,31850
186,41,1166.67,31833.3
187,94,1300,31733.3
188,107,1333.33,31750
189,139,1400,31783.3
190,95,1300,31750
191,62,1233.33,31550
192,77,1266.67,31416.7
193,40,1166.67,31483.3
194,53,1216.67,31400
195,39,1166.67,31433.3
196,70,1250,31650
197,43,1183.33,31216.7
198,14,1066.67,31400
199,117,1350,31500
200,137,1400,31400
201,116,1350,31483.3
202,125,1366.67,31550
203,63,1233.33,31750
204,11,1050,31533.3
205,2,1016.67,31416.7
206,20,1083.33,30850
207,69,1250,30883.3
208,92,1300,30816.7
209,68,1250,30683.3
210,57,1225.28,30711.7
211,10,1050,30783.3
212,13,1063.06,30670.3
213,23,1100,30500
214,47,1198.89,30643.3
215,48,1200,30650
216,18,1083.33,30450
217,33,1150,30516.7
218,27,1116.67,30566.7
219,8,1036.11,30691.7
220,9,1049.17,30701.1
221,5,1023.89,30700
222,19,1083.33,30833.3
223,16,1075,30821.7
224,6,1033.33,30933.3
225,29,1126.11,30948.3
226,1,1006.11,30941.4
227,17,1075.83,30771.7
228,12,1056.67,30728.9
229,82,1273.89,30690.6
230,84,1280.28,30708.9
231,114,1350,30800
232,106,1333.33,30716.7
233,145,1410.28,30761.9
234,156,1431.39,30843.6
235,155,1420.28,30845
236,165,1458.61,30782.2
237,164,1455.28,30859.7
238,146,1412.78,30799.4
239,166,1463.89,30837.5
240,173,1477.22,30858.6
241,179,1500,30816.7
242,174,1478.89,30890
243,177,1486.39,30888.9
244,171,1476.39,30913.1
245,211,1550.28,31073.3
246,191,1511.94,30941.9
247,287,1723.61,31142.8
248,300,1738.89,31133.9
249,405,2021.94,31260
250,403,2016.67,31366.7
251,448,2120.83,31484.7
252,473,2200,31266.7
253,304,1750,31450
254,293,1733.33,31616.7
255,335,1833.33,31666.7
256,354,1883.33,31650
257,308,1766.67,31550
258,428,2083.33,31516.7
259,450,2133.33,31500
260,363,1900,31433.3
261,289,1728.33,31041.7
262,298,1735.28,31000.8
263,326,1810.56,30956.1
264,292,1733.33,30833.3
265,277,1716.67,30916.7
266,286,1722.5,30911.9
267,299,1738.06,30893.9
268,241,1631.11,30949.2
269,301,1742.78,30972.8
270,265,1700,30950
271,189,1505.28,30851.4
272,205,1550,30783.3
273,222,1583.33,30950
274,181,1500,30916.7
275,175,1480,30854.7
276,180,1500,30883.3
277,178,1498.89,30886.7
278,254,1652.22,30973.3
279,276,1712.78,31122.2
280,313,1773.61,30981.4
281,302,1749.17,30994.2
282,303,1749.72,30983.9
283,242,1633.33,30933.3
284,231,1600,30883.3
285,264,1699.44,30982.2
286,266,1700,30983.3
287,290,1730.28,30965.3
288,258,1683.33,30850
289,204,1542.78,30851.9
290,203,1536.11,30841.9
291,160,1450,30833.3
292,130,1383.33,30800
293,135,1389.17,30804.4
294,100,1316.67,30650
295,90,1300,30550
296,81,1271.94,30610.6
297,72,1250.28,30640
298,101,1316.67,30716.7
299,129,1371.94,30793.6
300,91,1300,30700
301,128,1368.89,30771.7
302,67,1249.44,30679.4
303,32,1143.33,30663.3
304,74,1260.28,30689.4
305,85,1282.22,30688.9
306,83,1275.28,30645.6
307,52,1205,30609.2
308,60,1233.33,30550
309,26,1108.61,30673.6
310,58,1225.56,30671.7
311,99,1307.22,30829.2
312,89,1290.56,30858.6
313,42,1183.33,31000
314,61,1233.33,30850
315,28,1118.61,30831.1
316,66,1242.5,30950.3
317,59,1232.78,30940
318,31,1140.83,30946.7
319,45,1188.06,30996.1
320,46,1193.89,30997.8
321,113,1343.61,30929.2
322,73,1259.44,30950.6
323,75,1261.94,30923.1
324,98,1301.39,30955.6
325,112,1333.89,30926.9
326,124,1360.83,30949.4
327,93,1300,30933.3
328,115,1350,30933.3
329,154,1418.06,30911.1
330,144,1400.83,30878.9
331,136,1389.17,30910.3
332,159,1434.72,30910
333,147,1413.33,30935.6
334,172,1476.94,30928.1
335,232,1600,30916.7
336,237,1606.39,30936.1
337,148,1416.67,31150
338,167,1466.67,31183.3
339,87,1283.33,31283.3
340,86,1283.33,31083.3
341,207,1550,31250
342,233,1600,31533.3
343,198,1533.33,31583.3
344,138,1400,31733.3
345,78,1266.67,31800
346,71,1250,31833.3
347,64,1233.33,31800
348,50,1200,31833.3
349,108,1333.33,31800
350,109,1333.33,31816.7
351,157,1433.33,31766.7
352,35,1150,31633.3
353,55,1216.67,31650
354,24,1100,31650
355,3,1016.67,31633.3
356,36,1150,31766.7
357,15,1066.67,31750
358,21,1083.33,31733.3
359,7,1033.33,31833.3
360,4,1016.67,31833.3
361,22,1083.33,31800
362,131,1383.33,31700
363,246,1650,31500
364,169,1466.67,31716.7
365,162,1450,31733.3
366,279,1716.67,31850
367,294,1733.33,31716.7
368,248,1650,31716.7
369,238,1616.67,31716.7
370,278,1716.67,31466.7
371,315,1783.33,31550
372,161,1450,31616.7
373,168,1466.67,31416.7
374,34,1150,31400
375,76,1266.67,31100
376,245,1635.28,31158.9
377,471,2200,30950
378,558,2469.44,30688.9
379,630,2583.33,30500
380,665,2625,30481.9
381,620,2553.33,30517.2
382,580,2509.72,30500.8
383,628,2575.56,30544.2
384,679,2638.61,30467.8
385,732,2733.33,30483.3
386,782,2801.94,30493.3
387,817,2880.56,30548.3
388,745,2750,30683.3
389,719,2702.5,30692.5
390,690,2654.44,30624.4
391,701,2675.83,30700.6
392,712,2700,30983.3
393,709,2685,31020.6
394,713,2700,31050
395,743,2733.61,31003.1
396,710,2696.94,30888.9
397,667,2632.22,30933.9
398,604,2546.67,30685.6
399,621,2553.33,30588.9
400,692,2661.11,30594.4
401,695,2666.11,30469.4
402,642,2600,30500
403,641,2585.28,30500.8
404,803,2835,30531.1
405,788,2824.17,30450
406,810,2866.67,30466.7
407,816,2874.17,30525.3
408,825,2894.72,30453.6
409,871,2990,30861.9
410,854,2961.39,30805.3
411,844,2933.33,30666.7
412,826,2898.61,30666.9
413,762,2783.33,30550
414,592,2523.33,30536.7
415,476,2216.67,30466.7
416,470,2200,30466.7
417,456,2150,30483.3
418,549,2451.67,30713.1
419,534,2432.78,30717.5
420,513,2378.61,30785.8
421,530,2400.28,30752.8
422,467,2183.33,30483.3
423,603,2538.33,30542.5
424,605,2547.22,30527.8
425,783,2808.61,30531.7
426,680,2639.44,30649.7
427,623,2566.67,30850
428,629,2577.5,30897.5
429,632,2583.33,31000
430,631,2583.33,30983.3
431,644,2600,30983.3
432,655,2616.67,30983.3
433,678,2635,31041.4
434,633,2583.33,31350
435,681,2645.83,31321.4
436,646,2600,31566.7
437,625,2566.67,31716.7
438,566,2500,31733.3
439,657,2616.67,31783.3
440,660,2616.67,31850
441,735,2733.33,32000
442,812,2866.67,32166.7
443,820,2883.33,32200
444,864,2983.33,32383.3
445,583,2516.67,32333.3
446,582,2516.67,32150
447,608,2550,32266.7
448,492,2300,32266.7
449,794,2833.33,31950
450,793,2833.33,31766.7
451,765,2783.33,31683.3
452,896,3033.33,31700
453,929,3083.33,31683.3
454,981,3200,31450
455,909,3050,31316.7
456,980,3200,31350
457,1034,3295.83,31299.7
458,1071,3350,31550
459,1177,3633.33,32183.3
460,910,3050,31883.3
461,911,3050,31950
462,937,3100,32066.7
463,811,2866.67,31933.3
464,682,2650,31783.3
465,749,2750,31516.7
466,761,2783.06,31316.7
467,721,2716.67,31300
468,764,2783.33,31250
469,835,2903.89,31200.3
470,836,2914.72,31205
471,908,3050,31200
472,922,3066.67,31166.7
473,953,3133.33,31116.7
474,893,3033.33,31133.3
475,863,2983.33,31183.3
476,711,2696.94,31296.4
477,718,2700.56,31364.7
478,722,2716.67,31333.3
479,663,2616.94,31369.7
480,664,2618.33,31327.8
481,645,2600,31233.3
482,693,2661.11,31037.2
483,666,2631.94,31308.9
484,694,2663.89,31324.4
485,691,2658.89,31343.1
486,714,2700,31333.3
487,702,2683.33,31200
488,593,2533.33,31233.3
489,484,2266.67,31016.7
490,531,2416.67,30800
491,643,2600,30966.7
492,624,2566.67,30916.7
493,720,2705,31008.1
494,579,2509.44,31019.2
495,462,2150.83,31045
496,472,2200,31050
497,536,2433.33,30916.7
498,475,2201.67,31278.1
499,502,2333.33,31733.3
500,520,2400,32066.7
501,385,1966.67,32900
502,378,1950,32916.7
503,389,1983.33,32916.7
504,416,2050,32916.7
505,415,2050,32883.3
506,406,2033.33,32850
507,395,2000,32883.3
508,422,2066.67,33016.7
509,417,2050,32950
510,451,2133.33,33050
511,437,2100,33200
512,443,2116.67,33066.7
513,444,2116.67,33133.3
514,429,2083.33,32916.7
515,356,1883.33,32933.3
516,379,1950,32933.3
517,373,1933.33,32916.7
518,374,1933.33,32933.3
519,350,1866.67,33066.7
520,342,1850,33016.7
521,377,1950,32850
522,329,1816.67,33016.7
523,357,1883.33,33033.3
524,343,1850,33066.7
525,336,1833.33,33083.3
526,320,1800,33050
527,330,1816.67,33033.3
528,393,1983.33,33383.3
529,409,2033.33,33100
530,397,2000,33083.3
531,391,1983.33,33016.7
532,396,2000,32983.3
533,386,1966.67,32950
534,407,2033.33,32950
535,431,2083.33,33050
536,457,2150,33216.7
537,616,2550,33483.3
538,556,2466.67,33550
539,599,2533.33,33566.7
540,598,2533.33,33533.3
541,439,2100,33416.7
542,419,2050,33400
543,464,2166.67,33350
544,515,2383.33,33083.3
545,522,2400,33033.3
546,613,2550,33050
547,614,2550,33116.7
548,699,2666.67,33116.7
549,673,2633.33,33033.3
550,688,2650,33033.3
551,698,2666.67,33016.7
552,727,2716.67,33016.7
553,705,2683.33,33000
554,738,2733.33,32866.7
555,796,2833.33,32933.3
556,847,2950,32950
557,840,2916.67,33033.3
558,776,2800,33050
559,807,2850,32983.3
560,808,2850,33083.3
561,878,3000,33000
562,901,3033.33,32983.3
563,996,3233.33,33150
564,974,3183.33,33166.7
565,866,2983.33,33183.3
566,799,2833.33,33233.3
567,797,2833.33,33083.3
568,715,2700,32983.3
569,649,2600,32933.3
570,588,2516.67,32900
571,544,2450,32900
572,538,2433.33,32933.3
573,571,2500,32900
574,610,2550,32733.3
575,697,2666.67,32650
576,671,2633.33,32666.7
577,795,2833.33,32816.7
578,831,2900,32783.3
579,888,3016.67,32750
580,925,3066.67,32766.7
581,940,3100,32750
582,941,3100,32800
583,913,3050,32783.3
584,914,3050,32800
585,889,3016.67,32766.7
586,830,2900,32600
587,839,2916.67,32850
588,930,3083.33,32883.3
589,877,3000,32883.3
590,876,3000,32866.7
591,900,3033.33,32883.3
592,916,3050,32883.3
593,995,3233.33,33016.7
594,1000,3250,32866.7
595,1023,3283.33,32850
596,1100,3383.33,32750
597,984,3200,32733.3
598,947,3116.67,32683.3
599,966,3166.67,32583.3
600,956,3133.33,32550
601,887,3016.67,32566.7
602,924,3066.67,32583.3
603,873,3000,32650
604,912,3050,32600
605,899,3033.33,32816.7
606,915,3050,32866.7
607,926,3066.67,32916.7
608,875,3000,32816.7
609,874,3000,32800
610,687,2650,32833.3
611,634,2583.33,32733.3
612,587,2516.67,32766.7
613,586,2516.67,32716.7
614,554,2466.67,32883.3
615,612,2550,33033.3
616,650,2600,33000
617,636,2583.33,33200
618,716,2700,33166.7
619,648,2600,32883.3
620,595,2533.33,32616.7
621,585,2516.67,32666.7
622,724,2716.67,32733.3
623,723,2716.67,32566.7
624,686,2650,32150
625,758,2766.67,32016.7
626,541,2450,32116.7
627,511,2366.67,32483.3
628,569,2500,32433.3
629,609,2550,32550
630,725,2716.67,32900
631,726,2716.67,32916.7
632,390,1983.33,33000
633,423,2066.67,33050
634,436,2100,33066.7
635,442,2116.67,33033.3
636,435,2100,33033.3
637,570,2500,32816.7
638,545,2450,33116.7
639,514,2383.33,33000
640,553,2466.67,32633.3
641,543,2450,32433.3
642,542,2450,32383.3
643,503,2333.33,32333.3
644,485,2266.67,32233.3
645,568,2500,32000
646,658,2616.67,31800
647,659,2616.67,31833.3
648,647,2600,31816.7
649,669,2633.33,31816.7
650,670,2633.33,31833.3
651,683,2650,31800
652,684,2650,31916.7
653,607,2550,32066.7
654,510,2366.67,32166.7
655,584,2516.67,32450
656,552,2466.67,32516.7
657,704,2683.33,32483.3
658,784,2816.67,32366.7
659,737,2733.33,32300
660,736,2733.33,32266.7
661,685,2650,32133.3
662,767,2783.33,32150
663,775,2800,32483.3
664,806,2850,32433.3
665,946,3116.67,32516.7
666,955,3133.33,32500
667,1013,3266.67,32600
668,1056,3333.33,32600
669,985,3200,32816.7
670,994,3233.33,32833.3
671,986,3200,32850
672,973,3183.33,32850
673,967,3166.67,33000
674,942,3100,32950
675,931,3083.33,32933.3
676,927,3066.67,32950
677,928,3066.67,33116.7
678,1014,3266.67,33333.3
679,959,3133.33,33533.3
680,960,3133.33,33650
681,813,2866.67,33700
682,809,2850,33600
683,786,2816.67,33500
684,779,2800,33516.7
685,787,2816.67,33583.3
686,821,2883.33,33516.7
687,851,2950,33650
688,850,2950,33600
689,958,3133.33,33516.7
690,1047,3316.67,33516.7
691,1087,3366.67,33383.3
692,1159,3600,33366.7
693,1145,3550,33400
694,1088,3366.67,33533.3
695,1058,3333.33,33516.7
696,867,2983.33,33516.7
697,932,3083.33,33350
698,1144,3550,33300
699,1140,3533.33,33133.3
700,1126,3483.33,33200
701,1045,3316.67,32866.7
702,1057,3333.33,32866.7
703,1073,3350,33000
704,1121,3466.67,33133.3
705,1114,3433.33,32883.3
706,1141,3550,32816.7
707,1129,3500,32850
708,1136,3516.67,32850
709,1125,3483.33,32850
710,1186,3650,32550
711,1185,3650,32450
712,1295,3900,32450
713,1250,3783.33,32483.3
714,1195,3666.67,32566.7
715,1277,3866.67,32550
716,1302,3916.67,32750
717,1289,3883.33,32700
718,1337,4033.33,32516.7
719,1338,4033.33,32583.3
720,1316,3950,32616.7
721,1310,3933.33,32583.3
722,1301,3916.67,32583.3
723,1267,3833.33,32600
724,1300,3916.67,32500
725,1299,3916.67,32383.3
726,1518,4383.33,32566.7
727,1609,4550,32683.3
728,1574,4500,32716.7
729,1339,4033.33,33016.7
730,1345,4050,33000
731,1320,3966.67,33083.3
732,1385,4166.67,33450
733,1414,4216.67,33483.3
734,1386,4166.67,33466.7
735,1292,3883.33,33200
736,1291,3883.33,33050
737,1271,3850,33100
738,1290,3883.33,33033.3
739,1346,4050,33066.7
740,1340,4033.33,33116.7
741,1304,3916.67,33050
742,1264,3816.67,33083.3
743,1240,3766.67,33183.3
744,1228,3733.33,33316.7
745,1384,4166.67,33350
746,1412,4216.67,33350
747,1488,4350,33400
748,1424,4233.33,33466.7
749,1477,4333.33,33483.3
750,1444,4266.67,33150
751,1476,4333.33,33150
752,1471,4316.67,33166.7
753,1508,4366.67,33233.3
754,1456,4283.33,33200
755,1423,4233.33,33233.3
756,1399,4200,33083.3
757,1383,4166.67,33016.7
758,1433,4250,33116.7
759,1519,4383.33,33416.7
760,1411,4216.67,33183.3
761,1281,3866.67,33316.7
762,1400,4200,33300
763,1462,4300,33400
764,1639,4583.33,33250
765,1775,4750,33116.7
766,2145,4983.33,32966.7
767,1975,4883.33,32950
768,2602,5250,33366.7
769,2404,5133.33,32866.7
770,2701,5333.33,33133.3
771,2466,5166.67,33133.3
772,2814,5416.67,33033.3
773,2813,5416.67,32833.3
774,2625,5266.67,32716.7
775,2756,5383.33,32833.3
776,2601,5250,33033.3
777,2887,5483.33,32833.3
778,2957,5600,32750
779,2979,5633.33,32766.7
780,2947,5583.33,32750
781,2991,5650,32750
782,2784,5400,31666.7
783,2072,4950,31450
784,2103,4961.11,31442.8
785,1758,4733.33,31566.7
786,1702,4666.67,31616.7
787,1889,4833.33,31566.7
788,2279,5066.67,31516.7
789,2664,5300,31650
790,2720,5350,31600
791,2735,5366.67,31550
792,3089,5800,31300
793,3376,6083.33,30900
794,3354,6066.67,30933.3
795,3633,6300,30650
796,3832,6583.33,30633.3
797,3845,6616.67,30633.3
798,3904,6733.33,30400
799,3905,6733.33,30416.7
800,4072,6983.33,30583.3
801,3969,6833.33,30483.3
802,3960,6816.67,30500
803,3959,6816.67,30433.3
804,3894,6716.67,30383.3
805,3878,6683.33,30350
806,3631,6300,30200
807,3630,6300,30183.3
808,3589,6266.67,30333.3
809,3701,6366.67,30183.3
810,3731,6400,30066.7
811,3778,6466.67,29950
812,3521,6216.67,29766.7
813,3585,6266.67,29816.7
814,3522,6216.67,29783.3
815,3779,6466.67,30000
816,3751,6433.33,30000
817,3765,6450,30100
818,3752,6433.33,30133.3
819,3610,6283.33,30016.7
820,3568,6250,30050
821,3569,6250,30200
822,3586,6266.67,30166.7
823,3764,6450,30066.7
824,3687,6350,29950
825,3424,6133.33,30166.7
826,3331,6050,30350
827,3523,6216.67,30266.7
828,3312,6033.33,30266.7
829,3311,6033.33,30233.3
830,2537,5216.67,29850
831,2505,5200,29833.3
832,2309,5083.33,29800
833,2402,5133.33,29816.7
834,2247,5050,29766.7
835,2019,4909.72,29644.2
836,1987,4900,29600
837,1700,4666.67,29583.3
838,1582,4516.67,29650
839,1523,4391.11,29820.8
840,1547,4450,29683.3
841,1572,4493.33,29756.7
842,1537,4429.44,29844.2
843,1563,4469.17,30150.3
844,1553,4456.94,30261.4
845,1581,4515.28,30380.6
846,1596,4532.5,30061.7
847,1636,4567.22,30009.4
848,1661,4607.22,30010.6
849,1794,4766.67,29683.3
850,1861,4816.67,29616.7
851,1817,4783.33,29616.7
852,1946,4857.22,29643.9
853,1972,4883.06,29639.2
854,1970,4876.94,29626.7
855,1917,4850,29600
856,1918,4850,29650
857,1668,4627.78,29858.1
858,1716,4669.44,29878.9
859,2017,4905.56,29676.1
860,2461,5166.67,29816.7
861,2370,5116.67,29816.7
862,2138,4983.33,29750
863,2020,4916.67,29733.3
864,1971,4880.83,29736.4
865,1885,4825.56,29804.2
866,2197,5016.67,29783.3
867,2018,4908.06,29743.6
868,1988,4900,29750
869,2102,4951.94,29837.5
870,2015,4901.39,29922.2
871,1973,4883.33,29918.3
872,1888,4833.06,29974.2
873,1883,4821.39,30019.7
874,2624,5266.67,29800
875,3009,5683.33,29900
876,3215,5933.33,30100
877,3060,5766.67,29950
878,3280,6000,29783.3
879,3233,5950,29883.3
880,3441,6150,29766.7
881,3408,6116.67,29883.3
882,3423,6133.33,29883.3
883,3545,6233.33,29916.7
884,3501,6200,30066.7
885,3546,6233.33,29966.7
886,3389,6100,30000
887,3248,5966.67,29866.7
888,3214,5933.33,29933.3
889,3249,5966.67,30466.7
890,3654,6316.67,30366.7
891,3732,6400,30450
892,3850,6633.33,30650
893,3859,6650,30350
894,3802,6516.67,30283.3
895,3629,6300,30133.3
896,3588,6266.67,30266.7
897,3740,6416.67,30350
898,3787,6483.33,30483.3
899,3719,6383.33,30450
900,3688,6350,30416.7
901,3524,6216.67,30450
902,3180,5900,30583.3
903,3010,5683.33,30683.3
904,2975,5633.33,30616.7
905,2968,5616.67,30600
906,2919,5533.33,30533.3
907,3115,5833.33,30233.3
908,3264,5983.33,30233.3
909,3330,6050,30283.3
910,3459,6166.67,30283.3
911,3502,6200,30366.7
912,3425,6133.33,30400
913,3352,6066.67,30266.7
914,3587,6266.67,30183.3
915,3689,6350,30466.7
916,3547,6233.33,30550
917,3353,6066.67,30700
918,3525,6216.67,30583.3
919,3503,6200,30566.7
920,3655,6316.67,30383.3
921,3461,6166.67,30550
922,3462,6166.67,30566.7
923,3460,6166.67,30500
924,3632,6300,30583.3
925,3612,6283.33,30633.3
926,3611,6283.33,30550
927,3796,6500,30633.3
928,3656,6316.67,30650
929,3590,6266.67,30700
930,3635,6300,30916.7
931,3527,6216.67,30966.7
932,3570,6250,30983.3
933,3571,6250,31066.7
934,3690,6350,30700
935,3808,6533.33,30683.3
936,4262,7333.33,31633.3
937,4253,7316.67,31666.7
938,4407,7583.33,31483.3
939,4335,7433.33,31500
940,4252,7316.67,31366.7
941,4304,7383.33,31266.7
942,4133,7116.67,31166.7
943,4199,7233.33,31033.3
944,4167,7183.33,31033.3
945,4306,7383.33,31683.3
946,4254,7316.67,31700
947,4375,7516.67,31916.7
948,4592,8000,31566.7
949,4534,7850,31433.3
950,4555,7900,31516.7
951,4600,8016.67,31516.7
952,4618,8050,31400
953,4737,8300,31516.7
954,4678,8183.33,31383.3
955,4655,8133.33,31433.3
956,4851,8516.67,31500
957,4804,8416.67,31250
958,4760,8350,31283.3
959,4889,8583.33,31183.3
960,4830,8483.33,31283.3
961,4905,8600,31266.7
962,4890,8583.33,31383.3
963,4735,8300,31050
964,4644,8116.67,30966.7
965,4823,8466.67,31150
966,4811,8433.33,31150
967,4713,8250,31000
968,4684,8200,30966.7
969,4663,8150,31200
970,4673,8166.67,31250
971,4609,8033.33,31650
972,4475,7733.33,31783.3
973,4525,7833.33,31833.3
974,4601,8016.67,31900
975,4624,8066.67,31850
976,4577,7966.67,31866.7
977,4545,7866.67,31816.7
978,4544,7866.67,31716.7
979,4490,7766.67,31666.7
980,4524,7833.33,31750
981,4505,7800,31766.7
982,4374,7516.67,31666.7
983,4272,7350,31666.7
984,4396,7550,31600
985,4415,7600,31533.3
986,4421,7616.67,31550
987,4420,7616.67,31433.3
988,4406,7583.33,31400
989,4445,7666.67,31433.3
990,4460,7700,31350
991,4533,7850,31350
992,4619,8050,31500
993,4679,8183.33,31666.7
994,4664,8150,31666.7
995,4646,8116.67,31633.3
996,4645,8116.67,31516.7
997,4639,8100,31483.3
998,4623,8066.67,31666.7
999,4685,8200,31966.7
1000,4943,8650,31900
1001,4891,8583.33,31866.7
1002,4761,8350,31833.3
1003,4817,8450,31650
1004,4791,8400,31566.7
1005,4792,8400,31600
1006,4738,8300,31550
1007,4697,8216.67,31516.7
1008,4720,8266.67,31516.7
1009,4754,8333.33,31516.7
1010,4714,8250,31366.7
1011,4736,8300,31333.3
1012,4920,8616.67,31800
1013,4858,8533.33,31750
1014,4940,8650,31666.7
1015,4942,8650,31800
1016,4988,8716.67,31833.3
1017,5042,8800,31983.3
1018,5155,8966.67,32183.3
1019,4907,8600,32316.7
1020,4906,8600,32300
1021,4953,8666.67,32166.7
1022,4852,8516.67,31900
1023,4832,8483.33,31733.3
1024,4865,8550,31566.7
1025,4941,8650,31783.3
1026,4998,8733.33,31733.3
1027,5024,8766.67,31950
1028,4962,8683.33,31950
1029,4999,8733.33,31950
1030,5016,8750,32016.7
1031,5154,8966.67,32100
1032,5081,8850,31800
1033,5069,8833.33,31916.7
1034,5104,8883.33,31950
1035,5204,9100,32350
1036,5199,9083.33,32500
1037,5191,9050,32500
1038,5156,8966.67,32566.7
1039,5031,8783.33,32400
1040,4866,8550,32200
1041,4877,8566.67,32283.3
1042,4876,8566.67,32050
1043,4665,8150,31983.3
1044,4705,8233.33,32033.3
1045,4633,8083.33,31950
1046,4625,8066.67,31933.3
1047,4755,8333.33,32083.3
1048,4686,8200,32166.7
1049,4741,8300,32300
1050,4722,8266.67,32066.7
1051,4593,8000,31616.7
1052,4576,7966.67,31616.7
1053,4523,7833.33,31316.7
1054,4522,7833.33,31233.3
1055,4608,8033.33,30900
1056,4547,7883.33,30833.3
1057,4366,7500,30600
1058,4404,7583.33,30650
1059,4554,7900,30833.3
1060,4570,7950,30850
1061,4617,8050,31266.7
1062,4502,7800,30783.3
1063,4344,7450,30883.3
1064,4361,7483.33,30983.3
1065,4372,7516.67,31050
1066,4345,7450,31050
1067,4287,7366.67,31050
1068,4326,7416.67,31050
1069,4271,7350,31050
1070,4260,7333.33,31050
1071,4236,7300,31100
1072,4303,7383.33,31116.7
1073,4261,7333.33,31266.7
1074,4305,7383.33,31283.3
1075,4334,7433.33,31283.3
1076,4152,7150,31133.3
1077,4211,7250,31033.3
1078,4113,7083.33,30566.7
1079,4144,7133.33,30516.7
1080,4333,7433.33,30666.7
1081,4332,7433.33,30600
1082,4302,7383.33,30633.3
1083,4286,7366.67,30616.7
1084,4325,7416.67,30600
1085,4452,7683.33,30733.3
1086,4353,7466.67,30733.3
1087,4096,7050,30566.7
1088,4151,7150,30533.3
1089,4089,7033.33,30550
1090,3970,6833.33,30566.7
1091,3851,6633.33,30733.3
1092,4061,6966.67,30700
1093,3971,6833.33,30816.7
1094,4120,7100,31233.3
1095,4114,7083.33,31233.3
1096,4134,7116.67,31200
1097,4132,7116.67,31150
1098,4397,7566.67,31166.7
1099,4414,7600,31083.3
1100,4384,7533.33,31250
1101,4393,7550,31350
1102,4385,7533.33,31350
1103,4392,7550,31250
1104,4426,7633.33,31316.7
1105,4444,7666.67,31333.3
1106,4373,7516.67,31433.3
1107,4395,7550,31466.7
1108,4453,7683.33,31550
1109,4468,7716.67,31600
1110,4504,7800,31483.3
1111,4489,7766.67,31650
1112,4446,7666.67,31683.3
1113,4548,7883.33,31466.7
1114,4405,7583.33,31266.7
1115,4427,7633.33,31350
1116,4467,7716.67,31350
1117,4532,7850,31166.7
1118,4503,7800,31183.3
1119,4516,7816.67,31366.7
1120,4432,7650,31333.3
1121,4398,7566.67,31383.3
1122,4394,7550,31450
1123,4346,7450,31466.7
1124,4237,7300,31533.3
1125,3789,6483.33,31383.3
1126,3766,6450,31350
1127,3780,6466.67,31383.3
1128,3810,6533.33,31083.3
1129,3636,6300,30983.3
1130,3637,6300,31000
1131,3788,6483.33,30850
1132,3797,6500,30750
1133,3809,6533.33,30816.7
1134,3613,6283.33,30733.3
1135,3634,6300,30700
1136,3672,6333.33,30516.7
1137,3673,6333.33,30533.3
1138,3526,6216.67,30650
1139,3638,6300,31050
1140,3702,6366.67,31033.3
1141,3867,6666.67,31266.7
1142,3852,6633.33,31133.3
1143,4119,7100,31066.7
1144,4131,7116.67,31133.3
1145,4038,6933.33,31183.3
1146,3946,6800,31350
1147,3895,6716.67,31116.7
1148,3896,6716.67,32066.7
1149,3868,6666.67,32133.3
1150,3961,6816.67,32150
1151,3820,6566.67,32450
1152,3781,6466.67,32216.7
1153,3704,6366.67,32400
1154,3234,5950,32833.3
1155,3216,5933.33,32800
1156,3092,5800,32800
1157,3104,5816.67,33050
1158,3741,6416.67,33583.3
1159,3972,6833.33,33383.3
1160,3962,6816.67,33083.3
1161,3963,6816.67,33283.3
1162,3281,6000,33916.7
1163,3483,6183.33,33900
1164,3614,6283.33,33850
1165,3390,6100,33950
1166,3355,6066.67,34150
1167,3218,5933.33,34350
1168,3465,6166.67,34466.7
1169,3505,6200,34650
1170,3316,6033.33,34450
1171,3235,5950,34133.3
1172,3282,6000,34083.3
1173,3266,5983.33,34116.7
1174,3504,6200,34100
1175,3528,6216.67,34250
1176,3657,6316.67,34416.7
1177,3804,6516.67,34466.7
1178,3897,6716.67,33850
1179,3907,6733.33,32800
1180,3803,6516.67,33066.7
1181,3869,6666.67,32900
1182,3860,6650,32766.7
1183,3821,6566.67,32766.7
1184,3720,6383.33,32700
1185,3767,6450,32566.7
1186,3639,6300,32350
1187,3906,6733.33,32050
1188,3934,6783.33,32466.7
1189,4433,7650,32183.3
1190,4517,7816.67,32366.7
1191,4526,7833.33,32400
1192,4546,7866.67,32416.7
1193,4518,7816.67,32433.3
1194,4527,7833.33,32433.3
1195,4571,7950,32416.7
1196,4762,8350,32283.3
1197,4812,8433.33,32283.3
1198,4875,8566.67,31850
1199,4859,8533.33,31900
1200,5092,8866.67,31783.3
1201,4930,8633.33,31533.3
1202,4952,8666.67,31516.7
1203,4831,8483.33,31500
1204,4739,8300,31716.7
1205,4721,8266.67,31733.3
1206,4818,8450,31733.3
1207,4756,8333.33,32300
1208,4777,8383.33,32266.7
1209,4963,8683.33,32383.3
1210,5017,8750,32483.3
1211,5070,8833.33,32466.7
1212,4989,8716.67,32633.3
1213,4908,8600,32483.3
1214,4892,8583.33,32316.7
1215,4931,8633.33,32366.7
1216,4706,8233.33,32416.7
1217,4932,8633.33,32483.3
1218,4853,8516.67,32883.3
1219,4841,8500,32733.3
1220,4715,8250,32383.3
1221,4567,7933.33,32400
1222,4578,7966.67,32433.3
1223,4763,8350,32850
1224,4730,8283.33,32766.7
1225,4774,8366.67,32600
1226,4794,8400,32966.7
1227,4766,8350,33150
1228,4935,8633.33,33233.3
1229,4955,8666.67,33216.7
1230,5002,8733.33,33266.7
1231,5004,8733.33,33300
1232,4911,8600,33366.7
1233,4716,8250,33733.3
1234,4700,8216.67,33600
1235,4813,8433.33,33666.7
1236,4749,8316.67,33500
1237,4723,8266.67,33516.7
1238,4620,8050,33300
1239,4594,8000,33250
1240,4861,8533.33,33416.7
1241,4934,8633.33,33166.7
1242,4979,8700,33283.3
1243,4965,8683.33,33233.3
1244,4964,8683.33,33200
1245,5001,8733.33,33083.3
1246,5003,8733.33,33283.3
1247,5158,8966.67,33383.3
1248,5196,9066.67,33433.3
1249,5228,9166.67,33533.3
1250,5252,9266.67,33566.7
1251,5243,9233.33,33650
1252,5238,9216.67,33583.3
1253,5219,9150,33800
1254,5242,9233.33,33616.7
1255,5247,9250,33650
1256,5253,9266.67,33650
1257,5272,9316.67,33650
1258,5234,9200,33716.7
1259,5279,9333.33,33750
1260,5273,9316.67,33700
1261,5290,9383.33,33633.3
1262,5307,9433.33,33683.3
1263,5251,9266.67,33316.7
1264,5206,9100,33350
1265,5113,8900,33333.3
1266,5096,8866.67,33516.7
1267,5146,8950,33550
1268,5164,8983.33,33633.3
1269,5126,8916.67,33566.7
1270,5095,8866.67,33483.3
1271,5063,8816.67,33516.7
1272,5260,9283.33,33450
1273,5294,9400,33350
1274,5271,9316.67,33533.3
1275,5289,9383.33,33500
1276,5277,9333.33,32983.3
1277,5186,9033.33,32950
1278,5237,9216.67,32683.3
1279,5266,9300,32783.3
1280,5265,9300,32766.7
1281,5293,9400,33183.3
1282,5315,9483.33,33216.7
1283,5335,9550,33500
1284,5339,9566.67,33450
1285,5324,9500,33766.7
1286,5278,9333.33,33650
1287,5254,9266.67,33766.7
1288,5285,9366.67,33600
1289,5323,9500,33550
1290,5316,9483.33,33500
1291,5261,9283.33,33550
1292,5229,9166.67,33583.3
1293,5163,8983.33,33500
1294,5145,8950,33533.3
1295,5114,8900,33450
1296,5187,9033.33,33400
1297,5215,9133.33,33516.7
1298,5212,9116.67,33500
1299,5195,9066.67,33416.7
1300,5133,8933.33,33516.7
1301,5132,8933.33,33366.7
1302,5246,9250,33383.3
1303,5267,9300,33600
1304,5286,9366.67,33683.3
1305,5268,9300,33850
1306,5255,9266.67,33833.3
1307,5317,9483.33,33816.7
1308,5295,9400,33750
1309,5296,9400,33833.3
1310,5165,8983.33,33966.7
1311,5074,8833.33,34050
1312,5006,8733.33,34216.7
1313,5048,8800,34183.3
1314,5085,8850,34166.7
1315,5076,8833.33,34116.7
1316,5083,8850,33850
1317,5044,8800,33716.7
1318,5043,8800,33616.7
1319,5097,8866.67,33633.3
1320,5072,8833.33,33500
1321,4867,8550,33450
1322,4842,8500,33483.3
1323,4699,8216.67,33183.3
1324,4805,8416.67,32900
1325,4778,8383.33,32883.3
1326,4933,8633.33,33150
1327,4910,8600,33150
1328,5000,8733.33,33066.7
1329,5227,9166.67,32866.7
1330,5185,9033.33,32833.3
1331,5211,9116.67,32933.3
1332,5172,9000,32983.3
1333,5112,8900,32983.3
1334,5144,8950,32933.3
1335,4978,8700,33033.3
1336,5019,8750,33283.3
1337,4944,8650,33200
1338,5111,8900,32916.7
1339,5171,9000,32916.7
1340,5162,8983.33,33066.7
1341,5192,9050,33116.7
1342,5157,8966.67,33100
1343,5062,8816.67,32950
1344,5061,8816.67,32800
1345,5184,9033.33,32750
1346,5217,9150,32700
1347,5201,9083.33,32616.7
1348,5226,9166.67,32550
1349,5200,9083.33,32550
1350,5205,9100,32550
1351,5225,9166.67,32516.7
1352,5183,9033.33,32583.3
1353,5170,9000,32783.3
1354,5094,8866.67,32833.3
1355,5082,8850,32966.7
1356,4977,8700,32800
1357,5093,8866.67,32783.3
1358,5071,8833.33,32883.3
1359,4976,8700,32750
1360,5018,8750,32700
1361,4980,8700,33300
1362,4990,8716.67,33450
1363,4862,8533.33,33533.3
1364,4894,8583.33,33133.3
1365,4878,8566.67,33083.3
1366,4879,8566.67,33116.7
1367,4820,8450,33283.3
1368,4954,8666.67,33166.7
1369,4863,8533.33,33600
1370,4912,8600,33500
1371,5025,8766.67,33533.3
1372,5026,8766.67,33633.3
1373,4936,8633.33,33766.7
1374,5005,8733.33,33900
1375,4945,8650,34066.7
1376,4922,8616.67,33866.7
1377,4914,8600,33883.3
1378,4868,8550,34066.7
1379,4796,8400,34266.7
1380,4969,8683.33,34150
1381,4946,8650,34183.3
1382,4970,8683.33,34200
1383,4924,8616.67,34233.3
1384,4869,8550,34166.7
1385,4983,8700,34366.7
1386,5049,8800,34350
1387,5007,8733.33,34283.3
1388,4993,8716.67,34316.7
1389,4870,8550,34283.3
1390,4925,8616.67,34316.7
1391,4947,8650,34300
1392,4948,8650,34333.3
1393,4768,8350,34300
1394,4836,8483.33,34366.7
1395,4896,8583.33,34366.7
1396,4898,8583.33,34466.7
1397,4897,8583.33,34383.3
1398,4926,8616.67,34416.7
1399,4883,8566.67,34750
1400,4797,8400,34616.7
1401,4882,8566.67,34483.3
1402,4856,8516.67,34733.3
1403,4884,8566.67,34850
1404,4916,8600,34850
1405,4885,8566.67,34950
1406,4899,8583.33,34883.3
1407,4972,8683.33,34766.7
1408,5077,8833.33,34716.7
1409,5086,8850,34633.3
1410,5034,8783.33,34366.7
1411,5028,8766.67,34383.3
1412,5027,8766.67,34166.7
1413,5033,8783.33,34166.7
1414,5046,8800,34100
1415,5047,8800,34133.3
1416,4982,8700,34216.7
1417,4984,8700,34383.3
1418,4994,8716.67,34683.3
1419,5220,9150,34700
1420,5099,8866.67,34533.3
1421,5116,8900,34583.3
1422,5098,8866.67,34366.7
1423,5386,9766.67,34350
1424,5346,9583.33,34366.7
1425,5280,9333.33,34766.7
1426,5424,9900,34433.3
1427,5368,9650,34650
1428,5308,9433.33,34483.3
1429,5232,9183.33,34633.3
1430,5256,9266.67,34700
1431,5283,9350,34933.3
1432,5321,9483.33,35516.7
1433,5326,9500,35500
1434,5262,9283.33,35316.7
1435,5331,9533.33,35516.7
1436,5392,9783.33,35300
1437,5476,10100,34650
1438,5457,10016.7,34816.7
1439,5456,10016.7,34666.7
1440,5477,10100,34833.3
1441,5527,10250,35200
1442,5616,10433.3,35133.3
1443,5737,10650,35383.3
1444,5738,10650,35450
1445,5751,10683.3,35550
1446,5763,10700,35466.7
1447,5752,10683.3,35650
1448,5753,10683.3,35666.7
1449,5897,10900,35766.7
1450,5813,10766.7,35616.7
1451,5826,10783.3,35550
1452,5796,10750,35500
1453,5785,10733.3,35400
1454,5873,10866.7,35450
1455,5777,10716.7,35533.3
1456,5764,10700,35600
1457,5534,10266.7,35650
1458,5647,10500,35616.7
1459,5690,10566.7,35683.3
1460,5677,10550,35600
1461,5383,9750,35150
1462,5320,9483.33,34883.3
1463,5313,9450,34883.3
1464,5415,9866.67,34850
1465,5378,9700,33933.3
1466,5362,9633.33,33900
1467,5367,9650,33900
1468,5349,9600,33866.7
1469,5345,9583.33,33933.3
1470,5350,9600,33900
1471,5344,9583.33,33850
1472,5336,9550,33800
1473,5337,9550,33950
1474,5325,9500,33983.3
1475,5319,9483.33,33950
1476,5178,9016.67,34083.3
1477,5084,8850,34016.7
1478,5073,8833.33,33966.7
1479,5065,8816.67,33900
1480,5075,8833.33,34066.7
1481,4992,8716.67,34066.7
1482,4981,8700,34050
1483,4957,8666.67,34150
1484,4855,8516.67,34050
1485,4895,8583.33,33950
1486,4854,8516.67,33983.3
1487,4834,8483.33,33950
1488,4843,8500,33866.7
1489,4956,8666.67,33916.7
1490,4968,8683.33,33916.7
1491,5045,8800,33850
1492,4966,8683.33,33833.3
1493,4835,8483.33,33983.3
1494,4806,8416.67,34166.7
1495,4312,7400,34250
1496,4656,8133.33,33733.3
1497,4687,8200,33733.3
1498,4647,8116.67,33533.3
1499,4724,8266.67,33666.7
1500,4641,8100,33650
1501,4572,7950,33666.7
1502,4561,7916.67,33516.7
1503,4354,7466.67,33750
1504,4648,8116.67,34250
1505,4585,7983.33,34216.7
1506,4376,7516.67,34500
1507,4347,7450,34466.7
1508,4090,7033.33,34500
1509,4241,7300,34483.3
1510,4212,7250,34666.7
1511,4122,7100,34833.3
1512,4106,7066.67,34833.3
1513,4174,7200,34783.3
1514,4188,7216.67,34716.7
1515,4012,6883.33,34466.7
1516,4173,7200,34600
1517,4040,6933.33,34833.3
1518,3822,6566.67,34900
1519,3674,6333.33,34966.7
1520,3551,6233.33,35183.3
1521,3790,6483.33,35350
1522,3691,6350,35216.7
1523,3811,6533.33,34983.3
1524,3889,6700,35033.3
1525,4074,6983.33,35250
1526,4097,7050,35250
1527,3989,6850,35083.3
1528,3999,6866.67,34933.3
1529,4189,7216.67,35050
1530,4368,7500,34950
1531,4289,7366.67,34883.3
1532,4327,7416.67,34583.3
1533,4377,7516.67,34666.7
1534,4348,7450,34550
1535,4328,7416.67,34983.3
1536,4387,7533.33,35066.7
1537,4364,7483.33,35116.7
1538,4213,7250,35066.7
1539,4469,7716.67,34950
1540,4491,7766.67,35000
1541,4506,7800,35066.7
1542,4581,7966.67,35266.7
1543,4689,8200,35050
1544,4886,8566.67,35333.3
1545,5179,9016.67,34800
1546,4927,8616.67,34666.7
1547,4915,8600,34833.3
1548,4971,8683.33,34500
1549,4871,8550,34450
1550,4688,8200,34816.7
1551,4668,8150,34983.3
1552,4707,8233.33,35000
1553,4674,8166.67,34983.3
1554,4751,8316.67,34700
1555,4814,8433.33,34916.7
1556,4900,8583.33,35283.3
1557,4825,8466.67,35333.3
1558,4680,8183.33,35516.7
1559,4634,8083.33,35533.3
1560,4626,8066.67,35683.3
1561,4725,8266.67,35550
1562,4780,8383.33,34966.7
1563,4769,8350,35183.3
1564,4744,8300,35133.3
1565,4731,8283.33,35033.3
1566,4821,8450,35033.3
1567,4649,8116.67,35200
1568,4562,7916.67,35250
1569,4495,7783.33,35116.7
1570,4496,7783.33,35183.3
1571,4508,7800,35250
1572,4456,7683.33,35400
1573,4438,7650,35483.3
1574,4492,7766.67,35700
1575,4558,7900,35900
1576,4573,7950,35816.7
1577,4448,7666.67,36033.3
1578,4274,7350,35950
1579,4316,7400,35933.3
1580,4349,7450,35900
1581,4365,7483.33,35900
1582,4293,7366.67,35933.3
1583,4136,7116.67,35833.3
1584,4216,7250,35883.3
1585,4256,7316.67,35566.7
1586,4264,7333.33,35516.7
1587,4356,7466.67,35516.7
1588,4369,7500,35483.3
1589,4389,7533.33,35500
1590,4379,7516.67,35533.3
1591,4378,7516.67,35400
1592,4422,7616.67,35500
1593,4380,7516.67,35683.3
1594,4370,7500,35800
1595,4537,7850,35483.3
1596,4582,7966.67,35366.7
1597,4603,8016.67,35516.7
1598,4621,8050,35683.3
1599,4595,8000,35583.3
1600,4604,8016.67,35550
1601,4611,8033.33,35466.7
1602,4605,8016.67,35600
1603,4757,8333.33,35200
1604,4580,7966.67,35166.7
1605,4556,7900,34883.3
1606,4483,7750,34800
1607,4476,7733.33,34950
1608,4416,7600,35050
1609,4363,7483.33,35066.7
1610,4437,7650,34916.7
1611,4507,7800,35100
1612,4484,7750,35100
1613,4455,7683.33,35233.3
1614,4408,7583.33,35233.3
1615,4470,7716.67,35533.3
1616,4509,7800,35600
1617,4529,7833.33,35483.3
1618,4477,7733.33,35850
1619,4471,7716.67,35866.7
1620,4447,7666.67,35766.7
1621,4439,7650,35733.3
1622,4478,7733.33,35866.7
1623,4549,7883.33,36066.7
1624,4441,7650,36183.3
1625,4428,7633.33,36266.7
1626,4429,7633.33,36416.7
1627,4479,7733.33,36400
1628,4473,7716.67,36383.3
1629,4458,7683.33,36433.3
1630,4464,7700,36433.3
1631,4246,7300,36583.3
1632,4160,7166.67,36483.3
1633,4108,7066.67,36466.7
1634,4155,7150,36450
1635,4340,7433.33,36516.7
1636,4278,7350,36333.3
1637,4277,7350,36283.3
1638,4298,7366.67,36250
1639,4257,7316.67,36133.3
1640,4266,7333.33,36183.3
1641,4204,7233.33,36116.7
1642,4091,7033.33,36000
1643,4225,7266.67,36133.3
1644,4217,7250,36100
1645,4192,7216.67,35983.3
1646,4243,7300,36000
1647,4067,6966.67,36266.7
1648,4116,7083.33,36383.3
1649,4127,7100,36433.3
1650,4125,7100,36216.7
1651,4124,7100,35966.7
1652,4137,7116.67,36100
1653,4193,7216.67,36133.3
1654,4205,7233.33,36133.3
1655,4194,7216.67,36216.7
1656,4147,7133.33,36183.3
1657,4014,6883.33,36316.7
1658,4044,6933.33,36583.3
1659,4001,6866.67,36466.7
1660,3965,6816.67,36633.3
1661,3847,6616.67,36983.3
1662,3936,6783.33,37133.3
1663,3977,6833.33,36983.3
1664,3949,6800,37066.7
1665,3992,6850,37050
1666,3993,6850,37116.7
1667,4030,6916.67,37050
1668,4068,6966.67,36900
1669,4138,7116.67,37050
1670,4021,6900,36966.7
1671,3882,6683.33,37133.3
1672,3745,6416.67,37266.7
1673,3816,6533.33,37200
1674,3834,6583.33,37166.7
1675,3598,6266.67,36866.7
1676,3646,6300,36883.3
1677,3782,6466.67,36900
1678,3618,6283.33,36750
1679,3662,6316.67,36833.3
1680,3360,6066.67,37433.3
1681,3240,5950,37600
1682,3271,5983.33,37750
1683,3241,5950,37766.7
1684,3186,5900,37783.3
1685,3203,5916.67,37850
1686,3201,5916.67,37733.3
1687,3097,5800,37666.7
1688,3138,5850,37683.3
1689,3122,5833.33,37666.7
1690,3025,5700,37733.3
1691,3120,5833.33,37500
1692,3107,5816.67,37550
1693,3069,5766.67,37550
1694,3024,5700,37550
1695,2959,5600,37500
1696,2922,5533.33,37516.7
1697,2873,5466.67,37433.3
1698,2760,5383.33,37533.3
1699,2759,5383.33,37433.3
1700,2916,5516.67,37400
1701,2841,5433.33,37583.3
1702,2840,5433.33,37450
1703,2961,5600,37550
1704,2903,5500,37666.7
1705,2933,5550,37816.7
1706,2842,5433.33,37733.3
1707,2790,5400,37750
1708,2890,5483.33,37683.3
1709,3005,5666.67,37916.7
1710,2996,5650,37950
1711,2963,5600,37983.3
1712,3158,5866.67,38483.3
1713,3254,5966.67,38433.3
1714,3140,5850,38133.3
1715,2925,5533.33,38000
1716,2936,5550,37983.3
1717,2952,5583.33,37933.3
1718,3036,5716.67,37950
1719,3042,5733.33,38166.7
1720,3027,5700,37983.3
1721,2972,5616.67,37850
1722,3004,5666.67,37900
1723,2995,5650,37833.3
1724,3017,5683.33,37883.3
1725,3139,5850,38016.7
1726,3124,5833.33,37866.7
1727,3224,5933.33,37883.3
1728,3155,5866.67,37850
1729,3123,5833.33,37783.3
1730,3071,5766.67,37800
1731,3026,5700,37866.7
1732,3070,5766.67,37750
1733,3072,5766.67,37983.3
1734,2942,5566.67,37850
1735,2874,5466.67,37766.7
1736,2761,5383.33,37683.3
1737,2844,5433.33,37966.7
1738,2876,5466.67,38250
1739,2707,5333.33,38150
1740,2706,5333.33,38116.7
1741,2764,5383.33,38050
1742,2792,5400,38066.7
1743,2793,5400,38100
1744,2819,5416.67,38033.3
1745,2845,5433.33,38016.7
1746,2818,5416.67,38016.7
1747,2864,5450,37983.3
1748,2905,5500,38000
1749,2906,5500,38016.7
1750,2893,5483.33,38050
1751,2843,5433.33,37850
1752,2817,5416.67,37900
1753,2973,5616.67,37983.3
1754,2953,5583.33,37950
1755,2945,5566.67,37966.7
1756,2935,5550,37966.7
1757,3041,5733.33,38000
1758,3043,5733.33,38266.7
1759,3082,5783.33,38283.3
1760,3055,5750,38216.7
1761,2964,5600,38216.7
1762,2954,5583.33,38100
1763,2894,5483.33,38283.3
1764,2908,5500,38333.3
1765,2965,5600,38433.3
1766,3006,5666.67,38366.7
1767,3007,5666.67,38566.7
1768,3029,5700,38400
1769,3073,5766.67,38416.7
1770,3109,5816.67,38600
1771,3141,5850,38566.7
1772,3204,5916.67,38233.3
1773,3272,5983.33,38433.3
1774,3159,5866.67,38500
1775,3431,6133.33,38316.7
1776,3534,6216.67,38400
1777,3577,6250,38583.3
1778,3714,6366.67,38583.3
1779,3726,6383.33,38633.3
1780,3772,6450,38666.7
1781,3683,6333.33,38716.7
1782,3737,6400,38666.7
1783,3664,6316.67,38266.7
1784,3682,6333.33,38383.3
1785,3621,6283.33,38566.7
1786,3747,6416.67,38733.3
1787,3885,6683.33,38683.3
1788,3848,6616.67,38733.3
1789,3828,6566.67,38750
1790,3836,6583.33,38566.7
1791,3794,6483.33,38466.7
1792,3725,6383.33,38533.3
1793,3827,6566.67,38650
1794,3695,6350,38466.7
1795,3842,6600,38600
1796,3601,6266.67,38700
1797,3727,6383.33,38700
1798,3696,6350,38700
1799,3773,6450,38733.3
1800,3913,6733.33,38950
1801,3930,6766.67,38916.7
1802,3886,6683.33,38750
1803,3849,6616.67,39116.7
1804,3837,6583.33,39133.3
1805,4011,6866.67,39466.7
1806,3997,6850,39366.7
1807,4010,6866.67,39416.7
1808,3775,6450,39466.7
1809,3762,6433.33,39533.3
1810,3717,6366.67,39466.7
1811,3716,6366.67,39450
1812,3698,6350,39450
1813,3608,6266.67,39450
1814,3609,6266.67,39533.3
1815,3567,6233.33,39533.3
1816,3750,6416.67,39550
1817,3763,6433.33,39550
1818,3749,6416.67,39483.3
1819,3776,6450,39516.7
1820,3785,6466.67,39500
1821,3786,6466.67,39533.3
1822,3777,6450,39533.3
1823,3699,6350,39466.7
1824,3652,6300,39433.3
1825,3670,6316.67,39433.3
1826,3718,6366.67,39533.3
1827,3738,6400,39533.3
1828,3729,6383.33,39466.7
1829,3684,6333.33,39400
1830,3669,6316.67,39400
1831,3715,6366.67,39383.3
1832,3627,6283.33,39416.7
1833,3422,6116.67,39366.7
1834,3438,6133.33,39333.3
1835,3349,6050,39333.3
1836,3308,6016.67,39333.3
1837,3328,6033.33,39333.3
1838,3295,6000,39316.7
1839,3291,6000,39233.3
1840,3256,5966.67,39200
1841,3255,5966.67,39183.3
1842,3289,6000,39200
1843,3322,6033.33,39233.3
1844,3343,6050,39233.3
1845,3305,6016.67,39233.3
1846,3303,6016.67,39200
1847,3306,6016.67,39250
1848,3307,6016.67,39266.7
1849,3258,5966.67,39233.3
1850,3257,5966.67,39216.7
1851,3243,5950,39233.3
1852,3178,5883.33,39333.3
1853,3144,5850,39300
1854,3143,5850,39283.3
1855,3161,5866.67,39266.7
1856,3164,5866.67,39333.3
1857,3163,5866.67,39316.7
1858,3114,5816.67,39333.3
1859,3129,5833.33,39333.3
1860,3044,5733.33,39283.3
1861,3085,5783.33,39300
1862,3130,5833.33,39350
1863,3113,5816.67,39316.7
1864,3127,5833.33,39300
1865,3126,5833.33,39283.3
1866,3211,5916.67,39300
1867,3210,5916.67,39283.3
1868,3247,5950,39300
1869,3231,5933.33,39300
1870,3192,5900,39300
1871,3188,5900,39233.3
1872,3207,5916.67,39216.7
1873,3174,5883.33,39250
1874,3173,5883.33,39233.3
1875,3177,5883.33,39300
1876,3179,5883.33,39350
1877,3193,5900,39333.3
1878,3212,5916.67,39333.3
1879,3262,5966.67,39300
1880,3326,6033.33,39300
1881,3325,6033.33,39283.3
1882,3293,6000,39266.7
1883,3290,6000,39216.7
1884,3273,5983.33,39200
1885,3288,6000,39183.3
1886,3304,6016.67,39216.7
1887,3345,6050,39266.7
1888,3346,6050,39283.3
1889,3327,6033.33,39316.7
1890,3277,5983.33,39300
1891,3294,6000,39300
1892,3309,6016.67,39350
1893,3232,5933.33,39350
1894,3194,5900,39350
1895,3146,5850,39350
1896,3165,5866.67,39350
1897,3213,5916.67,39350
1898,3145,5850,39316.7
1899,3101,5800,39350
1900,2854,5433.33,39700
1901,2855,5433.33,39716.7
1902,2856,5433.33,39733.3
1903,2858,5433.33,39766.7
1904,2838,5416.67,39783.3
1905,2754,5366.67,39783.3
1906,2719,5333.33,39783.3
1907,2732,5350,39766.7
1908,2779,5383.33,39733.3
1909,2811,5400,39750
1910,2837,5416.67,39766.7
1911,2750,5366.67,39716.7
1912,2715,5333.33,39716.7
1913,2693,5316.67,39683.3
1914,2714,5333.33,39666.7
1915,2745,5366.67,39616.7
1916,2679,5300,39666.7
1917,2680,5300,39683.3
1918,2655,5283.33,39666.7
1919,2636,5266.67,39700
1920,2615,5250,39700
1921,2616,5250,39716.7
1922,2656,5283.33,39716.7
1923,2592,5233.33,39733.3
1924,2617,5250,39733.3
1925,2529,5200,39716.7
1926,2637,5266.67,39716.7
1927,2748,5366.67,39683.3
1928,2832,5416.67,39683.3
1929,2833,5416.67,39700
1930,2885,5466.67,39650
1931,2829,5416.67,39633.3
1932,2851,5433.33,39650
1933,2852,5433.33,39666.7
1934,2853,5433.33,39683.3
1935,2834,5416.67,39716.7
1936,2835,5416.67,39733.3
1937,2776,5383.33,39683.3
1938,2752,5366.67,39750
1939,2717,5333.33,39750
1940,2696,5316.67,39750
1941,2718,5333.33,39766.7
1942,2781,5383.33,39766.7
1943,2731,5350,39750
1944,2733,5350,39783.3
1945,2716,5333.33,39733.3
1946,2694,5316.67,39700
1947,2682,5300,39750
1948,2639,5266.67,39750
1949,2657,5283.33,39733.3
1950,2638,5266.67,39733.3
1951,2681,5300,39733.3
1952,2730,5350,39716.7
1953,2778,5383.33,39716.7
1954,2747,5366.67,39666.7
1955,2713,5333.33,39650
1956,2746,5366.67,39650
1957,2810,5400,39733.3
1958,2753,5366.67,39766.7
1959,2751,5366.67,39733.3
1960,2780,5383.33,39750
1961,2809,5400,39716.7
1962,2808,5400,39700
1963,2807,5400,39683.3
1964,2774,5383.33,39650
1965,2727,5350,39666.7
1966,2728,5350,39683.3
1967,2729,5350,39700
1968,2777,5383.33,39700
1969,2806,5400,39666.7
1970,2870,5450,39650
1971,3038,5716.67,39300
1972,3059,5750,39316.7
1973,2871,5450,39716.7
1974,2886,5466.67,39733.3
1975,2812,5400,39766.7
1976,2836,5416.67,39750
1977,2857,5433.33,39750
1978,2749,5366.67,39700
1979,2775,5383.33,39666.7
1980,2831,5416.67,39666.7
1981,2830,5416.67,39650
1982,2804,5400,39633.3
1983,2805,5400,39650
1984,2773,5383.33,39633.3
1985,2726,5350,39650
1986,2695,5316.67,39733.3
1987,2697,5316.67,39783.3
1988,2782,5383.33,39783.3
1989,2734,5350,39800
1990,2643,5266.67,39816.7
1991,2369,5100,39833.3
1992,2430,5133.33,39833.3
1993,2456,5150,39766.7
1994,2480,5166.67,39783.3
1995,2503,5183.33,39816.7
1996,2483,5166.67,39833.3
1997,2482,5166.67,39816.7
1998,2429,5133.33,39816.7
1999,2535,5200,39816.7
2000,2598,5233.33,39833.3
2001,2536,5200,39833.3
2002,2571,5216.67,39833.3
2003,2596,5233.33,39800
2004,2570,5216.67,39816.7
2005,2569,5216.67,39800
2006,2533,5200,39783.3
2007,2481,5166.67,39800
2008,2534,5200,39800
2009,2595,5233.33,39783.3
2010,2532,5200,39766.7
2011,2684,5300,39800
2012,2661,5283.33,39800
2013,2641,5266.67,39783.3
2014,2504,5183.33,39833.3
2015,2623,5250,39833.3
2016,2644,5266.67,39833.3
2017,2622,5250,39816.7
2018,2597,5233.33,39816.7
2019,2566,5216.67,39750
2020,2567,5216.67,39766.7
2021,2620,5250,39783.3
2022,2593,5233.33,39750
2023,2565,5216.67,39733.3
2024,2530,5200,39733.3
2025,2422,5133.33,39700
2026,2393,5116.67,39633.3
2027,2419,5133.33,39650
2028,2453,5150,39716.7
2029,2454,5150,39733.3
2030,2452,5150,39700
2031,2420,5133.33,39666.7
2032,2563,5216.67,39683.3
2033,2683,5300,39783.3
2034,2642,5266.67,39800
2035,2685,5300,39816.7
2036,2698,5316.67,39800
2037,2662,5283.33,39816.7
2038,2619,5250,39766.7
2039,2618,5250,39750
2040,2640,5266.67,39766.7
2041,2659,5283.33,39766.7
2042,2594,5233.33,39766.7
2043,2479,5166.67,39766.7
2044,2500,5183.33,39766.7
2045,2477,5166.67,39716.7
2046,2564,5216.67,39716.7
2047,2528,5200,39700
2048,2421,5133.33,39683.3
2049,2189,5000,39716.7
2050,2168,4983.33,39733.3
2051,2131,4966.67,39750
2052,2130,4966.67,39733.3
2053,2044,4916.67,39750
2054,2064,4933.33,39683.3
2055,2041,4916.67,39683.3
2056,2094,4950,39666.7
2057,2099,4950,39766.7
2058,2132,4966.67,39766.7
2059,2068,4933.33,39766.7
2060,2069,4933.33,39783.3
2061,2100,4950,39783.3
2062,2067,4933.33,39750
2063,2098,4950,39750
2064,2013,4900,39716.7
2065,1882,4816.67,39200
2066,1828,4783.33,39033.3
2067,1911,4833.33,39050
2068,1831,4783.33,39083.3
2069,1813,4766.67,39100
2070,1811,4766.67,39066.7
2071,1755,4716.67,39116.7
2072,1728,4683.33,39100
2073,1714,4666.67,39100
2074,1756,4716.67,39133.3
2075,1744,4700,39133.3
2076,1715,4666.67,39183.3
2077,1742,4700,39100
2078,1830,4783.33,39066.7
2079,1791,4750,39083.3
2080,1743,4700,39116.7
2081,1769,4733.33,39066.7
2082,1622,4550,39016.7
2083,1594,4516.67,38900
2084,1607,4533.33,38933.3
2085,1621,4550,38933.3
2086,1789,4750,38766.7
2087,1909,4833.33,38800
2088,1856,4800,38783.3
2089,1855,4800,38750
2090,1879,4816.67,38750
2091,1960,4866.67,38700
2092,2085,4950,38716.7
2093,2157,4983.33,38750
2094,2084,4950,38633.3
2095,2291,5066.67,38633.3
2096,2383,5116.67,38666.7
2097,2292,5066.67,38683.3
2098,2321,5083.33,38700
2099,2447,5150,38733.3
2100,2519,5200,38783.3
2101,2611,5250,38800
2102,2588,5233.33,38816.7
2103,2553,5216.67,38816.7
2104,2555,5216.67,38850
2105,2324,5083.33,38850
2106,2357,5100,38850
2107,2493,5183.33,38783.3
2108,2411,5133.33,38700
2109,2515,5200,38633.3
2110,2673,5300,38566.7
2111,2847,5433.33,38516.7
2112,2822,5416.67,38466.7
2113,2650,5283.33,38633.3
2114,2768,5383.33,38583.3
2115,2879,5466.67,38466.7
2116,2881,5466.67,38700
2117,3008,5666.67,38600
2118,2929,5533.33,38650
2119,2800,5400,38950
2120,2799,5400,38916.7
2121,2653,5283.33,39050
2122,2614,5250,39066.7
2123,2591,5233.33,39050
2124,2476,5166.67,39100
2125,2418,5133.33,39100
2126,2328,5083.33,39116.7
2127,2297,5066.67,39100
2128,2360,5100,39133.3
2129,2391,5116.67,39100
2130,2392,5116.67,39116.7
2131,2329,5083.33,39133.3
2132,2266,5050,39116.7
2133,2163,4983.33,39133.3
2134,2186,5000,39133.3
2135,2126,4966.67,39133.3
2136,2265,5050,39083.3
2137,2235,5033.33,38950
2138,2692,5316.67,38900
2139,2769,5383.33,38866.7
2140,2725,5350,38983.3
2141,2559,5216.67,39016.7
2142,2590,5233.33,39033.3
2143,2678,5300,39066.7
2144,2772,5383.33,39616.7
2145,3100,5800,39300
2146,3128,5833.33,39316.7
2147,3074,5766.67,39300
2148,3058,5750,39283.3
2149,3099,5800,39283.3
2150,3045,5733.33,39300
2151,3086,5783.33,39333.3
2152,3112,5816.67,39300
2153,3162,5866.67,39283.3
2154,3191,5900,39283.3
2155,3190,5900,39266.7
2156,3176,5883.33,39283.3
2157,3278,5983.33,39333.3
2158,3263,5966.67,39333.3
2159,3246,5950,39283.3
2160,3245,5950,39266.7
2161,3242,5950,39200
2162,3187,5900,39216.7
2163,3206,5916.67,39200
2164,3229,5933.33,39266.7
2165,3208,5916.67,39233.3
2166,3189,5900,39250
2167,3228,5933.33,39250
2168,3209,5916.67,39250
2169,3227,5933.33,39233.3
2170,3226,5933.33,39200
2171,3259,5966.67,39250
2172,3344,6050,39250
2173,3366,6066.67,39250
2174,3368,6066.67,39283.3
2175,3369,6066.67,39300
2176,3348,6050,39316.7
2177,3279,5983.33,39366.7
2178,3370,6066.67,39316.7
2179,3321,6033.33,39216.7
2180,3364,6066.67,39216.7
2181,3728,6383.33,38866.7
2182,3774,6450,38950
2183,3579,6250,39216.7
2184,3491,6183.33,39233.3
2185,3474,6166.67,39233.3
2186,3489,6183.33,39200
2187,3560,6233.33,39250
2188,3512,6200,39233.3
2189,3535,6216.67,39200
2190,3510,6200,39200
2191,3473,6166.67,39200
2192,3475,6166.67,39250
2193,3452,6150,39283.3
2194,3417,6116.67,39266.7
2195,3384,6083.33,39250
2196,3323,6033.33,39250
2197,3382,6083.33,39216.7
2198,3399,6100,39216.7
2199,3450,6150,39250
2200,3490,6183.33,39216.7
2201,3511,6200,39216.7
2202,3558,6233.33,39216.7
2203,3537,6216.67,39233.3
2204,3513,6200,39250
2205,3602,6266.67,39233.3
2206,3580,6250,39233.3
2207,3582,6250,39266.7
2208,3581,6250,39250
2209,3538,6216.67,39250
2210,3541,6216.67,39300
2211,3515,6200,39283.3
2212,3564,6233.33,39350
2213,3542,6216.67,39316.7
2214,3517,6200,39350
2215,3498,6183.33,39366.7
2216,3516,6200,39316.7
2217,3477,6166.67,39283.3
2218,3492,6183.33,39250
2219,3559,6233.33,39233.3
2220,3603,6266.67,39250
2221,3557,6233.33,39200
2222,3536,6216.67,39216.7
2223,3539,6216.67,39266.7
2224,3562,6233.33,39283.3
2225,3561,6233.33,39266.7
2226,3479,6166.67,39350
2227,3435,6133.33,39266.7
2228,3434,6133.33,39250
2229,3449,6150,39233.3
2230,3447,6150,39200
2231,3472,6166.67,39183.3
2232,3604,6266.67,39266.7
2233,3666,6316.67,39283.3
2234,3649,6300,39283.3
2235,3622,6283.33,39283.3
2236,3915,6733.33,39216.7
2237,3916,6733.33,39233.3
2238,3996,6850,39283.3
2239,3988,6833.33,39333.3
2240,3924,6750,39283.3
2241,3987,6833.33,39283.3
2242,4009,6866.67,39300
2243,4020,6883.33,39333.3
2244,3995,6850,39250
2245,4025,6900,39266.7
2246,4060,6950,39150
2247,3931,6766.67,39133.3
2248,3865,6650,39100
2249,3876,6666.67,39050
2250,3903,6716.67,39066.7
2251,3893,6700,39033.3
2252,3844,6600,39066.7
2253,3488,6183.33,38766.7
2254,3205,5916.67,38616.7
2255,3083,5783.33,38850
2256,2825,5416.67,38683.3
2257,2824,5416.67,38633.3
2258,2796,5400,38666.7
2259,2608,5250,38666.7
2260,2548,5216.67,38716.7
2261,2549,5216.67,38733.3
2262,2516,5200,38716.7
2263,2630,5266.67,38700
2264,2607,5250,38650
2265,2609,5250,38716.7
2266,2547,5216.67,38683.3
2267,2631,5266.67,38716.7
2268,2632,5266.67,38766.7
2269,2651,5283.33,38783.3
2270,2610,5250,38783.3
2271,2612,5250,38816.7
2272,2652,5283.33,38833.3
2273,2634,5266.67,38816.7
2274,2587,5233.33,38800
2275,2585,5233.33,38733.3
2276,2518,5200,38750
2277,2586,5233.33,38766.7
2278,2550,5216.67,38766.7
2279,2517,5200,38733.3
2280,2384,5116.67,38700
2281,2413,5133.33,38733.3
2282,2385,5116.67,38716.7
2283,2355,5100,38783.3
2284,2356,5100,38800
2285,2387,5116.67,38816.7
2286,2522,5200,38850
2287,2521,5200,38833.3
2288,2520,5200,38800
2289,2552,5216.67,38800
2290,2492,5183.33,38766.7
2291,2551,5216.67,38783.3
2292,2448,5150,38766.7
2293,2414,5133.33,38766.7
2294,2386,5116.67,38733.3
2295,2293,5066.67,38783.3
2296,2208,5016.67,38766.7
2297,2207,5016.67,38616.7
2298,2120,4966.67,38783.3
2299,2237,5033.33,39050
2300,2264,5050,39050
2301,2185,5000,39066.7
2302,2498,5183.33,39650
2303,2658,5283.33,39750
2304,2660,5283.33,39783.3
2305,2621,5250,39800
2306,2568,5216.67,39783.3
2307,2478,5166.67,39750
2308,2531,5200,39750
2309,2499,5183.33,39750
2310,2397,5116.67,39750
2311,2398,5116.67,39766.7
2312,2395,5116.67,39716.7
2313,2424,5133.33,39733.3
2314,2458,5150,39800
2315,2459,5150,39816.7
2316,2502,5183.33,39800
2317,2501,5183.33,39783.3
2318,2460,5150,39833.3
2319,2400,5116.67,39800
2320,2455,5150,39750
2321,2428,5133.33,39800
2322,2367,5100,39800
2323,2275,5050,39816.7
2324,2196,5000,39833.3
2325,2246,5033.33,39816.7
2326,2175,4983.33,39850
2327,2174,4983.33,39833.3
2328,2134,4966.67,39800
2329,2171,4983.33,39783.3
2330,2066,4933.33,39733.3
2331,2129,4966.67,39716.7
2332,2214,5016.67,39733.3
2333,2242,5033.33,39750
2334,2241,5033.33,39733.3
2335,2188,5000,39700
2336,2269,5050,39700
2337,2399,5116.67,39783.3
2338,2368,5100,39816.7
2339,2136,4966.67,39833.3
2340,2176,4983.33,39866.7
2341,2220,5016.67,39833.3
2342,2172,4983.33,39800
2343,2135,4966.67,39816.7
2344,2218,5016.67,39800
2345,2169,4983.33,39750
2346,2304,5066.67,39766.7
2347,2366,5100,39783.3
2348,2427,5133.33,39783.3
2349,2426,5133.33,39766.7
2350,2457,5150,39783.3
2351,2365,5100,39766.7
2352,2335,5083.33,39766.7
2353,2303,5066.67,39750
2354,2300,5066.67,39700
2355,2302,5066.67,39733.3
2356,2271,5050,39733.3
2357,2270,5050,39716.7
2358,2240,5033.33,39716.7
2359,2128,4966.67,39683.3
2360,2095,4950,39683.3
2361,2165,4983.33,39683.3
2362,2133,4966.67,39783.3
2363,2043,4916.67,39733.3
2364,2065,4933.33,39716.7
2365,2191,5000,39750
2366,2213,5016.67,39716.7
2367,2239,5033.33,39700
2368,2212,5016.67,39700
2369,2238,5033.33,39683.3
2370,2268,5050,39683.3
2371,2096,4950,39716.7
2372,2097,4950,39733.3
2373,2164,4983.33,39666.7
2374,2127,4966.67,39666.7
2375,1914,4833.33,39200
2376,1792,4750,39166.7
2377,1754,4716.67,39100
2378,1729,4683.33,39200
2379,1771,4733.33,39166.7
2380,1814,4766.67,39166.7
2381,1858,4800,39150
2382,1832,4783.33,39150
2383,1968,4866.67,39200
2384,1945,4850,39150
2385,1966,4866.67,39116.7
2386,2090,4950,39066.7
2387,2124,4966.67,39083.3
2388,2327,5083.33,39100
2389,2298,5066.67,39116.7
2390,2494,5183.33,39000
2391,2525,5200,39050
2392,2527,5200,39083.3
2393,2562,5216.67,39083.3
2394,2526,5200,39066.7
2395,2561,5216.67,39066.7
2396,2654,5283.33,39066.7
2397,2676,5300,39033.3
2398,2635,5266.67,39066.7
2399,2495,5183.33,39050
2400,2358,5100,39016.7
2401,2416,5133.33,38966.7
2402,2122,4966.67,38966.7
2403,2184,5000,39016.7
2404,2236,5033.33,39033.3
2405,2263,5050,39033.3
2406,2210,5016.67,39033.3
2407,2159,4983.33,38966.7
2408,2009,4900,38950
2409,1962,4866.67,38833.3
2410,1825,4783.33,38766.7
2411,1580,4500,38900
2412,1826,4783.33,38783.3
2413,1660,4600,38866.7
2414,1620,4550,38616.7
2415,1648,4583.33,38383.3
2416,1578,4500,38383.3
2417,1646,4583.33,38316.7
2418,1664,4616.67,38233.3
2419,1587,4516.67,38200
2420,1604,4533.33,38233.3
2421,1617,4550,38216.7
2422,1644,4583.33,38200
2423,1570,4483.33,38233.3
2424,1542,4433.33,38300
2425,1452,4266.67,38050
2426,1373,4133.33,37950
2427,1397,4183.33,38000
2428,1408,4200,37933.3
2429,1342,4033.33,37800
2430,1223,3716.67,37800
2431,1379,4150,37816.7
2432,1614,4550,37683.3
2433,1735,4700,38033.3
2434,1673,4633.33,37766.7
2435,1629,4566.67,37983.3
2436,1654,4600,38066.7
2437,1736,4700,38083.3
2438,1782,4750,38033.3
2439,1725,4683.33,38066.7
2440,1689,4650,38050
2441,1675,4633.33,38166.7
2442,1589,4516.67,38233.3
2443,1603,4533.33,38216.7
2444,1588,4516.67,38216.7
2445,1631,4566.67,38250
2446,1645,4583.33,38250
2447,1655,4600,38266.7
2448,1656,4600,38333.3
2449,1657,4600,38350
2450,1635,4566.67,38400
2451,1619,4550,38416.7
2452,1680,4633.33,38433.3
2453,1659,4600,38433.3
2454,1712,4666.67,38383.3
2455,1634,4566.67,38333.3
2456,1647,4583.33,38350
2457,1665,4616.67,38283.3
2458,1605,4533.33,38400
2459,1738,4700,38283.3
2460,1727,4683.33,38366.7
2461,1692,4650,38333.3
2462,1678,4633.33,38300
2463,1632,4566.67,38283.3
2464,1633,4566.67,38300
2465,1666,4616.67,38300
2466,1591,4516.67,38383.3
2467,1590,4516.67,38350
2468,1592,4516.67,38400
2469,1606,4533.33,38416.7
2470,1593,4516.67,38416.7
2471,1579,4500,38500
2472,1667,4616.67,38483.3
2473,1695,4650,38516.7
2474,1878,4816.67,38533.3
2475,1986,4883.33,38650
2476,2007,4900,38566.7
2477,1957,4866.67,38500
2478,1984,4883.33,38466.7
2479,1985,4883.33,38483.3
2480,1959,4866.67,38583.3
2481,1808,4766.67,38633.3
2482,1961,4866.67,38800
2483,1941,4850,38766.7
2484,2158,4983.33,38766.7
2485,2059,4933.33,38900
2486,1910,4833.33,38816.7
2487,1857,4800,38800
2488,1827,4783.33,38816.7
2489,2037,4916.67,38766.7
2490,2058,4933.33,38783.3
2491,2233,5033.33,38883.3
2492,2086,4950,38883.3
2493,2087,4950,38916.7
2494,2088,4950,38933.3
2495,2121,4966.67,38950
2496,2449,5150,38900
2497,2557,5216.67,38883.3
2498,2743,5366.67,38966.7
2499,2742,5366.67,38950
2500,2798,5400,38866.7
2501,2826,5416.67,38850
2502,2849,5433.33,38933.3
2503,2883,5466.67,38950
2504,2867,5450,38950
2505,2990,5633.33,38900
2506,2967,5600,38883.3
2507,2674,5300,38783.3
2508,2848,5433.33,38700
2509,2633,5266.67,38800
2510,2613,5250,38833.3
2511,2556,5216.67,38866.7
2512,2389,5116.67,39066.7
2513,2390,5116.67,39083.3
2514,2326,5083.33,39083.3
2515,2161,4983.33,39083.3
2516,2091,4950,39083.3
2517,2062,4933.33,39100
2518,1912,4833.33,39100
2519,1880,4816.67,39050
2520,1963,4866.67,39033.3
2521,1829,4783.33,39050
2522,1812,4766.67,39083.3
2523,1770,4733.33,39116.7
2524,1943,4850,39083.3
2525,1809,4766.67,39033.3
2526,1790,4750,39050
2527,1810,4766.67,39050
2528,1967,4866.67,39150
2529,2011,4900,39050
2530,2038,4916.67,38966.7
2531,2123,4966.67,38983.3
2532,1965,4866.67,39100
2533,1944,4850,39133.3
2534,1913,4833.33,39150
2535,1881,4816.67,39150
2536,2187,5000,39666.7
2537,2014,4900,39733.3
2538,2042,4916.67,39716.7
2539,2167,4983.33,39716.7
2540,2190,5000,39733.3
2541,2215,5016.67,39750
2542,2217,5016.67,39783.3
2543,2216,5016.67,39766.7
2544,2192,5000,39766.7
2545,2170,4983.33,39766.7
2546,2244,5033.33,39783.3
2547,2243,5033.33,39766.7
2548,2272,5050,39750
2549,2245,5033.33,39800
2550,2193,5000,39783.3
2551,2194,5000,39800
2552,2307,5066.67,39816.7
2553,2401,5116.67,39816.7
2554,2308,5066.67,39966.7
2555,2101,4950,39866.7
2556,2173,4983.33,39816.7
2557,2195,5000,39816.7
2558,2338,5083.33,39816.7
2559,2306,5066.67,39800
2560,2274,5050,39783.3
2561,2305,5066.67,39783.3
2562,2337,5083.33,39800
2563,2219,5016.67,39816.7
2564,2166,4983.33,39700
2565,2330,5083.33,39633.3
2566,2267,5050,39650
2567,2331,5083.33,39700
2568,2361,5100,39700
2569,2334,5083.33,39750
2570,2273,5050,39766.7
2571,2364,5100,39750
2572,2332,5083.33,39716.7
2573,2301,5066.67,39716.7
2574,2336,5083.33,39783.3
2575,2333,5083.33,39733.3
2576,2423,5133.33,39716.7
2577,2425,5133.33,39750
2578,2363,5100,39733.3
2579,2396,5116.67,39733.3
2580,2362,5100,39716.7
2581,2394,5116.67,39700
2582,2299,5066.67,39650
2583,2417,5133.33,39083.3
2584,2451,5150,39083.3
2585,2497,5183.33,39100
2586,2496,5183.33,39066.7
2587,2450,5150,38983.3
2588,2524,5200,39033.3
2589,2523,5200,39016.7
2590,2388,5116.67,39016.7
2591,2325,5083.33,39066.7
2592,2296,5066.67,39083.3
2593,2359,5100,39066.7
2594,2295,5066.67,39050
2595,2211,5016.67,39083.3
2596,1964,4866.67,39066.7
2597,1942,4850,39066.7
2598,2061,4933.33,39050
2599,2160,4983.33,39033.3
2600,2162,4983.33,39100
2601,2125,4966.67,39116.7
2602,2092,4950,39100
2603,2093,4950,39133.3
2604,2063,4933.33,39116.7
2605,2012,4900,39066.7
2606,2040,4916.67,39100
2607,2010,4900,39033.3
2608,2060,4933.33,38933.3
2609,2008,4900,38933.3
2610,2039,4916.67,38983.3
2611,2089,4950,38950
2612,2261,5050,38933.3
2613,2234,5033.33,38933.3
2614,2262,5050,38950
2615,2294,5066.67,38916.7
2616,2589,5233.33,38983.3
2617,2560,5216.67,39033.3
2618,2771,5383.33,39016.7
2619,3110,5816.67,39216.7
2620,3084,5783.33,39216.7
2621,3142,5850,39216.7
2622,3160,5866.67,39250
2623,3125,5833.33,39233.3
2624,3111,5816.67,39283.3
2625,3175,5883.33,39266.7
2626,3230,5933.33,39283.3
2627,3261,5966.67,39283.3
2628,3274,5983.33,39250
2629,3275,5983.33,39266.7
2630,3292,6000,39250
2631,3276,5983.33,39283.3
2632,3347,6050,39300
2633,3371,6066.67,39333.3
2634,3404,6100,39300
2635,3494,6183.33,39283.3
2636,3451,6150,39266.7
2637,3453,6150,39300
2638,3496,6183.33,39316.7
2639,3495,6183.33,39300
2640,3478,6166.67,39300
2641,3437,6133.33,39300
2642,3418,6116.67,39283.3
2643,3367,6066.67,39266.7
2644,3403,6100,39283.3
2645,3401,6100,39250
2646,3385,6083.33,39266.7
2647,3324,6033.33,39266.7
2648,3260,5966.67,39266.7
2649,3244,5950,39250
2650,3296,6000,39383.3
2651,3372,6066.67,39350
2652,3407,6100,39416.7
2653,3351,6050,39416.7
2654,3329,6033.33,39400
2655,3310,6016.67,39400
2656,3405,6100,39333.3
2657,3388,6083.33,39350
2658,3350,6050,39400
2659,3374,6066.67,39383.3
2660,3373,6066.67,39366.7
2661,3387,6083.33,39333.3
2662,3386,6083.33,39300
2663,3421,6116.67,39333.3
2664,3406,6100,39350
2665,3457,6150,39500
2666,3458,6150,39516.7
2667,3653,6300,39533.3
2668,3584,6250,39533.3
2669,3628,6283.33,39433.3
2670,3456,6150,39433.3
2671,3482,6166.67,39433.3
2672,3500,6183.33,39433.3
2673,3671,6316.67,39550
2674,3686,6333.33,39550
2675,3685,6333.33,39533.3
2676,3700,6350,39550
2677,3730,6383.33,39550
2678,3739,6400,39550
2679,3761,6433.33,39483.3
2680,3760,6433.33,39466.7
2681,3748,6416.67,39466.7
2682,3697,6350,39416.7
2683,3519,6200,39450
2684,3520,6200,39483.3
2685,3481,6166.67,39383.3
2686,3607,6266.67,39416.7
2687,3624,6283.33,39350
2688,3650,6300,39366.7
2689,3651,6300,39383.3
2690,3626,6283.33,39383.3
2691,3625,6283.33,39366.7
2692,3563,6233.33,39333.3
2693,3540,6216.67,39283.3
2694,3583,6250,39283.3
2695,3648,6300,39266.7
2696,3665,6316.67,39266.7
2697,3623,6283.33,39333.3
2698,3605,6266.67,39333.3
2699,3606,6266.67,39350
2700,3667,6316.67,39366.7
2701,3668,6316.67,39383.3
2702,3565,6233.33,39366.7
2703,3566,6233.33,39400
2704,3499,6183.33,39383.3
2705,3455,6150,39416.7
2706,3439,6133.33,39366.7
2707,3480,6166.67,39366.7
2708,3440,6133.33,39416.7
2709,3518,6200,39383.3
2710,3544,6216.67,39383.3
2711,3543,6216.67,39366.7
2712,3497,6183.33,39333.3
2713,3420,6116.67,39316.7
2714,3419,6116.67,39300
2715,3402,6100,39266.7
2716,3416,6116.67,39250
2717,3433,6133.33,39216.7
2718,3415,6116.67,39216.7
2719,3400,6100,39233.3
2720,3383,6083.33,39233.3
2721,3436,6133.33,39283.3
2722,3454,6150,39333.3
2723,3514,6200,39266.7
2724,3493,6183.33,39266.7
2725,3476,6166.67,39266.7
2726,3448,6150,39216.7
2727,3342,6050,39216.7
2728,3365,6066.67,39233.3
2729,3320,6033.33,39200
2730,3341,6050,38783.3
2731,3018,5683.33,38666.7
2732,3432,6133.33,38450
2733,3362,6066.67,38500
2734,3363,6066.67,38550
2735,3487,6183.33,38600
2736,3471,6166.67,38583.3
2737,3578,6250,38666.7
2738,3509,6200,38766.7
2739,3108,5816.67,38400
2740,3225,5933.33,38416.7
2741,3361,6066.67,38233.3
2742,3302,6016.67,38033.3
2743,3486,6183.33,37983.3
2744,3157,5866.67,38216.7
2745,3098,5800,38350
2746,3037,5716.67,38333.3
2747,3172,5883.33,38600
2748,3414,6116.67,38400
2749,3746,6416.67,38433.3
2750,3826,6566.67,38400
2751,3841,6600,38350
2752,3929,6766.67,38450
2753,4005,6866.67,38566.7
2754,4130,7100,38650
2755,4229,7266.67,38766.7
2756,4258,7316.67,38733.3
2757,4282,7350,38766.7
2758,4310,7383.33,38766.7
2759,4281,7350,38666.7
2760,4209,7233.33,38650
2761,4220,7250,38783.3
2762,4283,7350,38900
2763,4185,7200,38783.3
2764,4171,7183.33,38833.3
2765,4141,7116.67,38850
2766,4105,7050,38966.7
2767,4197,7216.67,39150
2768,4082,6983.33,39283.3
2769,4143,7116.67,39400
2770,4187,7200,39416.7
2771,4150,7133.33,39516.7
2772,4172,7183.33,39400
2773,4095,7033.33,39283.3
2774,4088,7016.67,39416.7
2775,4037,6916.67,39483.3
2776,4071,6966.67,39516.7
2777,4083,6983.33,39533.3
2778,4049,6933.33,39500
2779,4008,6866.67,39266.7
2780,4081,6983.33,39100
2781,4059,6950,39100
2782,4142,7116.67,39200
2783,4251,7300,39300
2784,4198,7216.67,39416.7
2785,4210,7233.33,39416.7
2786,4166,7166.67,39500
2787,4235,7283.33,39350
2788,4324,7400,39383.3
2789,4488,7750,39333.3
2790,4493,7766.67,39350
2791,4575,7950,39416.7
2792,4560,7900,39200
2793,4487,7750,39183.3
2794,4530,7833.33,39200
2795,4383,7516.67,39283.3
2796,4515,7800,39816.7
2797,4501,7783.33,39850
2798,4553,7883.33,39683.3
2799,4566,7916.67,39650
2800,4589,7983.33,39433.3
2801,4654,8116.67,39383.3
2802,4683,8183.33,39350
2803,4616,8033.33,39266.7
2804,4662,8133.33,39166.7
2805,4607,8016.67,39033.3
2806,4776,8366.67,38766.7
2807,4919,8600,39250
2808,5060,8800,39350
2809,4801,8400,38966.7
2810,4828,8466.67,38916.7
2811,4840,8483.33,38933.3
2812,4829,8466.67,38983.3
2813,5058,8800,39066.7
2814,5152,8950,39033.3
2815,5193,9050,38866.7
2816,5224,9150,38733.3
2817,5259,9266.67,38650
2818,5304,9416.67,38450
2819,5177,9000,38800
2820,5041,8783.33,38750
2821,4987,8700,38650
2822,4950,8650,38633.3
2823,4864,8533.33,38633.3
2824,4904,8583.33,38966.7
2825,4747,8300,38666.7
2826,4822,8450,38883.3
2827,5123,8900,38833.3
2828,5124,8900,39100
2829,5102,8866.67,39166.7
2830,5142,8933.33,39000
2831,5131,8916.67,39000
2832,5057,8800,39016.7
2833,5013,8733.33,38966.7
2834,4903,8583.33,38950
2835,4848,8500,38800
2836,4734,8283.33,38866.7
2837,4661,8133.33,39000
2838,4531,7833.33,39300
2839,4443,7650,39166.7
2840,4486,7750,39033.3
2841,4631,8066.67,39133.3
2842,4802,8400,39050
2843,4696,8200,39216.7
2844,4789,8383.33,39166.7
2845,4712,8233.33,39050
2846,4499,7783.33,38250
2847,4512,7800,38150
2848,4541,7850,38000
2849,4513,7800,38316.7
2850,4514,7800,38833.3
2851,4588,7983.33,39016.7
2852,4569,7933.33,38750
2853,4788,8383.33,38550
2854,4773,8350,38550
2855,5054,8800,38466.7
2856,5223,9150,37800
2857,5248,9250,37916.7
2858,5364,9633.33,38083.3
2859,5357,9616.67,38100
2860,5342,9566.67,38133.3
2861,5291,9383.33,38800
2862,5240,9216.67,39000
2863,5328,9500,39400
2864,5329,9500,39483.3
2865,5322,9483.33,39466.7
2866,5353,9600,39033.3
2867,5380,9700,39200
2868,5305,9416.67,38983.3
2869,5209,9100,39050
2870,5332,9533.33,39466.7
2871,5333,9533.33,39516.7
2872,5310,9433.33,39433.3
2873,5288,9366.67,39416.7
2874,5300,9400,39400
2875,5343,9566.67,39316.7
2876,5359,9616.67,39250
2877,5374,9666.67,39000
2878,5398,9816.67,38966.7
2879,5409,9833.33,39066.7
2880,5399,9816.67,39050
2881,5395,9783.33,38933.3
2882,5400,9816.67,39266.7
2883,5416,9866.67,39183.3
2884,5365,9633.33,39133.3
2885,5198,9066.67,39316.7
2886,5153,8950,39316.7
2887,5091,8850,39466.7
2888,5089,8850,39333.3
2889,5103,8866.67,39233.3
2890,4929,8616.67,39300
2891,4849,8500,39250
2892,4874,8550,39150
2893,5056,8800,38900
2894,5080,8833.33,38900
2895,5275,9316.67,38566.7
2896,5379,9700,38933.3
2897,5430,9900,38716.7
2898,5529,10250,38983.3
2899,5596,10383.3,39150
2900,5603,10400,39216.7
2901,5587,10366.7,39266.7
2902,5610,10416.7,39233.3
2903,5549,10283.3,39400
2904,5494,10150,39333.3
2905,5487,10116.7,39383.3
2906,5554,10300,39366.7
2907,5597,10383.3,39633.3
2908,5589,10366.7,39783.3
2909,5518,10216.7,39900
2910,5555,10300,39883.3
2911,5538,10266.7,39950
2912,5526,10233.3,39966.7
2913,5577,10350,39933.3
2914,5576,10350,39866.7
2915,5561,10316.7,39850
2916,5656,10500,39833.3
2917,5643,10483.3,39716.7
2918,5598,10383.3,39666.7
2919,5588,10366.7,39666.7
2920,5573,10350,39666.7
2921,5537,10266.7,39600
2922,5516,10216.7,39583.3
2923,5468,10050,39450
2924,5467,10050,39000
2925,5375,9666.67,39400
2926,5397,9800,39433.3
2927,5355,9600,39416.7
2928,5348,9583.33,39366.7
2929,5354,9600,39266.7
2930,5401,9816.67,39283.3
2931,5370,9650,39066.7
2932,5377,9683.33,39550
2933,5402,9816.67,39566.7
2934,5381,9733.33,39616.7
2935,5356,9600,39516.7
2936,5360,9616.67,39500
2937,5311,9433.33,39550
2938,5250,9250,39616.7
2939,5292,9383.33,39616.7
2940,5334,9533.33,39633.3
2941,5366,9633.33,39666.7
2942,5330,9500,39650
2943,5382,9733.33,39700
2944,5418,9866.67,39600
2945,5433,9900,39633.3
2946,5454,10000,39650
2947,5432,9900,39616.7
2948,5469,10050,39500
2949,5480,10100,39633.3
2950,5481,10100,39650
2951,5492,10133.3,39633.3
2952,5495,10150,39783.3
2953,5497,10150,39866.7
2954,5496,10150,39816.7
2955,5475,10083.3,39850
2956,5560,10316.7,39833.3
2957,5517,10216.7,39750
2958,5482,10100,39666.7
2959,5455,10000,39716.7
2960,5449,9983.33,39650
2961,5450,9983.33,39800
2962,5462,10016.7,39766.7
2963,5423,9883.33,39733.3
2964,5414,9850,39583.3
2965,5413,9850,39466.7
2966,5442,9950,39566.7
2967,5448,9983.33,39400
2968,5479,10100,39416.7
2969,5474,10083.3,39383.3
2970,5447,9983.33,39383.3
2971,5417,9866.67,39250
2972,5436,9916.67,39233.3
2973,5559,10316.7,39283.3
2974,5572,10350,39266.7
2975,5567,10333.3,39283.3
2976,5571,10350,39216.7
2977,5626,10450,39250
2978,5605,10400,39516.7
2979,5639,10466.7,39550
2980,5654,10500,39516.7
2981,5568,10333.3,39416.7
2982,5700,10566.7,39333.3
2983,5683,10550,39300
2984,5682,10550,39283.3
2985,5627,10450,39450
2986,5665,10516.7,39483.3
2987,5717,10600,39516.7
2988,5703,10566.7,39616.7
2989,5712,10583.3,39733.3
2990,5711,10583.3,39700
2991,5684,10550,39483.3
2992,5701,10566.7,39550
2993,5736,10633.3,39666.7
2994,5702,10566.7,39600
2995,5890,10883.3,39616.7
2996,5860,10833.3,39666.7
2997,5871,10850,39733.3
2998,5852,10816.7,39650
2999,5806,10750,39633.3
3000,5889,10883.3,39566.7
3001,5859,10833.3,39600
3002,5792,10733.3,39616.7
3003,5805,10750,39500
3004,5655,10500,39566.7
3005,5783,10716.7,39783.3
3006,5845,10800,39833.3
3007,5834,10783.3,39883.3
3008,5810,10750,40016.7
3009,5793,10733.3,39966.7
3010,5620,10433.3,40133.3
3011,5629,10450,40200
3012,5686,10550,40333.3
3013,5606,10400,40150
3014,5628,10450,40133.3
3015,5644,10483.3,40050
3016,5666,10516.7,40083.3
3017,5727,10616.7,40200
3018,5630,10450,40350
3019,5621,10433.3,40350
3020,5614,10416.7,40333.3
3021,5646,10483.3,40416.7
3022,5657,10500,40316.7
3023,5645,10483.3,40333.3
3024,5685,10550,40250
3025,5744,10650,40166.7
3026,5578,10350,39966.7
3027,5574,10350,39816.7
3028,5575,10350,39833.3
3029,5579,10350,40033.3
3030,5612,10416.7,39983.3
3031,5519,10216.7,40116.7
3032,5532,10250,40133.3
3033,5539,10266.7,40116.7
3034,5613,10416.7,40050
3035,5580,10350,40083.3
3036,5541,10266.7,40183.3
3037,5563,10316.7,40216.7
3038,5502,10166.7,40033.3
3039,5550,10283.3,40116.7
3040,5520,10216.7,40233.3
3041,5569,10333.3,40433.3
3042,5583,10350,40433.3
3043,5582,10350,40333.3
3044,5590,10366.7,40283.3
3045,5581,10350,40250
3046,5556,10300,40200
3047,5540,10266.7,40166.7
3048,5562,10316.7,39883.3
3049,5483,10100,39950
3050,5498,10150,40016.7
3051,5510,10200,40150
3052,5607,10400,40333.3
3053,5599,10383.3,40316.7
3054,5824,10766.7,39983.3
3055,5833,10783.3,39766.7
3056,5809,10750,39750
3057,5782,10716.7,39733.3
3058,5807,10750,39683.3
3059,5832,10783.3,39383.3
3060,5823,10766.7,39400
3061,5880,10866.7,39350
3062,5822,10766.7,39316.7
3063,5842,10800,39250
3064,5878,10866.7,39266.7
3065,5918,10916.7,39166.7
3066,5884,10883.3,38983.3
3067,5819,10766.7,38900
3068,5788,10733.3,38866.7
3069,5803,10750,38833.3
3070,5816,10766.7,38733.3
3071,5818,10766.7,38850
3072,5817,10766.7,38750
3073,5856,10833.3,38633.3
3074,5869,10850,38833.3
3075,5877,10866.7,38783.3
3076,5932,10933.3,38700
3077,5990,11050,38533.3
3078,5951,10966.7,38600
3079,5900,10900,38550
3080,5875,10866.7,38566.7
3081,5931,10933.3,38433.3
3082,5899,10900,38500
3083,5766,10700,38266.7
3084,5650,10500,38033.3
3085,5733,10633.3,38116.7
3086,5592,10383.3,38350
3087,5740,10650,38500
3088,5770,10700,38533.3
3089,5698,10566.7,38800
3090,5741,10650,38883.3
3091,5699,10566.7,38933.3
3092,5652,10500,39016.7
3093,5673,10533.3,39116.7
3094,5566,10333.3,39016.7
3095,5503,10183.3,38933.3
3096,5478,10100,38950
3097,5471,10066.7,38933.3
3098,5460,10016.7,38866.7
3099,5466,10050,38700
3100,5452,10000,38633.3
3101,5473,10083.3,38683.3
3102,5508,10200,38833.3
3103,5525,10233.3,38933.3
3104,5509,10200,38850
3105,5768,10700,38433.3
3106,5815,10766.7,38233.3
3107,5913,10916.7,38250
3108,6071,11300,38450
3109,6020,11133.3,38616.7
3110,6021,11133.3,38883.3
3111,5901,10900,38800
3112,5962,10983.3,38850
3113,5985,11033.3,38966.7
3114,5953,10966.7,39000
3115,6009,11100,39100
3116,6022,11133.3,39183.3
3117,5972,11000,39016.7
3118,5829,10783.3,38900
3119,5757,10683.3,38900
3120,5747,10666.7,39000
3121,5804,10750,38950
3122,5903,10900,39116.7
3123,5905,10900,39333.3
3124,5906,10900,39350
3125,5885,10883.3,39366.7
3126,5881,10866.7,39450
3127,5954,10966.7,39366.7
3128,5887,10883.3,39400
3129,5851,10816.7,39366.7
3130,5775,10700,39533.3
3131,5776,10700,39583.3
3132,5858,10833.3,39450
3133,5886,10883.3,39383.3
3134,5966,10983.3,39450
3135,5991,11050,39333.3
3136,5965,10983.3,39366.7
3137,5964,10983.3,39283.3
3138,5974,11000,39250
3139,5919,10916.7,39300
3140,5857,10833.3,39300
3141,5791,10733.3,39350
3142,5773,10700,39366.7
3143,5772,10700,39250
3144,5850,10816.7,39150
3145,5830,10783.3,39100
3146,5849,10816.7,39133.3
3147,5831,10783.3,39133.3
3148,5780,10716.7,39133.3
3149,5723,10616.7,39116.7
3150,5716,10600,39150
3151,5774,10700,39400
3152,5725,10616.7,39400
3153,5781,10716.7,39333.3
3154,5638,10466.7,39466.7
3155,5726,10616.7,39616.7
3156,5748,10666.7,39633.3
3157,5760,10683.3,39833.3
3158,5759,10683.3,39716.7
3159,5844,10800,39666.7
3160,5861,10833.3,39716.7
3161,5862,10833.3,39750
3162,5808,10750,39700
3163,5891,10883.3,39633.3
3164,5935,10933.3,39650
3165,5934,10933.3,39600
3166,5921,10916.7,39616.7
3167,5946,10950,39566.7
3168,5955,10966.7,39583.3
3169,5945,10950,39483.3
3170,5843,10800,39550
3171,5908,10900,39533.3
3172,5888,10883.3,39516.7
3173,5920,10916.7,39550
3174,5944,10950,39416.7
3175,5907,10900,39383.3
3176,5879,10866.7,39300
3177,5992,11050,39383.3
3178,5986,11033.3,39200
3179,5981,11016.7,39200
3180,5980,11016.7,39133.3
3181,5963,10983.3,39150
3182,5904,10900,39283.3
3183,5933,10933.3,39300
3184,5943,10950,39283.3
3185,6013,11116.7,39100
3186,6004,11083.3,38966.7
3187,5961,10983.3,38816.7
3188,5952,10966.7,38866.7
3189,5914,10916.7,38750
3190,5942,10950,39100
3191,5941,10950,39050
3192,5902,10900,39016.7
3193,5917,10916.7,39066.7
3194,5973,11000,39100
3195,5915,10916.7,38900
3196,5916,10916.7,38983.3
3197,5821,10766.7,39233.3
3198,5790,10733.3,39283.3
3199,5743,10650,39333.3
3200,5724,10616.7,39266.7
3201,5742,10650,39183.3
3202,5715,10600,39133.3
3203,5681,10550,39116.7
3204,5722,10616.7,39066.7
3205,5721,10616.7,39000
3206,5710,10583.3,38950
3207,5714,10600,39066.7
3208,5664,10516.7,38983.3
3209,5595,10383.3,39033.3
3210,5634,10466.7,38983.3
3211,5840,10800,38516.7
3212,6054,11233.3,38666.7
3213,6086,11366.7,38416.7
3214,6077,11316.7,38383.3
3215,6038,11183.3,38433.3
3216,6008,11100,38200
3217,5929,10933.3,38316.7
3218,5950,10966.7,38383.3
3219,5997,11066.7,38650
3220,5876,10866.7,38633.3
3221,5848,10816.7,38600
3222,5767,10700,38416.7
3223,5801,10750,38466.7
3224,5868,10850,38383.3
3225,5786,10733.3,38633.3
3226,5828,10783.3,38483.3
3227,5778,10716.7,38483.3
3228,5769,10700,38483.3
3229,5697,10566.7,38733.3
3230,5771,10700,38783.3
3231,5802,10750,38750
3232,5841,10800,38700
3233,5787,10733.3,38666.7
3234,5651,10500,38800
3235,5547,10283.3,38916.7
3236,5633,10466.7,38933.3
3237,5594,10383.3,38916.7
3238,5536,10266.7,39000
3239,5548,10283.3,38983.3
3240,5618,10433.3,39200
3241,5530,10250,39250
3242,5431,9900,38966.7
3243,5453,10000,38983.3
3244,5358,9616.67,38383.3
3245,5287,9366.67,38166.7
3246,5408,9833.33,38466.7
3247,5412,9850,38466.7
3248,5507,10200,38483.3
3249,5593,10383.3,38766.7
3250,5565,10333.3,38733.3
3251,5465,10050,38600
3252,5389,9766.67,38533.3
3253,5407,9833.33,38450
3254,5376,9683.33,38016.7
3255,5369,9650,38066.7
3256,5388,9766.67,37933.3
3257,5426,9900,38066.7
3258,5435,9916.67,38283.3
3259,5459,10016.7,38416.7
3260,5472,10083.3,38433.3
3261,5444,9966.67,38333.3
3262,5441,9950,38300
3263,5428,9900,38366.7
3264,5422,9883.33,38400
3265,5464,10050,38516.7
3266,5429,9900,38400
3267,5427,9900,38133.3
3268,5425,9900,38050
3269,5514,10216.7,38066.7
3270,5546,10283.3,38300
3271,5553,10300,38500
3272,5491,10133.3,38450
3273,5500,10166.7,38400
3274,5486,10116.7,38466.7
3275,5535,10266.7,38633.3
3276,5515,10216.7,38750
3277,5528,10250,38700
3278,5586,10366.7,38450
3279,5524,10233.3,38616.7
3280,5734,10633.3,38666.7
3281,5709,10583.3,38733.3
3282,5735,10633.3,38700
3283,5756,10683.3,38833.3
3284,5779,10716.7,38800
3285,5746,10666.7,38900
3286,5870,10850,39133.3
3287,5789,10733.3,38983.3
3288,5820,10766.7,39133.3
3289,5758,10683.3,39183.3
3290,5653,10500,39050
3291,5635,10466.7,39083.3
3292,5636,10466.7,39133.3
3293,5609,10416.7,39166.7
3294,5619,10433.3,39300
3295,5641,10483.3,39333.3
3296,5637,10466.7,39383.3
3297,5611,10416.7,39350
3298,5642,10483.3,39400
3299,5604,10400,39450
3300,5531,10250,39483.3
3301,5501,10166.7,39566.7
3302,5461,10016.7,39583.3
3303,5403,9816.67,39583.3
3304,5404,9816.67,39733.3
3305,5371,9650,39700
3306,5361,9616.67,39516.7
3307,5306,9416.67,39600
3308,5241,9216.67,39616.7
3309,5302,9400,39583.3
3310,5301,9400,39433.3
3311,5276,9316.67,39633.3
3312,5303,9400,39600
3313,5194,9050,39333.3
3314,5231,9166.67,39350
3315,5245,9233.33,39283.3
3316,5249,9250,39400
3317,5264,9283.33,39433.3
3318,5236,9200,39600
3319,5216,9133.33,39583.3
3320,5210,9100,39550
3321,5125,8900,39333.3
3322,5161,8966.67,39500
3323,5143,8933.33,39516.7
3324,5110,8883.33,39500
3325,5015,8733.33,39400
3326,5023,8750,39400
3327,5090,8850,39450
3328,5059,8800,39233.3
3329,5022,8750,39316.7
3330,5014,8733.33,39183.3
3331,4888,8566.67,39050
3332,4790,8383.33,39200
3333,4748,8300,39216.7
3334,4672,8150,39150
3335,4632,8066.67,39216.7
3336,4622,8050,39400
3337,4704,8216.67,39183.3
3338,4729,8266.67,39333.3
3339,4810,8416.67,39283.3
3340,4850,8500,39283.3
3341,4803,8400,39283.3
3342,4590,7983.33,39650
3343,4543,7850,39800
3344,4481,7733.33,39866.7
3345,4591,7983.33,39766.7
3346,4494,7766.67,39866.7
3347,4451,7666.67,39866.7
3348,4425,7616.67,39266.7
3349,4500,7783.33,39283.3
3350,4466,7700,39283.3
3351,4459,7683.33,39200
3352,4301,7366.67,39033.3
3353,4232,7283.33,39200
3354,4371,7500,39266.7
3355,4413,7583.33,39100
3356,4323,7400,39333.3
3357,4234,7283.33,39283.3
3358,4221,7250,39233.3
3359,4186,7200,39166.7
3360,4164,7166.67,39233.3
3361,4233,7283.33,39216.7
3362,4270,7333.33,39300
3363,4259,7316.67,39300
3364,4165,7166.67,39300
3365,4250,7300,39200
3366,4284,7350,39066.7
3367,4156,7150,38883.3
3368,3902,6716.67,38666.7
3369,3952,6800,38316.7
3370,3939,6783.33,38200
3371,3922,6750,38116.7
3372,3856,6633.33,38250
3373,3817,6533.33,38183.3
3374,3758,6433.33,38333.3
3375,3771,6450,38333.3
3376,3736,6400,38350
3377,3647,6300,38100
3378,3397,6100,37833.3
3379,3381,6083.33,37583.3
3380,3339,6050,37633.3
3381,3301,6016.67,37750
3382,3446,6150,37966.7
3383,3202,5916.67,37816.7
3384,3600,6266.67,37550
3385,3508,6200,37766.7
3386,3445,6150,37600
3387,3533,6216.67,37566.7
3388,3620,6283.33,37483.3
3389,3663,6316.67,37383.3
3390,3396,6100,37566.7
3391,3270,5983.33,37216.7
3392,3359,6066.67,37366.7
3393,3619,6283.33,37183.3
3394,3412,6116.67,37200
3395,3413,6116.67,37383.3
3396,3081,5783.33,37183.3
3397,3358,6066.67,36966.7
3398,3599,6266.67,37100
3399,3920,6750,37350
3400,4069,6966.67,37083.3
3401,4382,7516.67,37500
3402,4403,7566.67,37016.7
3403,4497,7783.33,36766.7
3404,4613,8033.33,36833.3
3405,4695,8200,36700
3406,4787,8383.33,36666.7
3407,4959,8666.67,36416.7
3408,5122,8900,36733.3
3409,5068,8816.67,36800
3410,4846,8500,36700
3411,4815,8433.33,36683.3
3412,4996,8716.67,36666.7
3413,4839,8483.33,36700
3414,4975,8683.33,36716.7
3415,4960,8666.67,36800
3416,4997,8716.67,36833.3
3417,5012,8733.33,36850
3418,5130,8916.67,36833.3
3419,5190,9033.33,36833.3
3420,5140,8933.33,36766.7
3421,5079,8833.33,36800
3422,4918,8600,36733.3
3423,5011,8733.33,36683.3
3424,4733,8283.33,36666.7
3425,4772,8350,36666.7
3426,4510,7800,36700
3427,4474,7716.67,36733.3
3428,4381,7516.67,36650
3429,4411,7583.33,36666.7
3430,4268,7333.33,36733.3
3431,4170,7183.33,36933.3
3432,4109,7066.67,36900
3433,4031,6916.67,37416.7
3434,4033,6916.67,37583.3
3435,3979,6833.33,37633.3
3436,3927,6766.67,37816.7
3437,3840,6600,37866.7
3438,3928,6766.67,37900
3439,3951,6800,37783.3
3440,4003,6866.67,37850
3441,4016,6883.33,37816.7
3442,3980,6833.33,37816.7
3443,3981,6833.33,37900
3444,3910,6733.33,38016.7
3445,4018,6883.33,38033.3
3446,3982,6833.33,38166.7
3447,3953,6800,38650
3448,4048,6933.33,38716.7
3449,4104,7050,38800
3450,4342,7433.33,38583.3
3451,4196,7216.67,38350
3452,4430,7633.33,37983.3
3453,4511,7800,38033.3
3454,4586,7983.33,37850
3455,4615,8033.33,37816.7
3456,4653,8116.67,38016.7
3457,4677,8166.67,38016.7
3458,4552,7883.33,38483.3
3459,4559,7900,38633.3
3460,4565,7916.67,38650
3461,4587,7983.33,38783.3
3462,4568,7933.33,38666.7
3463,4321,7400,38700
3464,4431,7633.33,39050
3465,4480,7733.33,38950
3466,4343,7433.33,39116.7
3467,4419,7600,39083.3
3468,4322,7400,38966.7
3469,4285,7350,39100
3470,4112,7066.67,38966.7
3471,4058,6950,39016.7
3472,4006,6866.67,38950
3473,3985,6833.33,38866.7
3474,3955,6800,38900
3475,3912,6733.33,38783.3
3476,3911,6733.33,38733.3
3477,3954,6800,38716.7
3478,3892,6700,38733.3
3479,3862,6650,38550
3480,3883,6683.33,38600
3481,3863,6650,38616.7
3482,3884,6683.33,38650
3483,3829,6566.67,38850
3484,3806,6516.67,38916.7
3485,3759,6433.33,38900
3486,3801,6500,38933.3
3487,3831,6566.67,39033.3
3488,3807,6516.67,38983.3
3489,3795,6483.33,39000
3490,3830,6566.67,38966.7
3491,3783,6466.67,38833.3
3492,3843,6600,38866.7
3493,3818,6533.33,38866.7
3494,3914,6733.33,39033.3
3495,3942,6783.33,39050
3496,3923,6750,39100
3497,3943,6783.33,39200
3498,3956,6800,39216.7
3499,3932,6766.67,39166.7
3500,3877,6666.67,39216.7
3501,3858,6633.33,39183.3
3502,3866,6650,39200
3503,3888,6683.33,39200
3504,3994,6850,39233.3
3505,4080,6983.33,38933.3
3506,4023,6900,39066.7
3507,4024,6900,39116.7
3508,4007,6866.67,39183.3
3509,3967,6816.67,39216.7
3510,3957,6800,39250
3511,3986,6833.33,39266.7
3512,3968,6816.67,39316.7
3513,3944,6783.33,39266.7
3514,3958,6800,39283.3
3515,3945,6783.33,39283.3
3516,3933,6766.67,39200
3517,3887,6683.33,38900
3518,3941,6783.33,38833.3
3519,4019,6883.33,38700
3520,3864,6650,38833.3
3521,3800,6500,38866.7
3522,3784,6466.67,38866.7
3523,3857,6633.33,38783.3
3524,3984,6833.33,38683.3
3525,3940,6783.33,38583.3
3526,4070,6966.67,38250
3527,4163,7166.67,38200
3528,4079,6983.33,38583.3
3529,3938,6783.33,37916.7
3530,4036,6916.67,38216.7
3531,4084,7000,38283.3
3532,3983,6833.33,38183.3
3533,4017,6883.33,37850
3534,3937,6783.33,37766.7
3535,4004,6866.67,37883.3
3536,3950,6800,37733.3
3537,3874,6666.67,37816.7
3538,3757,6433.33,37533.3
3539,3835,6583.33,37933.3
3540,3824,6566.67,37950
3541,3875,6666.67,38133.3
3542,3855,6633.33,38166.7
3543,3825,6566.67,38300
3544,3398,6100,37916.7
3545,3340,6050,37716.7
3546,3300,6016.67,37633.3
3547,3319,6033.33,37716.7
3548,3137,5850,37600
3549,3003,5666.67,37583.3
3550,2962,5600,37716.7
3551,2994,5650,37750
3552,2891,5483.33,37900
3553,2934,5550,37850
3554,2988,5633.33,37883.3
3555,3040,5733.33,37800
3556,3156,5866.67,38100
3557,3056,5750,38266.7
3558,3028,5700,38300
3559,2989,5633.33,38133.3
3560,2917,5516.67,38050
3561,2926,5533.33,38083.3
3562,2865,5450,38166.7
3563,2846,5433.33,38066.7
3564,2821,5416.67,38250
3565,2648,5283.33,38316.7
3566,2545,5216.67,38333.3
3567,2443,5150,38316.7
3568,2690,5316.67,38333.3
3569,2767,5383.33,38233.3
3570,2765,5383.33,38166.7
3571,2937,5550,38150
3572,2907,5500,38183.3
3573,2896,5483.33,38383.3
3574,2928,5533.33,38400
3575,2927,5533.33,38300
3576,2877,5466.67,38333.3
3577,2895,5483.33,38316.7
3578,2909,5500,38350
3579,2878,5466.67,38416.7
3580,2955,5583.33,38483.3
3581,2974,5616.67,38566.7
3582,2966,5600,38666.7
3583,2910,5500,38616.7
3584,2946,5566.67,38500
3585,2823,5416.67,38533.3
3586,2795,5400,38550
3587,2671,5300,38466.7
3588,2880,5466.67,38566.7
3589,3057,5750,38866.7
3590,2918,5516.67,38966.7
3591,2898,5483.33,38900
3592,2828,5416.67,38900
3593,2827,5416.67,38883.3
3594,2897,5483.33,38866.7
3595,2956,5583.33,38933.3
3596,2938,5550,38966.7
3597,2930,5533.33,38933.3
3598,2911,5500,38950
3599,2884,5466.67,38966.7
3600,2882,5466.67,38900
3601,2868,5450,38966.7
3602,2802,5400,39000
3603,2869,5450,38983.3
3604,2850,5433.33,38966.7
3605,2801,5400,38983.3
3606,2803,5400,39016.7
3607,2677,5300,39050
3608,2712,5333.33,39016.7
3609,2711,5333.33,38983.3
3610,2744,5366.67,38983.3
3611,2770,5383.33,38966.7
3612,2724,5350,38966.7
3613,2710,5333.33,38933.3
3614,2797,5400,38816.7
3615,2675,5300,38966.7
3616,2558,5216.67,38983.3
3617,2554,5216.67,38833.3
3618,2474,5166.67,38783.3
3619,2475,5166.67,38866.7
3620,2415,5133.33,38816.7
3621,2412,5133.33,38716.7
3622,2322,5083.33,38716.7
3623,2320,5083.33,38650
3624,2353,5100,38633.3
3625,2649,5283.33,38600
3626,2628,5266.67,38583.3
3627,2512,5200,38533.3
3628,2672,5300,38550
3629,2723,5350,38650
3630,2629,5266.67,38683.3
3631,2473,5166.67,38566.7
3632,2445,5150,38483.3
3633,2381,5116.67,38400
3634,2288,5066.67,38366.7
3635,2205,5016.67,38383.3
3636,2230,5033.33,38433.3
3637,2155,4983.33,38466.7
3638,2203,5016.67,38333.3
3639,2252,5050,38333.3
3640,2228,5033.33,38400
3641,2151,4983.33,38366.7
3642,2289,5066.67,38383.3
3643,2349,5100,38400
3644,2380,5116.67,38383.3
3645,2253,5050,38400
3646,2032,4916.67,38316.7
3647,2150,4983.33,38350
3648,2002,4900,38366.7
3649,1933,4850,38350
3650,1904,4833.33,38333.3
3651,1848,4800,38283.3
3652,1845,4800,38216.7
3653,1821,4783.33,38333.3
3654,1847,4800,38266.7
3655,1739,4700,38383.3
3656,1785,4750,38400
3657,1938,4850,38516.7
3658,1939,4850,38533.3
3659,1958,4866.67,38533.3
3660,1908,4833.33,38566.7
3661,1854,4800,38500
3662,1693,4650,38383.3
3663,1711,4666.67,38366.7
3664,1749,4716.67,38383.3
3665,1751,4716.67,38416.7
3666,1876,4816.67,38416.7
3667,1871,4816.67,38300
3668,1929,4850,38283.3
3669,1899,4833.33,38250
3670,1846,4800,38250
3671,1869,4816.67,38233.3
3672,1849,4800,38316.7
3673,1822,4783.33,38350
3674,1787,4750,38466.7
3675,1907,4833.33,38516.7
3676,1807,4766.67,38483.3
3677,1877,4816.67,38433.3
3678,1853,4800,38433.3
3679,1851,4800,38366.7
3680,1931,4850,38316.7
3681,1979,4883.33,38283.3
3682,2116,4966.67,38316.7
3683,2149,4983.33,38300
3684,2115,4966.67,38266.7
3685,2202,5016.67,38266.7
3686,2227,5033.33,38283.3
3687,2287,5066.67,38300
3688,2316,5083.33,38366.7
3689,2410,5133.33,38416.7
3690,2350,5100,38433.3
3691,2490,5183.33,38400
3692,2689,5316.67,38133.3
3693,2708,5333.33,38200
3694,2791,5400,38050
3695,2763,5383.33,38016.7
3696,2741,5366.67,38033.3
3697,2762,5383.33,38000
3698,2721,5350,38000
3699,2605,5250,38116.7
3700,2670,5300,38316.7
3701,2472,5166.67,38416.7
3702,2409,5133.33,38400
3703,2444,5150,38366.7
3704,2471,5166.67,38133.3
3705,2314,5083.33,38200
3706,2315,5083.33,38216.7
3707,2408,5133.33,38283.3
3708,2379,5116.67,38250
3709,2204,5016.67,38350
3710,2181,5000,38333.3
3711,2117,4966.67,38416.7
3712,2118,4966.67,38483.3
3713,2156,4983.33,38483.3
3714,2229,5033.33,38416.7
3715,2231,5033.33,38500
3716,2004,4900,38433.3
3717,2083,4950,38416.7
3718,2054,4933.33,38450
3719,1934,4850,38366.7
3720,2003,4900,38400
3721,1954,4866.67,38433.3
3722,2005,4900,38450
3723,2036,4916.67,38500
3724,2055,4933.33,38466.7
3725,2035,4916.67,38483.3
3726,1956,4866.67,38466.7
3727,1955,4866.67,38450
3728,1752,4716.67,38450
3729,1786,4750,38450
3730,1767,4733.33,38450
3731,1935,4850,38416.7
3732,1983,4883.33,38450
3733,2153,4983.33,38400
3734,2006,4900,38466.7
3735,1982,4883.33,38433.3
3736,1936,4850,38466.7
3737,2056,4933.33,38500
3738,2182,5000,38433.3
3739,2154,4983.33,38433.3
3740,2033,4916.67,38433.3
3741,2034,4916.67,38450
3742,1981,4883.33,38366.7
3743,1875,4816.67,38400
3744,1824,4783.33,38416.7
3745,1937,4850,38500
3746,1906,4833.33,38466.7
3747,1852,4800,38416.7
3748,1806,4766.67,38416.7
3749,1805,4766.67,38366.7
3750,1823,4783.33,38366.7
3751,1905,4833.33,38383.3
3752,1903,4833.33,38316.7
3753,1820,4783.33,38283.3
3754,1874,4816.67,38366.7
3755,1850,4800,38333.3
3756,1872,4816.67,38333.3
3757,1870,4816.67,38283.3
3758,1902,4833.33,38300
3759,1930,4850,38300
3760,1932,4850,38333.3
3761,1766,4733.33,38400
3762,1873,4816.67,38350
3763,1997,4900,38050
3764,2079,4950,38083.3
3765,2078,4950,38066.7
3766,2114,4966.67,37900
3767,2924,5533.33,37966.7
3768,2904,5500,37983.3
3769,2944,5566.67,37950
3770,2943,5566.67,37933.3
3771,2892,5483.33,38016.7
3772,2875,5466.67,38016.7
3773,2766,5383.33,38183.3
3774,2820,5416.67,38200
3775,2866,5450,38266.7
3776,2794,5400,38350
3777,2722,5350,38233.3
3778,2709,5333.33,38216.7
3779,2606,5250,38350
3780,2489,5183.33,38133.3
3781,2544,5216.67,38116.7
3782,2584,5233.33,38116.7
3783,2669,5300,38066.7
3784,2286,5066.67,38133.3
3785,2226,5033.33,38116.7
3786,2080,4950,38116.7
3787,2052,4933.33,38050
3788,1802,4766.67,38133.3
3789,1764,4733.33,38116.7
3790,1708,4666.67,38166.7
3791,1630,4566.67,38200
3792,1562,4466.67,38183.3
3793,1467,4300,37900
3794,1513,4366.67,37833.3
3795,1484,4333.33,37866.7
3796,1472,4316.67,37850
3797,1483,4333.33,37850
3798,1577,4500,37900
3799,1615,4550,37866.7
3800,1560,4466.67,38016.7
3801,1559,4466.67,37916.7
3802,1561,4466.67,38066.7
3803,1515,4366.67,38050
3804,1468,4300,38033.3
3805,1534,4416.67,38450
3806,1618,4550,38350
3807,1658,4600,38383.3
3808,1741,4700,38450
3809,1768,4733.33,38466.7
3810,1713,4666.67,38416.7
3811,1649,4583.33,38466.7
3812,1681,4633.33,38483.3
3813,1694,4650,38466.7
3814,1679,4633.33,38383.3
3815,1691,4650,38316.7
3816,1709,4666.67,38266.7
3817,1900,4833.33,38266.7
3818,1843,4800,38183.3
3819,1868,4816.67,38200
3820,1953,4866.67,38216.7
3821,2000,4900,38250
3822,1978,4883.33,38233.3
3823,2148,4983.33,38116.7
3824,2081,4950,38133.3
3825,1999,4900,38150
3826,1998,4900,38100
3827,1763,4733.33,38100
3828,1783,4750,38166.7
3829,1803,4766.67,38166.7
3830,1844,4800,38200
3831,1977,4883.33,38050
3832,2031,4916.67,38166.7
3833,1928,4850,38200
3834,1901,4833.33,38283.3
3835,1784,4750,38183.3
3836,1804,4766.67,38183.3
3837,1898,4833.33,38033.3
3838,2082,4950,38150
3839,1980,4883.33,38333.3
3840,2001,4900,38333.3
3841,2053,4933.33,38383.3
3842,2152,4983.33,38383.3
3843,2206,5016.67,38483.3
3844,2257,5050,38533.3
3845,2351,5100,38500
3846,2317,5083.33,38433.3
3847,2290,5066.67,38450
3848,2254,5050,38466.7
3849,2352,5100,38516.7
3850,2318,5083.33,38533.3
3851,2319,5083.33,38550
3852,2354,5100,38666.7
3853,2258,5050,38616.7
3854,2232,5033.33,38550
3855,2256,5050,38500
3856,2255,5050,38483.3
3857,2382,5116.67,38500
3858,2491,5183.33,38583.3
3859,2513,5200,38583.3
3860,2514,5200,38600
3861,2546,5216.67,38583.3
3862,2691,5316.67,38550
3863,2446,5150,38666.7
3864,2259,5050,38700
3865,2323,5083.33,38766.7
3866,2260,5050,38766.7
3867,2209,5016.67,38800
3868,2183,5000,38666.7
3869,2119,4966.67,38533.3
3870,2057,4933.33,38666.7
3871,1940,4850,38683.3
3872,1788,4750,38633.3
3873,1753,4716.67,38600
3874,1740,4700,38416.7
3875,1750,4716.67,38400
3876,1765,4733.33,38350
3877,1710,4666.67,38283.3
3878,1737,4700,38216.7
3879,1748,4716.67,38183.3
3880,1677,4633.33,38250
3881,1676,4633.33,38233.3
3882,1616,4550,38200
3883,1726,4683.33,38166.7
3884,1674,4633.33,38083.3
3885,1690,4650,38083.3
3886,1514,4366.67,37866.7
3887,1380,4150,37850
3888,1322,3966.67,37733.3
3889,1314,3933.33,37700
3890,1194,3650,37750
3891,1032,3283.33,37566.7
3892,991,3200,37600
3893,906,3033.33,37583.3
3894,892,3016.67,37566.7
3895,843,2916.67,37433.3
3896,1033,3283.33,37583.3
3897,1167,3600,37700
3898,1109,3400,37533.3
3899,1103,3383.33,37550
3900,1069,3333.33,37516.7
3901,1132,3500,37433.3
3902,1155,3566.67,37716.7
3903,1193,3650,37650
3904,1254,3783.33,37733.3
3905,1246,3766.67,37716.7
3906,1245,3766.67,37650
3907,1253,3783.33,37616.7
3908,1182,3633.33,37666.7
3909,1212,3683.33,37766.7
3910,1211,3683.33,37716.7
3911,1219,3700,37666.7
3912,1183,3633.33,37750
3913,1232,3733.33,37750
3914,1355,4066.67,37733.3
3915,1419,4216.67,37550
3916,1431,4233.33,37833.3
3917,1363,4083.33,38033.3
3918,1210,3683.33,37700
3919,1115,3433.33,37400
3920,1009,3250,37516.7
3921,1010,3250,37533.3
3922,1030,3283.33,37516.7
3923,1031,3283.33,37533.3
3924,1008,3250,37483.3
3925,1020,3266.67,37500
3926,1043,3300,37466.7
3927,935,3083.33,37600
3928,989,3200,37150
3929,990,3200,37233.3
3930,1006,3250,37233.3
3931,979,3183.33,37250
3932,1005,3250,37116.7
3933,963,3150,36850
3934,1094,3366.67,36850
3935,1149,3550,37333.3
3936,1192,3650,37433.3
3937,1222,3716.67,37433.3
3938,1309,3916.67,37483.3
3939,1354,4066.67,37533.3
3940,1500,4350,37550
3941,1441,4250,37850
3942,1522,4383.33,37633.3
3943,1430,4233.33,37516.7
3944,1643,4583.33,37750
3945,1499,4350,37516.7
3946,1068,3333.33,37450
3947,1044,3300,37483.3
3948,1042,3300,37450
3949,1053,3316.67,37433.3
3950,1041,3300,37416.7
3951,1019,3266.67,37400
3952,1029,3283.33,37383.3
3953,1040,3300,37400
3954,1067,3333.33,37366.7
3955,1052,3316.67,37400
3956,1084,3350,37333.3
3957,1018,3266.67,37216.7
3958,999,3233.33,37183.3
3959,978,3183.33,37100
3960,1027,3283.33,37150
3961,1066,3333.33,37266.7
3962,1039,3300,37200
3963,977,3183.33,37066.7
3964,1004,3250,36966.7
3965,1007,3250,37316.7
3966,1028,3283.33,37350
3967,1051,3316.67,37250
3968,1065,3333.33,37150
3969,1026,3283.33,36983.3
3970,1127,3483.33,36800
3971,1362,4083.33,37150
3972,1552,4450,37233.3
3973,1482,4333.33,36933.3
3974,1672,4633.33,36733.3
3975,2688,5316.67,36600
3976,1897,4833.33,36750
3977,1842,4800,36083.3
3978,1781,4750,36050
3979,1558,4466.67,35833.3
3980,1642,4583.33,35750
3981,1653,4600,35800
3982,1927,4850,36050
3983,1896,4833.33,36066.7
3984,1747,4716.67,35916.7
3985,2180,5000,35933.3
3986,2201,5016.67,36200
3987,2488,5183.33,36283.3
3988,2667,5300,36366.7
3989,3067,5766.67,36366.7
3990,3154,5866.67,36850
3991,3223,5933.33,37066.7
3992,3238,5950,36683.3
3993,3393,6100,36916.7
3994,3285,6000,37100
3995,3200,5916.67,37316.7
3996,3002,5666.67,37550
3997,2987,5633.33,37600
3998,2923,5533.33,37566.7
3999,2951,5583.33,37550
4000,2960,5600,37516.7
4001,2986,5633.33,37466.7
4002,3068,5766.67,37400
4003,3022,5700,37333.3
4004,3015,5683.33,37500
4005,3023,5700,37433.3
4006,2971,5616.67,37466.7
4007,3016,5683.33,37533.3
4008,3185,5900,37450
4009,3096,5800,37633.3
4010,3121,5833.33,37566.7
4011,3171,5883.33,37600
4012,3239,5950,37550
4013,3287,6000,37550
4014,3395,6100,37533.3
4015,3470,6166.67,37550
4016,3444,6150,37400
4017,3556,6233.33,37266.7
4018,3713,6366.67,37366.7
4019,3681,6333.33,37416.7
4020,4045,6933.33,37516.7
4021,4032,6916.67,37550
4022,3978,6833.33,37500
4023,3966,6816.67,37666.7
4024,4129,7100,37583.3
4025,4117,7083.33,37583.3
4026,4094,7033.33,37633.3
4027,4101,7050,37583.3
4028,4046,6933.33,37566.7
4029,4139,7116.67,37533.3
4030,4183,7200,37783.3
4031,4182,7200,37716.7
4032,4035,6916.67,37833.3
4033,4034,6916.67,37816.7
4034,4022,6900,37766.7
4035,4015,6883.33,37616.7
4036,4047,6933.33,37600
4037,4055,6950,37533.3
4038,4093,7033.33,37566.7
4039,4110,7066.67,37333.3
4040,4207,7233.33,37216.7
4041,4161,7166.67,37333.3
4042,4320,7400,37733.3
4043,4341,7433.33,37700
4044,4331,7416.67,37650
4045,4231,7283.33,37850
4046,4103,7050,37800
4047,4102,7050,37766.7
4048,4118,7083.33,37766.7
4049,4140,7116.67,37783.3
4050,4056,6950,37700
4051,4057,6950,37800
4052,4078,6983.33,37650
4053,3921,6750,37550
4054,4002,6866.67,37500
4055,4111,7066.67,37516.7
4056,4181,7200,37550
4057,4128,7100,37566.7
4058,4077,6983.33,37600
4059,4086,7016.67,37616.7
4060,4352,7450,37550
4061,4351,7450,37266.7
4062,4360,7466.67,37600
4063,4280,7350,37516.7
4064,4162,7166.67,37500
4065,4226,7266.67,37600
4066,4299,7366.67,37566.7
4067,4540,7850,37900
4068,4249,7300,37700
4069,4227,7266.67,37666.7
4070,4219,7250,37800
4071,4269,7333.33,37800
4072,4184,7200,37850
4073,4195,7216.67,37983.3
4074,4228,7266.67,38216.7
4075,4087,7016.67,38316.7
4076,4208,7233.33,37916.7
4077,4300,7366.67,37800
4078,4279,7350,37166.7
4079,4248,7300,36950
4080,4319,7400,36983.3
4081,4247,7300,36933.3
4082,4169,7183.33,36800
4083,4100,7050,36583.3
4084,4043,6933.33,36450
4085,3991,6850,36450
4086,3901,6716.67,36366.7
4087,4029,6916.67,36383.3
4088,4054,6950,36483.3
4089,4149,7133.33,36483.3
4090,4092,7033.33,36500
4091,4076,6983.33,36450
4092,4053,6950,36400
4093,4028,6916.67,36316.7
4094,3919,6750,36316.7
4095,3975,6833.33,36366.7
4096,3813,6533.33,36133.3
4097,3872,6666.67,36150
4098,3900,6716.67,36150
4099,3948,6800,36200
4100,3909,6733.33,36200
4101,4000,6866.67,36033.3
4102,4066,6966.67,35850
4103,4123,7100,35950
4104,4099,7050,35700
4105,3871,6666.67,35583.3
4106,3819,6550,35366.7
4107,3676,6333.33,35550
4108,3709,6366.67,35550
4109,3675,6333.33,35450
4110,3466,6166.67,35433.3
4111,3379,6083.33,35616.7
4112,3297,6016.67,35566.7
4113,3411,6116.67,35616.7
4114,3150,5866.67,35633.3
4115,3119,5833.33,35766.7
4116,3151,5866.67,35716.7
4117,3196,5916.67,35616.7
4118,3392,6100,35483.3
4119,3252,5966.67,35500
4120,3269,5983.33,35733.3
4121,3197,5916.67,35683.3
4122,3066,5766.67,35766.7
4123,2993,5650,35916.7
4124,3001,5666.67,35950
4125,2984,5633.33,36016.7
4126,2969,5616.67,35966.7
4127,2921,5533.33,35716.7
4128,2958,5600,35600
4129,3065,5766.67,35633.3
4130,3062,5766.67,35100
4131,3135,5850,34950
4132,3219,5933.33,34883.3
4133,3117,5833.33,34700
4134,3356,6066.67,34650
4135,3658,6316.67,34583.3
4136,3641,6300,34500
4137,3898,6716.67,34766.7
4138,3833,6583.33,34866.7
4139,4041,6933.33,35383.3
4140,4064,6966.67,35483.3
4141,4065,6966.67,35666.7
4142,4168,7183.33,35650
4143,4315,7400,35816.7
4144,4203,7233.33,35650
4145,4145,7133.33,35616.7
4146,4042,6933.33,35500
4147,4098,7050,35383.3
4148,4175,7200,35416.7
4149,4177,7200,35600
4150,4223,7266.67,35883.3
4151,4178,7200,35733.3
4152,4222,7266.67,35600
4153,4153,7150,35600
4154,4190,7216.67,35483.3
4155,4242,7300,35516.7
4156,4292,7366.67,35500
4157,4291,7366.67,35483.3
4158,4255,7316.67,35450
4159,4338,7433.33,35500
4160,4308,7383.33,35500
4161,4313,7400,35500
4162,4355,7466.67,35500
4163,4388,7533.33,35200
4164,4329,7416.67,35350
4165,4307,7383.33,35316.7
4166,4214,7250,35366.7
4167,4290,7366.67,35333.3
4168,4115,7083.33,35033.3
4169,4062,6966.67,35133.3
4170,4202,7233.33,35400
4171,4176,7200,35433.3
4172,4051,6950,35216.7
4173,4063,6966.67,35450
4174,4027,6916.67,35450
4175,3890,6700,35366.7
4176,3743,6416.67,35550
4177,3755,6433.33,35783.3
4178,3692,6350,35850
4179,3553,6233.33,35833.3
4180,3468,6166.67,35883.3
4181,3236,5950,35916.7
4182,3169,5883.33,35566.7
4183,3064,5766.67,35516.7
4184,3080,5783.33,35500
4185,3035,5716.67,35550
4186,3000,5666.67,35600
4187,3013,5683.33,35600
4188,3021,5700,35700
4189,3105,5816.67,35650
4190,3106,5816.67,35800
4191,3152,5866.67,35850
4192,3337,6050,35983.3
4193,3428,6133.33,36033.3
4194,3815,6533.33,36566.7
4195,3770,6450,36750
4196,3711,6366.67,36550
4197,3485,6183.33,36483.3
4198,3645,6300,36333.3
4199,3661,6316.67,36416.7
4200,3793,6483.33,36516.7
4201,3679,6333.33,36616.7
4202,3469,6166.67,36350
4203,3694,6350,36483.3
4204,3678,6333.33,36500
4205,3507,6200,36416.7
4206,3616,6283.33,36066.7
4207,3677,6333.33,36000
4208,3317,6033.33,36133.3
4209,3153,5866.67,36283.3
4210,2668,5300,36566.7
4211,2604,5250,36500
4212,2740,5366.67,37200
4213,2627,5266.67,37366.7
4214,2950,5583.33,37350
4215,2902,5500,36666.7
4216,2970,5616.67,36416.7
4217,3014,5683.33,36383.3
4218,2985,5633.33,36116.7
4219,2949,5583.33,36150
4220,2932,5550,36083.3
4221,2583,5233.33,35916.7
4222,2251,5050,35766.7
4223,2348,5100,36016.7
4224,2200,5016.67,36100
4225,2077,4950,36033.3
4226,2225,5033.33,36050
4227,2442,5150,36166.7
4228,2470,5166.67,36250
4229,2687,5316.67,36083.3
4230,2739,5366.67,36250
4231,3318,6033.33,36316.7
4232,3430,6133.33,36216.7
4233,3575,6250,35916.7
4234,3596,6266.67,36016.7
4235,3530,6216.67,35983.3
4236,3506,6200,35733.3
4237,3467,6166.67,35633.3
4238,3643,6300,35583.3
4239,3660,6316.67,35750
4240,3595,6266.67,35600
4241,3594,6266.67,35500
4242,3552,6233.33,35350
4243,3336,6050,35333.3
4244,3195,5916.67,35366.7
4245,3168,5883.33,35233.3
4246,3220,5933.33,34950
4247,3148,5866.67,35050
4248,3283,6000,34933.3
4249,3642,6300,35150
4250,3410,6116.67,35416.7
4251,3574,6250,35333.3
4252,3754,6433.33,35333.3
4253,3723,6383.33,35500
4254,3768,6450,35666.7
4255,3823,6566.67,35850
4256,3899,6716.67,35950
4257,4013,6883.33,35800
4258,4146,7133.33,35733.3
4259,4157,7166.67,35750
4260,4126,7100,36283.3
4261,4154,7150,36300
4262,4158,7166.67,36366.7
4263,4180,7200,36466.7
4264,4218,7250,36500
4265,4148,7133.33,36383.3
4266,4085,7016.67,36366.7
4267,4107,7066.67,36300
4268,4230,7283.33,36350
4269,4267,7333.33,36300
4270,4330,7416.67,36283.3
4271,4297,7366.67,36233.3
4272,4400,7566.67,36100
4273,4409,7583.33,36100
4274,4423,7616.67,36133.3
4275,4442,7650,36300
4276,4449,7666.67,36216.7
4277,4521,7816.67,36133.3
4278,4711,8233.33,36166.7
4279,4693,8200,36266.7
4280,4745,8300,36166.7
4281,5010,8733.33,36233.3
4282,4809,8416.67,36100
4283,4758,8333.33,35800
4284,4985,8700,35816.7
4285,4727,8266.67,35716.7
4286,4726,8266.67,35700
4287,4708,8233.33,35650
4288,4709,8233.33,35716.7
4289,4635,8083.33,35666.7
4290,4596,8000,35600
4291,4650,8116.67,35416.7
4292,4717,8250,35533.3
4293,4690,8200,35650
4294,4675,8166.67,35600
4295,4701,8216.67,35650
4296,4651,8116.67,35733.3
4297,4692,8200,35800
4298,4702,8216.67,35866.7
4299,4808,8416.67,35716.7
4300,4798,8400,35750
4301,4710,8233.33,35816.7
4302,4752,8316.67,36116.7
4303,4539,7850,36283.3
4304,4390,7533.33,36316.7
4305,4358,7466.67,36300
4306,4206,7233.33,36433.3
4307,4391,7533.33,36433.3
4308,4402,7566.67,36600
4309,4410,7583.33,36650
4310,4485,7750,36700
4311,4424,7616.67,36616.7
4312,4450,7666.67,36550
4313,4401,7566.67,36533.3
4314,4418,7600,36983.3
4315,4412,7583.33,37033.3
4316,4465,7700,36950
4317,4498,7783.33,36900
4318,4682,8183.33,36916.7
4319,4660,8133.33,36683.3
4320,4638,8083.33,36600
4321,4359,7466.67,36516.7
4322,4350,7450,36283.3
4323,4276,7350,36166.7
4324,4296,7366.67,36150
4325,4309,7383.33,36083.3
4326,4294,7366.67,35950
4327,4275,7350,35966.7
4328,4224,7266.67,36066.7
4329,4357,7466.67,36116.7
4330,4317,7400,36133.3
4331,4245,7300,36166.7
4332,4318,7400,36266.7
4333,4339,7433.33,36316.7
4334,4463,7700,36400
4335,4643,8100,36483.3
4336,4838,8483.33,36533.3
4337,4939,8633.33,36450
4338,5121,8900,36716.7
4339,5197,9066.67,36850
4340,5214,9116.67,36766.7
4341,5309,9433.33,37866.7
4342,5351,9600,37466.7
4343,5352,9600,37616.7
4344,5235,9200,37883.3
4345,5396,9800,37433.3
4346,5406,9833.33,36966.7
4347,5493,10150,37050
4348,5814,10766.7,37233.3
4349,5839,10800,37116.7
4350,6024,11150,37316.7
4351,6010,11116.7,37383.3
4352,5911,10916.7,37050
4353,5993,11066.7,37350
4354,5926,10933.3,37683.3
4355,5979,11016.7,37533.3
4356,5827,10783.3,37566.7
4357,5490,10133.3,37933.3
4358,5545,10283.3,37883.3
4359,5602,10400,38116.7
4360,5632,10466.7,37883.3
4361,5663,10516.7,37933.3
4362,5680,10550,38000
4363,5971,11000,38066.7
4364,5984,11033.3,38000
4365,6032,11166.7,38116.7
4366,5960,10983.3,38183.3
4367,5996,11066.7,38216.7
4368,5930,10933.3,38400
4369,6003,11083.3,38483.3
4370,6026,11150,38266.7
4371,6037,11183.3,38266.7
4372,6053,11233.3,38366.7
4373,6027,11150,38583.3
4374,6019,11133.3,38500
4375,6033,11166.7,38450
4376,6018,11133.3,38283.3
4377,6017,11133.3,38250
4378,6012,11116.7,38183.3
4379,5995,11066.7,38133.3
4380,5940,10950,38100
4381,5928,10933.3,38000
4382,5912,10916.7,38033.3
4383,5939,10950,38016.7
4384,6002,11083.3,37866.7
4385,5874,10866.7,37783.3
4386,6041,11200,37400
4387,6069,11300,37400
4388,6051,11233.3,37500
4389,5994,11066.7,37666.7
4390,6045,11216.7,37566.7
4391,6042,11200,37516.7
4392,6070,11300,37616.7
4393,6063,11283.3,37516.7
4394,6083,11350,37466.7
4395,6011,11116.7,37533.3
4396,6030,11166.7,37483.3
4397,6025,11150,37550
4398,6007,11100,37700
4399,6052,11233.3,37750
4400,6056,11250,37250
4401,6106,11550,36883.3
4402,6067,11300,36433.3
4403,6023,11150,35933.3
4404,6001,11083.3,36050
4405,5798,10750,35850
4406,5706,10583.3,35733.3
4407,5671,10533.3,35733.3
4408,5660,10516.7,35750
4409,5640,10483.3,35750
4410,5470,10066.7,35500
4411,5542,10283.3,35183.3
4412,5794,10750,34900
4413,5825,10783.3,35000
4414,5836,10800,35050
4415,5894,10900,34950
4416,5895,10900,34966.7
4417,5949,10966.7,34983.3
4418,5988,11050,35100
4419,5854,10833.3,35250
4420,5865,10850,35266.7
4421,5837,10800,35283.3
4422,5750,10683.3,35250
4423,5728,10633.3,35100
4424,5676,10550,34950
4425,5675,10550,34600
4426,5704,10583.3,34600
4427,5687,10566.7,34600
4428,5718,10616.7,34600
4429,5811,10766.7,34666.7
4430,5853,10833.3,34650
4431,5846,10816.7,34666.7
4432,5835,10800,34666.7
4433,5784,10733.3,34683.3
4434,5863,10850,34666.7
4435,5922,10933.3,34700
4436,5923,10933.3,34716.7
4437,5956,10983.3,34800
4438,5968,11000,34800
4439,5893,10900,34750
4440,5910,10916.7,34850
4441,5925,10933.3,35016.7
4442,5948,10966.7,34916.7
4443,5969,11000,34950
4444,5882,10883.3,34916.7
4445,5937,10950,34900
4446,5924,10933.3,34916.7
4447,5872,10866.7,34866.7
4448,5896,10900,35033.3
4449,5762,10700,35383.3
4450,5761,10700,35333.3
4451,5855,10833.3,35516.7
4452,5983,11033.3,35450
4453,5977,11016.7,35516.7
4454,6048,11233.3,35466.7
4455,6101,11533.3,36100
4456,6036,11183.3,36033.3
4457,5708,10583.3,36500
4458,5867,10850,37033.3
4459,5847,10816.7,37100
4460,5765,10700,37166.7
4461,5387,9766.67,37066.7
4462,4961,8666.67,37783.3
4463,5088,8850,37866.7
4464,4816,8433.33,37950
4465,4873,8550,38166.7
4466,5021,8750,38583.3
4467,5151,8950,38566.7
4468,5109,8883.33,38733.3
4469,5055,8800,38816.7
4470,5020,8750,38550
4471,4951,8650,38800
4472,4902,8583.33,38666.7
4473,5169,8983.33,38150
4474,4827,8466.67,38600
4475,4542,7850,38416.7
4476,4746,8300,38100
4477,4703,8216.67,38033.3
4478,4847,8500,37866.7
4479,4614,8033.33,37766.7
4480,4676,8166.67,36950
4481,4598,8000,36833.3
4482,4551,7883.33,36866.7
4483,4574,7950,36866.7
4484,4599,8000,36850
4485,4630,8066.67,36800
4486,4826,8466.67,36700
4487,4872,8550,36500
4488,5039,8783.33,36116.7
4489,5100,8866.67,35966.7
4490,5106,8883.33,35850
4491,5117,8900,35716.7
4492,5174,9000,35833.3
4493,5173,9000,35783.3
4494,5419,9883.33,35333.3
4495,5391,9783.33,35216.7
4496,5207,9100,35266.7
4497,5087,8850,34833.3
4498,5066,8816.67,34916.7
4499,4949,8650,35150
4500,4917,8600,35283.3
4501,4901,8583.33,35300
4502,5437,9933.33,35333.3
4503,5511,10216.7,35250
4504,5533,10266.7,35516.7
4505,5434,9916.67,35366.7
4506,5443,9966.67,35783.3
4507,5485,10116.7,35883.3
4508,5499,10166.7,35866.7
4509,5512,10216.7,36066.7
4510,5694,10566.7,36083.3
4511,5696,10566.7,36316.7
4512,5544,10283.3,36333.3
4513,5600,10400,36116.7
4514,5584,10366.7,36333.3
4515,5523,10233.3,36416.7
4516,5513,10216.7,36500
4517,5551,10300,36350
4518,5731,10633.3,36200
4519,5695,10566.7,36250
4520,5707,10583.3,36133.3
4521,5648,10500,36100
4522,5543,10283.3,36116.7
4523,5659,10516.7,35683.3
4524,5705,10583.3,35400
4525,5688,10566.7,35383.3
4526,5689,10566.7,35450
4527,5670,10533.3,35616.7
4528,5713,10600,35516.7
4529,5745,10666.7,35266.7
4530,5795,10750,35366.7
4531,5989,11050,35450
4532,5970,11000,35066.7
4533,5957,10983.3,34866.7
4534,6006,11100,34833.3
4535,6028,11166.7,34716.7
4536,6039,11200,34733.3
4537,6034,11183.3,34733.3
4538,6047,11233.3,34733.3
4539,6057,11266.7,34766.7
4540,6073,11316.7,34833.3
4541,6064,11300,34800
4542,6055,11250,34750
4543,5967,11000,34600
4544,5936,10950,34650
4545,5892,10900,34650
4546,5674,10550,34583.3
4547,5667,10533.3,34583.3
4548,5658,10516.7,34566.7
4549,5631,10466.7,34583.3
4550,5668,10533.3,34750
4551,5591,10383.3,34716.7
4552,5622,10450,34566.7
4553,5570,10350,34950
4554,5615,10433.3,34900
4555,5749,10683.3,34650
4556,5608,10416.7,34800
4557,5484,10116.7,34516.7
4558,5504,10200,34566.7
4559,5440,9950,34466.7
4560,5445,9983.33,34500
4561,5405,9833.33,34583.3
4562,5390,9783.33,34516.7
4563,5340,9566.67,34133.3
4564,5297,9400,34133.3
4565,5312,9450,34216.7
4566,5318,9483.33,33900
4567,5282,9350,34233.3
4568,5281,9350,34183.3
4569,5274,9316.67,33800
4570,5218,9150,33766.7
4571,5188,9033.33,33700
4572,5115,8900,33700
4573,5147,8950,33666.7
4574,5134,8933.33,33683.3
4575,5064,8816.67,33800
4576,4881,8566.67,33733.3
4577,4880,8566.67,33583.3
4578,4913,8600,33566.7
4579,5032,8783.33,33800
4580,4991,8716.67,33883.3
4581,4967,8683.33,33866.7
4582,4921,8616.67,33850
4583,4937,8633.33,33850
4584,4923,8616.67,33883.3
4585,4767,8350,33666.7
4586,4750,8316.67,33666.7
4587,4667,8150,33666.7
4588,4536,7850,33350
4589,4535,7850,33333.3
4590,4528,7833.33,33350
4591,4584,7983.33,33300
4592,4579,7966.67,33300
4593,4288,7366.67,33433.3
4594,4026,6916.67,32533.3
4595,3998,6866.67,32716.7
4596,4311,7400,32600
4597,4273,7350,32750
4598,4519,7816.67,32450
4599,4336,7433.33,32450
4600,4434,7650,32566.7
4601,4824,8466.67,33250
4602,4893,8583.33,33050
4603,4860,8533.33,33000
4604,4795,8400,33150
4605,4779,8383.33,33083.3
4606,4740,8300,32216.7
4607,4743,8300,32333.3
4608,4666,8150,32466.7
4609,4793,8400,32533.3
4610,4742,8300,32316.7
4611,4610,8033.33,32650
4612,4640,8100,32616.7
4613,4775,8366.67,32833.3
4614,4833,8483.33,32966.7
4615,4764,8350,32933.3
4616,4698,8216.67,32916.7
4617,4819,8450,33000
4618,4909,8600,33033.3
4619,4765,8350,33050
4620,4337,7433.33,33433.3
4621,4362,7483.33,34016.7
4622,4240,7300,34066.7
4623,4454,7683.33,34116.7
4624,4436,7650,34733.3
4625,4399,7566.67,34666.7
4626,4135,7116.67,34016.7
4627,4039,6933.33,34316.7
4628,3853,6633.33,34150
4629,3973,6833.33,34050
4630,3925,6766.67,34383.3
4631,3917,6750,34383.3
4632,3838,6600,34100
4633,3721,6383.33,34133.3
4634,3707,6366.67,34100
4635,3640,6300,34116.7
4636,3464,6166.67,33900
4637,3798,6500,33750
4638,3706,6366.67,33783.3
4639,3705,6366.67,33666.7
4640,3733,6400,33933.3
4641,3879,6683.33,33150
4642,3947,6800,33216.7
4643,4073,6983.33,33316.7
4644,4201,7233.33,33500
4645,4386,7533.33,33600
4646,4520,7816.67,33366.7
4647,4461,7700,33416.7
4648,4435,7650,33400
4649,4482,7750,33333.3
4650,4367,7500,33450
4651,4238,7300,33716.7
4652,4263,7333.33,34016.7
4653,4239,7300,33866.7
4654,4200,7233.33,33416.7
4655,4121,7100,33383.3
4656,4050,6950,33516.7
4657,3870,6666.67,33416.7
4658,3315,6033.33,34316.7
4659,3147,5866.67,34583.3
4660,3053,5750,34833.3
4661,2992,5650,34700
4662,3033,5716.67,34550
4663,3052,5750,34666.7
4664,2941,5566.67,35250
4665,3012,5683.33,35033.3
4666,3039,5733.33,35116.7
4667,2948,5583.33,35166.7
4668,2647,5283.33,35300
4669,2738,5366.67,35366.7
4670,2579,5233.33,35400
4671,2666,5300,35366.7
4672,2581,5233.33,35450
4673,2511,5200,35516.7
4674,2788,5400,35433.3
4675,1780,4750,35083.3
4676,1925,4850,35183.3
4677,2110,4966.67,34883.3
4678,2510,5200,34950
4679,2578,5233.33,35016.7
4680,2543,5216.67,35033.3
4681,2407,5133.33,34983.3
4682,2346,5100,34966.7
4683,2862,5450,34983.3
4684,2736,5366.67,35016.7
4685,2758,5383.33,34933.3
4686,3094,5800,34866.7
4687,3011,5683.33,34716.7
4688,2982,5633.33,34800
4689,2686,5316.67,34400
4690,3050,5750,34083.3
4691,2603,5250,33950
4692,2901,5500,33833.3
4693,3133,5850,33366.7
4694,3377,6083.33,32450
4695,3409,6116.67,33116.7
4696,3132,5850,32116.7
4697,3091,5800,32683.3
4698,2999,5666.67,32816.7
4699,2980,5633.33,32883.3
4700,2900,5500,32683.3
4701,3079,5783.33,32733.3
4702,2978,5633.33,32650
4703,2977,5633.33,32633.3
4704,3548,6233.33,32416.7
4705,3703,6366.67,32366.7
4706,3442,6150,32183.3
4707,3313,6033.33,32150
4708,3049,5750,32050
4709,3103,5816.67,31650
4710,3076,5783.33,31666.7
4711,3048,5750,31750
4712,2540,5216.67,32300
4713,2463,5166.67,32350
4714,1774,4750,32316.7
4715,1890,4833.33,32766.7
4716,2073,4950,32833.3
4717,2025,4916.67,32833.3
4718,2199,5016.67,32800
4719,2283,5066.67,32800
4720,2465,5166.67,32750
4721,2646,5283.33,32516.7
4722,2373,5116.67,32433.3
4723,2342,5100,32333.3
4724,2541,5216.67,32416.7
4725,2785,5400,32200
4726,3078,5783.33,32433.3
4727,3426,6133.33,32100
4728,3314,6033.33,32383.3
4729,3265,5983.33,32833.3
4730,3093,5800,32850
4731,2998,5666.67,32750
4732,3032,5716.67,32800
4733,2939,5566.67,32883.3
4734,2931,5550,32716.7
4735,2575,5233.33,33000
4736,1991,4900,33100
4737,2108,4966.67,33916.7
4738,1893,4833.33,34216.7
4739,1685,4650,34200
4740,2405,5133.33,34166.7
4741,2703,5333.33,34550
4742,3134,5850,34366.7
4743,3217,5933.33,34166.7
4744,3166,5883.33,34183.3
4745,3020,5700,34483.3
4746,2913,5516.67,34316.7
4747,2576,5233.33,34450
4748,2485,5183.33,34116.7
4749,2508,5200,34150
4750,2437,5150,34033.3
4751,2665,5300,33733.3
4752,2177,5000,34016.7
4753,2438,5150,34050
4754,2345,5100,34383.3
4755,2109,4966.67,34533.3
4756,2406,5133.33,34766.7
4757,1993,4900,35066.7
4758,2075,4950,35033.3
4759,2347,5100,35183.3
4760,2111,4966.67,35216.7
4761,2146,4983.33,35216.7
4762,1724,4683.33,35866.7
4763,1688,4650,35850
4764,1762,4733.33,35833.3
4765,1994,4900,35616.7
4766,2049,4933.33,35333.3
4767,2223,5033.33,35583.3
4768,2224,5033.33,35900
4769,2113,4966.67,35800
4770,2378,5116.67,35833.3
4771,1996,4900,35816.7
4772,2076,4950,35766.7
4773,2179,5000,35733.3
4774,2051,4933.33,35800
4775,1551,4450,35733.3
4776,1601,4533.33,35666.7
4777,1428,4233.33,35700
4778,1512,4366.67,35550
4779,1417,4216.67,35550
4780,1370,4116.67,35633.3
4781,1307,3916.67,35483.3
4782,1418,4216.67,35750
4783,1450,4266.67,35850
4784,1498,4350,35900
4785,1497,4350,35833.3
4786,1496,4350,35733.3
4787,1429,4233.33,35750
4788,1330,4000,35566.7
4789,1308,3916.67,35583.3
4790,1319,3950,35600
4791,1378,4150,35416.7
4792,1361,4083.33,35550
4793,1449,4266.67,35466.7
4794,1448,4266.67,35383.3
4795,1528,4400,35450
4796,1533,4416.67,35516.7
4797,1586,4516.67,35383.3
4798,1800,4766.67,35433.3
4799,1952,4866.67,35366.7
4800,2050,4933.33,35666.7
4801,2147,4983.33,35900
4802,1995,4900,35783.3
4803,1867,4816.67,35816.7
4804,1926,4850,35766.7
4805,1723,4683.33,35800
4806,1801,4766.67,35933.3
4807,1841,4800,35966.7
4808,1819,4783.33,35966.7
4809,1602,4533.33,36050
4810,1451,4266.67,36400
4811,1286,3866.67,36433.3
4812,1128,3483.33,36866.7
4813,1093,3366.67,36700
4814,1083,3350,36766.7
4815,1063,3333.33,36683.3
4816,1050,3316.67,36650
4817,1082,3350,36700
4818,1081,3350,36683.3
4819,1287,3866.67,36600
4820,1062,3333.33,36650
4821,1049,3316.67,36633.3
4822,1091,3366.67,36666.7
4823,1138,3516.67,36766.7
4824,1244,3766.67,36416.7
4825,1209,3683.33,35950
4826,1243,3766.67,35833.3
4827,1284,3866.67,35533.3
4828,1275,3850,35533.3
4829,1190,3650,35600
4830,1131,3500,35616.7
4831,934,3083.33,35666.7
4832,1060,3333.33,35033.3
4833,447,2116.67,34650
4834,488,2266.67,34916.7
4835,455,2133.33,35716.7
4836,384,1950,35700
4837,394,1983.33,35583.3
4838,369,1900,35550
4839,421,2050,35616.7
4840,347,1850,34700
4841,187,1500,34550
4842,105,1316.67,34583.3
4843,176,1483.33,34550
4844,88,1283.33,34500
4845,111,1333.33,34333.3
4846,51,1200,34250
4847,25,1100,34050
4848,79,1266.67,34150
4849,38,1150,34283.3
4850,44,1183.33,34333.3
4851,142,1400,34650
4852,228,1583.33,34416.7
4853,243,1633.33,34333.3
4854,244,1633.33,34350
4855,210,1550,34466.7
4856,383,1950,34650
4857,426,2066.67,34616.7
4858,402,2000,34400
4859,340,1833.33,34416.7
4860,481,2250,34883.3
4861,601,2533.33,35566.7
4862,427,2066.67,35533.3
4863,461,2150,35700
4864,466,2166.67,35833.3
4865,578,2500,35883.3
4866,478,2233.33,35850
4867,499,2300,35833.3
4868,491,2283.33,35700
4869,618,2550,36083.3
4870,742,2733.33,36683.3
4871,870,2983.33,36966.7
4872,918,3050,37000
4873,815,2866.67,37133.3
4874,771,2783.33,37033.3
4875,619,2550,36766.7
4876,869,2983.33,36700
4877,891,3016.67,36750
4878,1038,3300,36450
4879,1048,3316.67,36566.7
4880,1092,3366.67,36683.3
4881,1064,3333.33,36800
4882,1095,3366.67,36900
4883,1139,3516.67,36883.3
4884,1191,3650,36900
4885,1407,4200,36933.3
4886,1156,3583.33,37333.3
4887,1154,3566.67,37366.7
4888,1153,3566.67,36950
4889,1080,3350,35850
4890,1148,3550,36100
4891,1166,3600,35933.3
4892,1003,3250,35800
4893,1061,3333.33,35666.7
4894,883,3000,35666.7
4895,1002,3250,35516.7
4896,1025,3283.33,34683.3
4897,882,3000,35083.3
4898,905,3033.33,35050
4899,861,2966.67,34183.3
4900,890,3016.67,34150
4901,853,2950,34216.7
4902,770,2783.33,34166.7
4903,754,2750,34233.3
4904,519,2383.33,34083.3
4905,474,2200,33866.7
4906,311,1766.67,33966.7
4907,401,2000,34333.3
4908,325,1800,34100
4909,346,1850,34000
4910,272,1700,34283.3
4911,141,1400,34566.7
4912,202,1533.33,34483.3
4913,133,1383.33,34416.7
4914,121,1350,34366.7
4915,104,1316.67,34283.3
4916,65,1233.33,34433.3
4917,97,1300,34433.3
4918,235,1600,34200
4919,312,1766.67,34083.3
4920,152,1416.67,34016.7
4921,119,1350,33966.7
4922,110,1333.33,33850
4923,183,1500,33733.3
4924,182,1500,33700
4925,262,1683.33,33733.3
4926,310,1766.67,33833.3
4927,345,1850,33950
4928,296,1733.33,33666.7
4929,295,1733.33,33650
4930,316,1783.33,33566.7
4931,365,1900,33466.7
4932,364,1900,33350
4933,349,1866.67,33016.7
4934,388,1966.67,33100
4935,387,1966.67,33033.3
4936,404,2016.67,33050
4937,452,2133.33,33133.3
4938,424,2066.67,33116.7
4939,418,2050,33300
4940,459,2150,33483.3
4941,412,2033.33,33433.3
4942,360,1883.33,33700
4943,270,1700,33666.7
4944,280,1716.67,33683.3
4945,269,1700,33583.3
4946,255,1666.67,33566.7
4947,323,1800,33566.7
4948,259,1683.33,33550
4949,338,1833.33,33516.7
4950,358,1883.33,33383.3
4951,344,1850,33416.7
4952,337,1833.33,33333.3
4953,317,1783.33,33616.7
4954,268,1700,33566.7
4955,339,1833.33,33833.3
4956,479,2250,33866.7
4957,497,2300,33883.3
4958,508,2350,33866.7
4959,506,2333.33,33800
4960,533,2416.67,33733.3
4961,532,2416.67,33716.7
4962,504,2333.33,33683.3
4963,505,2333.33,33783.3
4964,495,2300,33783.3
4965,526,2400,33716.7
4966,539,2433.33,33700
4967,493,2300,33700
4968,496,2300,33816.7
4969,490,2283.33,33883.3
4970,498,2300,33916.7
4971,480,2250,34100
4972,486,2266.67,33900
4973,400,2000,34100
4974,399,2000,33950
4975,375,1933.33,34000
4976,509,2350,33916.7
4977,591,2516.67,33966.7
4978,802,2833.33,34000
4979,740,2733.33,33950
4980,781,2800,33983.3
4981,707,2683.33,33916.7
4982,780,2800,33933.3
4983,823,2883.33,33966.7
4984,852,2950,33750
4985,833,2900,33800
4986,860,2966.67,33866.7
4987,824,2883.33,34016.7
4988,917,3050,33950
4989,881,3000,34083.3
4990,1102,3383.33,34466.7
4991,1037,3300,34316.7
4992,1119,3450,34100
4993,1207,3683.33,33900
4994,1236,3750,33883.3
4995,1306,3916.67,33800
4996,1305,3916.67,33716.7
4997,1234,3750,33683.3
4998,1269,3833.33,33700
4999,1298,3900,33633.3
5000,1204,3683.33,33566.7
5001,1205,3683.33,33650
5002,1137,3516.67,33516.7
5003,1160,3600,33466.7
5004,1142,3550,33266.7
5005,1198,3666.67,33433.3
5006,1179,3633.33,33500
5007,1326,4000,33700
5008,1413,4216.67,33450
5009,1567,4483.33,33550
5010,1838,4800,33416.7
5011,1704,4666.67,33450
5012,1576,4500,33433.3
5013,1556,4466.67,33516.7
5014,1892,4833.33,33766.7
5015,1706,4666.67,34033.3
5016,1797,4766.67,34083.3
5017,1760,4733.33,34100
5018,2048,4933.33,34416.7
5019,1721,4683.33,34450
5020,1720,4683.33,34250
5021,1686,4650,34333.3
5022,1671,4633.33,34416.7
5023,1670,4633.33,34366.7
5024,1652,4600,34350
5025,1611,4550,34200
5026,1584,4516.67,34183.3
5027,1489,4350,34183.3
5028,1509,4366.67,34200
5029,1520,4383.33,34150
5030,1539,4433.33,34216.7
5031,1480,4333.33,34266.7
5032,1521,4383.33,34333.3
5033,1540,4433.33,34483.3
5034,1640,4583.33,34633.3
5035,1733,4700,34866.7
5036,1778,4750,34800
5037,1613,4550,34850
5038,1541,4433.33,34850
5039,1416,4216.67,34750
5040,1396,4183.33,34750
5041,1261,3800,34733.3
5042,1600,4533.33,34900
5043,1641,4583.33,34850
5044,1612,4550,34550
5045,1550,4450,34616.7
5046,1746,4716.67,34550
5047,1864,4816.67,34583.3
5048,2030,4916.67,34616.7
5049,1839,4800,34583.3
5050,1840,4800,34666.7
5051,1707,4666.67,34866.7
5052,1585,4516.67,34700
5053,1687,4650,34383.3
5054,1526,4400,34516.7
5055,1525,4400,34400
5056,1490,4350,34266.7
5057,1405,4200,34650
5058,1369,4116.67,34633.3
5059,1426,4233.33,34666.7
5060,1494,4350,34683.3
5061,1458,4283.33,34600
5062,1510,4366.67,34483.3
5063,1481,4333.33,34566.7
5064,1527,4400,34666.7
5065,1464,4300,34700
5066,1463,4300,34450
5067,1491,4350,34350
5068,1446,4266.67,34316.7
5069,1447,4266.67,34366.7
5070,1425,4233.33,34600
5071,1359,4083.33,34700
5072,1372,4133.33,34550
5073,1495,4350,34750
5074,1532,4416.67,34883.3
5075,1439,4250,34766.7
5076,1568,4483.33,34933.3
5077,1734,4700,34950
5078,1779,4750,34850
5079,1799,4766.67,34750
5080,1865,4816.67,34750
5081,1866,4816.67,34833.3
5082,2222,5033.33,34816.7
5083,2313,5083.33,34800
5084,2074,4950,34683.3
5085,2285,5066.67,34666.7
5086,2178,5000,34733.3
5087,2509,5200,34783.3
5088,2441,5150,34883.3
5089,2440,5150,34850
5090,2577,5233.33,34916.7
5091,2815,5416.67,34900
5092,2704,5333.33,34783.3
5093,2757,5383.33,34766.7
5094,2940,5566.67,34583.3
5095,2467,5166.67,34883.3
5096,2981,5633.33,34516.7
5097,3051,5750,34500
5098,2786,5400,34250
5099,2912,5516.67,33833.3
5100,2872,5466.67,33633.3
5101,2376,5116.67,33400
5102,2702,5333.33,33550
5103,2027,4916.67,33500
5104,1863,4816.67,33533.3
5105,1891,4833.33,33483.3
5106,1475,4333.33,33050
5107,1487,4350,33033.3
5108,1610,4550,33050
5109,1949,4866.67,32766.7
5110,2249,5050,32900
5111,1990,4900,32733.3
5112,2343,5100,32650
5113,2144,4983.33,32650
5114,2403,5133.33,32533.3
5115,2436,5150,32666.7
5116,2542,5216.67,32650
5117,2464,5166.67,32450
5118,2374,5116.67,32516.7
5119,2574,5233.33,32533.3
5120,2573,5233.33,32483.3
5121,2375,5116.67,32533.3
5122,2435,5150,32650
5123,2344,5100,32816.7
5124,2282,5066.67,32733.3
5125,1921,4850,32716.7
5126,1974,4883.33,32483.3
5127,2024,4916.67,32516.7
5128,2047,4933.33,32550
5129,2022,4916.67,32400
5130,2198,5016.67,32366.7
5131,2600,5250,32333.3
5132,2280,5066.67,31816.7
5133,1759,4733.33,31916.7
5134,2341,5100,31900
5135,1719,4683.33,31550
5136,2106,4966.67,31283.3
5137,1696,4654.17,31186.9
5138,1544,4443.61,31179.2
5139,1538,4433.33,31166.7
5140,1420,4233.33,32333.3
5141,1455,4283.33,32983.3
5142,1461,4300,33050
5143,1460,4300,32966.7
5144,1421,4233.33,32883.3
5145,1303,3916.67,32766.7
5146,1278,3866.67,32850
5147,1317,3950,32883.3
5148,1296,3900,32750
5149,1297,3900,32933.3
5150,1258,3800,33000
5151,1237,3766.67,32966.7
5152,1226,3733.33,33033.3
5153,1220,3716.67,33116.7
5154,1227,3733.33,33183.3
5155,1233,3750,33133.3
5156,1196,3666.67,33066.7
5157,1143,3550,33283.3
5158,1265,3816.67,33333.3
5159,1214,3700,33400
5160,1259,3800,33350
5161,1229,3733.33,33483.3
5162,1221,3716.67,33483.3
5163,1215,3700,33616.7
5164,1206,3683.33,33666.7
5165,1216,3700,33750
5166,1230,3733.33,33833.3
5167,1162,3600,33733.3
5168,1163,3600,33750
5169,1146,3550,33600
5170,1161,3600,33533.3
5171,1076,3350,33633.3
5172,1089,3366.67,33650
5173,1117,3450,33833.3
5174,1187,3650,33666.7
5175,1151,3566.67,33616.7
5176,1122,3466.67,33916.7
5177,1152,3566.67,33950
5178,1172,3616.67,33933.3
5179,1171,3616.67,33866.7
5180,1199,3666.67,33933.3
5181,1217,3700,33900
5182,1208,3683.33,33916.7
5183,1188,3650,33950
5184,1180,3633.33,33950
5185,1189,3650,33966.7
5186,1200,3666.67,33966.7
5187,1231,3733.33,33933.3
5188,1403,4200,34366.7
5189,1312,3933.33,33983.3
5190,1218,3700,33933.3
5191,1318,3950,34283.3
5192,1282,3866.67,33966.7
5193,1181,3633.33,34066.7
5194,1147,3550,34100
5195,1164,3600,33983.3
5196,1106,3400,34066.7
5197,1107,3400,34100
5198,945,3100,34100
5199,880,3000,33933.3
5200,822,2883.33,33866.7
5201,834,2900,33933.3
5202,842,2916.67,33966.7
5203,706,2683.33,33650
5204,849,2950,33566.7
5205,814,2866.67,33883.3
5206,841,2916.67,33850
5207,859,2966.67,33833.3
5208,962,3150,33950
5209,933,3083.33,34150
5210,988,3200,34100
5211,1118,3450,33950
5212,1078,3350,34000
5213,1108,3400,34516.7
5214,976,3183.33,35166.7
5215,1079,3350,35550
5216,1112,3416.67,35433.3
5217,1165,3600,35600
5218,1242,3766.67,35550
5219,1270,3833.33,35700
5220,1285,3866.67,35700
5221,1387,4166.67,35383.3
5222,1427,4233.33,35416.7
5223,1466,4300,35650
5224,1388,4166.67,35850
5225,1334,4016.67,35766.7
5226,1293,3883.33,35800
5227,1331,4000,35766.7
5228,1313,3933.33,35800
5229,868,2983.33,35950
5230,741,2733.33,36266.7
5231,529,2400,36400
5232,577,2500,35600
5233,640,2583.33,35466.7
5234,528,2400,35500
5235,500,2316.67,34966.7
5236,487,2266.67,34850
5237,482,2250,35033.3
5238,143,1400,34733.3
5239,134,1383.33,34466.7
5240,123,1350,34466.7
5241,122,1350,34450
5242,96,1300,34016.7
5243,80,1266.67,34200
5244,30,1133.33,33983.3
5245,120,1350,34133.3
5246,158,1433.33,34266.7
5247,153,1416.67,34250
5248,132,1383.33,34266.7
5249,127,1366.67,34166.7
5250,103,1316.67,34216.7
5251,140,1400,34133.3
5252,163,1450,34200
5253,253,1650,34116.7
5254,252,1650,34100
5255,200,1533.33,33833.3
5256,185,1500,33783.3
5257,186,1500,33800
5258,118,1350,33816.7
5259,151,1416.67,33966.7
5260,240,1616.67,34000
5261,227,1583.33,33966.7
5262,282,1716.67,33950
5263,382,1950,34200
5264,332,1816.67,34116.7
5265,307,1750,34016.7
5266,283,1716.67,33966.7
5267,284,1716.67,33983.3
5268,251,1650,33983.3
5269,271,1700,33816.7
5270,306,1750,33716.7
5271,366,1900,33950
5272,398,2000,33916.7
5273,425,2066.67,33333.3
5274,321,1800,33416.7
5275,371,1916.67,33350
5276,392,1983.33,33100
5277,430,2083.33,33000
5278,408,2033.33,33083.3
5279,410,2033.33,33316.7
5280,438,2100,33233.3
5281,322,1800,33550
5282,359,1883.33,33466.7
5283,297,1733.33,33700
5284,216,1566.67,33883.3
5285,201,1533.33,33866.7
5286,170,1466.67,33866.7
5287,226,1583.33,33900
5288,193,1516.67,33950
5289,281,1716.67,33850
5290,250,1650,33816.7
5291,261,1683.33,33700
5292,249,1650,33716.7
5293,184,1500,33766.7
5294,199,1533.33,33700
5295,215,1566.67,33666.7
5296,209,1550,33633.3
5297,260,1683.33,33633.3
5298,239,1616.67,33700
5299,225,1583.33,33733.3
5300,309,1766.67,33666.7
5301,351,1866.67,33766.7
5302,331,1816.67,33833.3
5303,381,1950,33933.3
5304,353,1866.67,34033.3
5305,368,1900,34016.7
5306,324,1800,34033.3
5307,352,1866.67,33933.3
5308,420,2050,33866.7
5309,433,2083.33,33883.3
5310,517,2383.33,33683.3
5311,600,2533.33,33650
5312,638,2583.33,33616.7
5313,574,2500,33600
5314,573,2500,33566.7
5315,555,2466.67,33516.7
5316,597,2533.33,33483.3
5317,590,2516.67,33500
5318,516,2383.33,33550
5319,523,2400,33550
5320,512,2366.67,33616.7
5321,525,2400,33633.3
5322,524,2400,33600
5323,565,2483.33,33483.3
5324,596,2533.33,33333.3
5325,615,2550,33200
5326,689,2650,33550
5327,652,2600,33516.7
5328,674,2633.33,33516.7
5329,675,2633.33,33666.7
5330,627,2566.67,33666.7
5331,557,2466.67,33650
5332,546,2450,33533.3
5333,651,2600,33450
5334,785,2816.67,33400
5335,858,2966.67,33333.3
5336,943,3100,33266.7
5337,857,2966.67,33316.7
5338,903,3033.33,33250
5339,968,3166.67,33250
5340,798,2833.33,33133.3
5341,626,2566.67,32883.3
5342,635,2583.33,32916.7
5343,672,2633.33,32933.3
5344,661,2616.67,32933.3
5345,611,2550,32950
5346,662,2616.67,33033.3
5347,564,2483.33,33050
5348,521,2400,32950
5349,589,2516.67,33283.3
5350,572,2500,33466.7
5351,752,2750,33300
5352,778,2800,33450
5353,777,2800,33416.7
5354,800,2833.33,33416.7
5355,832,2900,33500
5356,759,2766.67,33533.3
5357,653,2600,33883.3
5358,769,2783.33,34033.3
5359,708,2683.33,33983.3
5360,576,2500,33983.3
5361,654,2600,34250
5362,575,2500,33900
5363,639,2583.33,34183.3
5364,717,2700,34083.3
5365,676,2633.33,33933.3
5366,768,2783.33,33900
5367,801,2833.33,33933.3
5368,760,2766.67,34000
5369,753,2750,33916.7
5370,677,2633.33,33983.3
5371,548,2450,33900
5372,617,2550,33883.3
5373,540,2433.33,34016.7
5374,547,2450,33800
5375,518,2383.33,33750
5376,527,2400,33750
5377,507,2350,33816.7
5378,411,2033.33,33400
5379,445,2116.67,33500
5380,458,2150,33450
5381,460,2150,33516.7
5382,453,2133.33,33583.3
5383,367,1900,34000
5384,372,1916.67,34050
5385,380,1950,33850
5386,432,2083.33,33716.7
5387,446,2116.67,33666.7
5388,454,2133.33,33650
5389,465,2166.67,33616.7
5390,494,2300,33750
5391,637,2583.33,33350
5392,739,2733.33,33233.3
5393,728,2716.67,33216.7
5394,902,3033.33,33050
5395,865,2983.33,33100
5396,848,2950,33150
5397,879,3000,33083.3
5398,948,3116.67,33433.3
5399,975,3183.33,33783.3
5400,969,3166.67,33733.3
5401,997,3233.33,33516.7
5402,987,3200,33700
5403,998,3233.33,33600
5404,993,3216.67,33900
5405,1016,3266.67,33766.7
5406,944,3100,33883.3
5407,1017,3266.67,33850
5408,1024,3283.33,33666.7
5409,1015,3266.67,33750
5410,1090,3366.67,33950
5411,1077,3350,33900
5412,1059,3333.33,33783.3
5413,970,3166.67,33766.7
5414,904,3033.33,33716.7
5415,1001,3250,33616.7
5416,992,3216.67,33583.3
5417,1116,3450,33666.7
5418,1101,3383.33,33616.7
5419,1075,3350,33583.3
5420,1111,3416.67,33516.7
5421,1074,3350,33533.3
5422,1105,3400,33300
5423,1046,3316.67,33100
5424,939,3100,32683.3
5425,983,3200,32650
5426,972,3183.33,32783.3
5427,957,3133.33,32850
5428,1022,3283.33,32833.3
5429,1036,3300,32883.3
5430,1104,3400,32900
5431,1130,3500,33066.7
5432,1150,3566.67,32933.3
5433,1263,3816.67,32983.3
5434,1279,3866.67,33116.7
5435,1251,3783.33,33066.7
5436,1238,3766.67,33066.7
5437,1110,3416.67,32416.7
5438,829,2900,32500
5439,923,3066.67,32316.7
5440,828,2900,32350
5441,837,2916.67,32200
5442,938,3100,32233.3
5443,838,2916.67,32250
5444,805,2850,32133.3
5445,855,2966.67,32283.3
5446,856,2966.67,32300
5447,1012,3266.67,32366.7
5448,1055,3333.33,32583.3
5449,1178,3633.33,32616.7
5450,1169,3616.67,32850
5451,1239,3766.67,33133.3
5452,1280,3866.67,33200
5453,1272,3850,33233.3
5454,1197,3666.67,33216.7
5455,1213,3700,33250
5456,1203,3683.33,33216.7
5457,1252,3783.33,33283.3
5458,1371,4133.33,33366.7
5459,1311,3933.33,33633.3
5460,1241,3766.67,33683.3
5461,1170,3616.67,33833.3
5462,1235,3750,33850
5463,1436,4250,33900
5464,1457,4283.33,33883.3
5465,1394,4183.33,34083.3
5466,1324,3983.33,34066.7
5467,1445,4266.67,34166.7
5468,1478,4333.33,33916.7
5469,1705,4666.67,33916.7
5470,1531,4416.67,33983.3
5471,2028,4916.67,34033.3
5472,1798,4766.67,34333.3
5473,1761,4733.33,34433.3
5474,2029,4916.67,34483.3
5475,1722,4683.33,34566.7
5476,1777,4750,34533.3
5477,1628,4566.67,34633.3
5478,1732,4700,34600
5479,2284,5066.67,34416.7
5480,2439,5150,34583.3
5481,1951,4866.67,34716.7
5482,1894,4833.33,34716.7
5483,1992,4900,34733.3
5484,2250,5050,35033.3
5485,2468,5166.67,35216.7
5486,2487,5183.33,35333.3
5487,2377,5116.67,35216.7
5488,2486,5183.33,35233.3
5489,2737,5366.67,35350
5490,2787,5400,35300
5491,2816,5416.67,35183.3
5492,2914,5516.67,35216.7
5493,3054,5750,35300
5494,3267,5983.33,35316.7
5495,3529,6216.67,34900
5496,3735,6400,34766.7
5497,3708,6366.67,34816.7
5498,3753,6433.33,34916.7
5499,3734,6400,34583.3
5500,3333,6050,34683.3
5501,3250,5966.67,34516.7
5502,3378,6083.33,34933.3
5503,3391,6100,34916.7
5504,3335,6050,35016.7
5505,3251,5966.67,35166.7
5506,3167,5883.33,35116.7
5507,3034,5716.67,34983.3
5508,3061,5766.67,35050
5509,3118,5833.33,35200
5510,3149,5866.67,35066.7
5511,3334,6050,34833.3
5512,3357,6066.67,34850
5513,3591,6266.67,34966.7
5514,3549,6233.33,34933.3
5515,3550,6233.33,34983.3
5516,3722,6383.33,35100
5517,3572,6250,35066.7
5518,3592,6266.67,35100
5519,3427,6133.33,35066.7
5520,3659,6316.67,35083.3
5521,3615,6283.33,35216.7
5522,3573,6250,35250
5523,3593,6266.67,35200
5524,3742,6416.67,35016.7
5525,3839,6600,34950
5526,3812,6533.33,35283.3
5527,4075,6983.33,35416.7
5528,4052,6950,35466.7
5529,4191,7216.67,35550
5530,4215,7250,35633.3
5531,4564,7916.67,35916.7
5532,4597,8000,35850
5533,4606,8016.67,35900
5534,4637,8083.33,35883.3
5535,4658,8133.33,35900
5536,4652,8116.67,35916.7
5537,4628,8066.67,35983.3
5538,4753,8316.67,36133.3
5539,4785,8383.33,36166.7
5540,4786,8383.33,36183.3
5541,4784,8383.33,36100
5542,4770,8350,36100
5543,4783,8383.33,36083.3
5544,4759,8333.33,36183.3
5545,4800,8400,36100
5546,4728,8266.67,36350
5547,4732,8283.33,36333.3
5548,4771,8350,36150
5549,4694,8200,36300
5550,4550,7883.33,36216.7
5551,4440,7650,36133.3
5552,4417,7600,36100
5553,4557,7900,35800
5554,4538,7850,35500
5555,4563,7916.67,35583.3
5556,4602,8016.67,35350
5557,4583,7966.67,35600
5558,4642,8100,35716.7
5559,4691,8200,35716.7
5560,4782,8383.33,35750
5561,4719,8250,35850
5562,4837,8483.33,35733.3
5563,4799,8400,35800
5564,4857,8516.67,35933.3
5565,4938,8633.33,35950
5566,5053,8800,36133.3
5567,4974,8683.33,36300
5568,4928,8616.67,36333.3
5569,5040,8783.33,36350
5570,5030,8766.67,36350
5571,4887,8566.67,36433.3
5572,4958,8666.67,35916.7
5573,5036,8783.33,35833.3
5574,4844,8500,35733.3
5575,5035,8783.33,35733.3
5576,5105,8883.33,35716.7
5577,5029,8766.67,35683.3
5578,5050,8800,35650
5579,5008,8733.33,35283.3
5580,5257,9266.67,35016.7
5581,5269,9300,35150
5582,5202,9083.33,35633.3
5583,5181,9016.67,35650
5584,5180,9016.67,35616.7
5585,5221,9150,35766.7
5586,5213,9116.67,35650
5587,5258,9266.67,35666.7
5588,5284,9350,35700
5589,5451,10000,35466.7
5590,5976,11016.7,34633.3
5591,5975,11016.7,34616.7
5592,6005,11100,34650
5593,5998,11083.3,34633.3
5594,5982,11033.3,34650
5595,5909,10916.7,34650
5596,6035,11183.3,34833.3
5597,6000,11083.3,35116.7
5598,5866,10850,35316.7
5599,5812,10766.7,35116.7
5600,5864,10850,35033.3
5601,5938,10950,34933.3
5602,5947,10966.7,34850
5603,5987,11050,34900
5604,5999,11083.3,34900
5605,6014,11133.3,34933.3
5606,6029,11166.7,34866.7
5607,6079,11333.3,34866.7
5608,6074,11316.7,34850
5609,6060,11283.3,34766.7
5610,6072,11316.7,34800
5611,6104,11550,34983.3
5612,6085,11366.7,35400
5613,6065,11300,35033.3
5614,6082,11350,34900
5615,6081,11350,34883.3
5616,6084,11366.7,34900
5617,6094,11450,34933.3
5618,6088,11400,34933.3
5619,6078,11333.3,34850
5620,6107,11566.7,34983.3
5621,6099,11533.3,34983.3
5622,6098,11516.7,34983.3
5623,6095,11450,35200
5624,6100,11533.3,35316.7
5625,6044,11216.7,35450
5626,6089,11400,36033.3
5627,6087,11383.3,36250
5628,6058,11266.7,36883.3
5629,6050,11233.3,36216.7
5630,6049,11233.3,36116.7
5631,6061,11283.3,36416.7
5632,6113,11616.7,36600
5633,6115,11666.7,36500
5634,6066,11300,36200
5635,6075,11316.7,36350
5636,6080,11333.3,36300
5637,6091,11416.7,36533.3
5638,6108,11566.7,36733.3
5639,6105,11550,36566.7
5640,6015,11133.3,36100
5641,5797,10750,35833.3
5642,5730,10633.3,35816.7
5643,5754,10683.3,35750
5644,5679,10550,35916.7
5645,5693,10566.7,36066.7
5646,5739,10650,36066.7
5647,5799,10750,36000
5648,5898,10900,36150
5649,5958,10983.3,36100
5650,5720,10616.7,35666.7
5651,5719,10616.7,35500
5652,5623,10450,35300
5653,5669,10533.3,35266.7
5654,5729,10633.3,35433.3
5655,5617,10433.3,35433.3
5656,5672,10533.3,35766.7
5657,5692,10566.7,36033.3
5658,5691,10566.7,35850
5659,5678,10550,35850
5660,5661,10516.7,35933.3
5661,5624,10450,35816.7
5662,5522,10233.3,36216.7
5663,5521,10233.3,36100
5664,5564,10333.3,36233.3
5665,5298,9400,36700
5666,5446,9983.33,36616.7
5667,5393,9783.33,36650
5668,5505,10200,36800
5669,5732,10633.3,36816.7
5670,5755,10683.3,37083.3
5671,5800,10750,37000
5672,5883,10883.3,37500
5673,5625,10450,37833.3
5674,5649,10500,37866.7
5675,5662,10516.7,37800
5676,5927,10933.3,37800
5677,6043,11200,37800
5678,6031,11166.7,37633.3
5679,6016,11133.3,37700
5680,6046,11216.7,37733.3
5681,6111,11583.3,37500
5682,6114,11616.7,37500
5683,6103,11533.3,37416.7
5684,6068,11300,37316.7
5685,6076,11316.7,37316.7
5686,6059,11266.7,37016.7
5687,6062,11283.3,37333.3
5688,6040,11200,37283.3
5689,6090,11400,37400
5690,6112,11600,37416.7
5691,6093,11433.3,37483.3
5692,6116,11700,37433.3
5693,6117,11733.3,37450
5694,6109,11566.7,37416.7
5695,6096,11450,37200
5696,6097,11466.7,37083.3
5697,6110,11583.3,36966.7
5698,6102,11533.3,37083.3
5699,6092,11416.7,36950
5700,5838,10800,37033.3
5701,5978,11016.7,37183.3
5702,5959,10983.3,37283.3
5703,5420,9883.33,38000
5704,5463,10050,37750
5705,5488,10133.3,37850
5706,5439,9933.33,37883.3
5707,5421,9883.33,38166.7
5708,5385,9750,38133.3
5709,5384,9750,38083.3
5710,5394,9783.33,38150
5711,5299,9400,38150
5712,5230,9166.67,38083.3
5713,5141,8933.33,38516.7
5714,5314,9466.67,38633.3
5715,5270,9300,38400
5716,5239,9216.67,38000
5717,5327,9500,37900
5718,5341,9566.67,38033.3
5719,5244,9233.33,37950
5720,5208,9100,37833.3
5721,5150,8950,37416.7
5722,5338,9550,37900
5723,5373,9666.67,37866.7
5724,5458,10016.7,37516.7
5725,5438,9933.33,37550
5726,5372,9666.67,37716.7
5727,5411,9850,37916.7
5728,5410,9850,37700
5729,5489,10133.3,37866.7
5730,5506,10200,37916.7
5731,5558,10316.7,38166.7
5732,5585,10366.7,38216.7
5733,5552,10300,38166.7
5734,5557,10316.7,37883.3
5735,5601,10400,37900
5736,5363,9633.33,37150
5737,5347,9583.33,37433.3
5738,5263,9283.33,36900
5739,5159,8966.67,36300
5740,5160,8966.67,36683.3
5741,5139,8933.33,36266.7
5742,5038,8783.33,36083.3
5743,5078,8833.33,36050
5744,5009,8733.33,35850
5745,5119,8900,35866.7
5746,5101,8866.67,36116.7
5747,5138,8933.33,36250
5748,5168,8983.33,36150
5749,5167,8983.33,36116.7
5750,5175,9000,36066.7
5751,5182,9016.67,36050
5752,5176,9000,36083.3
5753,5233,9183.33,36000
5754,5166,8983.33,35900
5755,5203,9083.33,35966.7
5756,5189,9033.33,36016.7
5757,5222,9150,36016.7
5758,5136,8933.33,35916.7
5759,5148,8950,35833.3
5760,5051,8800,35816.7
5761,4986,8700,36016.7
5762,5052,8800,36050
5763,5149,8950,36083.3
5764,5137,8933.33,36133.3
5765,5129,8916.67,36066.7
5766,5108,8883.33,36116.7
5767,4995,8716.67,36266.7
5768,5067,8816.67,36116.7
5769,5120,8900,36300
5770,4973,8683.33,36216.7
5771,5037,8783.33,36033.3
5772,5107,8883.33,36050
5773,5128,8916.67,35983.3
5774,5127,8916.67,35950
5775,5118,8900,35850
5776,5135,8933.33,35500
5777,4845,8500,35766.7
5778,4807,8416.67,35700
5779,4781,8383.33,35700
5780,4718,8250,35700
5781,4627,8066.67,35716.7
5782,4657,8133.33,35816.7
5783,4636,8083.33,35850
5784,4681,8183.33,36016.7
5785,4612,8033.33,35766.7
5786,4670,8150,35816.7
5787,4669,8150,35783.3
5788,4671,8150,35933.3
5789,4659,8133.33,35916.7
5790,4629,8066.67,36000
5791,4472,7716.67,36000
5792,4457,7683.33,36033.3
5793,4462,7700,35966.7
5794,4314,7400,35800
5795,4265,7333.33,35983.3
5796,4295,7366.67,36066.7
5797,4244,7300,36150
5798,4179,7200,36300
5799,4159,7166.67,36383.3
5800,3974,6833.33,36250
5801,3964,6816.67,35950
5802,3908,6733.33,35800
5803,3990,6850,35650
5804,3935,6783.33,35533.3
5805,3918,6750,35450
5806,3791,6483.33,35833.3
5807,3792,6483.33,35933.3
5808,3429,6133.33,36100
5809,3184,5900,36450
5810,3237,5950,36450
5811,3617,6283.33,36683.3
5812,3680,6333.33,36666.7
5813,3712,6366.67,36783.3
5814,3443,6150,36866.7
5815,3380,6083.33,36733.3
5816,3222,5933.33,36850
5817,3286,6000,37200
5818,3394,6100,37450
5819,3532,6216.67,37366.7
5820,3873,6666.67,36750
5821,3881,6683.33,36783.3
5822,3861,6650,36700
5823,3976,6833.33,36600
5824,3926,6766.67,36466.7
5825,3891,6700,36600
5826,3555,6233.33,36466.7
5827,3769,6450,36416.7
5828,3814,6533.33,36316.7
5829,3576,6250,36533.3
5830,3597,6266.67,36650
5831,3854,6633.33,36383.3
5832,3880,6683.33,36300
5833,3846,6616.67,36300
5834,3799,6500,36283.3
5835,3710,6366.67,36383.3
5836,3724,6383.33,36066.7
5837,3744,6416.67,35866.7
5838,3805,6516.67,35650
5839,3756,6433.33,35983.3
5840,3693,6350,36300
5841,3644,6300,36150
5842,3531,6216.67,36350
5843,3554,6233.33,36166.7
5844,3338,6050,36033.3
5845,3170,5883.33,35983.3
5846,3183,5900,35950
5847,3299,6016.67,35933.3
5848,3199,5916.67,35833.3
5849,3484,6183.33,35750
5850,3221,5933.33,35583.3
5851,2920,5533.33,35433.3
5852,2863,5450,35666.7
5853,2983,5633.33,35700
5854,2915,5516.67,35766.7
5855,2789,5400,35600
5856,2888,5483.33,35633.3
5857,3136,5850,35450
5858,3253,5966.67,35566.7
5859,3181,5900,35300
5860,3063,5766.67,35383.3
5861,3182,5900,35483.3
5862,3284,6000,35533.3
5863,3298,6016.67,35616.7
5864,3268,5983.33,35633.3
5865,3198,5916.67,35700
5866,3095,5800,35800
5867,2889,5483.33,35883.3
5868,2839,5433.33,35850
5869,2582,5233.33,35750
5870,2705,5333.33,35766.7
5871,2626,5266.67,35516.7
5872,2580,5233.33,35433.3
5873,2469,5166.67,35300
5874,2112,4966.67,35333.3
5875,1924,4850,35100
5876,1663,4616.67,35116.7
5877,1895,4833.33,34983.3
5878,1557,4466.67,35450
5879,1465,4300,35133.3
5880,1511,4366.67,35083.3
5881,1569,4483.33,34983.3
5882,1440,4250,35350
5883,1377,4150,35083.3
5884,1329,4000,35350
5885,1406,4200,35350
5886,1353,4066.67,35383.3
5887,1283,3866.67,34716.7
5888,1274,3850,35150
5889,1395,4183.33,34700
5890,1376,4150,34750
5891,1328,4000,34450
5892,1365,4100,34466.7
5893,1415,4216.67,34250
5894,1273,3850,34200
5895,1493,4350,34466.7
5896,1492,4350,34416.7
5897,1438,4250,34483.3
5898,1347,4050,34583.3
5899,1358,4083.33,34633.3
5900,1360,4083.33,34716.7
5901,1352,4066.67,34783.3
5902,1348,4050,34700
5903,1327,4000,34433.3
5904,1333,4016.67,34350
5905,1404,4200,34433.3
5906,1368,4116.67,34333.3
5907,1402,4200,34216.7
5908,1479,4333.33,34166.7
5909,1437,4250,34200
5910,1923,4850,33333.3
5911,1837,4800,33266.7
5912,1599,4533.33,33266.7
5913,1555,4466.67,33300
5914,1524,4400,33250
5915,1375,4150,33183.3
5916,1321,3966.67,33133.3
5917,1351,4066.67,33100
5918,1393,4183.33,33050
5919,1341,4033.33,33350
5920,1260,3800,33533.3
5921,1268,3833.33,33283.3
5922,1422,4233.33,33216.7
5923,1401,4200,33400
5924,1434,4250,33400
5925,1435,4250,33416.7
5926,1662,4616.67,33366.7
5927,1575,4500,33200
5928,1976,4883.33,33016.7
5929,1836,4800,33100
5930,2026,4916.67,33300
5931,1796,4766.67,33266.7
5932,1776,4750,33300
5933,1922,4850,33183.3
5934,1950,4866.67,32933.3
5935,2023,4916.67,32450
5936,2107,4966.67,32450
5937,2046,4933.33,32450
5938,1627,4566.67,32000
5939,1703,4666.67,32150
5940,1336,4033.33,32100
5941,1583,4516.67,31950
5942,2281,5066.67,32050
5943,2599,5250,32233.3
5944,2755,5383.33,31950
5945,2861,5450,31550
5946,2700,5333.33,31316.7
5947,2507,5200,31366.7
5948,1731,4700,31816.7
5949,2021,4916.67,32016.7
5950,1730,4700,31583.3
5951,1835,4800,31500
5952,2311,5083.33,31200
5953,2312,5083.33,31300
5954,2539,5216.67,31216.7
5955,2899,5500,31483.3
5956,3102,5816.67,31466.7
5957,3075,5783.33,31150
5958,3046,5750,31150
5959,3031,5716.67,31833.3
5960,3047,5750,31716.7
5961,3077,5783.33,31700
5962,3090,5800,31383.3
5963,3332,6050,30916.7
5964,3116,5833.33,30616.7
5965,3131,5850,30850
5966,3088,5800,30516.7
5967,3375,6083.33,30700
5968,3463,6166.67,30733.3
5969,2976,5633.33,30783.3
5970,3030,5716.67,30783.3
5971,3019,5700,30683.3
5972,2340,5100,30833.3
5973,2434,5150,30650
5974,2663,5300,30883.3
5975,2278,5066.67,30933.3
5976,2140,4983.33,31016.7
5977,2139,4983.33,30983.3
5978,2105,4966.67,31083.3
5979,2141,4983.33,31050
5980,2221,5033.33,31150
5981,2143,4983.33,31250
5982,1815,4767.22,31138.3
5983,1989,4900,31366.7
5984,2142,4983.33,31200
5985,2538,5216.67,31000
5986,2372,5116.67,31033.3
5987,2248,5050,30816.7
5988,1887,4832.5,30955
5989,1757,4729.44,31029.4
5990,1773,4750,31066.7
5991,1699,4666.39,30965.8
5992,1969,4873.06,30771.1
5993,1683,4650,30566.7
5994,1862,4816.67,30550
5995,2016,4901.67,30582.2
5996,1948,4866.39,30480
5997,1884,4825.28,30546.7
5998,1920,4850,30600
5999,1947,4862.5,30602.8
6000,1698,4660,30668.9
6001,1651,4600,30666.7
6002,1697,4658.06,30800
6003,1834,4795.28,30936.4
6004,1684,4650,30683.3
6005,1459,4284.17,30420
6006,1502,4353.06,30495.6
6007,1506,4358.89,30374.2
6008,1859,4806.11,30241.7
6009,1833,4785.28,30258.6
6010,1772,4748.61,30248.6
6011,1916,4844.17,30378.1
6012,2339,5100,30366.7
6013,2506,5200,30600
6014,2071,4950,30450
6015,2045,4922.22,30532.5
6016,2070,4936.94,30462.8
6017,2277,5066.67,30650
6018,2484,5183.33,31116.7
6019,2310,5083.33,31083.3
6020,2997,5666.67,30650
6021,2783,5400,30466.7
6022,2645,5283.33,30366.7
6023,2699,5333.33,30400
6024,2104,4966.67,30283.3
6025,2137,4978.89,30294.4
6026,2433,5150,30533.3
6027,2572,5233.33,30366.7
6028,2462,5166.67,30066.7
6029,3087,5800,29950
6030,2860,5450,30416.7
6031,2859,5450,30383.3
6032,2432,5150,30400
6033,2371,5116.67,30400
6034,2431,5150,30216.7
6035,2276,5066.67,30183.3
6036,1860,4807.5,30013.6
6037,1637,4579.44,30104.2
6038,1919,4850,30366.7
6039,1717,4671.94,30171.4
6040,1486,4350,30366.7
6041,1549,4450,30297.2
6042,1548,4450,30283.3
6043,1598,4533.33,30183.3
6044,1536,4418.33,30171.7
6045,1554,4466.67,30233.3
6046,1398,4189.72,30105.3
6047,1391,4179.17,30093.6
6048,1503,4353.33,30170.8
6049,1626,4566.67,30100
6050,1886,4830,29658.1
6051,1818,4783.33,29650
6052,1795,4766.67,29716.7
6053,1915,4836.94,29619.2
6054,1816,4783.33,29600
6055,1718,4683.33,29600
6056,1745,4716.67,29600
6057,1793,4766.67,29600
6058,1565,4476.94,29753.9
6059,1516,4379.72,29901.4
6060,1530,4408.06,29858.3
6061,1504,4354.17,29962.2
6062,1546,4448.06,30026.7
6063,1501,4351.94,30015.3
6064,1474,4333.33,29966.7
6065,1535,4417.22,29961.9
6066,1564,4473.89,29836.1
6067,1625,4566.67,29750
6068,1638,4583.33,29750
6069,1573,4500,29650
6070,1566,4483.33,29650
6071,1624,4566.67,29650
6072,1571,4492.5,29713.3
6073,1669,4633.33,29716.7
6074,1650,4594.72,29732.2
6075,1623,4554.17,30046.7
6076,1682,4640.83,30568.6
6077,1545,4446.11,30638.6
6078,1389,4170.83,30774.7
6079,1595,4518.89,30795.8
6080,1453,4271.94,31190.3
6081,1332,4016.67,31983.3
6082,1276,3866.67,32116.7
6083,1224,3733.33,30800
6084,1325,3994.72,30806.1
6085,1256,3799.17,30856.4
6086,1248,3783.33,30416.7
6087,1255,3787.5,30660.6
6088,1262,3807.5,30700.8
6089,1173,3633.33,30633.3
6090,1335,4024.17,30290
6091,1344,4041.94,30278.6
6092,1409,4204.72,30092.8
6093,1469,4300.56,30071.1
6094,1470,4313.33,30057.2
6095,1505,4355.83,30054.7
6096,1517,4380.56,29984.2
6097,1529,4407.22,29959.4
6098,1543,4437.5,29951.7
6099,1507,4361.94,30035
6100,1473,4327.5,30053.6
6101,1366,4108.06,30466.7
6102,1485,4339.72,30565.3
6103,1597,4533.06,30733.3
6104,1608,4538.06,30699.2
6105,1701,4666.67,30800
6106,1432,4234.17,31179.7
6107,1390,4172.5,31173.1
6108,1266,3833.33,31133.3
6109,1249,3783.33,30983.3
6110,1201,3683.06,30819.7
6111,1225,3733.33,31033.3
6112,1021,3283.33,31000
6113,1123,3483.33,30600
6114,1133,3506.94,30554.7
6115,1158,3600,30483.3
6116,1184,3640.28,30490.6
