order,city_id,x,y
0,4359,56700,111317
1,4264,55755.8,111041
2,4280,55846.1,110907
3,4347,56483.3,109633
4,4346,56483.3,109433
5,4286,55882.2,108952
6,4289,55927.5,108939
7,4295,55988.1,109096
8,4068,54347.5,109227
9,4018,54150.6,108810
10,3968,54025.3,109161
11,3958,54006.4,108907
12,3973,54035.6,109475
13,4073,54355.6,109652
14,4067,54340.3,109777
15,4033,54203.6,110307
16,4030,54182.5,109776
17,3891,53716.7,110000
18,3839,53516.7,110333
19,3861,53583.3,110717
20,4088,54416.7,110267
21,4003,54124.7,110591
22,3902,53766.7,110517
23,3790,53333.3,110333
24,3697,52933.3,110083
25,3587,52500,109700
26,3560,52400,109833
27,3413,51883.3,109950
28,3183,51150,110200
29,3073,50800,110683
30,3076,50816.7,110467
31,3103,50883.3,110267
32,3128,50966.7,110017
33,2731,50033.3,110683
34,2634,49866.7,110900
35,2701,49966.7,110583
36,2751,50083.3,110783
37,2816,50216.7,111167
38,2415,49500,111800
39,2430,49516.7,112183
40,2368,49416.7,112383
41,2431,49516.7,112517
42,2740,50066.7,112100
43,2848,50266.7,112033
44,2934,50450,111650
45,2685,49933.3,111700
46,2635,49866.7,111367
47,2404,49483.3,111100
48,2405,49483.3,111433
49,2619,49833.3,111700
50,2591,49783.3,112150
51,2791,50166.7,112417
52,3062,50783.3,112467
53,3146,51033.3,112683
54,3077,50816.7,112667
55,2998,50633.3,112700
56,2741,50066.7,112250
57,2295,49283.3,112200
58,2187,49133.3,112083
59,2103,49000,111950
60,2702,49966.7,112550
61,2610,49816.7,111900
62,2576,49766.7,112450
63,2542,49700,112833
64,2397,49466.7,112667
65,2563,49733.3,112617
66,2879,50350,112633
67,2817,50216.7,113150
68,2904,50400,113250
69,2406,49483.3,113950
70,2467,49583.3,114367
71,2474,49600,114433
72,2416,49500,115067
73,2309,49300,115117
74,2370,49416.7,115400
75,2488,49616.7,115633
76,2297,49283.3,115833
77,2149,49083.3,116100
78,2489,49616.7,116800
79,2399,49466.7,116767
80,2163,49100,116517
81,2205,49150,116333
82,2868,50316.7,115867
83,2943,50466.7,115967
84,2952,50516.7,116033
85,2949,50500,116033
86,3078,50816.7,116283
87,2994,50616.7,116100
88,3224,51266.7,115917
89,3278,51433.3,116183
90,3286,51450,116300
91,3107,50900,116367
92,3212,51216.7,116617
93,3264,51400,116483
94,3279,51433.3,117050
95,3185,51150,116767
96,3159,51066.7,116650
97,3234,51300,116967
98,2799,50183.3,116933
99,2911,50416.7,117133
100,2869,50316.7,116950
101,2783,50150,116983
102,2533,49683.3,115983
103,2509,49633.3,115950
104,2468,49583.3,114967
105,2666,49900,115767
106,2782,50150,115833
107,2434,49516.7,115767
108,2577,49766.7,115717
109,2398,49466.7,115450
110,2139,49066.7,115183
111,2104,49000,115167
112,2407,49483.3,114983
113,2277,49250,116683
114,2276,49250,116617
115,2317,49316.7,117667
116,2408,49483.3,117283
117,2246,49200,117283
118,2383,49433.3,117550
119,2298,49283.3,117617
120,2299,49283.3,117650
121,2164,49100,117717
122,2150,49083.3,117817
123,2592,49783.3,118133
124,2112,49016.7,118217
125,2206,49150,118567
126,2130,49050,118467
127,2651,49883.3,118083
128,2652,49883.3,118117
129,2821,50233.3,117800
130,3046,50733.3,117733
131,2999,50633.3,117533
132,3017,50683.3,117483
133,3225,51266.7,117517
134,3314,51516.7,117417
135,3299,51483.3,117483
136,3176,51133.3,117867
137,2953,50516.7,117283
138,3104,50883.3,118100
139,3137,51000,118183
140,2675,49916.7,116917
141,2578,49766.7,116850
142,2490,49616.7,116950
143,2510,49633.3,116967
144,2177,49116.7,117550
145,2382,49433.3,117533
146,2461,49566.7,117650
147,2579,49766.7,117467
148,2711,49983.3,117367
149,2923,50433.3,117900
150,3028,50700,117917
151,2954,50516.7,117900
152,2822,50233.3,118617
153,2894,50383.3,118783
154,2667,49900,119483
155,2636,49866.7,119400
156,2838,50250,118967
157,2887,50366.7,119350
158,3063,50783.3,119333
159,3081,50833.3,119000
160,3000,50633.3,119117
161,2966,50550,119133
162,2936,50450,119183
163,2766,50116.7,119383
164,3217,51233.3,118950
165,3120,50933.3,118783
166,3136,50983.3,118633
167,3029,50700,119283
168,3094,50866.7,119467
169,3095,50866.7,119583
170,3018,50683.3,119817
171,3019,50683.3,120367
172,3129,50966.7,120250
173,3013,50666.7,120333
174,3148,51033.3,120733
175,3064,50783.3,120783
176,3079,50816.7,119683
177,2823,50233.3,119367
178,2849,50266.7,119267
179,2418,49500,119583
180,2580,49766.7,119750
181,2475,49600,119667
182,2417,49500,119133
183,2189,49133.3,118683
184,2113,49016.7,118783
185,2140,49066.7,118983
186,2123,49033.3,119467
187,2226,49183.3,119550
188,2247,49200,119817
189,2329,49350,120083
190,2391,49450,120500
191,2453,49550,120750
192,2653,49883.3,120633
193,2767,50116.7,120783
194,2786,50150,120883
195,2785,50150,120500
196,2912,50416.7,120817
197,3054,50750,120850
198,3047,50733.3,119967
199,3008,50650,119950
200,3365,51666.7,119517
201,3471,52100,119300
202,3391,51783.3,119317
203,3572,52450,119133
204,3720,53016.7,119233
205,3685,52866.7,118550
206,3684,52866.7,118267
207,3686,52883.3,118083
208,3731,53066.7,117400
209,3751,53166.7,117100
210,3848,53533.3,117017
211,3857,53550,117217
212,3740,53083.3,117450
213,3698,52933.3,117283
214,3724,53033.3,116683
215,3807,53366.7,117700
216,3810,53400,117583
217,3756,53183.3,117017
218,3725,53033.3,117317
219,3820,53433.3,117533
220,3762,53200,117917
221,3856,53550,116767
222,3816,53416.7,116683
223,3863,53583.3,116417
224,3879,53666.7,115983
225,3880,53666.7,116167
226,3855,53550,116633
227,3730,53066.7,116783
228,3581,52466.7,115783
229,3582,52466.7,116083
230,3466,52083.3,114750
231,3564,52416.7,115283
232,3547,52366.7,115067
233,3546,52366.7,114917
234,3555,52383.3,114600
235,3293,51466.7,114383
236,3167,51100,115350
237,3191,51166.7,115567
238,3375,51700,114633
239,3398,51816.7,114367
240,3190,51166.7,114850
241,3166,51100,115067
242,3161,51083.3,114167
243,3027,50700,114233
244,2935,50450,113850
245,3126,50950,113917
246,2987,50600,113617
247,3140,51016.7,113533
248,3087,50850,113467
249,3210,51216.7,113650
250,2981,50583.3,113867
251,3037,50716.7,113967
252,3364,51666.7,114133
253,3321,51533.3,114100
254,3223,51266.7,114017
255,3211,51216.7,114017
256,3157,51066.7,114167
257,3016,50683.3,114267
258,2837,50250,113667
259,2880,50350,113767
260,2650,49883.3,113050
261,2602,49800,113117
262,2369,49416.7,112883
263,2296,49283.3,113183
264,2122,49033.3,113033
265,2111,49016.7,113383
266,2245,49200,113317
267,2710,49983.3,113083
268,2188,49133.3,113600
269,2129,49050,113917
270,2341,49366.7,113517
271,2564,49733.3,113400
272,2732,50033.3,113583
273,2452,49550,113767
274,2433,49516.7,114650
275,2565,49733.3,114850
276,2508,49633.3,114500
277,2460,49566.7,114067
278,2432,49516.7,113950
279,3036,50716.7,113317
280,3173,51116.7,112983
281,3453,52050,112467
282,3452,52050,112350
283,3524,52300,112350
284,3656,52783.3,112450
285,3738,53083.3,111783
286,3791,53333.3,111167
287,3797,53350,110850
288,3664,52833.3,110867
289,3443,52016.7,111117
290,3389,51783.3,111083
291,3361,51666.7,110667
292,3539,52350,110117
293,3643,52750,110450
294,3540,52350,110267
295,3534,52333.3,109950
296,3493,52166.7,109517
297,3460,52066.7,108700
298,3702,52966.7,108383
299,3289,51466.7,109133
300,3395,51800,108833
301,3420,51916.7,109133
302,3372,51700,109233
303,3464,52083.3,109433
304,3523,52300,109367
305,3566,52433.3,109167
306,3563,52416.7,108700
307,3545,52366.7,108217
308,3476,52116.7,108133
309,3431,51966.7,108367
310,3428,51950,108617
311,3522,52300,108517
312,3500,52200,108450
313,3648,52766.7,108300
314,3680,52866.7,108300
315,3753,53183.3,108767
316,3681,52866.7,108450
317,3647,52766.7,108283
318,3718,53016.7,108950
319,3796,53350,108350
320,3613,52616.7,109500
321,3506,52233.3,109650
322,3488,52150,110083
323,3407,51866.7,110017
324,3367,51683.3,110250
325,3360,51666.7,109983
326,2876,50333.3,110083
327,3007,50650,109917
328,3058,50766.7,109667
329,3102,50883.3,109550
330,2739,50066.7,108800
331,2709,49983.3,109117
332,3119,50933.3,109900
333,2815,50216.7,109617
334,2340,49366.7,109267
335,2176,49116.7,109267
336,2243,49200,108733
337,2429,49516.7,108817
338,2473,49600,108717
339,2867,50316.7,108617
340,2933,50450,108450
341,2932,50450,108083
342,2886,50366.7,107583
343,2855,50283.3,107767
344,3239,51316.7,107650
345,3101,50883.3,108200
346,3135,50983.3,108083
347,3072,50800,107950
348,3182,51150,108750
349,3288,51466.7,108850
350,3298,51483.3,108400
351,3371,51700,108483
352,3344,51616.7,107750
353,3370,51700,107133
354,3470,52100,107000
355,3637,52716.7,107350
356,3654,52783.3,107067
357,3662,52833.3,106883
358,3784,53300,106967
359,3803,53366.7,107817
360,3772,53250,108000
361,3708,52983.3,107583
362,3696,52933.3,107867
363,3767,53216.7,108000
364,3747,53133.3,107767
365,3736,53083.3,107667
366,3592,52533.3,107883
367,3450,52050,107983
368,3445,52033.3,107550
369,3459,52066.7,107433
370,3419,51916.7,107117
371,3222,51266.7,107017
372,3304,51500,107050
373,3392,51800,106500
374,3303,51500,106283
375,3343,51616.7,106433
376,3253,51366.7,106133
377,3221,51266.7,105967
378,3189,51166.7,105933
379,3156,51066.7,105433
380,3215,51233.3,105433
381,3092,50866.7,105250
382,3117,50933.3,104500
383,3132,50983.3,104850
384,3380,51750,104533
385,3480,52133.3,104533
386,3458,52066.7,104250
387,3562,52416.7,104500
388,3688,52900,104783
389,3822,53450,104083
390,3800,53366.7,104017
391,3758,53200,103800
392,3741,53116.7,103650
393,3748,53150,103467
394,3610,52616.7,103383
395,3670,52850,103717
396,3706,52983.3,103800
397,3734,53083.3,104467
398,3676,52866.7,104467
399,3677,52866.7,104600
400,3651,52783.3,105083
401,3707,52983.3,105433
402,3565,52433.3,105283
403,3699,52950,105033
404,3831,53483.3,104667
405,3826,53466.7,105117
406,3814,53416.7,105533
407,3639,52733.3,105450
408,3616,52633.3,104883
409,3627,52666.7,104533
410,3585,52500,104900
411,3416,51900,105450
412,3430,51966.7,105867
413,3679,52866.7,105783
414,3759,53200,105750
415,3717,53016.7,106000
416,3735,53083.3,106067
417,3765,53216.7,106067
418,3766,53216.7,106400
419,3531,52316.7,106283
420,3482,52133.3,106667
421,3660,52816.7,106500
422,3636,52716.7,106583
423,3296,51483.3,106933
424,3267,51416.7,106600
425,3199,51200,106867
426,3111,50916.7,106850
427,2992,50616.7,106700
428,2723,50016.7,106733
429,2367,49416.7,107067
430,2648,49883.3,106550
431,2366,49416.7,106683
432,2162,49100,106367
433,2339,49366.7,106383
434,2224,49183.3,105950
435,2541,49700,106567
436,2396,49466.7,106350
437,2515,49650,106267
438,2487,49616.7,105983
439,2609,49816.7,105617
440,2690,49950,105400
441,2758,50100,105700
442,2902,50400,105550
443,2854,50283.3,105617
444,2928,50450,105817
445,2997,50633.3,106033
446,2847,50266.7,105883
447,2861,50300,105133
448,2885,50366.7,105383
449,2921,50433.3,104817
450,3025,50700,105217
451,2930,50450,106267
452,3052,50750,106400
453,3133,50983.3,106550
454,3172,51116.7,106600
455,2929,50450,106067
456,3071,50800,106150
457,3015,50683.3,105883
458,2978,50583.3,105583
459,3084,50850,105567
460,2903,50400,105717
461,2901,50400,105150
462,2790,50166.7,105267
463,2682,49933.3,105700
464,2809,50200,106000
465,2683,49933.3,105967
466,2618,49833.3,106033
467,2931,50450,106900
468,2985,50600,107017
469,2820,50233.3,107250
470,2764,50116.7,107100
471,2940,50466.7,106667
472,2922,50433.3,107217
473,2665,49900,107300
474,2763,50116.7,106983
475,2775,50133.3,106383
476,3100,50883.3,107383
477,2979,50583.3,107350
478,2765,50116.7,107733
479,2797,50183.3,107817
480,2554,49716.7,108133
481,2552,49716.7,107733
482,2691,49950,108100
483,2798,50183.3,108200
484,2948,50500,107767
485,2986,50600,107817
486,3134,50983.3,107133
487,3247,51333.3,107450
488,3596,52566.7,107717
489,3512,52250,107500
490,3589,52516.7,107533
491,3578,52466.7,107400
492,3658,52800,107467
493,3802,53366.7,107517
494,3871,53633.3,107550
495,3865,53600,107383
496,3801,53366.7,106600
497,3777,53266.7,106700
498,3838,53516.7,107133
499,3898,53750,106967
500,3918,53833.3,107033
501,4136,54666.7,107117
502,3874,53650,106983
503,3695,52933.3,106783
504,3657,52800,106217
505,3691,52916.7,106400
506,3481,52133.3,106600
507,3530,52316.7,106100
508,3440,52016.7,106217
509,3533,52333.3,106783
510,3474,52116.7,106633
511,3437,52000,106983
512,3394,51800,107850
513,3313,51516.7,107717
514,3164,51100,106983
515,3324,51550,105467
516,3402,51850,105033
517,3498,52200,104983
518,3559,52400,104983
519,3473,52116.7,105133
520,3499,52200,105117
521,3448,52050,105133
522,3469,52100,105750
523,3427,51950,105633
524,3348,51633.3,105017
525,3388,51783.3,104717
526,3263,51400,104733
527,3312,51516.7,105017
528,3266,51416.7,105017
529,3238,51316.7,105000
530,3417,51900,106067
531,3588,52516.7,106017
532,3520,52283.3,105667
533,3285,51450,105450
534,3359,51666.7,105467
535,3382,51766.7,105750
536,3652,52783.3,105733
537,3712,53000,105250
538,3678,52866.7,105400
539,3716,53016.7,105800
540,3653,52783.3,105917
541,3583,52483.3,105717
542,3617,52633.3,105450
543,3622,52650,105733
544,3809,53400,105617
545,3514,52266.7,105517
546,3690,52916.7,105800
547,3934,53916.7,106083
548,3976,54050,105783
549,4193,55100,105300
550,4234,55416.7,104550
551,4183,55066.7,103067
552,4203,55166.7,102950
553,4244,55533.3,102333
554,4340,56333.3,103233
555,4260,55750,103167
556,4258,55733.3,101317
557,4134,54666.7,101783
558,4148,54766.7,101883
559,4144,54750,101850
560,4135,54666.7,102083
561,3992,54100,102817
562,3940,53950,102267
563,3661,52833.3,101850
564,3851,53550,103417
565,3781,53283.3,103583
566,3674,52866.7,103367
567,3635,52716.7,103633
568,3675,52866.7,104333
569,3832,53483.3,104983
570,3823,53450,105367
571,3834,53500,105567
572,3532,52316.7,106567
573,3844,53533.3,106317
574,3837,53516.7,106867
575,3785,53300,107050
576,3544,52366.7,106967
577,3475,52116.7,107217
578,3412,51883.3,107600
579,3553,52383.3,107667
580,3634,52700,107700
581,3483,52133.3,107050
582,3319,51533.3,107250
583,3569,52450,108267
584,3624,52650,108017
585,3642,52750,109017
586,3606,52600,108783
587,3737,53083.3,109300
588,3744,53116.7,109967
589,3625,52650,109667
590,3743,53116.7,109617
591,3808,53383.3,108967
592,3872,53633.3,109200
593,3824,53450,108700
594,3860,53583.3,109617
595,3783,53283.3,110000
596,3630,52683.3,110133
597,3723,53033.3,110333
598,3663,52833.3,109633
599,3682,52866.7,109267
600,3484,52133.3,108950
601,3515,52266.7,108900
602,3451,52050,108967
603,3349,51633.3,108350
604,3325,51550,107983
605,3248,51333.3,108150
606,3200,51200,108033
607,3139,51016.7,108433
608,3043,50733.3,108750
609,2993,50616.7,108450
610,2759,50100,108483
611,2553,49716.7,108017
612,2516,49650,108417
613,2242,49200,108400
614,2241,49200,108383
615,2225,49183.3,108083
616,2204,49150,107800
617,2266,49233.3,107733
618,2684,49933.3,107450
619,2569,49750,107483
620,2525,49666.7,107000
621,2524,49666.7,106850
622,2633,49866.7,106217
623,2403,49483.3,106017
624,2428,49516.7,105617
625,2308,49300,105417
626,2361,49400,105633
627,2137,49066.7,105383
628,2223,49183.3,105600
629,2161,49100,105167
630,2390,49450,104600
631,2459,49566.7,104917
632,2486,49616.7,104750
633,2672,49916.7,104367
634,2736,50050,104633
635,3118,50933.3,105700
636,3155,51066.7,104950
637,3262,51400,104533
638,3124,50950,104200
639,2908,50416.7,103267
640,3069,50800,103550
641,2961,50533.3,103867
642,3057,50766.7,103783
643,3188,51166.7,103500
644,3274,51433.3,102917
645,3369,51700,102750
646,3284,51450,102433
647,3232,51300,102433
648,3116,50933.3,102800
649,3198,51200,102800
650,3425,51950,102667
651,3511,52250,102667
652,3577,52466.7,102650
653,3626,52666.7,102533
654,3415,51900,102350
655,3552,52383.3,101100
656,3597,52583.3,101050
657,3659,52816.7,101433
658,3669,52850,102383
659,3673,52866.7,102983
660,3598,52583.3,102967
661,3605,52600,103250
662,3742,53116.7,104033
663,3782,53283.3,104017
664,3830,53483.3,104333
665,3711,53000,104300
666,3611,52616.7,103917
667,3497,52200,103800
668,3463,52083.3,103833
669,3457,52066.7,103250
670,3558,52400,102233
671,3668,52850,102200
672,3687,52900,102483
673,3456,52066.7,102650
674,3401,51850,102533
675,3347,51633.3,102433
676,3181,51150,101750
677,3080,50833.3,101700
678,2991,50616.7,101283
679,3123,50950,101233
680,3203,51216.7,101150
681,2926,50450,101300
682,2920,50433.3,101050
683,2550,49716.7,100967
684,2315,49316.7,100850
685,2159,49100,100600
686,2286,49266.7,100983
687,2449,49550,100950
688,2625,49850,100933
689,2846,50266.7,101033
690,3061,50783.3,101283
691,3311,51516.7,101800
692,2780,50150,101667
693,2720,50016.7,101367
694,2875,50333.3,102250
695,2960,50533.3,103667
696,3042,50733.3,103200
697,3034,50716.7,103000
698,3323,51550,103967
699,3381,51766.7,104183
700,3495,52183.3,104833
701,3543,52366.7,103833
702,3426,51950,103800
703,3439,52016.7,104067
704,3492,52166.7,103517
705,3353,51650,103533
706,3333,51583.3,103217
707,3251,51350,103233
708,3220,51266.7,103733
709,3105,50900,103850
710,2972,50566.7,104450
711,2927,50450,104617
712,2909,50416.7,104600
713,3070,50800,104917
714,3051,50750,104867
715,3006,50650,104867
716,2939,50466.7,104417
717,2757,50100,104317
718,2562,49733.3,104950
719,2673,49916.7,104950
720,2722,50016.7,105067
721,2796,50183.3,104900
722,2647,49883.3,103867
723,2590,49783.3,103667
724,2646,49883.3,103433
725,2358,49400,103400
726,2522,49666.7,103433
727,2944,50483.3,103433
728,2907,50416.7,102917
729,2756,50100,103867
730,2814,50216.7,103450
731,2626,49850,102950
732,2781,50150,102933
733,2755,50100,102633
734,2721,50016.7,102350
735,2700,49966.7,101967
736,2617,49833.3,102283
737,2503,49633.3,102267
738,2505,49633.3,102667
739,2504,49633.3,102483
740,2354,49383.3,102750
741,2203,49150,103000
742,2523,49666.7,103850
743,2359,49400,103700
744,2506,49633.3,104217
745,2608,49816.7,104150
746,2338,49366.7,104067
747,2185,49133.3,103800
748,2186,49133.3,104183
749,2395,49466.7,104283
750,2507,49633.3,104467
751,2451,49550,105050
752,2360,49400,105117
753,2551,49716.7,104600
754,2214,49166.7,104583
755,2215,49166.7,104600
756,2148,49083.3,104467
757,2275,49250,103817
758,2222,49183.3,103667
759,2184,49133.3,103483
760,2316,49316.7,103250
761,2183,49133.3,103317
762,2102,49000,102550
763,2101,49000,102267
764,2202,49150,102800
765,2532,49683.3,103017
766,2664,49900,102017
767,2835,50250,101967
768,2287,49266.7,102283
769,2253,49216.7,102167
770,2240,49200,102417
771,2213,49166.7,101783
772,2458,49566.7,101700
773,2352,49383.3,101717
774,2353,49383.3,101867
775,2472,49600,102083
776,2735,50050,102283
777,2893,50383.3,102567
778,3005,50650,102083
779,3331,51566.7,101900
780,3205,51216.7,102000
781,3197,51200,102100
782,3145,51033.3,102167
783,3250,51350,102200
784,3322,51550,102433
785,3207,51216.7,102467
786,3206,51216.7,102250
787,3406,51866.7,101917
788,3418,51916.7,101550
789,3461,52083.3,100800
790,3462,52083.3,101050
791,3609,52616.7,100733
792,3591,52533.3,101067
793,3629,52683.3,101100
794,3913,53816.7,101233
795,4052,54283.3,101817
796,4122,54583.3,101383
797,4196,55116.7,101083
798,4152,54783.3,99783.3
799,4171,54916.7,98633.3
800,4161,54833.3,98250
801,4128,54616.7,97783.3
802,4226,55316.7,97700
803,4263,55750,97866.7
804,4246,55583.3,97150
805,4277,55800,98850
806,4363,56783.3,98933.3
807,4433,59416.7,97750
808,4508,61133.3,100883
809,4430,59383.3,101333
810,4391,58050,103550
811,4388,57883.3,101667
812,4366,56850,101050
813,4328,56233.3,100567
814,4278,55816.7,100383
815,4037,54216.7,100600
816,3885,53700,100300
817,3752,53166.7,99283.3
818,3949,53966.7,97833.3
819,3890,53700,97883.3
820,3551,52366.7,97033.3
821,3379,51733.3,96916.7
822,3366,51666.7,96833.3
823,3138,51000,97000
824,2754,50083.3,97866.7
825,2623,49833.3,97216.7
826,2680,49916.7,97083.3
827,2661,49883.3,97000
828,2662,49883.3,97166.7
829,2681,49916.7,97183.3
830,2777,50133.3,97316.7
831,2696,49950,97100
832,2813,50200,97666.7
833,2970,50550,96633.3
834,2925,50433.3,96566.7
835,3032,50700,96550
836,2884,50350,95966.7
837,2938,50450,96016.7
838,2660,49883.3,96066.7
839,2568,49733.3,95200
840,2687,49933.3,94983.3
841,2501,49616.7,95183.3
842,2307,49283.3,96150
843,2174,49100,96266.7
844,2325,49316.7,96300
845,2157,49083.3,96700
846,2521,49650,96450
847,2747,50066.7,96516.7
848,2614,49816.7,97133.3
849,2668,49900,97100
850,2447,49533.3,97366.7
851,2484,49600,97316.7
852,2540,49683.3,97266.7
853,2175,49100,97566.7
854,2237,49183.3,97933.3
855,2347,49366.7,97950
856,2531,49666.7,98000
857,2427,49500,98000
858,2199,49133.3,97150
859,2439,49516.7,97700
860,2337,49350,97366.7
861,2109,49000,97200
862,2146,49066.7,97016.7
863,2573,49750,96433.3
864,2753,50083.3,96666.7
865,2642,49866.7,96466.7
866,2794,50166.7,96233.3
867,2632,49850,95550
868,2121,49016.7,95433.3
869,2126,49033.3,95650
870,2145,49066.7,95966.7
871,2235,49183.3,95966.7
872,2285,49250,96050
873,2389,49433.3,96383.3
874,2438,49516.7,96683.3
875,2530,49666.7,96666.7
876,3023,50683.3,97533.3
877,3067,50783.3,97566.7
878,3099,50866.7,98100
879,3196,51183.3,98333.3
880,3231,51283.3,98416.7
881,3283,51433.3,98800
882,3386,51766.7,98616.7
883,3202,51200,97566.7
884,2950,50500,97500
885,2951,50500,98033.3
886,2918,50416.7,97950
887,2749,50066.7,97450
888,2559,49716.7,96733.3
889,2513,49633.3,95716.7
890,2127,49033.3,95766.7
891,2173,49100,95833.3
892,2336,49350,97050
893,2426,49500,97050
894,2110,49000,97550
895,2251,49200,97550
896,2236,49183.3,97766.7
897,2514,49633.3,98700
898,2448,49533.3,98550
899,2364,49400,98800
900,2252,49200,98900
901,2273,49233.3,98533.3
902,2238,49183.3,98100
903,2348,49366.7,98250
904,2200,49133.3,98950
905,2349,49366.7,99116.7
906,2356,49383.3,99233.3
907,2779,50133.3,99100
908,2833,50233.3,98950
909,2697,49950,98933.3
910,2670,49900,99066.7
911,2456,49550,99083.3
912,2201,49133.3,99466.7
913,2239,49183.3,99666.7
914,2365,49400,99633.3
915,2379,49416.7,99450
916,2643,49866.7,99350
917,2440,49516.7,99683.3
918,2891,50366.7,99466.7
919,3310,51516.7,100400
920,3187,51166.7,100700
921,3174,51133.3,100483
922,3011,50650,99966.7
923,2624,49833.3,99950
924,2762,50116.7,100033
925,2265,49233.3,100050
926,2380,49433.3,100267
927,2160,49100,100800
928,2147,49083.3,100983
929,2574,49766.7,100467
930,2698,49966.7,100100
931,2706,49966.7,98766.7
932,2834,50233.3,99450
933,2845,50250,99833.3
934,2789,50150,99450
935,2663,49883.3,99700
936,2707,49966.7,99950
937,2644,49866.7,99916.7
938,2485,49616.7,100250
939,2351,49383.3,100967
940,2128,49050,101167
941,2350,49383.3,100667
942,2220,49183.3,100500
943,2402,49483.3,100517
944,2575,49766.7,100633
945,2773,50133.3,100767
946,2900,50400,100400
947,2919,50433.3,100583
948,2671,49916.7,101083
949,2699,49966.7,101250
950,2774,50133.3,101033
951,2971,50566.7,100583
952,3012,50666.7,100817
953,2729,50033.3,100217
954,2878,50350,100200
955,2795,50183.3,100600
956,2689,49950,100750
957,2607,49816.7,100300
958,2708,49983.3,100533
959,2615,49833.3,100133
960,2357,49400,100017
961,2264,49216.7,99883.3
962,2274,49250,100750
963,2450,49550,101083
964,2560,49733.3,101233
965,2221,49183.3,101250
966,2212,49166.7,101450
967,2616,49833.3,101533
968,2589,49783.3,101667
969,2645,49883.3,101833
970,2738,50066.7,101517
971,2561,49733.3,101783
972,3050,50750,101433
973,2892,50383.3,101700
974,2984,50600,101683
975,3115,50933.3,102033
976,3214,51233.3,101350
977,3204,51216.7,101883
978,3237,51316.7,101433
979,3468,52100,101267
980,3387,51783.3,100533
981,3438,52016.7,100150
982,3496,52200,100167
983,3154,51050,99783.3
984,3024,50683.3,99466.7
985,3068,50783.3,99483.3
986,3246,51316.7,99500
987,3358,51650,99916.7
988,3429,51950,99600
989,3153,51050,99533.3
990,3342,51600,98700
991,3245,51316.7,98350
992,3131,50966.7,98183.3
993,2898,50383.3,98666.7
994,2899,50383.3,99083.3
995,3033,50700,98866.7
996,3075,50800,98983.3
997,3256,51366.7,99116.7
998,3261,51383.3,99600
999,3180,51150,100050
1000,3186,51166.7,100283
1001,2959,50533.3,100317
1002,2457,49550,99283.3
1003,2263,49216.7,99333.3
1004,2158,49083.3,99333.3
1005,2471,49583.3,99450
1006,2990,50600,98733.3
1007,2705,49966.7,98300
1008,2778,50133.3,98566.7
1009,2808,50183.3,98316.7
1010,2750,50066.7,98450
1011,2669,49900,97250
1012,3260,51383.3,97483.3
1013,3110,50900,97216.7
1014,3004,50633.3,97000
1015,2976,50566.7,97000
1016,2897,50383.3,97266.7
1017,2688,49933.3,97116.7
1018,2748,50066.7,97216.7
1019,2728,50016.7,96316.7
1020,2853,50266.7,96050
1021,2641,49866.7,95916.7
1022,2156,49083.3,96133.3
1023,2695,49950,95966.7
1024,2787,50150,95883.3
1025,2772,50116.7,96033.3
1026,2529,49666.7,95900
1027,2659,49883.3,95416.7
1028,2502,49616.7,95616.7
1029,2718,49983.3,94650
1030,2587,49766.7,94466.7
1031,2588,49766.7,94550
1032,2606,49800,95116.7
1033,2866,50300,95550
1034,2906,50400,95683.3
1035,2969,50550,96233.3
1036,2788,50150,96883.3
1037,2977,50566.7,97216.7
1038,3171,51100,96300
1039,3098,50866.7,95250
1040,3109,50900,95333.3
1041,3144,51016.7,95666.7
1042,3179,51133.3,96200
1043,3455,52050,95483.3
1044,3948,53966.7,94766.7
1045,4137,54666.7,94133.3
1046,3897,53733.3,93666.7
1047,3728,53033.3,93233.3
1048,3780,53266.7,93566.7
1049,3615,52616.7,94066.7
1050,3667,52833.3,93633.3
1051,3472,52100,94300
1052,3399,51816.7,94000
1053,3151,51033.3,93833.3
1054,3163,51083.3,93833.3
1055,3130,50966.7,93916.7
1056,3295,51466.7,92350
1057,3227,51266.7,92683.3
1058,3213,51216.7,92783.3
1059,3170,51100,92750
1060,3003,50633.3,93166.7
1061,2727,50016.7,92933.3
1062,2716,49983.3,92300
1063,2549,49700,92500
1064,2558,49716.7,92600
1065,2874,50316.7,92283.3
1066,2752,50083.3,92166.7
1067,2761,50100,91916.7
1068,2746,50066.7,91750
1069,2793,50166.7,91533.3
1070,2792,50166.7,91450
1071,2622,49833.3,91333.3
1072,2378,49416.7,91666.7
1073,2500,49616.7,92316.7
1074,2023,48766.7,92616.7
1075,1953,48616.7,93416.7
1076,1954,48616.7,93533.3
1077,1995,48683.3,93650
1078,2056,48850,93916.7
1079,2066,48866.7,94166.7
1080,1955,48616.7,93833.3
1081,1975,48650,93983.3
1082,2006,48716.7,94566.7
1083,2001,48700,94300
1084,2033,48800,93983.3
1085,2082,48933.3,94383.3
1086,2172,49100,94316.7
1087,2605,49800,93983.3
1088,2717,49983.3,93616.7
1089,2694,49950,93416.7
1090,2631,49850,93383.3
1091,2586,49766.7,92700
1092,2600,49783.3,92833.3
1093,2613,49816.7,92983.3
1094,2601,49783.3,93183.3
1095,2604,49800,93083.3
1096,2024,48766.7,92833.3
1097,2018,48750,92283.3
1098,2011,48733.3,92083.3
1099,2017,48750,91616.7
1100,2047,48833.3,91666.7
1101,2016,48750,91200
1102,2010,48733.3,90933.3
1103,2090,48950,90250
1104,1945,48600,89983.3
1105,1940,48583.3,89900
1106,1910,48533.3,89583.3
1107,1848,48416.7,89616.7
1108,1840,48400,89233.3
1109,2015,48750,88583.3
1110,2055,48850,88483.3
1111,1930,48566.7,88733.3
1112,1812,48333.3,88816.7
1113,1921,48550,88966.7
1114,1794,48250,89883.3
1115,2046,48833.3,89916.7
1116,1962,48633.3,90066.7
1117,1988,48666.7,90250
1118,1974,48650,90433.3
1119,2005,48716.7,90733.3
1120,2155,49083.3,90283.3
1121,2136,49050,90466.7
1122,2284,49250,90566.7
1123,2377,49416.7,90916.7
1124,2520,49650,91000
1125,2831,50233.3,90200
1126,2832,50233.3,90716.7
1127,3122,50933.3,91383.3
1128,3377,51716.7,91800
1129,3701,52950,91333.3
1130,3604,52583.3,91533.3
1131,3650,52766.7,90783.3
1132,3939,53933.3,90983.3
1133,3917,53816.7,89883.3
1134,3700,52950,89883.3
1135,3309,51500,90050
1136,3302,51483.3,90150
1137,3178,51133.3,90266.7
1138,3195,51183.3,90216.7
1139,2860,50283.3,89450
1140,2844,50250,89766.7
1141,2864,50300,88533.3
1142,2865,50300,89033.3
1143,2612,49816.7,89100
1144,2198,49133.3,88333.3
1145,2089,48950,88283.3
1146,1961,48633.3,88766.7
1147,2120,49016.7,88250
1148,2075,48900,88350
1149,2483,49600,87950
1150,2388,49433.3,88116.7
1151,2346,49366.7,88133.3
1152,2045,48833.3,87516.7
1153,2074,48900,87683.3
1154,2032,48800,87266.7
1155,2031,48800,86966.7
1156,2029,48783.3,87100
1157,2557,49716.7,86966.7
1158,2539,49683.3,87516.7
1159,2842,50250,87216.7
1160,2528,49666.7,87650
1161,2830,50233.3,88050
1162,2873,50316.7,88416.7
1163,2843,50250,87900
1164,2829,50233.3,87666.7
1165,2548,49700,86950
1166,2828,50233.3,86950
1167,2807,50183.3,86700
1168,2599,49783.3,86550
1169,2197,49133.3,85800
1170,2262,49216.7,84783.3
1171,2726,50016.7,85216.7
1172,2917,50416.7,84366.7
1173,2446,49533.3,83833.3
1174,2527,49666.7,83516.7
1175,2144,49066.7,84100
1176,2598,49783.3,83650
1177,2547,49700,83666.7
1178,2498,49616.7,83333.3
1179,2497,49616.7,83266.7
1180,2482,49600,83166.7
1181,2455,49550,83016.7
1182,2401,49466.7,82683.3
1183,2376,49416.7,82433.3
1184,2445,49533.3,82866.7
1185,2314,49300,82033.3
1186,2466,49566.7,81366.7
1187,2454,49550,81350
1188,2143,49066.7,81016.7
1189,2038,48816.7,80816.7
1190,2077,48916.7,80133.3
1191,2064,48866.7,79500
1192,2044,48833.3,79366.7
1193,2088,48950,79483.3
1194,2108,49000,79366.7
1195,1929,48566.7,78833.3
1196,1985,48666.7,78700
1197,1986,48666.7,78983.3
1198,2030,48800,79200
1199,2043,48833.3,78866.7
1200,2003,48716.7,78866.7
1201,2020,48766.7,79000
1202,1987,48666.7,79200
1203,1873,48450,78883.3
1204,1775,48200,79250
1205,1740,48100,79716.7
1206,1728,48066.7,80016.7
1207,1776,48200,79416.7
1208,1901,48516.7,79216.7
1209,1778,48216.7,78916.7
1210,1692,47933.3,79250
1211,1791,48250,79033.3
1212,1826,48366.7,78866.7
1213,1790,48250,79016.7
1214,1712,48016.7,78933.3
1215,1528,47450,79433.3
1216,1430,47033.3,79266.7
1217,1490,47333.3,79433.3
1218,1532,47466.7,79433.3
1219,1508,47416.7,79283.3
1220,1478,47283.3,79333.3
1221,1566,47550,79233.3
1222,1827,48366.7,79416.7
1223,1767,48166.7,79533.3
1224,1758,48150,79950
1225,1741,48100,80100
1226,1759,48150,80033.3
1227,1800,48283.3,80233.3
1228,1705,48000,80650
1229,1607,47650,80783.3
1230,1628,47683.3,80733.3
1231,1638,47716.7,80333.3
1232,1458,47183.3,79316.7
1233,1399,46900,79633.3
1234,1364,46816.7,79583.3
1235,1289,46633.3,79016.7
1236,1163,46333.3,78833.3
1237,1345,46766.7,78983.3
1238,1326,46716.7,79083.3
1239,1327,46716.7,79100
1240,1161,46316.7,78700
1241,1112,46216.7,79366.7
1242,459,44983.3,79566.7
1243,752,45516.7,79300
1244,528,45133.3,79766.7
1245,445,44916.7,79366.7
1246,420,44766.7,79333.3
1247,388,44650,79033.3
1248,364,44600,78933.3
1249,286,44300,78550
1250,206,43966.7,78166.7
1251,285,44300,78333.3
1252,251,44183.3,78566.7
1253,268,44250,78166.7
1254,239,44133.3,78183.3
1255,270,44250,79583.3
1256,157,43716.7,79483.3
1257,153,43700,79566.7
1258,158,43716.7,79566.7
1259,79,43150,79500
1260,113,43433.3,79666.7
1261,143,43633.3,80033.3
1262,128,43550,80250
1263,244,44150,79866.7
1264,292,44316.7,79883.3
1265,362,44583.3,79866.7
1266,303,44350,79783.3
1267,291,44316.7,79200
1268,482,45033.3,79300
1269,767,45533.3,79316.7
1270,731,45483.3,79466.7
1271,615,45333.3,79216.7
1272,705,45450,79250
1273,488,45050,79400
1274,389,44650,79266.7
1275,413,44750,79333.3
1276,339,44500,79466.7
1277,237,44116.7,79566.7
1278,365,44600,79366.7
1279,559,45216.7,79333.3
1280,827,45616.7,79416.7
1281,647,45383.3,79783.3
1282,947,45883.3,80533.3
1283,1067,46133.3,80433.3
1284,1233,46483.3,80533.3
1285,1266,46566.7,80866.7
1286,1375,46850,81016.7
1287,1265,46566.7,80816.7
1288,1190,46383.3,80816.7
1289,1237,46500,80966.7
1290,1234,46483.3,80850
1291,1121,46233.3,80866.7
1292,1157,46300,80800
1293,1081,46166.7,80700
1294,1170,46350,80416.7
1295,961,45916.7,79983.3
1296,1022,46033.3,80600
1297,841,45633.3,80083.3
1298,807,45600,80366.7
1299,948,45883.3,80733.3
1300,994,45983.3,80716.7
1301,911,45783.3,80533.3
1302,905,45766.7,80550
1303,433,44850,79500
1304,366,44600,79416.7
1305,414,44750,79700
1306,473,45016.7,79616.7
1307,421,44766.7,79933.3
1308,597,45300,79933.3
1309,417,44750,79900
1310,324,44433.3,78266.7
1311,234,44100,78633.3
1312,243,44150,78450
1313,227,44066.7,78366.7
1314,146,43683.3,79766.7
1315,123,43516.7,79616.7
1316,145,43666.7,79416.7
1317,166,43750,79416.7
1318,195,43916.7,78583.3
1319,192,43900,78683.3
1320,193,43900,78866.7
1321,328,44450,78633.3
1322,349,44533.3,78550
1323,424,44783.3,78650
1324,441,44900,78383.3
1325,596,45300,78033.3
1326,740,45500,78000
1327,1007,46016.7,77450
1328,798,45583.3,77250
1329,787,45566.7,76766.7
1330,719,45466.7,76683.3
1331,595,45300,76716.7
1332,870,45683.3,76616.7
1333,852,45650,76033.3
1334,751,45516.7,76416.7
1335,718,45466.7,76400
1336,686,45433.3,76366.7
1337,593,45300,75083.3
1338,526,45133.3,75083.3
1339,463,45000,75000
1340,478,45033.3,74900
1341,439,44900,75183.3
1342,508,45100,75216.7
1343,451,44950,75066.7
1344,361,44583.3,75683.3
1345,471,45016.7,75633.3
1346,703,45450,75683.3
1347,611,45333.3,75600
1348,728,45483.3,75600
1349,729,45483.3,75650
1350,612,45333.3,75683.3
1351,748,45516.7,75866.7
1352,839,45633.3,75933.3
1353,626,45350,75933.3
1354,660,45400,75850
1355,633,45366.7,75800
1356,634,45366.7,75883.3
1357,527,45133.3,76133.3
1358,684,45433.3,75650
1359,1183,46366.7,75966.7
1360,975,45950,75950
1361,917,45800,75950
1362,544,45183.3,75833.3
1363,307,44366.7,75933.3
1364,320,44433.3,75950
1365,308,44366.7,76516.7
1366,337,44483.3,76683.3
1367,385,44650,76716.7
1368,392,44666.7,76683.3
1369,242,44150,76766.7
1370,393,44666.7,77333.3
1371,387,44650,77550
1372,336,44466.7,77300
1373,321,44433.3,77450
1374,348,44533.3,77783.3
1375,344,44516.7,77616.7
1376,429,44816.7,77616.7
1377,458,44983.3,77733.3
1378,480,45033.3,78216.7
1379,487,45050,78800
1380,741,45500,78233.3
1381,954,45900,77283.3
1382,1050,46100,77500
1383,1110,46216.7,77883.3
1384,1111,46216.7,78066.7
1385,778,45550,78600
1386,481,45033.3,78516.7
1387,448,44933.3,78733.3
1388,497,45066.7,78900
1389,564,45233.3,78883.3
1390,464,45000,79300
1391,858,45666.7,79633.3
1392,904,45766.7,79400
1393,806,45600,79100
1394,1034,46066.7,79116.7
1395,1044,46083.3,78883.3
1396,1139,46266.7,79033.3
1397,1264,46566.7,79416.7
1398,1164,46333.3,79416.7
1399,1133,46250,78283.3
1400,1021,46033.3,78466.7
1401,840,45633.3,78816.7
1402,661,45400,78083.3
1403,563,45233.3,77933.3
1404,496,45066.7,78083.3
1405,730,45483.3,77683.3
1406,1080,46166.7,77566.7
1407,1066,46133.3,77700
1408,826,45616.7,78400
1409,1035,46066.7,79350
1410,934,45850,79366.7
1411,993,45983.3,79366.7
1412,976,45950,79600
1413,397,44683.3,79883.3
1414,416,44750,79816.7
1415,325,44433.3,79150
1416,355,44550,79183.3
1417,403,44716.7,78933.3
1418,302,44350,79033.3
1419,317,44416.7,79000
1420,170,43783.3,79266.7
1421,151,43700,79416.7
1422,269,44250,79466.7
1423,287,44300,79366.7
1424,606,45316.7,80083.3
1425,616,45333.3,80033.3
1426,675,45416.7,80100
1427,753,45516.7,80283.3
1428,1637,47716.7,79816.7
1429,1659,47800,79816.7
1430,1585,47600,79650
1431,1519,47433.3,79633.3
1432,1545,47500,79666.7
1433,1664,47816.7,79866.7
1434,1665,47816.7,80000
1435,1713,48016.7,79950
1436,1615,47666.7,80233.3
1437,1491,47333.3,79800
1438,1606,47650,80166.7
1439,1597,47633.3,80000
1440,1502,47383.3,79683.3
1441,1462,47200,79366.7
1442,1479,47283.3,79716.7
1443,1437,47066.7,79783.3
1444,1216,46433.3,80300
1445,1303,46666.7,80750
1446,1184,46366.7,79933.3
1447,1243,46516.7,80033.3
1448,1156,46300,79450
1449,1220,46450,79883.3
1450,1198,46400,80116.7
1451,1272,46583.3,80183.3
1452,1290,46633.3,80433.3
1453,1319,46700,80916.7
1454,1217,46433.3,81150
1455,1273,46583.3,81200
1456,1221,46450,81166.7
1457,1227,46466.7,81066.7
1458,1365,46816.7,80950
1459,1320,46700,81550
1460,1291,46633.3,81383.3
1461,1185,46366.7,81316.7
1462,1186,46366.7,81516.7
1463,1199,46400,81166.7
1464,1134,46250,81766.7
1465,1051,46100,81716.7
1466,892,45733.3,81800
1467,853,45650,81983.3
1468,573,45250,81666.7
1469,368,44600,81133.3
1470,330,44450,80883.3
1471,358,44566.7,80800
1472,376,44633.3,80950
1473,410,44733.3,81133.3
1474,294,44316.7,80533.3
1475,367,44600,80583.3
1476,289,44300,81283.3
1477,295,44316.7,80650
1478,359,44566.7,80850
1479,204,43950,81516.7
1480,256,44200,81233.3
1481,232,44083.3,81133.3
1482,138,43600,81533.3
1483,132,43566.7,81700
1484,200,43933.3,81250
1485,162,43733.3,80966.7
1486,220,44033.3,81116.7
1487,356,44550,80450
1488,228,44066.7,80200
1489,194,43900,80316.7
1490,345,44516.7,79616.7
1491,329,44450,79733.3
1492,427,44800,79716.7
1493,278,44283.3,79916.7
1494,276,44266.7,79883.3
1495,275,44266.7,79550
1496,169,43783.3,79250
1497,156,43716.7,79250
1498,212,44000,79466.7
1499,160,43733.3,79250
1500,171,43783.3,79416.7
1501,142,43633.3,79466.7
1502,225,44050,79450
1503,404,44716.7,79816.7
1504,415,44750,79766.7
1505,315,44383.3,79700
1506,318,44416.7,80083.3
1507,168,43766.7,80066.7
1508,190,43883.3,79733.3
1509,199,43933.3,79533.3
1510,95,43266.7,79933.3
1511,133,43583.3,79533.3
1512,154,43700,79633.3
1513,340,44500,80216.7
1514,293,44316.7,80100
1515,217,44016.7,79800
1516,134,43583.3,79716.7
1517,187,43866.7,79866.7
1518,127,43550,79583.3
1519,173,43783.3,79933.3
1520,188,43866.7,80000
1521,196,43916.7,80083.3
1522,247,44166.7,80383.3
1523,103,43333.3,79883.3
1524,77,43133.3,80266.7
1525,62,42983.3,80600
1526,55,42950,80050
1527,70,43100,79050
1528,50,42883.3,79233.3
1529,82,43166.7,79466.7
1530,61,42983.3,79250
1531,74,43116.7,79200
1532,65,43033.3,79283.3
1533,109,43383.3,80316.7
1534,114,43433.3,80316.7
1535,120,43483.3,80483.3
1536,118,43466.7,80533.3
1537,39,42783.3,80200
1538,72,43100,80233.3
1539,68,43066.7,79950
1540,117,43450,80500
1541,147,43683.3,80433.3
1542,226,44050,80933.3
1543,271,44250,80550
1544,96,43283.3,80450
1545,76,43133.3,79100
1546,155,43700,80366.7
1547,178,43833.3,80533.3
1548,93,43250,79833.3
1549,69,43083.3,79050
1550,52,42900,78933.3
1551,81,43166.7,79233.3
1552,165,43750,79200
1553,182,43850,79016.7
1554,152,43700,79500
1555,172,43783.3,79600
1556,126,43533.3,79650
1557,175,43800,79416.7
1558,161,43733.3,79333.3
1559,150,43700,79366.7
1560,235,44100,78933.3
1561,236,44100,79116.7
1562,186,43866.7,79433.3
1563,183,43866.7,78933.3
1564,184,43866.7,79033.3
1565,215,44016.7,78716.7
1566,216,44016.7,78966.7
1567,224,44050,78800
1568,240,44133.3,78666.7
1569,354,44550,78333.3
1570,412,44750,78083.3
1571,281,44300,77550
1572,202,43950,77350
1573,246,44166.7,77383.3
1574,343,44516.7,77483.3
1575,338,44483.3,77683.3
1576,394,44666.7,78800
1577,350,44533.3,78750
1578,314,44383.3,78200
1579,323,44433.3,77883.3
1580,342,44516.7,77216.7
1581,353,44550,77333.3
1582,386,44650,77116.7
1583,297,44333.3,76166.7
1584,298,44333.3,76333.3
1585,280,44300,76566.7
1586,396,44683.3,76400
1587,384,44650,76316.7
1588,383,44650,76250
1589,223,44050,76933.3
1590,233,44100,77583.3
1591,219,44033.3,77733.3
1592,267,44250,77816.7
1593,313,44383.3,77983.3
1594,282,44300,77600
1595,284,44300,77950
1596,214,44016.7,77883.3
1597,203,43950,78300
1598,322,44433.3,77616.7
1599,259,44216.7,77366.7
1600,211,44000,77233.3
1601,255,44200,77600
1602,409,44733.3,76850
1603,530,45150,77250
1604,558,45216.7,77400
1605,704,45450,77316.7
1606,572,45250,77116.7
1607,636,45366.7,76983.3
1608,472,45016.7,76833.3
1609,479,45033.3,76700
1610,919,45816.7,77116.7
1611,766,45533.3,77100
1612,825,45616.7,76883.3
1613,557,45216.7,76200
1614,382,44650,75650
1615,374,44633.3,75850
1616,749,45516.7,76000
1617,739,45500,75816.7
1618,613,45333.3,75900
1619,646,45383.3,75800
1620,614,45333.3,76283.3
1621,571,45250,75916.7
1622,594,45300,75883.3
1623,805,45600,76483.3
1624,627,45350,76033.3
1625,437,44883.3,76233.3
1626,402,44716.7,75516.7
1627,431,44850,75316.7
1628,509,45100,75350
1629,444,44916.7,75833.3
1630,395,44683.3,75966.7
1631,470,45016.7,74733.3
1632,585,45283.3,74233.3
1633,851,45650,74933.3
1634,775,45550,74866.7
1635,937,45866.7,74083.3
1636,1019,46033.3,74200
1637,849,45650,74100
1638,562,45233.3,74250
1639,823,45616.7,74683.3
1640,701,45450,75066.7
1641,747,45516.7,74650
1642,869,45683.3,74400
1643,837,45633.3,74366.7
1644,901,45766.7,73983.3
1645,1017,46033.3,74033.3
1646,1018,46033.3,74066.7
1647,973,45950,73583.3
1648,803,45600,73616.7
1649,583,45283.3,72966.7
1650,506,45100,72616.7
1651,589,45300,72266.7
1652,722,45483.3,72316.7
1653,623,45350,72516.7
1654,642,45383.3,72733.3
1655,723,45483.3,72600
1656,884,45716.7,73483.3
1657,770,45550,73233.3
1658,513,45116.7,72983.3
1659,732,45500,72900
1660,756,45533.3,73166.7
1661,819,45616.7,73650
1662,680,45433.3,73650
1663,695,45450,73666.7
1664,736,45500,73816.7
1665,931,45850,73483.3
1666,604,45316.7,73933.3
1667,699,45450,74150
1668,524,45133.3,74483.3
1669,469,45016.7,74400
1670,525,45133.3,74500
1671,625,45350,74500
1672,822,45616.7,74600
1673,824,45616.7,75016.7
1674,716,45466.7,75516.7
1675,717,45466.7,75700
1676,750,45516.7,76233.3
1677,890,45733.3,76600
1678,933,45850,76750
1679,1120,46233.3,76016.7
1680,1043,46083.3,76050
1681,1042,46083.3,75616.7
1682,1207,46416.7,75366.7
1683,1242,46516.7,75350
1684,1335,46733.3,75300
1685,1189,46383.3,75016.7
1686,1407,46933.3,74016.7
1687,1302,46666.7,73916.7
1688,1020,46033.3,74283.3
1689,974,45950,74150
1690,838,45633.3,74600
1691,1095,46200,74633.3
1692,1059,46116.7,74583.3
1693,603,45316.7,73866.7
1694,713,45466.7,73883.3
1695,850,45650,74333.3
1696,715,45466.7,74300
1697,507,45100,73750
1698,550,45200,73866.7
1699,672,45416.7,73666.7
1700,771,45550,73666.7
1701,569,45250,73600
1702,601,45316.7,73233.3
1703,591,45300,73250
1704,744,45516.7,73616.7
1705,643,45383.3,73516.7
1706,521,45133.3,73283.3
1707,542,45183.3,73400
1708,784,45566.7,73650
1709,694,45450,73650
1710,932,45850,73766.7
1711,774,45550,73866.7
1712,759,45533.3,73483.3
1713,795,45583.3,73600
1714,782,45566.7,73200
1715,999,46000,72916.7
1716,918,45816.7,73433.3
1717,690,45450,73300
1718,689,45450,73266.7
1719,734,45500,73500
1720,762,45533.3,73716.7
1721,876,45700,73783.3
1722,847,45650,73483.3
1723,988,45966.7,73716.7
1724,763,45533.3,73816.7
1725,700,45450,74166.7
1726,714,45466.7,74083.3
1727,902,45766.7,74000
1728,697,45450,73850
1729,630,45366.7,73550
1730,682,45433.3,73833.3
1731,543,45183.3,73850
1732,503,45083.3,74183.3
1733,534,45166.7,74133.3
1734,659,45400,74033.3
1735,726,45483.3,73866.7
1736,916,45800,74016.7
1737,848,45650,73766.7
1738,820,45616.7,73750
1739,602,45316.7,73850
1740,561,45233.3,73800
1741,692,45450,73566.7
1742,696,45450,73750
1743,946,45883.3,73283.3
1744,1027,46050,73116.7
1745,1108,46216.7,73016.7
1746,1256,46550,72733.3
1747,1283,46616.7,72733.3
1748,1301,46666.7,72133.3
1749,1078,46166.7,72233.3
1750,944,45883.3,72766.7
1751,1232,46483.3,72666.7
1752,1162,46333.3,72433.3
1753,1158,46316.7,72516.7
1754,1421,46983.3,72183.3
1755,1284,46616.7,72766.7
1756,1313,46683.3,72716.7
1757,1155,46300,72266.7
1758,1106,46216.7,72433.3
1759,1107,46216.7,72600
1760,1342,46750,72250
1761,1312,46683.3,72033.3
1762,1341,46750,71816.7
1763,1700,47983.3,71433.3
1764,1859,48433.3,71033.3
1765,1870,48450,70900
1766,1818,48350,70883.3
1767,1802,48300,70850
1768,1907,48533.3,71083.3
1769,1875,48466.7,71233.3
1770,1844,48416.7,71250
1771,1863,48433.3,71250
1772,1872,48450,71216.7
1773,1845,48416.7,71950
1774,1789,48250,72083.3
1775,1981,48666.7,71816.7
1776,2042,48833.3,72516.7
1777,1970,48650,72450
1778,1998,48700,72650
1779,1899,48516.7,72216.7
1780,1808,48333.3,70883.3
1781,1861,48433.3,71133.3
1782,1862,48433.3,71183.3
1783,2009,48733.3,71850
1784,1959,48633.3,71700
1785,1991,48683.3,71366.7
1786,1926,48566.7,71650
1787,1810,48333.3,72166.7
1788,1865,48433.3,72050
1789,1885,48483.3,71783.3
1790,1833,48383.3,71683.3
1791,1864,48433.3,71866.7
1792,1837,48400,71683.3
1793,1937,48583.3,71633.3
1794,2106,49000,72166.7
1795,2073,48900,72200
1796,2063,48866.7,72416.7
1797,2070,48883.3,72666.7
1798,2142,49066.7,72350
1799,2062,48866.7,72233.3
1800,1886,48483.3,72350
1801,1693,47950,72166.7
1802,1925,48566.7,71633.3
1803,1614,47666.7,72266.7
1804,1737,48100,72183.3
1805,1756,48150,72216.7
1806,1797,48266.7,72166.7
1807,1919,48550,71650
1808,1918,48550,71316.7
1809,1980,48666.7,71516.7
1810,1871,48450,71066.7
1811,1782,48233.3,70183.3
1812,1817,48350,69416.7
1813,1711,48016.7,69333.3
1814,1632,47700,69283.3
1815,1669,47833.3,69533.3
1816,1674,47850,69883.3
1817,1461,47200,70266.7
1818,1451,47133.3,70766.7
1819,1405,46933.3,70733.3
1820,1138,46266.7,71000
1821,1214,46433.3,71016.7
1822,792,45583.3,70883.3
1823,924,45833.3,71383.3
1824,983,45966.7,70950
1825,1310,46683.3,71716.7
1826,1236,46500,72250
1827,1380,46866.7,71366.7
1828,1064,46133.3,71216.7
1829,1104,46216.7,71383.3
1830,1297,46650,71566.7
1831,1340,46750,71700
1832,1057,46116.7,70666.7
1833,1154,46300,70866.7
1834,1316,46700,71583.3
1835,1337,46750,71233.3
1836,1368,46833.3,71166.7
1837,1367,46833.3,70850
1838,1378,46866.7,70916.7
1839,1343,46766.7,70950
1840,1362,46816.7,71200
1841,1447,47116.7,70850
1842,1433,47050,70850
1843,1398,46900,71133.3
1844,1058,46116.7,70683.3
1845,1063,46133.3,70366.7
1846,1424,47000,70816.7
1847,1349,46783.3,71300
1848,1389,46883.3,71283.3
1849,1358,46800,71250
1850,1344,46766.7,71250
1851,1296,46650,71300
1852,1324,46716.7,71266.7
1853,1348,46783.3,71200
1854,1370,46850,71183.3
1855,1225,46466.7,71516.7
1856,1248,46533.3,72350
1857,1215,46433.3,72350
1858,1086,46183.3,72500
1859,549,45200,72750
1860,899,45766.7,72983.3
1861,1041,46083.3,73166.7
1862,1014,46033.3,73133.3
1863,785,45566.7,73850
1864,846,45650,72900
1865,818,45616.7,72950
1866,655,45400,73000
1867,485,45050,73600
1868,1109,46216.7,73533.3
1869,783,45566.7,73616.7
1870,794,45583.3,73516.7
1871,987,45966.7,73466.7
1872,609,45333.3,73816.7
1873,584,45283.3,74050
1874,658,45400,73933.3
1875,570,45250,74133.3
1876,683,45433.3,73966.7
1877,737,45500,73966.7
1878,835,45633.3,73816.7
1879,645,45383.3,74016.7
1880,673,45416.7,73683.3
1881,868,45683.3,73633.3
1882,804,45600,73733.3
1883,670,45416.7,73500
1884,772,45550,73700
1885,834,45633.3,73516.7
1886,889,45733.3,73450
1887,733,45500,73483.3
1888,631,45366.7,73750
1889,953,45900,74166.7
1890,836,45633.3,73850
1891,764,45533.3,73883.3
1892,758,45533.3,73350
1893,1015,46033.3,73433.3
1894,986,45966.7,73216.7
1895,1145,46283.3,73366.7
1896,1271,46583.3,73083.3
1897,1249,46533.3,72750
1898,1226,46466.7,72533.3
1899,1281,46616.7,71933.3
1900,1179,46366.7,72016.7
1901,1363,46816.7,71250
1902,1390,46883.3,71516.7
1903,1406,46933.3,71466.7
1904,1379,46866.7,71266.7
1905,1388,46883.3,71166.7
1906,1420,46983.3,71366.7
1907,1300,46666.7,71733.3
1908,1240,46516.7,71066.7
1909,1176,46366.7,70916.7
1910,1094,46200,70766.7
1911,1295,46650,70800
1912,1373,46850,71616.7
1913,1427,47016.7,70933.3
1914,1446,47116.7,70333.3
1915,1445,47116.7,70183.3
1916,1507,47416.7,69950
1917,1807,48333.3,70866.7
1918,1860,48433.3,71066.7
1919,1992,48683.3,71666.7
1920,1936,48583.3,71550
1921,1876,48466.7,71666.7
1922,1809,48333.3,72133.3
1923,1927,48566.7,72250
1924,1943,48600,72333.3
1925,2107,49000,72550
1926,2640,49866.7,74350
1927,2465,49566.7,74583.3
1928,2597,49783.3,74866.7
1929,2621,49833.3,74833.3
1930,2546,49700,74583.3
1931,2916,50416.7,73866.7
1932,3414,51883.3,74283.3
1933,3764,53200,70916.7
1934,4369,56883.3,68983.3
1935,4393,58100,68400
1936,4410,58766.7,69116.7
1937,4459,60016.7,70033.3
1938,4490,60783.3,69833.3
1939,4503,61033.3,69616.7
1940,4554,62850,69883.3
1941,4574,63733.3,68500
1942,4571,63716.7,68450
1943,4392,58083.3,67683.3
1944,4154,54800,66816.7
1945,4157,54816.7,66883.3
1946,3693,52916.7,66866.7
1947,3397,51800,68166.7
1948,2526,49666.7,67166.7
1949,2375,49416.7,67316.7
1950,2060,48866.7,67100
1951,2081,48933.3,67166.7
1952,2072,48900,67333.3
1953,2061,48866.7,67450
1954,1958,48633.3,67116.7
1955,1787,48250,67250
1956,1663,47816.7,66883.3
1957,1623,47683.3,67100
1958,1722,48050,66616.7
1959,1698,47966.7,66766.7
1960,1727,48066.7,66366.7
1961,1717,48033.3,66483.3
1962,1751,48133.3,66300
1963,1703,48000,66666.7
1964,1704,48000,66766.7
1965,1699,47966.7,66933.3
1966,1723,48050,67083.3
1967,1764,48166.7,67150
1968,1815,48350,67216.7
1969,1843,48416.7,67333.3
1970,1874,48466.7,67433.3
1971,1978,48666.7,67333.3
1972,2181,49116.7,66483.3
1973,2154,49083.3,66683.3
1974,2099,48983.3,66983.3
1975,2323,49316.7,67600
1976,2028,48783.3,67700
1977,1934,48583.3,67833.3
1978,1905,48533.3,67850
1979,1935,48583.3,68183.3
1980,1897,48516.7,68333.3
1981,1906,48533.3,68083.3
1982,1942,48600,68116.7
1983,2087,48950,68650
1984,2313,49300,69583.3
1985,2008,48733.3,69066.7
1986,1718,48033.3,69216.7
1987,1924,48566.7,69233.3
1988,1736,48100,69733.3
1989,1743,48116.7,69166.7
1990,1496,47366.7,70033.3
1991,1525,47450,69750
1992,1650,47766.7,69616.7
1993,1636,47716.7,69133.3
1994,1624,47683.3,68883.3
1995,1564,47550,68650
1996,1487,47333.3,68666.7
1997,1514,47433.3,69033.3
1998,1501,47383.3,68900
1999,1515,47433.3,69050
2000,1825,48366.7,68700
2001,1799,48283.3,68866.7
2002,1611,47666.7,69050
2003,1710,48016.7,69050
2004,1689,47916.7,69100
2005,1781,48233.3,69816.7
2006,1649,47766.7,69483.3
2007,1658,47800,69150
2008,1505,47400,68866.7
2009,1524,47450,69216.7
2010,1523,47450,69150
2011,1441,47100,69983.3
2012,1356,46800,70200
2013,1336,46750,70583.3
2014,1415,46966.7,70550
2015,1323,46716.7,70716.7
2016,1307,46683.3,70016.7
2017,1369,46850,69900
2018,1517,47433.3,69883.3
2019,1411,46950,69783.3
2020,1483,47316.7,70150
2021,1543,47500,69933.3
2022,1643,47733.3,69983.3
2023,1484,47316.7,70183.3
2024,1552,47516.7,69816.7
2025,1583,47600,69733.3
2026,1590,47616.7,69633.3
2027,1690,47916.7,69500
2028,1755,48150,69716.7
2029,1788,48250,69550
2030,1584,47600,69800
2031,1570,47566.7,70200
2032,1571,47566.7,70400
2033,1596,47633.3,70150
2034,1485,47316.7,70566.7
2035,1518,47433.3,70500
2036,1613,47666.7,70383.3
2037,1526,47450,69883.3
2038,1488,47333.3,69683.3
2039,1625,47683.3,69633.3
2040,1416,46966.7,70950
2041,1338,46750,71266.7
2042,1339,46750,71350
2043,1372,46850,71366.7
2044,1434,47050,70883.3
2045,1350,46783.3,71383.3
2046,1269,46583.3,72050
2047,1317,46700,72083.3
2048,1455,47166.7,72633.3
2049,1311,46683.3,71883.3
2050,1268,46583.3,71616.7
2051,1130,46250,71516.7
2052,1105,46216.7,71766.7
2053,1077,46166.7,71883.3
2054,1263,46566.7,72000
2055,1231,46483.3,72033.3
2056,1013,46033.3,71916.7
2057,984,45966.7,71816.7
2058,915,45800,71900
2059,581,45283.3,71883.3
2060,629,45366.7,71866.7
2061,533,45166.7,72033.3
2062,669,45416.7,72583.3
2063,833,45633.3,72933.3
2064,678,45433.3,72883.3
2065,624,45350,73466.7
2066,1005,46016.7,73166.7
2067,945,45883.3,73150
2068,909,45783.3,73150
2069,867,45683.3,73433.3
2070,1087,46183.3,73116.7
2071,1032,46066.7,72800
2072,1241,46516.7,72750
2073,1382,46866.7,72383.3
2074,1282,46616.7,72666.7
2075,1288,46633.3,72683.3
2076,1270,46583.3,72183.3
2077,1374,46850,72450
2078,1325,46716.7,72566.7
2079,1255,46550,72466.7
2080,832,45633.3,72566.7
2081,926,45833.3,72566.7
2082,952,45900,72516.7
2083,1360,46800,72500
2084,1309,46683.3,71066.7
2085,1177,46366.7,71233.3
2086,1012,46033.3,71366.7
2087,1040,46083.3,71300
2088,1103,46216.7,71083.3
2089,1275,46600,70850
2090,1386,46883.3,70816.7
2091,1357,46800,71166.7
2092,1387,46883.3,71150
2093,1026,46050,71966.7
2094,654,45400,72033.3
2095,462,45000,72100
2096,578,45266.7,72150
2097,590,45300,72316.7
2098,582,45283.3,72116.7
2099,548,45200,71500
2100,577,45266.7,71516.7
2101,520,45133.3,71800
2102,668,45416.7,71616.7
2103,755,45533.3,71283.3
2104,925,45833.3,71666.7
2105,1206,46416.7,71933.3
2106,1359,46800,71316.7
2107,1196,46400,70500
2108,1537,47483.3,70383.3
2109,1093,46200,70483.3
2110,1230,46483.3,70616.7
2111,1247,46533.3,70766.7
2112,875,45700,71450
2113,898,45766.7,71416.7
2114,950,45900,71350
2115,721,45483.3,71666.7
2116,688,45450,71766.7
2117,711,45466.7,71933.3
2118,856,45666.7,72150
2119,972,45950,71983.3
2120,943,45883.3,72483.3
2121,1169,46350,72550
2122,1180,46366.7,72500
2123,967,45933.3,72433.3
2124,466,45016.7,72083.3
2125,467,45016.7,72150
2126,653,45400,71900
2127,908,45783.3,72016.7
2128,985,45966.7,72383.3
2129,710,45466.7,70850
2130,641,45383.3,70866.7
2131,1025,46050,70516.7
2132,895,45750,70700
2133,929,45850,70650
2134,1315,46700,71400
2135,1371,46850,71350
2136,1178,46366.7,71616.7
2137,951,45900,71650
2138,907,45783.3,71933.3
2139,817,45616.7,71616.7
2140,793,45583.3,72000
2141,555,45216.7,72516.7
2142,1159,46316.7,73650
2143,1016,46033.3,73700
2144,746,45516.7,73666.7
2145,760,45533.3,73516.7
2146,896,45750,73483.3
2147,724,45483.3,73500
2148,712,45466.7,73466.7
2149,693,45450,73583.3
2150,679,45433.3,73166.7
2151,757,45533.3,73216.7
2152,671,45416.7,73650
2153,605,45316.7,74050
2154,761,45533.3,73700
2155,786,45566.7,73900
2156,632,45366.7,73983.3
2157,738,45500,74033.3
2158,1065,46133.3,74183.3
2159,857,45666.7,73566.7
2160,656,45400,73583.3
2161,657,45400,73916.7
2162,821,45616.7,73783.3
2163,735,45500,73583.3
2164,556,45216.7,73300
2165,502,45083.3,73366.7
2166,691,45450,73483.3
2167,725,45483.3,73600
2168,802,45600,73533.3
2169,644,45383.3,73750
2170,522,45133.3,74000
2171,727,45483.3,73900
2172,745,45516.7,73650
2173,681,45433.3,73750
2174,773,45550,73733.3
2175,900,45766.7,73350
2176,866,45683.3,73183.3
2177,930,45850,73233.3
2178,1132,46250,73083.3
2179,1131,46250,72933.3
2180,1033,46066.7,72833.3
2181,1143,46283.3,72683.3
2182,1144,46283.3,72833.3
2183,1079,46166.7,73416.7
2184,1160,46316.7,74216.7
2185,1181,46366.7,74766.7
2186,1006,46016.7,74766.7
2187,1146,46283.3,74733.3
2188,423,44783.3,75366.7
2189,610,45333.3,75250
2190,685,45433.3,75733.3
2191,674,45416.7,75700
2192,797,45583.3,75416.7
2193,903,45766.7,75583.3
2194,1250,46533.3,76033.3
2195,1544,47500,76700
2196,1257,46550,75500
2197,765,45533.3,75283.3
2198,776,45550,75416.7
2199,1383,46866.7,75316.7
2200,1318,46700,75450
2201,1197,46400,74866.7
2202,1182,46366.7,74883.3
2203,698,45450,74116.7
2204,579,45266.7,74233.3
2205,468,45016.7,74366.7
2206,523,45133.3,74350
2207,592,45300,74633.3
2208,586,45283.3,74850
2209,796,45583.3,75233.3
2210,885,45716.7,75050
2211,910,45783.3,75100
2212,702,45450,75250
2213,440,44900,76016.7
2214,299,44333.3,76866.7
2215,309,44366.7,76766.7
2216,254,44200,77033.3
2217,213,44016.7,77150
2218,312,44383.3,77016.7
2219,262,44233.3,76616.7
2220,261,44233.3,76483.3
2221,257,44216.7,76533.3
2222,250,44183.3,76766.7
2223,253,44200,76750
2224,258,44216.7,76866.7
2225,263,44233.3,77033.3
2226,266,44250,76950
2227,375,44633.3,77283.3
2228,419,44766.7,76683.3
2229,635,45366.7,76483.3
2230,891,45733.3,76850
2231,960,45916.7,76916.7
2232,777,45550,77416.7
2233,447,44933.3,76683.3
2234,335,44466.7,76983.3
2235,334,44466.7,76883.3
2236,231,44083.3,77366.7
2237,283,44300,77800
2238,514,45116.7,77866.7
2239,486,45050,77850
2240,432,44850,77833.3
2241,637,45366.7,77616.7
2242,301,44350,78733.3
2243,264,44233.3,79050
2244,185,43866.7,79266.7
2245,136,43600,79500
2246,144,43650,79933.3
2247,137,43600,80550
2248,207,43966.7,79250
2249,92,43250,79066.7
2250,86,43200,79266.7
2251,89,43216.7,79216.7
2252,80,43166.7,79050
2253,90,43216.7,79750
2254,71,43100,79533.3
2255,87,43200,79550
2256,48,42866.7,79566.7
2257,53,42900,79616.7
2258,124,43516.7,79883.3
2259,100,43316.7,79800
2260,59,42966.7,79750
2261,42,42800,80066.7
2262,45,42833.3,80300
2263,54,42933.3,80283.3
2264,106,43350,80300
2265,139,43616.7,80583.3
2266,66,43033.3,80883.3
2267,105,43333.3,81050
2268,107,43350,81483.3
2269,63,42983.3,81250
2270,40,42783.3,80983.3
2271,78,43133.3,80750
2272,91,43233.3,80550
2273,111,43400,80350
2274,131,43566.7,80933.3
2275,31,42600,81600
2276,41,42783.3,81183.3
2277,94,43250,81133.3
2278,108,43366.7,80983.3
2279,84,43166.7,81850
2280,51,42883.3,82150
2281,64,43000,82400
2282,37,42716.7,82483.3
2283,22,42333.3,82000
2284,6,42050,82583.3
2285,7,42100,82450
2286,1,41800,82650
2287,15,42283.3,83066.7
2288,20,42316.7,82983.3
2289,19,42316.7,82900
2290,18,42316.7,82850
2291,3,41983.3,82933.3
2292,4,42033.3,82750
2293,21,42316.7,83000
2294,24,42333.3,83033.3
2295,23,42333.3,82950
2296,17,42300,83066.7
2297,47,42850,82466.7
2298,44,42816.7,82466.7
2299,30,42583.3,82366.7
2300,14,42250,82433.3
2301,2,41966.7,82533.3
2302,10,42150,82966.7
2303,8,42100,83100
2304,5,42033.3,82916.7
2305,11,42166.7,82816.7
2306,9,42133.3,82750
2307,16,42300,82716.7
2308,73,43100,82000
2309,56,42950,81616.7
2310,57,42950,81883.3
2311,58,42950,82116.7
2312,60,42966.7,82400
2313,12,42233.3,82550
2314,29,42583.3,82166.7
2315,26,42433.3,81883.3
2316,13,42250,81916.7
2317,27,42550,81966.7
2318,25,42400,82183.3
2319,28,42566.7,81683.3
2320,38,42750,81700
2321,43,42816.7,81433.3
2322,34,42666.7,81216.7
2323,35,42700,81083.3
2324,36,42716.7,81300
2325,115,43433.3,81500
2326,102,43316.7,81750
2327,85,43183.3,81400
2328,75,43116.7,81433.3
2329,97,43283.3,81250
2330,67,43033.3,81466.7
2331,129,43550,81383.3
2332,99,43300,81550
2333,104,43333.3,80916.7
2334,197,43916.7,80883.3
2335,191,43883.3,81300
2336,252,44183.3,80816.7
2337,210,43983.3,81283.3
2338,248,44166.7,81633.3
2339,229,44066.7,81583.3
2340,119,43466.7,81183.3
2341,125,43516.7,81166.7
2342,163,43733.3,81700
2343,83,43166.7,81683.3
2344,98,43283.3,81466.7
2345,33,42650,80816.7
2346,49,42866.7,80733.3
2347,101,43316.7,80833.3
2348,32,42633.3,80450
2349,88,43200,80383.3
2350,46,42850,80500
2351,110,43383.3,80716.7
2352,112,43400,80666.7
2353,208,43966.7,80733.3
2354,179,43833.3,80850
2355,288,44300,81100
2356,245,44150,81033.3
2357,326,44433.3,81383.3
2358,241,44133.3,81150
2359,341,44500,81366.7
2360,351,44533.3,81166.7
2361,460,44983.3,81250
2362,535,45166.7,81333.3
2363,779,45550,82016.7
2364,1140,46266.7,81883.3
2365,989,45966.7,81933.3
2366,955,45900,82250
2367,956,45900,82833.3
2368,1191,46383.3,82650
2369,1088,46183.3,82333.3
2370,1096,46200,82083.3
2371,1028,46050,81783.3
2372,1097,46200,82666.7
2373,1089,46183.3,82950
2374,920,45816.7,82583.3
2375,962,45916.7,82466.7
2376,963,45916.7,83116.7
2377,1122,46233.3,83333.3
2378,1098,46200,83150
2379,1135,46250,83550
2380,1147,46283.3,83783.3
2381,1136,46250,83883.3
2382,1148,46283.3,84033.3
2383,1328,46716.7,84133.3
2384,1238,46500,84333.3
2385,1258,46550,84150
2386,1165,46333.3,83933.3
2387,1235,46483.3,84066.7
2388,1351,46783.3,84050
2389,1400,46900,84600
2390,1492,47333.3,84550
2391,1695,47950,84916.7
2392,1706,48000,84783.3
2393,1793,48250,84533.3
2394,1882,48466.7,84416.7
2395,1694,47950,83783.3
2396,1760,48150,84033.3
2397,1742,48100,83916.7
2398,1747,48116.7,84066.7
2399,1685,47900,83183.3
2400,1670,47833.3,83400
2401,1639,47716.7,83200
2402,1576,47583.3,82766.7
2403,1520,47433.3,82333.3
2404,1481,47300,82100
2405,1442,47100,81933.3
2406,1509,47416.7,81533.3
2407,1472,47250,81466.7
2408,1616,47666.7,81716.7
2409,1908,48533.3,80466.7
2410,1888,48483.3,80383.3
2411,1960,48633.3,80866.7
2412,2812,50200,81666.7
2413,2538,49683.3,81516.7
2414,2630,49850,81616.7
2415,2335,49350,82150
2416,2306,49283.3,81850
2417,2283,49250,81666.7
2418,2305,49283.3,81633.3
2419,2196,49133.3,81383.3
2420,1952,48616.7,80933.3
2421,1880,48466.7,81283.3
2422,1879,48466.7,81200
2423,1938,48583.3,81016.7
2424,2000,48700,80783.3
2425,2234,49183.3,81066.7
2426,2119,49016.7,80833.3
2427,2100,48983.3,80716.7
2428,1993,48683.3,80733.3
2429,2065,48866.7,80850
2430,2013,48750,80683.3
2431,1847,48416.7,80316.7
2432,1828,48366.7,80250
2433,1909,48533.3,80683.3
2434,1972,48650,80683.3
2435,2021,48766.7,80666.7
2436,2324,49316.7,81033.3
2437,1881,48466.7,81333.3
2438,1731,48083.3,82100
2439,1753,48133.3,82266.7
2440,1792,48250,82433.3
2441,1902,48516.7,82916.7
2442,1944,48600,83350
2443,2022,48766.7,83600
2444,1803,48300,84083.3
2445,1821,48350,84266.7
2446,1732,48083.3,84550
2447,1889,48483.3,84950
2448,1939,48583.3,85283.3
2449,1994,48683.3,85650
2450,1973,48650,86283.3
2451,2004,48716.7,86383.3
2452,2014,48750,86366.7
2453,2499,49616.7,86150
2454,3346,51616.7,85933.3
2455,3330,51550,87983.3
2456,3505,52216.7,87883.3
2457,4294,55983.3,87650
2458,4283,55850,92083.3
2459,4372,57000,92283.3
2460,4374,57066.7,92583.3
2461,4364,56816.7,94083.3
2462,4341,56350,94700
2463,4305,56066.7,95633.3
2464,4334,56250,96100
2465,4268,55766.7,96700
2466,4174,54950,95266.7
2467,4377,57200,94166.7
2468,4390,57933.3,94200
2469,4411,58766.7,94166.7
2470,4454,59916.7,94816.7
2471,4531,61933.3,96650
2472,4591,64316.7,96016.7
2473,4507,61116.7,94050
2474,4536,62183.3,92600
2475,4551,62816.7,92083.3
2476,4563,63333.3,90700
2477,4601,65933.3,90816.7
2478,4626,68533.3,89816.7
2479,4609,66533.3,86716.7
2480,4608,66516.7,86233.3
2481,4588,64133.3,83166.7
2482,4638,69400,81800
2483,4630,68766.7,81200
2484,4596,65133.3,77633.3
2485,4584,64033.3,72650
2486,4526,61600,71950
2487,4537,62200,75633.3
2488,4590,64233.3,76550
2489,4543,62533.3,77383.3
2490,4558,63116.7,77933.3
2491,4541,62416.7,77900
2492,4487,60733.3,78483.3
2493,4461,60033.3,77283.3
2494,4404,58450,78150
2495,4354,56533.3,79233.3
2496,4324,56200,78866.7
2497,4221,55266.7,77783.3
2498,3967,54016.7,76533.3
2499,3908,53783.3,77616.7
2500,3923,53833.3,79016.7
2501,4086,54400,79450
2502,4078,54366.7,82533.3
2503,4218,55250,85200
2504,3694,52916.7,82433.3
2505,3646,52750,82000
2506,3513,52250,81616.7
2507,3226,51266.7,80650
2508,3219,51250,80600
2509,3436,51966.7,79316.7
2510,3715,53000,78816.7
2511,3608,52600,78716.7
2512,3510,52233.3,78516.7
2513,3301,51483.3,78766.7
2514,3244,51316.7,76900
2515,2572,49750,77633.3
2516,1893,48500,77666.7
2517,1846,48416.7,77516.7
2518,1984,48666.7,77633.3
2519,1983,48666.7,77466.7
2520,1757,48150,77483.3
2521,1766,48166.7,77550
2522,1738,48100,77766.7
2523,1839,48400,77350
2524,1838,48400,77250
2525,1900,48516.7,77683.3
2526,1834,48383.3,77666.7
2527,1746,48116.7,77766.7
2528,1820,48350,78116.7
2529,1752,48133.3,78116.7
2530,1739,48100,77900
2531,1784,48233.3,77933.3
2532,1819,48350,77983.3
2533,1920,48550,77950
2534,1811,48333.3,78116.7
2535,1950,48616.7,77633.3
2536,1887,48483.3,77800
2537,1951,48616.7,78366.7
2538,1777,48216.7,78383.3
2539,1878,48466.7,78133.3
2540,1971,48650,77983.3
2541,1928,48566.7,78116.7
2542,1877,48466.7,78066.7
2543,1999,48700,77733.3
2544,1866,48433.3,77633.3
2545,1783,48233.3,76583.3
2546,2425,49500,76083.3
2547,2519,49650,76483.3
2548,1765,48166.7,75633.3
2549,1982,48666.7,74950
2550,1691,47916.7,74616.7
2551,1745,48116.7,75366.7
2552,1744,48116.7,75216.7
2553,1465,47216.7,74366.7
2554,1682,47883.3,74183.3
2555,1684,47900,73883.3
2556,1675,47850,73550
2557,1527,47450,72783.3
2558,1627,47683.3,73050
2559,1471,47250,72250
2560,1391,46883.3,71833.3
2561,1188,46383.3,71883.3
2562,1287,46633.3,71916.7
2563,1262,46566.7,71833.3
2564,1253,46550,72100
2565,1254,46550,72116.7
2566,1280,46616.7,71733.3
2567,1261,46566.7,71433.3
2568,1334,46733.3,71266.7
2569,1381,46866.7,71433.3
2570,1417,46966.7,71016.7
2571,1260,46566.7,70983.3
2572,1279,46616.7,70966.7
2573,1347,46783.3,70750
2574,1229,46483.3,70200
2575,1333,46733.3,70366.7
2576,1308,46683.3,70450
2577,1612,47666.7,69733.3
2578,1605,47650,70166.7
2579,1626,47683.3,70233.3
2580,1651,47766.7,69950
2581,1489,47333.3,69983.3
2582,1565,47550,69416.7
2583,1774,48200,69016.7
2584,1857,48433.3,68516.7
2585,1858,48433.3,68583.3
2586,1816,48350,68450
2587,1917,48550,67683.3
2588,1979,48666.7,67983.3
2589,2233,49183.3,68266.7
2590,2182,49116.7,68383.3
2591,1898,48516.7,68466.7
2592,1884,48483.3,68433.3
2593,1856,48433.3,68150
2594,2002,48716.7,67866.7
2595,2054,48850,67516.7
2596,1904,48533.3,67566.7
2597,1801,48300,67583.3
2598,2211,49150,68200
2599,2261,49216.7,68150
2600,2596,49783.3,67166.7
2601,2725,50016.7,66866.7
2602,2806,50183.3,66633.3
2603,2811,50200,66383.3
2604,2805,50183.3,66100
2605,2858,50283.3,65200
2606,2852,50266.7,64916.7
2607,2851,50266.7,64766.7
2608,2872,50316.7,64500
2609,2857,50283.3,64333.3
2610,2863,50300,64016.7
2611,2850,50266.7,64150
2612,2841,50250,63583.3
2613,2556,49716.7,64066.7
2614,2496,49616.7,63800
2615,1855,48433.3,64333.3
2616,1796,48266.7,64750
2617,1662,47816.7,65183.3
2618,1656,47783.3,64950
2619,1734,48100,65683.3
2620,1750,48133.3,65816.7
2621,1726,48066.7,65566.7
2622,1702,48000,65333.3
2623,1631,47700,65166.7
2624,1330,46733.3,64966.7
2625,1286,46633.3,64866.7
2626,997,46000,65316.7
2627,1055,46116.7,64950
2628,1174,46366.7,64750
2629,1306,46683.3,64866.7
2630,958,45916.7,64650
2631,970,45950,64683.3
2632,620,45350,64816.7
2633,371,44633.3,64050
2634,391,44666.7,63950
2635,279,44300,64366.7
2636,500,45083.3,64400
2637,511,45116.7,64533.3
2638,531,45166.7,64366.7
2639,666,45416.7,64550
2640,939,45883.3,64350
2641,1070,46150,64183.3
2642,861,45683.3,64216.7
2643,887,45733.3,63866.7
2644,1126,46250,63666.7
2645,1100,46216.7,63466.7
2646,1210,46433.3,63650
2647,1193,46400,63783.3
2648,1205,46416.7,63816.7
2649,1409,46950,64033.3
2650,1354,46800,64066.7
2651,1299,46666.7,64066.7
2652,1305,46683.3,64183.3
2653,1314,46700,64216.7
2654,1222,46466.7,64733.3
2655,1048,46100,64666.7
2656,1267,46583.3,65333.3
2657,1395,46900,65183.3
2658,1385,46883.3,65516.7
2659,1444,47116.7,65600
2660,1418,46983.3,65550
2661,1331,46733.3,65833.3
2662,1293,46650,65866.7
2663,1414,46966.7,65733.3
2664,1459,47200,65150
2665,1469,47233.3,65050
2666,1630,47700,64850
2667,1668,47833.3,64700
2668,1641,47733.3,64700
2669,1610,47666.7,64833.3
2670,1655,47783.3,64633.3
2671,1771,48183.3,64983.3
2672,1773,48200,64866.7
2673,1957,48633.3,64183.3
2674,2019,48766.7,64383.3
2675,1832,48383.3,64500
2676,2041,48833.3,64600
2677,2219,49166.7,64916.7
2678,2232,49183.3,64883.3
2679,2195,49133.3,64750
2680,2012,48750,64583.3
2681,1969,48650,64350
2682,1949,48616.7,64266.7
2683,2059,48866.7,64200
2684,2069,48883.3,64550
2685,1814,48350,64616.7
2686,1806,48333.3,64666.7
2687,2040,48833.3,64483.3
2688,2135,49050,64483.3
2689,2098,48983.3,64383.3
2690,2037,48816.7,64450
2691,2080,48933.3,64300
2692,2611,49816.7,64350
2693,2859,50283.3,65583.3
2694,2658,49883.3,64483.3
2695,2258,49216.7,65133.3
2696,2272,49233.3,65316.7
2697,2095,48966.7,65516.7
2698,2282,49250,65566.7
2699,2259,49216.7,65750
2700,2260,49216.7,65916.7
2701,2250,49200,66166.7
2702,1735,48100,66100
2703,1763,48166.7,65833.3
2704,1697,47966.7,66283.3
2705,1688,47916.7,66000
2706,1786,48250,65900
2707,1673,47850,65766.7
2708,1721,48050,65466.7
2709,1645,47750,65366.7
2710,1541,47500,64916.7
2711,1429,47033.3,65433.3
2712,1436,47066.7,65383.3
2713,1622,47683.3,65433.3
2714,1581,47600,65650
2715,1642,47733.3,65716.7
2716,1716,48033.3,65250
2717,1428,47033.3,65183.3
2718,1477,47283.3,65616.7
2719,1396,46900,65633.3
2720,1361,46816.7,65800
2721,1322,46716.7,65416.7
2722,1278,46616.7,65050
2723,708,45466.7,64783.3
2724,540,45183.3,64450
2725,490,45066.7,63950
2726,491,45066.7,64183.3
2727,529,45150,64166.7
2728,860,45683.3,63550
2729,886,45733.3,63050
2730,370,44633.3,63350
2731,405,44728.9,63664.4
2732,333,44466.7,63800
2733,377,44650,63266.7
2734,455,44966.7,63966.7
2735,493,45066.7,64633.3
2736,398,44700,63883.3
2737,390,44666.7,63566.7
2738,300,44350,64250
2739,360,44583.3,64066.7
2740,379,44650,63600
2741,369,44616.7,63483.3
2742,332,44466.7,63716.7
2743,331,44466.7,63600
2744,769,45550,63550
2745,676,45433.3,63466.7
2746,1101,46216.7,63483.3
2747,1211,46433.3,63866.7
2748,1127,46250,63700
2749,1054,46116.7,63783.3
2750,966,45933.3,65166.7
2751,1038,46083.3,64766.7
2752,1049,46100,64750
2753,1010,46033.3,65050
2754,914,45800,65116.7
2755,1118,46233.3,64533.3
2756,1075,46166.7,64566.7
2757,815,45616.7,64783.3
2758,894,45750,64716.7
2759,801,45600,64950
2760,457,44983.3,64900
2761,492,45066.7,64500
2762,619,45350,64716.7
2763,608,45333.3,64783.3
2764,607,45333.3,64766.7
2765,505,45100,64933.3
2766,476,45033.3,64833.3
2767,499,45083.3,64366.7
2768,400,44716.7,64800
2769,372,44633.3,64850
2770,310,44383.3,64966.7
2771,450,44950,65266.7
2772,430,44850,65150
2773,426,44800,65050
2774,587,45300,64400
2775,575,45266.7,63866.7
2776,483,45050,63133.3
2777,880,45716.7,63283.3
2778,598,45316.7,63516.7
2779,1023,46050,64100
2780,922,45833.3,63583.3
2781,845,45650,62850
2782,516,45133.3,62950
2783,662,45416.7,63033.3
2784,781,45566.7,63000
2785,913,45800,63466.7
2786,446,44933.3,62533.3
2787,442,44916.7,62383.3
2788,854,45666.7,62700
2789,893,45750,62733.3
2790,1203,46416.7,62700
2791,1084,46183.3,62533.3
2792,780,45566.7,62650
2793,979,45966.7,62566.7
2794,1002,46016.7,62533.3
2795,1001,46016.7,62483.3
2796,438,44900,62416.7
2797,515,45133.3,61983.3
2798,489,45066.7,61900
2799,552,45216.7,61733.3
2800,648,45400,61500
2801,859,45683.3,61433.3
2802,912,45800,61483.3
2803,1029,46066.7,61366.7
2804,1037,46083.3,61416.7
2805,565,45250,62016.7
2806,453,44966.7,62250
2807,474,45033.3,62000
2808,452,44966.7,62116.7
2809,650,45400,62500
2810,812,45616.7,62416.7
2811,1166,46350,62250
2812,1292,46650,60966.7
2813,1083,46183.3,61266.7
2814,872,45700,61483.3
2815,969,45950,60900
2816,829,45633.3,61400
2817,618,45350,61250
2818,844,45650,61516.7
2819,1009,46033.3,61533.3
2820,879,45716.7,61250
2821,878,45716.7,61166.7
2822,1115,46233.3,61283.3
2823,1208,46433.3,61100
2824,1192,46400,61150
2825,1124,46250,60616.7
2826,1171,46366.7,60516.7
2827,1091,46200,60250
2828,1045,46100,60500
2829,1052,46116.7,60216.7
2830,1072,46166.7,60233.3
2831,1251,46550,61033.3
2832,1277,46616.7,61016.7
2833,977,45966.7,60816.7
2834,990,45983.3,60983.3
2835,965,45933.3,61016.7
2836,828,45633.3,60666.7
2837,871,45700,60733.3
2838,788,45583.3,60966.7
2839,978,45966.7,61116.7
2840,949,45900,61100
2841,1187,46383.3,61066.7
2842,1046,46100,60750
2843,1000,46016.7,60650
2844,938,45883.3,61500
2845,809,45616.7,61400
2846,560,45233.3,61200
2847,842,45650,60866.7
2848,720,45483.3,61033.3
2849,799,45600,61350
2850,800,45600,61366.7
2851,537,45183.3,61666.7
2852,425,44800,62700
2853,517,45133.3,63350
2854,498,45083.3,63400
2855,664,45416.7,63600
2856,707,45466.7,63600
2857,538,45183.3,63716.7
2858,651,45400,63700
2859,305,44366.7,64516.7
2860,290,44316.7,64416.7
2861,260,44233.3,64450
2862,277,44283.3,64366.7
2863,494,45066.7,64800
2864,475,45033.3,64733.3
2865,352,44550,64716.7
2866,238,44133.3,64650
2867,167,43766.7,65316.7
2868,140,43633.3,65350
2869,164,43750,66116.7
2870,181,43850,66150
2871,209,43983.3,66016.7
2872,205,43966.7,66133.3
2873,230,44083.3,66033.3
2874,116,43450,65633.3
2875,141,43633.3,65483.3
2876,135,43600,65466.7
2877,148,43700,65116.7
2878,198,43933.3,64850
2879,201,43950,64816.7
2880,176,43833.3,65066.7
2881,265,44250,64550
2882,435,44883.3,65166.7
2883,477,45033.3,65066.7
2884,449,44950,65066.7
2885,407,44733.3,64700
2886,346,44533.3,64233.3
2887,304,44366.7,64316.7
2888,272,44266.7,64600
2889,319,44433.3,64366.7
2890,221,44050,64750
2891,218,44033.3,64716.7
2892,306,44366.7,65033.3
2893,465,45016.7,65166.7
2894,401,44716.7,65216.7
2895,373,44633.3,65650
2896,622,45350,66233.3
2897,709,45466.7,65883.3
2898,882,45716.7,65516.7
2899,936,45866.7,65816.7
2900,816,45616.7,66083.3
2901,1252,46550,66116.7
2902,1239,46516.7,66266.7
2903,928,45850,66466.7
2904,831,45633.3,66583.3
2905,855,45666.7,66616.7
2906,864,45683.3,66916.7
2907,980,45966.7,66583.3
2908,1119,46233.3,66616.7
2909,1137,46266.7,66633.3
2910,1195,46400,67483.3
2911,1346,46783.3,67500
2912,1397,46900,67383.3
2913,1332,46733.3,67700
2914,1153,46300,67516.7
2915,1294,46650,67583.3
2916,1355,46800,67716.7
2917,1224,46466.7,67566.7
2918,1228,46483.3,67416.7
2919,883,45716.7,67000
2920,865,45683.3,67183.3
2921,942,45883.3,67466.7
2922,1071,46150,67566.7
2923,1031,46066.7,67683.3
2924,1246,46533.3,67166.7
2925,1194,46400,66916.7
2926,1056,46116.7,67150
2927,998,46000,67466.7
2928,1213,46433.3,67716.7
2929,1680,47866.7,68733.3
2930,1516,47433.3,69416.7
2931,1536,47483.3,69283.3
2932,1557,47533.3,68916.7
2933,1582,47600,68800
2934,1531,47466.7,69000
2935,1460,47200,68833.3
2936,1495,47366.7,68333.3
2937,1454,47166.7,67916.7
2938,1542,47500,67383.3
2939,1595,47633.3,67333.3
2940,1432,47050,67733.3
2941,1274,46600,67733.3
2942,1129,46250,67683.3
2943,992,45983.3,67600
2944,791,45583.3,67333.3
2945,580,45283.3,67266.7
2946,547,45200,67266.7
2947,667,45416.7,67183.3
2948,532,45166.7,67300
2949,554,45216.7,67133.3
2950,484,45050,66900
2951,274,44266.7,66350
2952,249,44183.3,66150
2953,311,44383.3,66216.7
2954,177,43833.3,66116.7
2955,189,43883.3,66083.3
2956,222,44050,66166.7
2957,149,43700,65783.3
2958,180,43850,65966.7
2959,159,43733.3,65966.7
2960,130,43566.7,65566.7
2961,122,43516.7,65733.3
2962,121,43516.7,65600
2963,174,43800,65850
2964,363,44600,65750
2965,621,45350,65533.3
2966,1024,46050,65550
2967,1419,46983.3,65566.7
2968,1410,46950,65600
2969,1223,46466.7,65250
2970,1152,46300,64716.7
2971,1245,46533.3,64050
2972,1259,46566.7,63933.3
2973,830,45633.3,64050
2974,996,46000,64550
2975,1102,46216.7,64533.3
2976,1128,46250,65066.7
2977,1366,46833.3,65783.3
2978,1076,46166.7,65883.3
2979,940,45883.3,66300
2980,687,45450,66350
2981,588,45300,66200
2982,1011,46033.3,65866.7
2983,1039,46083.3,66050
2984,863,45683.3,66100
2985,897,45766.7,66150
2986,971,45950,66633.3
2987,981,45966.7,66633.3
2988,1142,46283.3,66733.3
2989,1061,46133.3,66600
2990,1175,46366.7,66566.7
2991,1219,46450,66400
2992,991,45983.3,66200
2993,1004,46016.7,66833.3
2994,959,45916.7,67033.3
2995,941,45883.3,66900
2996,982,45966.7,67233.3
2997,1062,46133.3,67183.3
2998,600,45316.7,67200
2999,495,45066.7,67033.3
3000,519,45133.3,66816.7
3001,512,45116.7,66683.3
3002,418,44766.7,66750
3003,501,45083.3,66416.7
3004,541,45183.3,66333.3
3005,568,45250,66100
3006,576,45266.7,66066.7
3007,640,45383.3,66000
3008,754,45533.3,65833.3
3009,380,44650,65633.3
3010,461,45000,66933.3
3011,436,44883.3,66950
3012,518,45133.3,66583.3
3013,381,44650,66850
3014,273,44266.7,66316.7
3015,347,44533.3,66016.7
3016,296,44333.3,66116.7
3017,316,44416.7,65983.3
3018,411,44750,65516.7
3019,428,44816.7,65516.7
3020,408,44733.3,65516.7
3021,357,44566.7,65633.3
3022,327,44450,64850
3023,504,45100,64250
3024,545,45200,64116.7
3025,814,45616.7,63666.7
3026,1173,46366.7,63550
3027,1218,46450,63450
3028,1125,46250,63116.7
3029,1092,46200,62833.3
3030,1172,46366.7,62866.7
3031,1116,46233.3,62616.7
3032,1202,46416.7,62566.7
3033,1030,46066.7,62816.7
3034,1073,46166.7,62650
3035,813,45616.7,62616.7
3036,790,45583.3,62633.3
3037,443,44916.7,63233.3
3038,422,44783.3,63150
3039,399,44716.7,63233.3
3040,378,44650,63550
3041,434,44883.3,63833.3
3042,665,45416.7,64033.3
3043,906,45783.3,63633.3
3044,454,44966.7,63516.7
3045,553,45216.7,64016.7
3046,406,44733.3,64450
3047,456,44983.3,64133.3
3048,599,45316.7,63783.3
3049,539,45183.3,63883.3
3050,639,45383.3,63916.7
3051,874,45700,64433.3
3052,1212,46433.3,64000
3053,566,45250,63283.3
3054,768,45550,62716.7
3055,706,45466.7,62700
3056,1003,46016.7,62883.3
3057,1085,46183.3,62883.3
3058,1209,46433.3,62066.7
3059,1200,46416.7,62266.7
3060,1201,46416.7,62433.3
3061,1468,47233.3,61850
3062,1500,47383.3,61866.7
3063,1150,46300,62783.3
3064,628,45366.7,63300
3065,663,45416.7,63383.3
3066,567,45250,63466.7
3067,677,45433.3,63516.7
3068,927,45850,63650
3069,1244,46533.3,63683.3
3070,1047,46100,63933.3
3071,923,45833.3,64200
3072,881,45716.7,64250
3073,862,45683.3,64383.3
3074,652,45400,64316.7
3075,546,45200,64616.7
3076,743,45516.7,64333.3
3077,888,45733.3,64216.7
3078,1117,46233.3,63133.3
3079,1141,46283.3,63133.3
3080,1167,46350,62966.7
3081,1074,46166.7,62916.7
3082,1151,46300,63216.7
3083,1204,46416.7,63300
3084,1168,46350,63350
3085,873,45700,62266.7
3086,574,45266.7,62066.7
3087,649,45400,62183.3
3088,789,45583.3,62183.3
3089,510,45116.7,62016.7
3090,536,45183.3,61650
3091,551,45216.7,61366.7
3092,617,45350,61000
3093,742,45516.7,61016.7
3094,638,45383.3,61983.3
3095,811,45616.7,61966.7
3096,935,45866.7,61966.7
3097,843,45650,61233.3
3098,808,45616.7,61233.3
3099,810,45616.7,61650
3100,968,45950,60783.3
3101,1149,46300,60616.7
3102,1422,47000,60466.7
3103,1394,46900,60466.7
3104,1423,47000,60516.7
3105,1123,46250,60083.3
3106,1099,46216.7,60016.7
3107,957,45916.7,59983.3
3108,1008,46033.3,59983.3
3109,1060,46133.3,59883.3
3110,1304,46683.3,60366.7
3111,1053,46116.7,60233.3
3112,1068,46150,60166.7
3113,921,45833.3,60133.3
3114,995,46000,59850
3115,964,45933.3,60000
3116,877,45716.7,60250
3117,1069,46150,60283.3
3118,1113,46233.3,60216.7
3119,1114,46233.3,60283.3
3120,1036,46083.3,59933.3
3121,1090,46200,59966.7
3122,1082,46183.3,59866.7
3123,1667,47833.3,59316.7
3124,1661,47816.7,59200
3125,1679,47866.7,59366.7
3126,1892,48500,59116.7
3127,1896,48516.7,58900
3128,1914,48550,58566.7
3129,1923,48566.7,58816.7
3130,1997,48700,58916.7
3131,1967,48650,58650
3132,1725,48066.7,58866.7
3133,1805,48316.7,58683.3
3134,1895,48516.7,58416.7
3135,1966,48650,58250
3136,2133,49050,58183.3
3137,2093,48966.7,57916.7
3138,2118,49016.7,57616.7
3139,2092,48966.7,57800
3140,2394,49450,57900
3141,2134,49050,58383.3
3142,1915,48550,58733.3
3143,1831,48383.3,58583.3
3144,1916,48550,58916.7
3145,1772,48200,58866.7
3146,1609,47666.7,58233.3
3147,1579,47600,57633.3
3148,1588,47616.7,58716.7
3149,1672,47850,59150
3150,1687,47916.7,59033.3
3151,1580,47600,59016.7
3152,1589,47616.7,59233.3
3153,1569,47566.7,59150
3154,1654,47783.3,59233.3
3155,1709,48016.7,58950
3156,1948,48616.7,59100
3157,1968,48650,58983.3
3158,2818,50216.7,60716.7
3159,2294,49266.7,63216.7
3160,2257,49216.7,63050
3161,2194,49133.3,62533.3
3162,1494,47366.7,61933.3
3163,1563,47550,61566.7
3164,2293,49266.7,61850
3165,2819,50216.7,62083.3
3166,2804,50183.3,61816.7
3167,2803,50183.3,61283.3
3168,2883,50350,59816.7
3169,2958,50516.7,59483.3
3170,3031,50700,59333.3
3171,3066,50783.3,59016.7
3172,3083,50833.3,58950
3173,3218,51233.3,58650
3174,3243,51316.7,58016.7
3175,3272,51416.7,57616.7
3176,2827,50233.3,57583.3
3177,2882,50350,57533.3
3178,2802,50183.3,57600
3179,2734,50033.3,57716.7
3180,3056,50750,57166.7
3181,3121,50933.3,56983.3
3182,2965,50533.3,57383.3
3183,2567,49733.3,57933.3
3184,2679,49916.7,57900
3185,2444,49533.3,57866.7
3186,2423,49500,57883.3
3187,2171,49100,58366.7
3188,2495,49616.7,57950
3189,2414,49483.3,58116.7
3190,2424,49500,57933.3
3191,2180,49116.7,58066.7
3192,2094,48966.7,58000
3193,2086,48950,57933.3
3194,1621,47683.3,59316.7
3195,1770,48183.3,58850
3196,1780,48233.3,58816.7
3197,1785,48250,58766.7
3198,1869,48450,58483.3
3199,1854,48433.3,58500
3200,2153,49083.3,57550
3201,2393,49450,57766.7
3202,2231,49183.3,57433.3
3203,2481,49600,55966.7
3204,2494,49616.7,56183.3
3205,2571,49750,56033.3
3206,2537,49683.3,55983.3
3207,2686,49933.3,56400
3208,2678,49916.7,56183.3
3209,2657,49883.3,55633.3
3210,2442,49533.3,55833.3
3211,2374,49416.7,56066.7
3212,2545,49700,56150
3213,2629,49850,56433.3
3214,2595,49783.3,56633.3
3215,2443,49533.3,56866.7
3216,2218,49166.7,57116.7
3217,2036,48816.7,56866.7
3218,2035,48816.7,56533.3
3219,2117,49016.7,56316.7
3220,2091,48966.7,56033.3
3221,2053,48850,56466.7
3222,1562,47550,56883.3
3223,1568,47566.7,56750
3224,1574,47583.3,56816.7
3225,1551,47516.7,57416.7
3226,1575,47583.3,57266.7
3227,1578,47600,56416.7
3228,1678,47866.7,55850
3229,1530,47466.7,55533.3
3230,1620,47683.3,55466.7
3231,1577,47600,55916.7
3232,1540,47500,55783.3
3233,1440,47100,55783.3
3234,1408,46950,55983.3
3235,1539,47500,55450
3236,1404,46933.3,55550
3237,1535,47483.3,55833.3
3238,1561,47550,55933.3
3239,1550,47516.7,55450
3240,1453,47166.7,55166.7
3241,1452,47150,55133.3
3242,1467,47233.3,55366.7
3243,1450,47133.3,55533.3
3244,1392,46900,55400
3245,1377,46866.7,55816.7
3246,1393,46900,55966.7
3247,1435,47066.7,55866.7
3248,1603,47650,54933.3
3249,1504,47400,54516.7
3250,1449,47133.3,54066.7
3251,1439,47100,54066.7
3252,1384,46883.3,53966.7
3253,1464,47216.7,53566.7
3254,1617,47683.3,53250
3255,1602,47650,54150
3256,1503,47400,54333.3
3257,1555,47533.3,54100
3258,1608,47666.7,54083.3
3259,1648,47766.7,54216.7
3260,1533,47483.3,54200
3261,1466,47233.3,53966.7
3262,1708,48016.7,54016.7
3263,1653,47783.3,53483.3
3264,1521,47450,52716.7
3265,1598,47650,52733.3
3266,1591,47633.3,52683.3
3267,1646,47766.7,52766.7
3268,1761,48166.7,52933.3
3269,1883,48483.3,53100
3270,1933,48583.3,53200
3271,1947,48616.7,53033.3
3272,1823,48366.7,53383.3
3273,1835,48400,53350
3274,2270,49233.3,53516.7
3275,2209,49150,53583.3
3276,2132,49050,53583.3
3277,2386,49433.3,53950
3278,2052,48850,54016.7
3279,2097,48983.3,53700
3280,2083,48950,53916.7
3281,1852,48433.3,53800
3282,1769,48183.3,53983.3
3283,1990,48683.3,54116.7
3284,2084,48950,54550
3285,2071,48900,54433.3
3286,2677,49916.7,55566.7
3287,2420,49500,55250
3288,2327,49333.3,54733.3
3289,2518,49650,54750
3290,2464,49566.7,54850
3291,2544,49700,54283.3
3292,2463,49566.7,54250
3293,2566,49733.3,54166.7
3294,2125,49033.3,53866.7
3295,2373,49416.7,54366.7
3296,2517,49650,54383.3
3297,2437,49516.7,54533.3
3298,2478,49600,54166.7
3299,2178,49116.7,53616.7
3300,2170,49100,53583.3
3301,2303,49283.3,53616.7
3302,2230,49183.3,53533.3
3303,1922,48566.7,53100
3304,2050,48850,53683.3
3305,2051,48850,53983.3
3306,1996,48700,53800
3307,1976,48666.7,53650
3308,1890,48500,53500
3309,1836,48400,53633.3
3310,1941,48600,53400
3311,1912,48550,53333.3
3312,1894,48516.7,53083.3
3313,1956,48633.3,53100
3314,1779,48233.3,53966.7
3315,1891,48500,54216.7
3316,1795,48266.7,54166.7
3317,1977,48666.7,54050
3318,1768,48183.3,53533.3
3319,1824,48366.7,53866.7
3320,1733,48100,53750
3321,1762,48166.7,53716.7
3322,1748,48133.3,53583.3
3323,1676,47866.7,53366.7
3324,1707,48016.7,53266.7
3325,1696,47966.7,53333.3
3326,1547,47516.7,52966.7
3327,1599,47650,52933.3
3328,1657,47800,53166.7
3329,1715,48033.3,53116.7
3330,1729,48083.3,53016.7
3331,1719,48050,53633.3
3332,1913,48550,53483.3
3333,1701,48000,53000
3334,1683,47900,53083.3
3335,1644,47750,53200
3336,1511,47433.3,53216.7
3337,1510,47433.3,53166.7
3338,1497,47383.3,53133.3
3339,1470,47250,52850
3340,1486,47333.3,52833.3
3341,1522,47450,53233.3
3342,1425,47016.7,52916.7
3343,1403,46933.3,52966.7
3344,1633,47716.7,52716.7
3345,1634,47716.7,52833.3
3346,1666,47833.3,54166.7
3347,1681,47883.3,54250
3348,1965,48650,53766.7
3349,1853,48433.3,54016.7
3350,1842,48416.7,53883.3
3351,1720,48050,53766.7
3352,1730,48083.3,53916.7
3353,1749,48133.3,53916.7
3354,1798,48283.3,53466.7
3355,1506,47416.7,53533.3
3356,1573,47583.3,53550
3357,1559,47550,53550
3358,1560,47550,53666.7
3359,1376,46866.7,53616.7
3360,1618,47683.3,53883.3
3361,1601,47650,53966.7
3362,1529,47466.7,53083.3
3363,1438,47083.3,52950
3364,1321,46716.7,53266.7
3365,1298,46666.7,53083.3
3366,1329,46733.3,53366.7
3367,1448,47133.3,53500
3368,1443,47116.7,53516.7
3369,1426,47016.7,53616.7
3370,1413,46966.7,53700
3371,1401,46916.7,53583.3
3372,1352,46800,53650
3373,1353,46800,54066.7
3374,1402,46916.7,54183.3
3375,1594,47633.3,53750
3376,1686,47916.7,53366.7
3377,1600,47650,53216.7
3378,1640,47733.3,53250
3379,1475,47283.3,53883.3
3380,1482,47316.7,53916.7
3381,1480,47300,54000
3382,1660,47816.7,53450
3383,1647,47766.7,53216.7
3384,1714,48033.3,52983.3
3385,1724,48066.7,52933.3
3386,1546,47516.7,52783.3
3387,1592,47633.3,52850
3388,1538,47500,53016.7
3389,1463,47216.7,52850
3390,1553,47533.3,52933.3
3391,1474,47283.3,52833.3
3392,1548,47516.7,53216.7
3393,1652,47783.3,53166.7
3394,1572,47583.3,53300
3395,1635,47716.7,53500
3396,1549,47516.7,53666.7
3397,1554,47533.3,53300
3398,1586,47616.7,53300
3399,1593,47633.3,53500
3400,1754,48150,53966.7
3401,1841,48416.7,53600
3402,1671,47850,53983.3
3403,1629,47700,54233.3
3404,1558,47550,52666.7
3405,1412,46966.7,52966.7
3406,1276,46616.7,53533.3
3407,1285,46633.3,53600
3408,1556,47533.3,54966.7
3409,1476,47283.3,54816.7
3410,1619,47683.3,54716.7
3411,1587,47616.7,55233.3
3412,1604,47650,55233.3
3413,1499,47383.3,54783.3
3414,1473,47266.7,54916.7
3415,1431,47050,55183.3
3416,1457,47183.3,55050
3417,1493,47366.7,54916.7
3418,1534,47483.3,55116.7
3419,1513,47433.3,54466.7
3420,1567,47566.7,54233.3
3421,1456,47183.3,54050
3422,1498,47383.3,54166.7
3423,1512,47433.3,53800
3424,1813,48350,54166.7
3425,1677,47866.7,53933.3
3426,2027,48783.3,54216.7
3427,2344,49366.7,54266.7
3428,2392,49450,54050
3429,2493,49616.7,54583.3
3430,2536,49683.3,54050
3431,2479,49600,54300
3432,2334,49350,54516.7
3433,2290,49266.7,54500
3434,2387,49433.3,54666.7
3435,2105,49000,54883.3
3436,2322,49316.7,55400
3437,2412,49483.3,55283.3
3438,2638,49866.7,55666.7
3439,2292,49266.7,55066.7
3440,2345,49366.7,55333.3
3441,2890,50366.7,56533.3
3442,2989,50600,56200
3443,2964,50533.3,56283.3
3444,2810,50200,55733.3
3445,2594,49783.3,55866.7
3446,2179,49116.7,55083.3
3447,2210,49150,55366.7
3448,2085,48950,55666.7
3449,2079,48933.3,55650
3450,2152,49083.3,55266.7
3451,2116,49016.7,55516.7
3452,2704,49966.7,55583.3
3453,2512,49633.3,55800
3454,2719,50000,55866.7
3455,2411,49483.3,54833.3
3456,2271,49233.3,55066.7
3457,2304,49283.3,54933.3
3458,2291,49266.7,54833.3
3459,2328,49333.3,55083.3
3460,2421,49500,55400
3461,2422,49500,55716.7
3462,2480,49600,55683.3
3463,2413,49483.3,56100
3464,2469,49583.3,56183.3
3465,2840,50250,56500
3466,2776,50133.3,56100
3467,2639,49866.7,56816.7
3468,2470,49583.3,56833.3
3469,2585,49766.7,56916.7
3470,3082,50833.3,57033.3
3471,3010,50650,57266.7
3472,3041,50716.7,57366.7
3473,3273,51416.7,57816.7
3474,3294,51466.7,57716.7
3475,3271,51416.7,57200
3476,3287,51450,56950
3477,3282,51433.3,57116.7
3478,3177,51133.3,56800
3479,3341,51600,56716.7
3480,3194,51183.3,56833.3
3481,3152,51050,56916.7
3482,3142,51016.7,57033.3
3483,3143,51016.7,57100
3484,3318,51516.7,56833.3
3485,3255,51366.7,56616.7
3486,3265,51400,56416.7
3487,3108,50900,55900
3488,3091,50850,56116.7
3489,3049,50733.3,56100
3490,3040,50716.7,55600
3491,3162,51083.3,55783.3
3492,3150,51033.3,55833.3
3493,3444,52016.7,55833.3
3494,3340,51600,55866.7
3495,3352,51633.3,55900
3496,3338,51600,55533.3
3497,3339,51600,55633.3
3498,3259,51383.3,55600
3499,3316,51516.7,55483.3
3500,3281,51433.3,55516.7
3501,3329,51550,55733.3
3502,3230,51283.3,56733.3
3503,3236,51300,55616.7
3504,3192,51166.7,55700
3505,3317,51516.7,56133.3
3506,3378,51733.3,56416.7
3507,3542,52350,55683.3
3508,3519,52266.7,55583.3
3509,3504,52216.7,55633.3
3510,3594,52550,55733.3
3511,3529,52300,55833.3
3512,3550,52366.7,55650
3513,3576,52450,55683.3
3514,3509,52233.3,55833.3
3515,3607,52600,55766.7
3516,3641,52733.3,55833.3
3517,3689,52900,55850
3518,3788,53300,55950
3519,3836,53500,55783.3
3520,3829,53466.7,55766.7
3521,3705,52966.7,55800
3522,3593,52533.3,56300
3523,3603,52583.3,55883.3
3524,3633,52683.3,55866.7
3525,3575,52450,55666.7
3526,3595,52550,55783.3
3527,3722,53016.7,55833.3
3528,3779,53266.7,55733.3
3529,3771,53233.3,55716.7
3530,3813,53400,55783.3
3531,3833,53483.3,55900
3532,3896,53733.3,56800
3533,3889,53700,57016.7
3534,3916,53816.7,57133.3
3535,3912,53800,57016.7
3536,3927,53866.7,56900
3537,3870,53616.7,57433.3
3538,3876,53650,57050
3539,3928,53866.7,57000
3540,4102,54466.7,57250
3541,4120,54566.7,57266.7
3542,4099,54450,57216.7
3543,4009,54133.3,57416.7
3544,4039,54216.7,58133.3
3545,3794,53333.3,60416.7
3546,3789,53300,60300
3547,3850,53533.3,60150
3548,4187,55066.7,59600
3549,4022,54166.7,58433.3
3550,4189,55083.3,59183.3
3551,4208,55183.3,59216.7
3552,4242,55450,60216.7
3553,4282,55850,60866.7
3554,4355,56550,61683.3
3555,4382,57466.7,61833.3
3556,4394,58200,62633.3
3557,4416,58866.7,63250
3558,4422,59066.7,63883.3
3559,4406,58533.3,65883.3
3560,4477,60416.7,64816.7
3561,4555,62966.7,64500
3562,4604,66133.3,65750
3563,4611,66666.7,61366.7
3564,4617,67533.3,63750
3565,4618,67550,64033.3
3566,4622,67950,64916.7
3567,4606,66266.7,67150
3568,4610,66566.7,71300
3569,4627,68616.7,71133.3
3570,4646,70450,68566.7
3571,4663,82483.3,62250
3572,4662,81716.7,64716.7
3573,4661,80216.7,86183.3
3574,4659,76416.7,82950
3575,4657,76200,81016.7
3576,4653,72700,78000
3577,4648,70950,84833.3
3578,4649,71333.3,84950
3579,4655,74516.7,82400
3580,4654,73033.3,85166.7
3581,4640,69533.3,93533.3
3582,4628,68633.3,95916.7
3583,4652,72016.7,94250
3584,4656,74683.3,94900
3585,4660,78783.3,103533
3586,4620,67783.3,102367
3587,4623,68033.3,103433
3588,4634,69116.7,105033
3589,4612,66833.3,108033
3590,4547,62700,109133
3591,4428,59316.7,107183
3592,4434,59450,108483
3593,4440,59566.7,108617
3594,4444,59616.7,109217
3595,4438,59550,108500
3596,4426,59266.7,105833
3597,4370,56983.3,107283
3598,4378,57366.7,106833
3599,4269,55783.3,106217
3600,4199,55150,107617
3601,4206,55167.5,108153
3602,4192,55098.1,108323
3603,4237,55433.3,107900
3604,4284,55854.2,108484
3605,4198,55148.6,108127
3606,4191,55097.2,108343
3607,4062,54326.4,109100
3608,4082,54399.7,109226
3609,4056,54296.9,109227
3610,4002,54122.2,109026
3611,4023,54180.3,108628
3612,4072,54355.3,108628
3613,3972,54035.3,108733
3614,3905,53783.3,107750
3615,3985,54078.3,108253
3616,4004,54129.7,108435
3617,4036,54216.4,108052
3618,4048,54266.7,107783
3619,3882,53683.3,107700
3620,3852,53550,107867
3621,3804,53366.7,108050
3622,3786,53300,108083
3623,3795,53350,107333
3624,3817,53433.3,106733
3625,3623,52650,106333
3626,3586,52500,106417
3627,3612,52616.7,106650
3628,3393,51800,107417
3629,3449,52050,107550
3630,3441,52016.7,107700
3631,3297,51483.3,107517
3632,3305,51500,108250
3633,3208,51216.7,109017
3634,3085,50850,109117
3635,3240,51316.7,108750
3636,3216,51233.3,109167
3637,3275,51433.3,109450
3638,3209,51216.7,109500
3639,3276,51433.3,109883
3640,3254,51366.7,109983
3641,3252,51350,110333
3642,3257,51383.3,110567
3643,3421,51916.7,110300
3644,3268,51416.7,110800
3645,3373,51700,110800
3646,3334,51583.3,111517
3647,3320,51533.3,111200
3648,3442,52016.7,110800
3649,3432,51966.7,110567
3650,3345,51616.7,109733
3651,3403,51850,109767
3652,3290,51466.7,109600
3653,2941,50466.7,109483
3654,2730,50033.3,109833
3655,2693,49950,110267
3656,2692,49950,110033
3657,2945,50483.3,110017
3658,2910,50416.7,109883
3659,2674,49916.7,109467
3660,2381,49433.3,109833
3661,2254,49216.7,109800
3662,2138,49066.7,110450
3663,2244,49200,110867
3664,2362,49400,110700
3665,2649,49883.3,111050
3666,2836,50250,111183
3667,2856,50283.3,111350
3668,3044,50733.3,111300
3669,3086,50850,110950
3670,3053,50750,111183
3671,3026,50700,111683
3672,3175,51133.3,112083
3673,3405,51850,112850
3674,3486,52133.3,113867
3675,3447,52033.3,113950
3676,3536,52333.3,113533
3677,3433,51966.7,112150
3678,3383,51766.7,112000
3679,3408,51866.7,111983
3680,3350,51633.3,111917
3681,3306,51500,111683
3682,3229,51283.3,112317
3683,3362,51666.7,112233
3684,3249,51333.3,112483
3685,3125,50950,112183
3686,2973,50566.7,111900
3687,3059,50766.7,112083
3688,3465,52083.3,111450
3689,3640,52733.3,111550
3690,3655,52783.3,111850
3691,3770,53233.3,112233
3692,3886,53700,112633
3693,3960,54007.2,112679
3694,3862,53583.3,113167
3695,3819,53433.3,113333
3696,3853,53550,113133
3697,3909,53800,112917
3698,4090,54426.1,112924
3699,4197,55141.1,112494
3700,4153,54799.2,112573
3701,4158,54819.4,112548
3702,4164,54864.2,112802
3703,4169,54887.2,111887
3704,4176,54995,111736
3705,4162,54848.6,112344
3706,4080,54385.6,111352
3707,4011,54141.9,111728
3708,4019,54152.8,111430
3709,4131,54639.4,111346
3710,4181,55037.8,112280
3711,4211,55201.4,112466
3712,4145,54754.4,112602
3713,4125,54595.3,112702
3714,4159,54820.6,112686
3715,4124,54590.8,112809
3716,4147,54762.5,112688
3717,4166,54879.7,112522
3718,4190,55091.7,112888
3719,4275,55799.7,112639
3720,4188,55081.9,112497
3721,4160,54820.6,112879
3722,4041,54233.3,113017
3723,4063,54329.4,112953
3724,4024,54180.8,112627
3725,3974,54036.7,112555
3726,3991,54093.3,112619
3727,3959,54006.9,112333
3728,3997,54116.1,111919
3729,3899,53750,112433
3730,3979,54059.4,112945
3731,3828,53466.7,112950
3732,3858,53566.7,113400
3733,3894,53716.7,113200
3734,3887,53700,114100
3735,3847,53533.3,114000
3736,3846,53533.3,113917
3737,3778,53266.7,113533
3738,3798,53350,113250
3739,3920,53833.3,113417
3740,4027,54181.4,112927
3741,4143,54748.1,112804
3742,4129,54631.7,112512
3743,4133,54653.6,112363
3744,4151,54771.9,111965
3745,4146,54759.7,111912
3746,4075,54356.7,111714
3747,4115,54533.3,110983
3748,4051,54269.4,111029
3749,4045,54240.6,111256
3750,4095,54443.6,110912
3751,4025,54181.4,111028
3752,4044,54240.6,110804
3753,4076,54361.9,110206
3754,4100,54465,110183
3755,4071,54355,110080
3756,3845,53533.3,109450
3757,3818,53433.3,109700
3758,3929,53883.3,110667
3759,4034,54211.7,110603
3760,4092,54428.9,110635
3761,4108,54501.1,110558
3762,4087,54416.7,110215
3763,4055,54284.2,110649
3764,4050,54267.8,110751
3765,4035,54211.9,111366
3766,4010,54141.1,110754
3767,4081,54395.6,110654
3768,4079,54370,110271
3769,4064,54332.2,110477
3770,4096,54443.9,110762
3771,4060,54313.1,110604
3772,3933,53900,110900
3773,4006,54130.3,111152
3774,4026,54181.4,111151
3775,3984,54069.2,111436
3776,4005,54129.7,111568
3777,4074,54356.7,111577
3778,4126,54595.8,111921
3779,4106,54487.2,111492
3780,4058,54298.6,111453
3781,4168,54885.8,111791
3782,4207,55175.6,111623
3783,4250,55632.5,111083
3784,4245,55534.7,111197
3785,4121,54580.6,111732
3786,4103,54468.9,111618
3787,4029,54182.2,110903
3788,4040,54229.7,110863
3789,4047,54251.1,111151
3790,4020,54153.3,111276
3791,3950,53983.3,111283
3792,4110,54509.2,111618
3793,4104,54472.8,111774
3794,4057,54296.9,111804
3795,4097,54445.3,112098
3796,3996,54113.1,112474
3797,4043,54238.6,112777
3798,3990,54093.1,112787
3799,4028,54181.7,112801
3800,4142,54733.3,112931
3801,4140,54698.1,112147
3802,4214,55250,113200
3803,4123,54583.3,113317
3804,4091,54427.5,112955
3805,4109,54503.6,112901
3806,4014,54150,113117
3807,3969,54033.3,113117
3808,3910,53800,113650
3809,3873,53633.3,113633
3810,3901,53750,113533
3811,3878,53666.7,113483
3812,3980,54066.7,113650
3813,4059,54300,113483
3814,4098,54450,113983
3815,4139,54683.3,114150
3816,4170,54916.7,114167
3817,4212,55233.3,114267
3818,4184,55066.7,114033
3819,4204,55166.7,114033
3820,4141,54716.7,113267
3821,4101,54466.7,113383
3822,4049,54266.7,113867
3823,4069,54350,113917
3824,4116,54533.3,114083
3825,4015,54150,113867
3826,3970,54033.3,114133
3827,3986,54083.3,114233
3828,3998,54116.7,114400
3829,4016,54150,114233
3830,3888,53700,114183
3831,3841,53516.7,114333
3832,3755,53183.3,113517
3833,3840,53516.7,113317
3834,3854,53550,113500
3835,3806,53366.7,113733
3836,3792,53333.3,113533
3837,3580,52466.7,114050
3838,3619,52633.3,114217
3839,3644,52750,114283
3840,3671,52850,114367
3841,3745,53116.7,114483
3842,3704,52966.7,114433
3843,3584,52483.3,113450
3844,3517,52266.7,113800
3845,3477,52116.7,113200
3846,3396,51800,113600
3847,3354,51650,113550
3848,3308,51500,113500
3849,3258,51383.3,113533
3850,3307,51500,113333
3851,3241,51316.7,113617
3852,3160,51083.3,114083
3853,3112,50916.7,114067
3854,3147,51033.3,113967
3855,3201,51200,114450
3856,3158,51066.7,114550
3857,3277,51433.3,114033
3858,3422,51916.7,114033
3859,3326,51550,114467
3860,3409,51866.7,113600
3861,3390,51783.3,114100
3862,3526,52300,114283
3863,3525,52300,114083
3864,3554,52383.3,113800
3865,3579,52466.7,113733
3866,3632,52683.3,113567
3867,3601,52583.3,112967
3868,3501,52200,113233
3869,3561,52400,113183
3870,3291,51466.7,112700
3871,3335,51583.3,112533
3872,3270,51416.7,112633
3873,3233,51300,112950
3874,3292,51466.7,112967
3875,3363,51666.7,112767
3876,3400,51833.3,113233
3877,3446,52033.3,112750
3878,3535,52333.3,112683
3879,3332,51566.7,112750
3880,3184,51150,113333
3881,3374,51700,113267
3882,2974,50566.7,112883
3883,2942,50466.7,113433
3884,3035,50716.7,112983
3885,3093,50866.7,113050
3886,2980,50583.3,112050
3887,3045,50733.3,111900
3888,3165,51100,111583
3889,3106,50900,111550
3890,3228,51283.3,111667
3891,3269,51416.7,111683
3892,3404,51850,111617
3893,3516,52266.7,112733
3894,3485,52133.3,112750
3895,3503,52216.7,112417
3896,3571,52450,112567
3897,3600,52583.3,112567
3898,3683,52866.7,112250
3899,3590,52516.7,111917
3900,3502,52216.7,111900
3901,3567,52433.3,111783
3902,3628,52666.7,112200
3903,3599,52583.3,112067
3904,3521,52283.3,112150
3905,3489,52150,111733
3906,3618,52633.3,111217
3907,3631,52683.3,111300
3908,3692,52916.7,111233
3909,3570,52450,110833
3910,3754,53183.3,110783
3911,3877,53666.7,111233
3912,4138,54679.2,112215
3913,3975,54036.9,111860
3914,4012,54143.1,112151
3915,4013,54143.9,112276
3916,3930,53883.3,112333
3917,3957,54004.7,112405
3918,3835,53500,112050
3919,3866,53600,112333
3920,3906,53783.3,111683
3921,3892,53716.7,111750
3922,3919,53833.3,112117
3923,3815,53416.7,111683
3924,3827,53466.7,111867
3925,3750,53166.7,112617
3926,3768,53216.7,112567
3927,3805,53366.7,112667
3928,3649,52766.7,112967
3929,3719,53016.7,112817
3930,3760,53200,113050
3931,3942,53950,113900
3932,3941,53950,113633
3933,3895,53716.7,113483
3934,3893,53716.7,113083
3935,3900,53750,112783
3936,3665,52833.3,113450
3937,3739,53083.3,113467
3938,3713,53000,113050
3939,3703,52966.7,113383
3940,3773,53250,113783
3941,3761,53200,114183
3942,3859,53566.7,114717
3943,3842,53516.7,114967
3944,3769,53216.7,114983
3945,3875,53650,115583
3946,3869,53616.7,115450
3947,3999,54116.7,115383
3948,4007,54133.3,115683
3949,3961,54016.7,115233
3950,3935,53916.7,115033
3951,3868,53616.7,115250
3952,3931,53883.3,114900
3953,3914,53816.7,114667
3954,4065,54333.3,114767
3955,4228,55350,114983
3956,4222,55283.3,114783
3957,4227,55333.3,115417
3958,4223,55316.7,115717
3959,4229,55350,115767
3960,4233,55366.7,115933
3961,4238,55433.3,116483
3962,4249,55616.7,116833
3963,4252,55700,116900
3964,4290,55933.3,116917
3965,4343,56433.3,117600
3966,4362,56733.3,117517
3967,4360,56700,117650
3968,4373,57066.7,117550
3969,4367,56850,117633
3970,4329,56233.3,117283
3971,4307,56100,116833
3972,4285,55866.7,117367
3973,4185,55066.7,117283
3974,4235,55416.7,117317
3975,4261,55750,117333
3976,4270,55783.3,117533
3977,4330,56233.3,117967
3978,4302,56066.7,118250
3979,4309,56100,118683
3980,4331,56233.3,118600
3981,4314,56133.3,118500
3982,4303,56066.7,118400
3983,4325,56216.7,118833
3984,4312,56116.7,118850
3985,4349,56516.7,119067
3986,4348,56500,119200
3987,4356,56583.3,119500
3988,4317,56166.7,120017
3989,4319,56183.3,119950
3990,4287,55900,120133
3991,4296,56016.7,120083
3992,4320,56183.3,120533
3993,4316,56150,120667
3994,4297,56016.7,120617
3995,4281,55850,120783
3996,4257,55716.7,121183
3997,4253,55700,121617
3998,4327,56216.7,121433
3999,4306,56083.3,122750
4000,4299,56033.3,121917
4001,4279,55833.3,121733
4002,4321,56183.3,121583
4003,4375,57133.3,121300
4004,4396,58283.3,121717
4005,4333,56250,120833
4006,4337,56283.3,121233
4007,4339,56300,120533
4008,4273,55783.3,120917
4009,4336,56266.7,120950
4010,4345,56450,120917
4011,4326,56216.7,120683
4012,4344,56433.3,120783
4013,4350,56516.7,120783
4014,4353,56533.3,121000
4015,4310,56100,120117
4016,4304,56066.7,120083
4017,4266,55766.7,120233
4018,4248,55600,120550
4019,4256,55716.7,120133
4020,4240,55450,119900
4021,4231,55350,119783
4022,4220,55266.7,119500
4023,4219,55266.7,118800
4024,4205,55166.7,118800
4025,4247,55600,118767
4026,4265,55766.7,118717
4027,4272,55783.3,118833
4028,4209,55200,119450
4029,4200,55150,119150
4030,4239,55433.3,118700
4031,4230,55350,118783
4032,4311,56116.7,117900
4033,4335,56266.7,117817
4034,4318,56183.3,117600
4035,4322,56200,117417
4036,4338,56300,117333
4037,4313,56133.3,117317
4038,4342,56366.7,117067
4039,4255,55716.7,117617
4040,4271,55783.3,117900
4041,4259,55733.3,117117
4042,4276,55800,117683
4043,4262,55750,118233
4044,4300,56050,118517
4045,4371,56983.3,117633
4046,4386,57800,117867
4047,4351,56533.3,117667
4048,4308,56100,118083
4049,4315,56150,117750
4050,4352,56533.3,117883
4051,4298,56033.3,117117
4052,4332,56250,117150
4053,4288,55916.7,115650
4054,4397,58366.7,114850
4055,4399,58400,114750
4056,4398,58383.3,115117
4057,4401,58400,116033
4058,4400,58400,116000
4059,4405,58516.7,117133
4060,4420,59033.3,117683
4061,4414,58816.7,118750
4062,4478,60433.3,121250
4063,4522,61516.7,120633
4064,4529,61850,121333
4065,4561,63266.7,123600
4066,4471,60233.3,123483
4067,4504,61050,123367
4068,4435,59483.3,124017
4069,4431,59383.3,124867
4070,4415,58816.7,122533
4071,4421,59033.3,122433
4072,4412,58800,122667
4073,4380,57416.7,125617
4074,4357,56600,124633
4075,4293,55983.3,123833
4076,4274,55783.3,124700
4077,4251,55666.7,124500
4078,4177,55000,123033
4079,4053,54283.3,122633
4080,3987,54083.3,122483
4081,3988,54083.3,122683
4082,3881,53666.7,122650
4083,3799,53350,122533
4084,3811,53400,122567
4085,3843,53516.7,122633
4086,3714,53000,123617
4087,3757,53183.3,122517
4088,3710,52983.3,122483
4089,3729,53050,122150
4090,3621,52633.3,122450
4091,3573,52450,122417
4092,3538,52333.3,122283
4093,3337,51583.3,122250
4094,3327,51550,122317
4095,3385,51766.7,122300
4096,3479,52116.7,122150
4097,3508,52233.3,121800
4098,3423,51916.7,122100
4099,3141,51016.7,121783
4100,2913,50416.7,121350
4101,3074,50800,121317
4102,3038,50716.7,121267
4103,2825,50233.3,121567
4104,2824,50233.3,121100
4105,2581,49766.7,120767
4106,2318,49316.7,120533
4107,2555,49716.7,120133
4108,2784,50150,120183
4109,2895,50383.3,120267
4110,3096,50866.7,121833
4111,3169,51100,121600
4112,3020,50683.3,121933
4113,3088,50850,122433
4114,2946,50483.3,122600
4115,2870,50316.7,122817
4116,2768,50116.7,122983
4117,2914,50416.7,122917
4118,3089,50850,122850
4119,3537,52333.3,121417
4120,3527,52300,121117
4121,3645,52750,121417
4122,3733,53066.7,121517
4123,3726,53033.3,121717
4124,3938,53933.3,121467
4125,3951,53983.3,121617
4126,3903,53766.7,121067
4127,3921,53833.3,121267
4128,3867,53600,120717
4129,3849,53533.3,120583
4130,4224,55316.7,119567
4131,3746,53116.7,119833
4132,3787,53300,120167
4133,3732,53066.7,119750
4134,3709,52983.3,119517
4135,3721,53016.7,119583
4136,3666,52833.3,119250
4137,3620,52633.3,119150
4138,3507,52233.3,119217
4139,3193,51183.3,120133
4140,3168,51100,120017
4141,3280,51433.3,120200
4142,3351,51633.3,120033
4143,3336,51583.3,120117
4144,3355,51650,120033
4145,3300,51483.3,120700
4146,3384,51766.7,120900
4147,3235,51300,121400
4148,3356,51650,121283
4149,3478,52116.7,121933
4150,3454,52050,122267
4151,3434,51966.7,122517
4152,3376,51716.7,123017
4153,3424,51916.7,123033
4154,3467,52083.3,123283
4155,3487,52133.3,123700
4156,3357,51650,124383
4157,3435,51966.7,124983
4158,3574,52450,125300
4159,3556,52383.3,125817
4160,3315,51516.7,127517
4161,3328,51550,127617
4162,3368,51683.3,127250
4163,3242,51316.7,127500
4164,2957,50516.7,128033
4165,3009,50650,128017
4166,3014,50666.7,128083
4167,3090,50850,127850
4168,2963,50533.3,127600
4169,2924,50433.3,127483
4170,2896,50383.3,127433
4171,2988,50600,127583
4172,3002,50633.3,127250
4173,2983,50583.3,127100
4174,2968,50550,126883
4175,3055,50750,126483
4176,3001,50633.3,127017
4177,2962,50533.3,126867
4178,2967,50550,126817
4179,2715,49983.3,127150
4180,2628,49850,126750
4181,2477,49600,126633
4182,2620,49833.3,126933
4183,2676,49916.7,126667
4184,2714,49983.3,126850
4185,2637,49866.7,126700
4186,2410,49483.3,126400
4187,2343,49366.7,126250
4188,2229,49183.3,125917
4189,2208,49150,125917
4190,2193,49133.3,125900
4191,2302,49283.3,126050
4192,2078,48933.3,125517
4193,2385,49433.3,124683
4194,2441,49533.3,124817
4195,2333,49350,124450
4196,2312,49300,124483
4197,2311,49300,124317
4198,2769,50116.7,124517
4199,2603,49800,124617
4200,2733,50033.3,124817
4201,2724,50016.7,125250
4202,2584,49766.7,125100
4203,2534,49683.3,124933
4204,2535,49683.3,125000
4205,2492,49616.7,125017
4206,2745,50066.7,125283
4207,2771,50116.7,125367
4208,2713,49983.3,125433
4209,2871,50316.7,125083
4210,2839,50250,124967
4211,2593,49783.3,125067
4212,2476,49600,124883
4213,2801,50183.3,125150
4214,2737,50050,125183
4215,2877,50333.3,125483
4216,2955,50516.7,125533
4217,2888,50366.7,125150
4218,3021,50683.3,125700
4219,2937,50450,125367
4220,2956,50516.7,125750
4221,2905,50400,125967
4222,2881,50350,125917
4223,2947,50483.3,126083
4224,2996,50616.7,126317
4225,2975,50566.7,126267
4226,3127,50950,126200
4227,3113,50916.7,126867
4228,2982,50583.3,126917
4229,3149,51033.3,127517
4230,3114,50916.7,127283
4231,3039,50716.7,127500
4232,3022,50683.3,128267
4233,3060,50766.7,128350
4234,3411,51866.7,127867
4235,3494,52166.7,128133
4236,3490,52150,128133
4237,3602,52583.3,128533
4238,3541,52350,127700
4239,3549,52366.7,126750
4240,3557,52383.3,126567
4241,3568,52433.3,126233
4242,3548,52366.7,126100
4243,2862,50300,125200
4244,2915,50416.7,125517
4245,2889,50366.7,125317
4246,2826,50233.3,125283
4247,2656,49883.3,124550
4248,2570,49750,124550
4249,2627,49850,124533
4250,2583,49766.7,124317
4251,2039,48833.3,125150
4252,2269,49233.3,124800
4253,2289,49266.7,124800
4254,2321,49316.7,124983
4255,2115,49016.7,125000
4256,2320,49316.7,124850
4257,2800,50183.3,125083
4258,2712,49983.3,124767
4259,2744,50066.7,124983
4260,2743,50066.7,124933
4261,2760,50100,125033
4262,2770,50116.7,124850
4263,2435,49516.7,123483
4264,2151,49083.3,123083
4265,2310,49300,122867
4266,2114,49016.7,123083
4267,1989,48683.3,123600
4268,1932,48583.3,123517
4269,1829,48383.3,123683
4270,1851,48433.3,123417
4271,1804,48316.7,123550
4272,1822,48366.7,123533
4273,1931,48583.3,123467
4274,1963,48650,123417
4275,2048,48850,123300
4276,1850,48433.3,123350
4277,1849,48433.3,123317
4278,1830,48383.3,123733
4279,2058,48866.7,123717
4280,2026,48783.3,123700
4281,2207,49150,123917
4282,2249,49200,124017
4283,2281,49250,124183
4284,2141,49066.7,123867
4285,2169,49100,123967
4286,2096,48983.3,123817
4287,2192,49133.3,123850
4288,2068,48883.3,124200
4289,2067,48883.3,123317
4290,2280,49250,123133
4291,2191,49133.3,123183
4292,2057,48866.7,123650
4293,2007,48733.3,123617
4294,2049,48850,123517
4295,2326,49333.3,123167
4296,2288,49266.7,122783
4297,2165,49100,122650
4298,2166,49100,122733
4299,2124,49033.3,122817
4300,2190,49133.3,122300
4301,2131,49050,122300
4302,2301,49283.3,122933
4303,2300,49283.3,122850
4304,2543,49700,123150
4305,2255,49216.7,122817
4306,2278,49250,122500
4307,2227,49183.3,122067
4308,2216,49166.7,121950
4309,2267,49233.3,121767
4310,2355,49383.3,121433
4311,2462,49566.7,121433
4312,2654,49883.3,121467
4313,2742,50066.7,121550
4314,2248,49200,122850
4315,2167,49100,122833
4316,2268,49233.3,122683
4317,2217,49166.7,122967
4318,2168,49100,122867
4319,2256,49216.7,122917
4320,2279,49250,122950
4321,2331,49350,123267
4322,2342,49366.7,123267
4323,2491,49616.7,124033
4324,2436,49516.7,123917
4325,2419,49500,123917
4326,2363,49400,123500
4327,2384,49433.3,123483
4328,2332,49350,123283
4329,2582,49766.7,123150
4330,2703,49966.7,123150
4331,2655,49883.3,123317
4332,2511,49633.3,123183
4333,2330,49350,123033
4334,2319,49316.7,123067
4335,1946,48616.7,123633
4336,2034,48816.7,124033
4337,2228,49183.3,123850
4338,1964,48650,124817
4339,1911,48550,124417
4340,1903,48533.3,123550
4341,2076,48916.7,123700
4342,2025,48783.3,123483
4343,1867,48450,123500
4344,1868,48450,123533
4345,2371,49416.7,123500
4346,2372,49416.7,123617
4347,2409,49483.3,124350
4348,2400,49466.7,123767
4349,3065,50783.3,122817
4350,2995,50616.7,122433
4351,3048,50733.3,122233
4352,3030,50700,122300
4353,3097,50866.7,122183
4354,3410,51866.7,121667
4355,3518,52266.7,121683
4356,3614,52616.7,121700
4357,4001,54116.7,122217
4358,4000,54116.7,122067
4359,3915,53816.7,122867
4360,3936,53916.7,122767
4361,3925,53866.7,123083
4362,3904,53766.7,123050
4363,3993,54100,123017
4364,3943,53950,123267
4365,3952,53983.3,123600
4366,3825,53450,123217
4367,3962,54016.7,124017
4368,4093,54433.3,124250
4369,4119,54566.7,124483
4370,3989,54083.3,125017
4371,4021,54166.7,125483
4372,4032,54200,125083
4373,3994,54100,125167
4374,3963,54016.7,124283
4375,3977,54050,124533
4376,3932,53883.3,124567
4377,3926,53866.7,123900
4378,3937,53916.7,124167
4379,3978,54050,124783
4380,3953,53983.3,124967
4381,4132,54650,124767
4382,4127,54600,125083
4383,4111,54516.7,125183
4384,4083,54400,126033
4385,4070,54350,125917
4386,4105,54483.3,125667
4387,4089,54416.7,126200
4388,3946,53966.7,126517
4389,3971,54033.3,126150
4390,3954,53983.3,126067
4391,3955,53983.3,126433
4392,3907,53783.3,126033
4393,3883,53683.3,125833
4394,3995,54100,125717
4395,3922,53833.3,126283
4396,3964,54016.7,125767
4397,3944,53950,125883
4398,3911,53800,126167
4399,4112,54516.7,126300
4400,4182,55050,126317
4401,4165,54866.7,125133
4402,4038,54216.7,125767
4403,4054,54283.3,125833
4404,4155,54816.7,126133
4405,4084,54400,126650
4406,4113,54516.7,126433
4407,4114,54516.7,126850
4408,4094,54433.3,126750
4409,4149,54766.7,127167
4410,4180,55033.3,127333
4411,4194,55100,127367
4412,4201,55150,127383
4413,4216,55250,127667
4414,4167,54883.3,127267
4415,4173,54950,127317
4416,4213,55233.3,127483
4417,4202,55150,127750
4418,4232,55350,127683
4419,4215,55250,127583
4420,4254,55700,127567
4421,4291,55933.3,127883
4422,4195,55100,128067
4423,4179,55016.7,128333
4424,4163,54850,128333
4425,4150,54766.7,128283
4426,4130,54633.3,128433
4427,4186,55066.7,128200
4428,4225,55316.7,126617
4429,4267,55766.7,125950
4430,4243,55483.3,125983
4431,4323,56200,126850
4432,4368,56883.3,126500
4433,4381,57433.3,127550
4434,4384,57650,128200
4435,4462,60066.7,128700
4436,4467,60116.7,128800
4437,4452,59916.7,128500
4438,4423,59150,127617
4439,4439,59550,126483
4440,4403,58450,130033
4441,4408,58700,130100
4442,4413,58800,130100
4443,4427,59266.7,129417
4444,4424,59183.3,129233
4445,4418,58900,130433
4446,4389,57900,131150
4447,4358,56683.3,131817
4448,3924,53850,132117
4449,3884,53683.3,132167
4450,3864,53583.3,131933
4451,3793,53333.3,131950
4452,3776,53250,132083
4453,3774,53250,131833
4454,3775,53250,132000
4455,3672,52850,131883
4456,3528,52300,131217
4457,3491,52150,131083
4458,3638,52716.7,131833
4459,3763,53200,131983
4460,3812,53400,131917
4461,3966,54016.7,132150
4462,3983,54066.7,131783
4463,3982,54066.7,130450
4464,4066,54333.3,130450
4465,4061,54316.7,130333
4466,4031,54183.3,130017
4467,3947,53966.7,128650
4468,3956,54000,128700
4469,3727,53033.3,128900
4470,3749,53150,128683
4471,3821,53433.3,129267
4472,4077,54366.7,128550
4473,4107,54500,128583
4474,4117,54533.3,128483
4475,4210,55200,129217
4476,4217,55250,129083
4477,4156,54816.7,128767
4478,4085,54400,129100
4479,4017,54150,129950
4480,4046,54250,129833
4481,4008,54133.3,130167
4482,3981,54066.7,130100
4483,4042,54233.3,130283
4484,4118,54550,130417
4485,3965,54016.7,130600
4486,3945,53950,130250
4487,4178,55000,129950
4488,4172,54933.3,129933
4489,4175,54966.7,130000
4490,4241,55450,129483
4491,4236,55416.7,129833
4492,4292,55933.3,130000
4493,4301,56050,130017
4494,4365,56833.3,131767
4495,4383,57616.7,131683
4496,4385,57666.7,131583
4497,4387,57833.3,131400
4498,4395,58266.7,131800
4499,4417,58883.3,131750
4500,4437,59533.3,132083
4501,4469,60166.7,132700
4502,4425,59200,132800
4503,4419,58900,133133
4504,4407,58633.3,133533
4505,4429,59333.3,133617
4506,4441,59583.3,133717
4507,4447,59633.3,133850
4508,4432,59416.7,134467
4509,4455,59966.7,134900
4510,4449,59716.7,135050
4511,4446,59616.7,135117
4512,4465,60083.3,134833
4513,4448,59650,134667
4514,4443,59600,134300
4515,4436,59500,134250
4516,4442,59600,133817
4517,4445,59616.7,133417
4518,4453,59916.7,133117
4519,4480,60483.3,133283
4520,4533,61983.3,132450
4521,4464,60083.3,130600
4522,4514,61266.7,129283
4523,4532,61950,128267
4524,4598,65233.3,127083
4525,4599,65283.3,126850
4526,4595,64900,125583
4527,4597,65183.3,123417
4528,4613,67033.3,126117
4529,4605,66266.7,128633
4530,4615,67433.3,133750
4531,4607,66500,133067
4532,4572,63733.3,133650
4533,4580,63950,135267
4534,4578,63900,135300
4535,4579,63916.7,135483
4536,4568,63633.3,135450
4537,4570,63700,135867
4538,4567,63600,135917
4539,4553,62833.3,136583
4540,4544,62583.3,136833
4541,4535,62100,136317
4542,4534,62050,135683
4543,4538,62333.3,136483
4544,4527,61783.3,136050
4545,4523,61516.7,135833
4546,4520,61400,135217
4547,4479,60450,134850
4548,4485,60650,135000
4549,4463,60066.7,134583
4550,4473,60300,134267
4551,4472,60266.7,134283
4552,4470,60183.3,134717
4553,4482,60533.3,134550
4554,4476,60383.3,134833
4555,4450,59850,134983
4556,4481,60516.7,134917
4557,4484,60633.3,134983
4558,4495,60850,135517
4559,4500,60933.3,135083
4560,4530,61866.7,134933
4561,4525,61583.3,134917
4562,4521,61433.3,134633
4563,4511,61250,134617
4564,4516,61333.3,134350
4565,4486,60716.7,135050
4566,4501,61016.7,135783
4567,4489,60766.7,136017
4568,4512,61250,135983
4569,4509,61150,136533
4570,4491,60800,136483
4571,4496,60866.7,137033
4572,4488,60750,137500
4573,4475,60366.7,137050
4574,4474,60300,137000
4575,4468,60133.3,137017
4576,4456,59983.3,137117
4577,4492,60816.7,137683
4578,4502,61033.3,138383
4579,4517,61350,139000
4580,4513,61250,138800
4581,4505,61083.3,137917
4582,4524,61566.7,137500
4583,4548,62766.7,137383
4584,4550,62783.3,138283
4585,4576,63783.3,137300
4586,4565,63566.7,137450
4587,4573,63733.3,137650
4588,4560,63200,138817
4589,4564,63483.3,138833
4590,4569,63666.7,138617
4591,4577,63816.7,138667
4592,4575,63766.7,139100
4593,4586,64066.7,139450
4594,4587,64100,139433
4595,4585,64066.7,139417
4596,4583,64033.3,139433
4597,4581,64016.7,139100
4598,4566,63566.7,139733
4599,4562,63316.7,139417
4600,4557,63066.7,139483
4601,4528,61816.7,140783
4602,4539,62383.3,140367
4603,4546,62683.3,140083
4604,4582,64016.7,140833
4605,4594,64683.3,140983
4606,4592,64450,140550
4607,4600,65916.7,139617
4608,4614,67416.7,140983
4609,4619,67566.7,139800
4610,4641,69566.7,138900
4611,4633,69000,137367
4612,4624,68216.7,135000
4613,4632,69000,134667
4614,4616,67433.3,134867
4615,4625,68350,133700
4616,4629,68700,134117
4617,4636,69350,133717
4618,4639,69450,133067
4619,4642,69733.3,128950
4620,4643,69750,128867
4621,4651,71983.3,125200
4622,4645,70166.7,124667
4623,4644,69850,124433
4624,4637,69383.3,123983
4625,4658,76233.3,119333
4626,4650,71616.7,117950
4627,4647,70733.3,117750
4628,4635,69200,114533
4629,4631,68783.3,114783
4630,4621,67833.3,115083
4631,4589,64183.3,114183
4632,4552,62833.3,116050
4633,4549,62783.3,116033
4634,4542,62450,114350
4635,4519,61383.3,112750
4636,4510,61166.7,113683
4637,4493,60833.3,114467
4638,4498,60883.3,115033
4639,4494,60850,115700
4640,4483,60550,116133
4641,4499,60933.3,117417
4642,4518,61366.7,117650
4643,4515,61300,118667
4644,4559,63133.3,117267
4645,4603,66083.3,118033
4646,4602,66050,117883
4647,4593,64483.3,113167
4648,4545,62616.7,113467
4649,4556,62983.3,113200
4650,4540,62400,110733
4651,4497,60883.3,111083
4652,4506,61116.7,112583
4653,4466,60100,112233
4654,4458,60016.7,112100
4655,4460,60033.3,112133
4656,4457,60000,111883
4657,4451,59866.7,111600
4658,4409,58716.7,111150
4659,4402,58450,111500
4660,4379,57383.3,111633
4661,4376,57183.3,111617
4662,4361,56733.3,111383
