order,city_id,x,y
0,4365,30897.2,30582.2
1,4412,30902.8,30601.9
2,4603,30938.9,30612.5
3,4623,30944.4,30558.3
4,4391,30900,30683.3
5,4584,30933.6,30733.9
6,4503,30918.1,30693.3
7,4413,30902.8,30723.6
8,4371,30898.6,30690.3
9,3952,30814.2,30724.7
10,3946,30813.3,30738.3
11,4121,30848.6,30709.7
12,3966,30816.7,30743.1
13,3811,30789.2,30725.6
14,3824,30790.8,30736.7
15,4000,30821.9,30715.8
16,3896,30803.3,30713.9
17,4017,30825.6,30713.3
18,4139,30851.4,30694.4
19,4075,30835.8,30684.2
20,4224,30867.5,30716.9
21,4455,30911.4,30780.6
22,4038,30829.2,30785.3
23,4346,30891.9,30797.5
24,3798,30784.4,30805
25,3839,30795,30793.3
26,3890,30802.5,30781.4
27,4023,30826.4,30777.5
28,4012,30824.4,30772.5
29,3992,30820.6,30815.8
30,3929,30810,30835.8
31,4153,30855.6,30832.2
32,4287,30882.5,30832.2
33,4331,30890,30827.8
34,4339,30891.4,30856.9
35,4469,30913.6,30840
36,3945,30813.1,30782.5
37,3926,30809.4,30662.8
38,3965,30816.7,30599.2
39,4009,30824.2,30607.8
40,4194,30865,30577.2
41,4112,30846.7,30544.4
42,4032,30828.1,30534.2
43,4267,30878.9,30437.5
44,4293,30883.1,30412.2
45,4379,30899.7,30406.4
46,4482,30916.4,30351.1
47,4361,30896.4,30349.7
48,4254,30876.1,30351.9
49,3848,30796.4,30361.4
50,3889,30802.5,30370.6
51,3902,30805,30366.9
52,3877,30800.6,30316.1
53,3884,30801.1,30299.2
54,4099,30843.6,30278.9
55,4101,30843.9,30223.3
56,3953,30815,30261.7
57,4029,30827.8,30248.1
58,3620,30747.2,30216.7
59,3369,30695.8,30165.3
60,3406,30705.6,30149.7
61,3342,30690.3,30130.6
62,3274,30675,30145.8
63,3324,30684.7,30084.7
64,3173,30650,30116.1
65,3513,30725,30133.6
66,3566,30734.7,30075
67,3368,30695.8,30072.2
68,3500,30720.8,30108.3
69,2946,30582.5,30069.4
70,2991,30597.2,30016.1
71,2998,30600,30019.4
72,3095,30627.8,29968.1
73,3164,30647.2,29997.2
74,3205,30656.4,30051.4
75,3227,30663.9,30075
76,3373,30697.2,30029.2
77,3405,30705.6,30008.3
78,3264,30670.8,29916.7
79,3133,30636.1,29918.1
80,3303,30683.3,29855.6
81,3958,30815.8,29808.9
82,3805,30787.2,29802.8
83,3708,30765.3,29892.2
84,3863,30800,29847.2
85,4042,30830.6,29857.2
86,4286,30882.2,29776.7
87,4169,30859.7,29687.2
88,3895,30802.8,29602.2
89,4003,30822.8,29620.8
90,4148,30853.6,29636.9
91,4207,30866.7,29716.7
92,4297,30883.3,29716.7
93,4369,30898.6,29743.3
94,4383,30900,29716.7
95,4382,30900,29683.3
96,4441,30909.2,29735
97,4601,30938.9,29739.7
98,4276,30880.8,29848.6
99,4191,30864.4,29818.6
100,4143,30852.8,29839.2
101,4123,30849.2,29876.9
102,4545,30929.7,29867.2
103,3959,30816.1,29960.8
104,4039,30829.7,29925
105,4119,30848.3,29928.3
106,3809,30788.6,29970.3
107,3751,30776.9,29953.9
108,4456,30911.7,30032.2
109,4474,30914.7,30076.1
110,4668,30954.4,30023.1
111,4576,30933.3,30033.3
112,4386,30900,30016.7
113,4261,30877.8,29995
114,4631,30945.8,29972.8
115,4507,30918.9,29949.2
116,4763,30977.2,29964.7
117,4643,30948.6,29959.4
118,4639,30947.8,29920.8
119,4804,30985.3,29931.1
120,4899,31005.3,29895.3
121,4948,31013.6,29805.3
122,5237,31062.2,29819.4
123,5507,31108.6,29785
124,5257,31066.7,29750
125,5339,31078.9,29723.1
126,5515,31111.4,29765
127,5762,31152.5,29850.3
128,5678,31140.6,29785.3
129,5640,31133.6,29820.3
130,5698,31143.6,29845.6
131,5899,31175.6,29878.3
132,5833,31165.6,29873.9
133,6045,31200,29916.7
134,6039,31198.1,29919.2
135,5842,31166.7,29866.7
136,5991,31187.8,29900.8
137,6060,31200.6,29883.3
138,5925,31179.7,29936.1
139,6079,31204.7,29959.2
140,6220,31232.2,29963.9
141,6509,31283.3,30016.7
142,6557,31290.3,30032.8
143,6706,31321.9,30060.8
144,6600,31300,30050
145,6394,31262.8,30029.7
146,6504,31281.7,30028.6
147,6469,31275,30009.2
148,6211,31229.4,30096.4
149,6411,31266.1,30125.8
150,6321,31249.7,30139.2
151,5969,31185,30116.7
152,5807,31161.7,30086.1
153,5652,31136.7,30190.6
154,5462,31100,30166.7
155,5224,31059.2,30093.6
156,5170,31050,30083.3
157,5075,31033.3,30115.6
158,5076,31033.3,30116.7
159,5171,31050,30150
160,5843,31166.7,30133.3
161,5820,31162.8,30187.8
162,5947,31183.1,30167.8
163,6132,31214.4,30153.1
164,5984,31186.4,30141.1
165,6437,31269.4,30166.7
166,6369,31258.3,30136.1
167,6363,31256.9,30095.3
168,6296,31243.6,30039.7
169,6280,31241.7,30083.6
170,6281,31241.7,30085.3
171,6248,31235,30085.8
172,6416,31266.7,30016.7
173,6274,31240.3,29968.6
174,6226,31233.3,29950
175,6286,31242.2,29966.4
176,6322,31250,30000
177,6134,31214.7,30025.8
178,6345,31253.3,30051.9
179,6228,31233.3,30080
180,6200,31227.8,30111.7
181,5347,31080,30103.3
182,5284,31068.6,30086.7
183,5363,31083.3,29983.3
184,5728,31148.1,29997.2
185,6032,31196.9,30050.8
186,6250,31235.6,30115.3
187,6378,31259.2,30056.4
188,6128,31213.9,30074.2
189,6258,31237.2,30133.3
190,6137,31215,30130.6
191,6473,31275.8,30061.7
192,6459,31273.3,30030.6
193,6406,31265.3,30018.3
194,6172,31221.9,29934.2
195,6118,31212.2,29924.7
196,6067,31202.2,29931.1
197,6002,31191.7,29911.9
198,5933,31180.6,29887.8
199,5112,31038.1,29826.9
200,4635,30946.4,29889.2
201,4762,30977.2,29927.2
202,4922,31009.4,29939.7
203,4852,30997.2,29949.7
204,4778,30982.2,29976.4
205,4529,30924.7,29990
206,5048,31028.1,29966.1
207,5199,31053.3,29940.8
208,4994,31018.6,29924.4
209,5108,31036.7,29912.8
210,5362,31083.3,29866.7
211,5280,31068.1,29834.4
212,4930,31010.6,29854.2
213,4837,30993.3,29783.6
214,4898,31004.7,29796.7
215,4893,31004.2,29720.8
216,4810,30986.7,29755
217,4716,30966.7,29766.7
218,4528,30924.7,29775.8
219,4445,30909.4,29759.2
220,4298,30883.3,29733.3
221,4784,30983.3,29766.7
222,4835,30992.5,29766.7
223,4765,30977.8,29763.3
224,4769,30978.6,29808.9
225,4758,30975.8,29836.1
226,4470,30913.9,29803.6
227,4384,30900,29766.7
228,4330,30890,29756.1
229,4255,30876.4,29878.1
230,4321,30887.8,29898.1
231,4423,30905,29870.6
232,4437,30907.8,29890.8
233,4628,30945.6,29852.5
234,5216,31057.8,29837.8
235,4797,30984.2,29879.4
236,4962,31015.6,29872.2
237,4830,30991.4,29830.3
238,4618,30943.1,29835.8
239,4596,30938.3,29806.1
240,4264,30878.6,29798.9
241,4385,30900,29783.3
242,4405,30901.7,29831.1
243,4150,30855,29789.2
244,4350,30893.6,29720.3
245,4250,30875,29761.4
246,4260,30877.8,29568.9
247,4649,30950,29416.7
248,4483,30916.7,29433.3
249,4050,30833.3,29383.3
250,3963,30816.7,29433.3
251,3962,30816.7,29283.3
252,4205,30866.7,29333.3
253,4128,30850,29300
254,4295,30883.3,29366.7
255,4484,30916.7,29450
256,4296,30883.3,29433.3
257,4572,30933.3,29483.3
258,4573,30933.3,29500
259,4705,30963.9,29552.8
260,4714,30966.7,29566.7
261,4715,30966.7,29616.7
262,4781,30982.8,29664.2
263,4970,31016.7,29633.3
264,4777,30982.2,29586.7
265,4634,30946.4,29629.7
266,4709,30966.1,29634.2
267,4487,30916.7,29600
268,4486,30916.7,29566.7
269,4564,30932.2,29603.9
270,4535,30926.1,29590.3
271,4575,30933.3,29583.3
272,4574,30933.3,29550
273,4713,30966.7,29550
274,4485,30916.7,29533.3
275,4051,30833.3,29500
276,4206,30866.7,29516.7
277,3716,30766.7,29433.3
278,4052,30833.3,29516.7
279,3855,30798.1,29569.4
280,3463,30716.7,29500
281,4127,30850,29283.3
282,4126,30850,29266.7
283,4049,30833.3,29266.7
284,3961,30816.7,29166.7
285,3778,30783.3,29100
286,4204,30866.7,28900
287,3960,30816.7,28950
288,4783,30983.3,28800
289,4782,30983.3,28600
290,5074,31033.3,28433.3
291,5256,31066.7,28433.3
292,5361,31083.3,28433.3
293,5360,31083.3,28083.3
294,5279,31068.1,27918.6
295,5394,31086.4,27895.8
296,6225,31233.3,27383.3
297,5841,31166.7,27250
298,5781,31156.7,27658.9
299,5875,31171.1,27673.3
300,6072,31203.1,27826.7
301,6820,31350,27233.3
302,6953,31400,27050
303,7009,31433.3,26966.7
304,5840,31166.7,27100
305,6819,31350,27100
306,6878,31366.7,27116.7
307,6952,31400,26883.3
308,7008,31433.3,26850
309,6951,31400,26633.3
310,7029,31450,26400
311,7057,31483.3,26433.3
312,7068,31500,26433.3
313,7046,31466.7,26450
314,7047,31466.7,26516.7
315,6950,31400,26500
316,7077,31516.7,26400
317,7084,31533.3,26300
318,7067,31500,26250
319,7102,31566.7,26200
320,7083,31533.3,26166.7
321,7126,31583.3,26116.7
322,7045,31466.7,26133.3
323,7125,31583.3,26100
324,7124,31583.3,26016.7
325,7146,31600,25916.7
326,7101,31566.7,25900
327,7066,31500,25533.3
328,7065,31500,25350
329,7075,31516.7,25133.3
330,7100,31566.7,25150
331,7076,31516.7,25200
332,1841,29616.7,26500
333,1489,29150,25783.3
334,1515,29183.3,25516.7
335,1528,29200,25516.7
336,1541,29216.7,25400
337,1660,29350,25383.3
338,1542,29216.7,25533.3
339,1529,29200,25533.3
340,1516,29183.3,25566.7
341,766,27066.7,27966.7
342,1053,28033.3,28650
343,1153,28350,28850
344,1154,28350,28866.7
345,1155,28350,28916.7
346,1162,28366.7,28933.3
347,1163,28366.7,28966.7
348,1148,28333.3,29116.7
349,1098,28151.4,30591.7
350,1080,28105.6,30600
351,1069,28077.8,30655.6
352,1058,28050,30683.3
353,1079,28100,30750
354,1075,28083.3,30783.3
355,1056,28033.3,30800
356,1017,27933.3,30783.3
357,1025,27950,30766.7
358,1019,27933.3,30833.3
359,1028,27950,30833.3
360,1018,27933.3,30816.7
361,1026,27950,30800
362,1009,27900,30783.3
363,1016,27916.7,30766.7
364,1004,27883.3,30750
365,1014,27916.7,30733.3
366,1037,27983.3,30783.3
367,1027,27950,30816.7
368,1021,27933.3,30866.7
369,1010,27900,30800
370,1015,27916.7,30750
371,1008,27900,30750
372,1000,27866.7,30800
373,997,27850,30833.3
374,988,27816.7,30733.3
375,993,27850,30716.7
376,991,27833.3,30733.3
377,1011,27900,30816.7
378,1012,27900,30850
379,1020,27933.3,30850
380,1033,27966.7,30833.3
381,1039,27983.3,30833.3
382,1032,27966.7,30800
383,1038,27983.3,30800
384,1029,27950,30850
385,1030,27950,30866.7
386,1041,27983.3,30866.7
387,1044,28000,30833.3
388,1040,27983.3,30850
389,1034,27966.7,30850
390,1043,28000,30816.7
391,1045,28005.6,30850
392,1057,28033.3,30816.7
393,1068,28066.7,30833.3
394,1073,28083.3,30725
395,1072,28083.3,30683.3
396,1066,28066.7,30683.3
397,1065,28065.3,30670.8
398,1047,28016.7,30683.3
399,1054,28033.3,30691.7
400,1048,28016.7,30700
401,1042,28000,30700
402,1035,27983.3,30716.7
403,1049,28016.7,30733.3
404,1067,28066.7,30766.7
405,1097,28150,30766.7
406,1060,28050,30783.3
407,1055,28033.3,30750
408,1063,28055.6,30713.9
409,1046,28011.1,30790.3
410,1050,28016.7,30800
411,1061,28050,30800
412,1064,28055.6,30822.2
413,1076,28097.2,30773.6
414,1093,28147.2,30766.7
415,1096,28150,30750
416,1094,28150,30679.2
417,1090,28133.3,30666.7
418,1101,28163.9,30625
419,1102,28166.7,30633.3
420,1121,28229.2,30650.8
421,1131,28250,30663.9
422,1132,28250,30666.7
423,1135,28266.7,30650
424,1133,28250,30683.3
425,1134,28250,30700
426,1136,28266.7,30683.3
427,1129,28250,30588.9
428,1118,28216.7,30616.7
429,1130,28250,30631.9
430,1128,28241.7,30617.2
431,1142,28300,30683.3
432,1149,28333.3,30616.7
433,1174,28400,30633.3
434,1179,28416.7,30600
435,1165,28366.7,30616.7
436,1164,28366.7,30600
437,1169,28383.3,30616.7
438,1168,28366.7,30716.7
439,1170,28383.3,30716.7
440,1176,28400,30733.3
441,1172,28388.9,30763.9
442,1173,28394.4,30802.8
443,1184,28416.7,30800
444,1189,28433.3,30800
445,1193,28444.4,30755.6
446,1199,28450,30783.3
447,1219,28494.4,30805.6
448,1192,28440.3,30765.3
449,1182,28416.7,30750
450,1161,28363.9,30758.3
451,1147,28324.2,30766.4
452,1143,28300,30700
453,1152,28333.3,30733.3
454,1158,28350,30683.3
455,1145,28316.7,30716.7
456,1157,28350,30666.7
457,1150,28333.3,30666.7
458,1166,28366.7,30650
459,1159,28350,30733.3
460,1175,28400,30683.3
461,1181,28416.7,30700
462,1196,28450,30666.7
463,1211,28483.3,30633.3
464,1212,28483.3,30650
465,1201,28466.7,30666.7
466,1253,28594.2,30716.1
467,1265,28618.6,30671.9
468,1248,28582.8,30663.1
469,1266,28621.9,30718.3
470,1282,28661.1,30733.1
471,1277,28648.6,30728.6
472,1286,28666.7,30750
473,1270,28633.3,30750
474,1268,28629.2,30726.4
475,1267,28623.9,30710
476,1259,28610,30704.2
477,1254,28595.8,30691.4
478,1239,28535,30662.2
479,1220,28500,30633.3
480,1227,28503.6,30651.9
481,1240,28535.3,30658.3
482,1247,28575.3,30684.4
483,1241,28544.2,30662.2
484,1232,28524.7,30664.2
485,1231,28522.2,30699.4
486,1234,28529.4,30745.3
487,1244,28556.1,30741.9
488,1249,28583.3,30666.7
489,1262,28615.6,30679.4
490,1269,28630.6,30684.7
491,1260,28611.1,30681.1
492,1242,28550,30709.4
493,1222,28500,30766.7
494,1238,28534.2,30748.3
495,1214,28483.3,30716.7
496,1226,28502.5,30736.1
497,1225,28501.1,30748.1
498,1215,28483.3,30750
499,1233,28529.4,30725
500,1228,28507.8,30740.6
501,1216,28483.3,30800
502,1185,28422.2,30755.6
503,1171,28383.3,30750
504,1202,28466.7,30750
505,1235,28533.3,30783.3
506,1221,28500,30666.7
507,1213,28483.3,30666.7
508,1195,28450,30633.3
509,1197,28450,30683.3
510,1187,28433.3,30683.3
511,1188,28433.3,30733.3
512,1183,28416.7,30783.3
513,1177,28413.9,30802.8
514,1203,28466.7,30765.3
515,1198,28450,30716.7
516,1167,28366.7,30666.7
517,1180,28416.7,30650
518,1156,28350,30650
519,1141,28300,30650
520,1146,28316.7,30750
521,1140,28291.7,30758.3
522,1127,28238.9,30713.9
523,1123,28233.3,30700
524,1144,28300,30733.3
525,1151,28333.3,30716.7
526,1139,28283.3,30733.3
527,1138,28279.2,30750.6
528,1137,28266.7,30733.3
529,1108,28183.3,30650
530,1092,28141.7,30638.9
531,1089,28133.3,30633.3
532,1122,28233.3,30616.7
533,1114,28200,30650
534,1124,28233.3,30733.3
535,1110,28183.3,30700
536,1088,28123.6,30654.2
537,1100,28156.9,30670.8
538,1115,28200,30665.3
539,1083,28116.7,30666.7
540,1078,28100,30666.7
541,1081,28105.6,30655.6
542,1077,28100,30650
543,1104,28166.7,30666.7
544,1109,28183.3,30666.7
545,1117,28208.3,30633.3
546,1107,28180.6,30631.9
547,1103,28166.7,30650
548,1082,28116.7,30633.3
549,1071,28083.3,30650
550,1084,28116.7,30700
551,1120,28216.7,30766.7
552,1125,28233.3,30750
553,1106,28166.7,30766.7
554,1105,28166.7,30750
555,1099,28155.6,30733.3
556,1085,28116.7,30750
557,1095,28150,30700
558,1111,28183.3,30733.3
559,1116,28200,30750
560,1119,28216.7,30750
561,1112,28183.3,30766.7
562,1091,28133.3,30766.7
563,1086,28116.7,30766.7
564,1074,28083.3,30750
565,1059,28050,30766.7
566,1062,28050,30833.3
567,1051,28016.7,30816.7
568,1052,28025,30805.6
569,1036,27983.3,30750
570,1024,27950,30733.3
571,1023,27950,30716.7
572,1031,27966.7,30700
573,1022,27950,30700
574,1013,27916.7,30683.3
575,1003,27883.3,30716.7
576,1007,27900,30716.7
577,999,27866.7,30733.3
578,994,27850,30766.7
579,989,27816.7,30800
580,995,27850,30783.3
581,1005,27883.3,30816.7
582,1002,27866.7,30833.3
583,1001,27866.7,30816.7
584,996,27850,30800
585,1006,27883.3,30850
586,992,27833.3,30850
587,990,27816.7,30833.3
588,986,27800,30816.7
589,981,27783.3,30800
590,968,27733.3,30766.7
591,970,27733.3,30833.3
592,972,27750,30750
593,977,27766.7,30750
594,967,27733.3,30733.3
595,985,27800,30750
596,979,27783.3,30750
597,980,27783.3,30766.7
598,984,27800,30733.3
599,976,27766.7,30733.3
600,964,27716.7,30750
601,951,27666.7,30750
602,965,27716.7,30800
603,969,27733.3,30783.3
604,973,27750,30833.3
605,982,27783.3,30816.7
606,983,27783.3,30883.3
607,987,27800,30866.7
608,974,27750,30866.7
609,978,27766.7,30916.7
610,975,27750,30900
611,942,27633.3,30883.3
612,937,27616.7,30883.3
613,931,27600,30866.7
614,930,27600,30850
615,923,27583.3,30850
616,913,27533.3,30833.3
617,908,27516.7,30833.3
618,907,27516.7,30816.7
619,905,27500,30833.3
620,900,27483.3,30850
621,895,27466.7,30833.3
622,890,27450,30866.7
623,889,27450,30833.3
624,886,27433.3,30866.7
625,896,27466.7,30850
626,885,27433.3,30833.3
627,901,27483.3,30866.7
628,876,27400,30783.3
629,870,27383.3,30783.3
630,884,27433.3,30816.7
631,882,27416.7,30833.3
632,863,27366.7,30833.3
633,871,27383.3,30800
634,881,27416.7,30800
635,892,27466.7,30750
636,893,27466.7,30766.7
637,898,27483.3,30766.7
638,921,27583.3,30816.7
639,929,27600,30833.3
640,922,27583.3,30833.3
641,917,27550,30816.7
642,933,27616.7,30683.3
643,939,27633.3,30683.3
644,932,27616.7,30666.7
645,938,27633.3,30666.7
646,924,27600,30666.7
647,934,27616.7,30750
648,952,27666.7,30766.7
649,945,27650,30766.7
650,926,27600,30766.7
651,927,27600,30783.3
652,920,27583.3,30750
653,946,27650,30783.3
654,947,27650,30800
655,940,27633.3,30816.7
656,953,27666.7,30816.7
657,958,27683.3,30816.7
658,959,27683.3,30833.3
659,955,27666.7,30900
660,960,27683.3,30883.3
661,954,27666.7,30866.7
662,948,27650,30866.7
663,941,27633.3,30850
664,949,27650,30883.3
665,971,27733.3,30900
666,966,27716.7,30900
667,963,27700,30866.7
668,957,27683.3,30766.7
669,962,27700,30733.3
670,961,27700,30716.7
671,956,27683.3,30700
672,950,27666.7,30733.3
673,925,27600,30700
674,918,27566.7,30700
675,914,27550,30716.7
676,915,27550,30733.3
677,902,27500,30733.3
678,883,27433.3,30750
679,897,27483.3,30733.3
680,879,27416.7,30750
681,869,27383.3,30766.7
682,880,27416.7,30766.7
683,854,27333.3,30783.3
684,878,27400,30850
685,894,27466.7,30816.7
686,899,27483.3,30833.3
687,904,27500,30783.3
688,909,27533.3,30716.7
689,944,27650,30700
690,935,27616.7,30766.7
691,936,27616.7,30783.3
692,928,27600,30800
693,916,27550,30800
694,919,27566.7,30833.3
695,912,27533.3,30800
696,910,27533.3,30750
697,903,27500,30750
698,887,27450,30733.3
699,891,27466.7,30733.3
700,906,27516.7,30800
701,911,27533.3,30783.3
702,888,27450,30766.7
703,877,27400,30833.3
704,872,27383.3,30883.3
705,867,27366.7,30916.7
706,865,27366.7,30866.7
707,864,27366.7,30850
708,873,27383.3,30900
709,874,27383.3,30950
710,868,27366.7,30933.3
711,857,27333.3,30933.3
712,847,27316.7,30950
713,850,27316.7,31016.7
714,828,27266.7,31016.7
715,837,27283.3,31000
716,803,27216.7,30983.3
717,822,27250,30933.3
718,821,27250,30916.7
719,841,27300,30950
720,856,27333.3,30916.7
721,866,27366.7,30883.3
722,845,27316.7,30850
723,855,27333.3,30833.3
724,836,27283.3,30900
725,846,27316.7,30933.3
726,849,27316.7,30983.3
727,858,27333.3,31016.7
728,860,27333.3,31066.7
729,842,27300,31050
730,823,27250,31000
731,851,27316.7,31033.3
732,859,27333.3,31033.3
733,875,27383.3,30983.3
734,848,27316.7,30966.7
735,804,27216.7,31000
736,805,27216.7,31016.7
737,813,27233.3,31050
738,824,27250,31050
739,795,27200,31050
740,797,27200,31083.3
741,798,27200,31100
742,799,27200,31116.7
743,807,27216.7,31150
744,791,27183.3,31183.3
745,786,27166.7,31150
746,780,27133.3,31166.7
747,790,27166.7,31266.7
748,782,27133.3,31266.7
749,779,27116.7,31233.3
750,800,27200,31166.7
751,835,27266.7,31233.3
752,834,27266.7,31200
753,831,27266.7,31133.3
754,826,27250,31100
755,829,27266.7,31050
756,825,27250,31066.7
757,806,27216.7,31116.7
758,827,27250,31116.7
759,833,27266.7,31166.7
760,840,27283.3,31183.3
761,816,27233.3,31166.7
762,832,27266.7,31150
763,844,27300,31133.3
764,843,27300,31100
765,852,27316.7,31116.7
766,853,27316.7,31133.3
767,861,27333.3,31100
768,838,27283.3,31083.3
769,839,27283.3,31116.7
770,830,27266.7,31116.7
771,814,27233.3,31066.7
772,812,27233.3,31033.3
773,796,27200,31066.7
774,815,27233.3,31116.7
775,808,27216.7,31200
776,817,27233.3,31216.7
777,811,27220.8,31258.3
778,818,27233.3,31233.3
779,810,27216.7,31233.3
780,801,27200,31216.7
781,781,27133.3,31233.3
782,788,27166.7,31216.7
783,792,27183.3,31200
784,775,27100,31200
785,767,27066.7,31216.7
786,746,27016.7,31250
787,753,27033.3,31266.7
788,745,27016.7,31233.3
789,742,27000,31250
790,736,26983.3,31266.7
791,720,26933.3,31300
792,730,26966.7,31266.7
793,758,27040.3,31275
794,759,27050,31283.3
795,772,27083.3,31333.3
796,773,27083.3,31383.3
797,774,27083.3,31400
798,764,27054.2,31383.3
799,761,27050,31366.7
800,762,27050,31383.3
801,752,27029.2,31387.5
802,756,27033.3,31383.3
803,763,27050,31416.7
804,765,27054.2,31416.7
805,741,26983.3,31450
806,743,27000,31416.7
807,723,26933.3,31416.7
808,701,26883.3,31416.7
809,710,26900,31466.7
810,692,26850,31483.3
811,678,26816.7,31483.3
812,671,26800,31483.3
813,679,26816.7,31500
814,698,26866.7,31466.7
815,680,26833.3,31350
816,674,26816.7,31366.7
817,706,26900,31350
818,717,26916.7,31400
819,722,26933.3,31400
820,685,26833.3,31450
821,684,26833.3,31416.7
822,690,26850,31416.7
823,682,26833.3,31383.3
824,683,26833.3,31400
825,688,26850,31383.3
826,696,26866.7,31416.7
827,661,26783.3,31450
828,669,26800,31450
829,668,26800,31433.3
830,659,26783.3,31400
831,664,26800,31366.7
832,645,26750,31400
833,653,26766.7,31433.3
834,635,26733.3,31416.7
835,658,26783.3,31383.3
836,665,26800,31383.3
837,689,26850,31400
838,676,26816.7,31416.7
839,660,26783.3,31433.3
840,646,26750,31433.3
841,630,26716.7,31450
842,621,26700,31466.7
843,615,26683.3,31466.7
844,654,26766.7,31450
845,666,26800,31400
846,667,26800,31416.7
847,693,26850,31533.3
848,711,26900,31516.7
849,727,26950,31433.3
850,729,26950,31466.7
851,724,26933.3,31483.3
852,735,26966.7,31450
853,740,26983.3,31433.3
854,739,26983.3,31416.7
855,734,26966.7,31433.3
856,726,26950,31416.7
857,708,26900,31400
858,718,26916.7,31433.3
859,700,26883.3,31400
860,677,26816.7,31433.3
861,651,26766.7,31383.3
862,644,26750,31383.3
863,652,26766.7,31416.7
864,608,26666.7,31450
865,538,26433.3,31216.7
866,537,26433.3,31183.3
867,544,26450,30700
868,267,25683.3,30616.7
869,255,25616.7,30650
870,252,25600,30633.3
871,245,25566.7,30616.7
872,244,25566.7,30600
873,232,25500,30633.3
874,241,25550,30616.7
875,221,25450,30800
876,214,25383.3,30616.7
877,224,25466.7,30566.7
878,217,25400,30550
879,212,25383.3,30516.7
880,208,25350,30583.3
881,201,25283.3,30550
882,189,25216.7,30533.3
883,187,25200,30533.3
884,175,25100,30550
885,170,25066.7,30533.3
886,144,24866.7,30550
887,133,24716.7,30583.3
888,188,25200,30550
889,195,25250,30566.7
890,194,25250,30516.7
891,205,25333.3,30516.7
892,213,25383.3,30550
893,219,25433.3,30550
894,234,25516.7,29350
895,237,25533.3,29066.7
896,239,25550,28983.3
897,248,25583.3,28933.3
898,266,25683.3,28933.3
899,272,25700,28883.3
900,271,25700,28750
901,243,25566.7,28850
902,238,25550,28900
903,227,25483.3,28983.3
904,231,25500,29066.7
905,240,25550,29266.7
906,228,25483.3,29233.3
907,127,24666.7,30600
908,121,24566.7,30583.3
909,118,24550,30600
910,110,24516.7,30600
911,112,24516.7,30666.7
912,111,24516.7,30650
913,107,24500,30600
914,22,23083.3,32683.3
915,20,23050,32683.3
916,19,22983.3,32650
917,10,22633.3,32266.7
918,14,22733.3,32166.7
919,5,22516.7,31866.7
920,3,22366.7,31633.3
921,1,22216.7,31516.7
922,2,22233.3,31566.7
923,4,22500,31883.3
924,7,22616.7,31950
925,9,22633.3,31950
926,11,22650,32016.7
927,13,22716.7,32066.7
928,15,22750,32133.3
929,6,22600,32333.3
930,8,22616.7,32416.7
931,12,22650,32383.3
932,16,22750,32566.7
933,17,22766.7,32516.7
934,18,22866.7,32583.3
935,21,23050,32733.3
936,24,23166.7,32733.3
937,25,23166.7,32766.7
938,23,23133.3,32750
939,26,23200,32750
940,27,23200,32833.3
941,29,23283.3,32866.7
942,28,23266.7,32933.3
943,30,23383.3,32950
944,31,23400,32933.3
945,32,23433.3,32900
946,34,23533.3,32883.3
947,33,23483.3,32883.3
948,35,23550,32866.7
949,36,23550,32883.3
950,41,23883.3,32866.7
951,42,23883.3,32883.3
952,40,23866.7,32900
953,48,24050,32866.7
954,43,23900,32850
955,38,23683.3,32883.3
956,37,23666.7,32883.3
957,39,23783.3,32916.7
958,47,24016.7,32866.7
959,46,24000,32866.7
960,53,24087.5,32898.9
961,49,24050,32883.3
962,57,24116.7,32900
963,62,24150,32883.3
964,61,24150,32866.7
965,54,24100,32883.3
966,51,24083.3,32883.3
967,52,24083.3,32916.7
968,50,24066.7,32883.3
969,56,24116.7,32883.3
970,60,24133.3,32900
971,63,24150,32900
972,69,24233.3,32866.7
973,70,24233.3,32883.3
974,72,24250,32883.3
975,68,24216.7,32883.3
976,67,24216.7,32850
977,55,24116.7,32866.7
978,58,24133.3,32866.7
979,59,24133.3,32883.3
980,64,24183.3,32883.3
981,65,24200,32850
982,66,24200,32883.3
983,81,24383.3,32916.7
984,78,24333.3,32916.7
985,77,24316.7,32950
986,74,24266.7,32900
987,73,24250,32900
988,71,24250,32866.7
989,75,24283.3,32883.3
990,96,24450,32900
991,97,24450,32933.3
992,89,24416.7,32900
993,94,24433.3,32916.7
994,82,24400,32883.3
995,80,24366.7,32916.7
996,76,24316.7,32900
997,79,24366.7,32900
998,84,24400,32916.7
999,87,24400.3,32930.6
1000,83,24400,32900
1001,91,24416.7,32966.7
1002,85,24400,32983.3
1003,86,24400,33033.3
1004,90,24416.7,32933.3
1005,95,24433.3,32950
1006,92,24433.3,32883.3
1007,88,24416.7,32866.7
1008,93,24433.3,32900
1009,101,24479.2,32943.6
1010,105,24483.3,32966.7
1011,109,24500,33000
1012,106,24483.3,33016.7
1013,114,24516.7,33150
1014,99,24450,33050
1015,98,24450,33016.7
1016,116,24533.3,33033.3
1017,123,24566.7,33033.3
1018,125,24616.7,32933.3
1019,126,24616.7,32950
1020,132,24700,32933.3
1021,129,24666.7,32950
1022,128,24666.7,32916.7
1023,124,24616.7,32900
1024,122,24566.7,32933.3
1025,115,24533.3,32933.3
1026,117,24535.3,32903.1
1027,108,24500,32883.3
1028,119,24550,32883.3
1029,103,24483.3,32883.3
1030,102,24483.3,32866.7
1031,104,24483.3,32916.7
1032,113,24516.7,32950
1033,120,24550,32916.7
1034,130,24683.3,32933.3
1035,131,24700,32916.7
1036,135,24733.3,32933.3
1037,137,24766.7,32933.3
1038,136,24738.9,32941.7
1039,134,24733.3,32916.7
1040,139,24783.3,32916.7
1041,140,24800,32866.7
1042,138,24783.3,32900
1043,141,24833.3,32866.7
1044,143,24850,32866.7
1045,142,24850,32850
1046,147,24866.7,32866.7
1047,145,24866.7,32833.3
1048,149,24883.3,32850
1049,151,24900,32850
1050,150,24883.3,32866.7
1051,157,24932.5,32891.9
1052,159,24933.3,32866.7
1053,153,24900,32883.3
1054,146,24866.7,32850
1055,152,24900,32866.7
1056,156,24916.7,32850
1057,148,24883.3,32833.3
1058,155,24916.7,32833.3
1059,158,24933.3,32833.3
1060,177,25116.7,32750
1061,180,25133.3,32783.3
1062,179,25133.3,32733.3
1063,186,25183.3,32683.3
1064,191,25216.7,32666.7
1065,190,25216.7,32650
1066,193,25233.3,32650
1067,192,25233.3,32583.3
1068,196,25250,32550
1069,197,25250,32566.7
1070,204,25300,32550
1071,207,25333.3,32583.3
1072,206,25333.3,32533.3
1073,209,25350,32550
1074,203,25300,32533.3
1075,199,25266.7,32583.3
1076,202,25283.3,32583.3
1077,200,25266.7,32600
1078,198,25250,32616.7
1079,185,25183.3,32633.3
1080,182,25150,32733.3
1081,181,25150,32716.7
1082,183,25166.7,32700
1083,178,25133.3,32716.7
1084,184,25166.7,32750
1085,171,25066.7,32816.7
1086,168,25050,32850
1087,172,25066.7,32833.3
1088,176,25100,32783.3
1089,169,25050,32866.7
1090,163,25000,32866.7
1091,166,25033.3,32850
1092,167,25033.3,32866.7
1093,160,24966.7,32866.7
1094,162,24983.3,32900
1095,161,24980.3,32874.7
1096,164,25000,32883.3
1097,154,24900,32950
1098,165,25000,33316.7
1099,173,25066.7,33783.3
1100,174,25083.3,34900
1101,100,24450,35200
1102,44,23945.6,35484.2
1103,45,23958.1,35447.5
1104,395,26100,34283.3
1105,744,27000,33250
1106,943,27633.3,33583.3
1107,1113,28197.8,33627.5
1108,1283,28664.7,33871.7
1109,1126,28237.2,33613.9
1110,1070,28078.6,34427.2
1111,1217,28483.3,34533.3
1112,1413,29016.7,34666.7
1113,1388,28967.5,34649.7
1114,1422,29033.3,34666.7
1115,1799,29486.4,34901.9
1116,1087,28116.7,34350
1117,998,27863.6,34288.1
1118,819,27233.3,33833.3
1119,650,26750,33933.3
1120,643,26733.3,33933.3
1121,409,26116.7,32766.7
1122,386,26083.3,32816.7
1123,417,26133.3,32766.7
1124,410,26116.7,32783.3
1125,324,25983.3,32816.7
1126,317,25933.3,32783.3
1127,312,25916.7,32750
1128,305,25900,32716.7
1129,300,25883.3,32716.7
1130,297,25866.7,32716.7
1131,301,25883.3,32733.3
1132,316,25933.3,32766.7
1133,315,25933.3,32750
1134,311,25916.7,32733.3
1135,318,25950,32783.3
1136,326,25983.3,32850
1137,325,25983.3,32833.3
1138,330,26000,32850
1139,313,25916.7,32833.3
1140,328,26000,32783.3
1141,323,25983.3,32766.7
1142,320,25966.7,32783.3
1143,319,25950,32850
1144,314,25916.7,32850
1145,306,25900,32733.3
1146,302,25883.3,32766.7
1147,292,25833.3,32766.7
1148,293,25833.3,32816.7
1149,291,25833.3,32750
1150,289,25816.7,32733.3
1151,290,25816.7,32783.3
1152,282,25766.7,32716.7
1153,286,25800,32716.7
1154,294,25850,32750
1155,295,25850,32766.7
1156,298,25866.7,32750
1157,307,25900,32750
1158,296,25850,32833.3
1159,309,25900,32800
1160,308,25900,32783.3
1161,304,25883.3,32800
1162,303,25883.3,32783.3
1163,310,25900,32833.3
1164,299,25866.7,32833.3
1165,288,25800,32800
1166,284,25766.7,32766.7
1167,279,25750,32650
1168,281,25766.7,32700
1169,280,25750,32683.3
1170,278,25733.3,32716.7
1171,287,25800,32733.3
1172,285,25783.3,32733.3
1173,283,25766.7,32733.3
1174,276,25716.7,32650
1175,265,25666.7,32666.7
1176,259,25633.3,32616.7
1177,268,25683.3,32616.7
1178,269,25683.3,32633.3
1179,260,25633.3,32666.7
1180,263,25650,32633.3
1181,270,25683.3,32650
1182,273,25700,32616.7
1183,274,25700,32633.3
1184,277,25733.3,32616.7
1185,275,25716.7,32600
1186,264,25666.7,32633.3
1187,262,25650,32583.3
1188,218,25416.7,32566.7
1189,216,25383.3,32566.7
1190,210,25366.7,32500
1191,211,25366.7,32550
1192,215,25383.3,32533.3
1193,223,25450,32500
1194,225,25466.7,32483.3
1195,220,25433.3,32533.3
1196,226,25466.7,32516.7
1197,230,25483.3,32516.7
1198,236,25516.7,32500
1199,251,25583.3,32533.3
1200,256,25616.7,32533.3
1201,258,25616.7,32566.7
1202,257,25616.7,32550
1203,254,25600,32500
1204,261,25650,32466.7
1205,246,25566.7,32450
1206,247,25566.7,32466.7
1207,233,25500,32466.7
1208,222,25450,32483.3
1209,229,25483.3,32500
1210,235,25516.7,32450
1211,242,25550,32450
1212,250,25583.3,32483.3
1213,249,25583.3,32466.7
1214,253,25600,32466.7
1215,336,26016.7,32366.7
1216,342,26033.3,32366.7
1217,351,26050,32366.7
1218,341,26033.3,32316.7
1219,362,26066.7,32333.3
1220,390,26100,32333.3
1221,379,26083.3,32350
1222,363,26066.7,32350
1223,382,26083.3,32416.7
1224,403,26116.7,32466.7
1225,365,26066.7,32400
1226,380,26083.3,32366.7
1227,391,26100,32433.3
1228,421,26150,32433.3
1229,436,26166.7,32466.7
1230,402,26116.7,32400
1231,401,26116.7,32350
1232,364,26066.7,32366.7
1233,378,26083.3,32300
1234,361,26066.7,32300
1235,349,26050,32300
1236,350,26050,32350
1237,352,26050,32383.3
1238,383,26083.3,32483.3
1239,392,26100,32483.3
1240,404,26116.7,32483.3
1241,438,26166.7,32516.7
1242,425,26150,32600
1243,415,26133.3,32583.3
1244,426,26150,32616.7
1245,449,26183.3,32583.3
1246,450,26183.3,32616.7
1247,452,26183.3,32666.7
1248,460,26200,32633.3
1249,451,26183.3,32650
1250,441,26166.7,32716.7
1251,407,26116.7,32716.7
1252,416,26133.3,32700
1253,427,26150,32666.7
1254,385,26083.3,32766.7
1255,353,26050,32750
1256,354,26050,32766.7
1257,355,26050,32783.3
1258,338,26016.7,32783.3
1259,329,26000,32816.7
1260,337,26016.7,32766.7
1261,343,26033.3,32783.3
1262,366,26066.7,32800
1263,394,26100,32783.3
1264,344,26033.3,32800
1265,345,26033.3,32866.7
1266,367,26066.7,32816.7
1267,393,26100,32766.7
1268,384,26083.3,32750
1269,408,26116.7,32733.3
1270,428,26150,32716.7
1271,429,26150,32766.7
1272,440,26166.7,32650
1273,469,26216.7,32600
1274,448,26183.3,32550
1275,437,26166.7,32500
1276,439,26166.7,32550
1277,405,26116.7,32516.7
1278,406,26116.7,32533.3
1279,423,26150,32483.3
1280,447,26183.3,32483.3
1281,424,26150,32516.7
1282,422,26150,32466.7
1283,420,26150,32416.7
1284,381,26083.3,32383.3
1285,414,26133.3,32366.7
1286,335,26016.7,32266.7
1287,377,26083.3,32250
1288,360,26066.7,32266.7
1289,334,26016.7,32233.3
1290,322,25983.3,32200
1291,321,25983.3,32183.3
1292,331,26016.7,32183.3
1293,348,26050,32250
1294,359,26066.7,32250
1295,374,26083.3,32183.3
1296,375,26083.3,32200
1297,376,26083.3,32216.7
1298,347,26050,32200
1299,332,26016.7,32200
1300,333,26016.7,32216.7
1301,327,26000,32166.7
1302,358,26066.7,32183.3
1303,340,26033.3,32133.3
1304,339,26033.3,32100
1305,371,26083.3,32083.3
1306,357,26066.7,32083.3
1307,388,26100,32083.3
1308,387,26100,32016.7
1309,411,26133.3,31983.3
1310,369,26083.3,32050
1311,368,26083.3,32033.3
1312,397,26116.7,32083.3
1313,398,26116.7,32100
1314,389,26100,32116.7
1315,400,26116.7,32166.7
1316,372,26083.3,32133.3
1317,399,26116.7,32133.3
1318,413,26133.3,32116.7
1319,346,26050,32150
1320,373,26083.3,32166.7
1321,435,26166.7,32150
1322,466,26216.7,32100
1323,445,26183.3,32066.7
1324,484,26250,32050
1325,492,26266.7,32083.3
1326,499,26283.3,32066.7
1327,478,26233.3,32033.3
1328,505,26300,32016.7
1329,477,26233.3,32016.7
1330,476,26233.3,32000
1331,457,26200,32033.3
1332,458,26200,32066.7
1333,465,26216.7,32066.7
1334,459,26200,32083.3
1335,467,26216.7,32116.7
1336,485,26250,32116.7
1337,479,26233.3,32083.3
1338,468,26216.7,32150
1339,446,26183.3,32133.3
1340,396,26116.7,32066.7
1341,356,26066.7,32050
1342,370,26083.3,32066.7
1343,412,26133.3,32033.3
1344,434,26166.7,32066.7
1345,419,26150,32066.7
1346,418,26150,32033.3
1347,464,26216.7,31983.3
1348,512,26316.7,31983.3
1349,498,26283.3,32000
1350,483,26250,31983.3
1351,491,26266.7,32016.7
1352,497,26283.3,31950
1353,456,26200,32000
1354,433,26166.7,31983.3
1355,444,26183.3,31983.3
1356,432,26166.7,31966.7
1357,443,26183.3,31933.3
1358,431,26166.7,31933.3
1359,430,26166.7,31916.7
1360,453,26200,31916.7
1361,463,26216.7,31950
1362,490,26266.7,31983.3
1363,473,26233.3,31933.3
1364,486,26266.7,31850
1365,494,26283.3,31833.3
1366,506,26316.7,31783.3
1367,493,26283.3,31816.7
1368,480,26250,31866.7
1369,517,26350,31800
1370,522,26366.7,31800
1371,523,26366.7,31833.3
1372,527,26383.3,31833.3
1373,474,26233.3,31950
1374,487,26266.7,31900
1375,471,26233.3,31883.3
1376,470,26233.3,31866.7
1377,462,26216.7,31900
1378,455,26200,31966.7
1379,488,26266.7,31916.7
1380,489,26266.7,31950
1381,496,26283.3,31933.3
1382,454,26200,31933.3
1383,475,26233.3,31966.7
1384,482,26250,31916.7
1385,461,26216.7,31866.7
1386,472,26233.3,31916.7
1387,442,26183.3,31900
1388,481,26250,31900
1389,495,26283.3,31883.3
1390,524,26366.7,31850
1391,528,26383.3,31850
1392,519,26350,31900
1393,518,26350,31883.3
1394,510,26316.7,31883.3
1395,514,26333.3,31850
1396,511,26316.7,31933.3
1397,503,26300,31916.7
1398,504,26300,31966.7
1399,516,26333.3,31933.3
1400,520,26350,31916.7
1401,525,26366.7,31883.3
1402,529,26383.3,31866.7
1403,515,26333.3,31883.3
1404,501,26300,31850
1405,502,26300,31866.7
1406,509,26316.7,31850
1407,508,26316.7,31833.3
1408,500,26300,31783.3
1409,507,26316.7,31800
1410,531,26400,31816.7
1411,534,26416.7,31766.7
1412,547,26450,31766.7
1413,569,26550,31716.7
1414,559,26516.7,31733.3
1415,557,26516.7,31683.3
1416,550,26466.7,31683.3
1417,545,26450,31683.3
1418,555,26500,31716.7
1419,552,26483.3,31750
1420,568,26550,31700
1421,533,26416.7,31733.3
1422,526,26383.3,31750
1423,532,26416.7,31716.7
1424,539,26433.3,31716.7
1425,541,26433.3,31766.7
1426,521,26366.7,31750
1427,513,26333.3,31766.7
1428,530,26400,31766.7
1429,542,26433.3,31800
1430,549,26450,31800
1431,548,26450,31783.3
1432,535,26416.7,31800
1433,540,26433.3,31750
1434,546,26450,31733.3
1435,553,26483.3,31816.7
1436,551,26466.7,31800
1437,536,26416.7,31816.7
1438,543,26433.3,31816.7
1439,561,26516.7,31816.7
1440,563,26533.3,31766.7
1441,558,26516.7,31700
1442,554,26500,31650
1443,571,26566.7,31600
1444,601,26633.3,31566.7
1445,606,26650,31516.7
1446,622,26700,31516.7
1447,599,26633.3,31533.3
1448,610,26666.7,31550
1449,617,26683.3,31566.7
1450,640,26733.3,31550
1451,624,26700,31566.7
1452,602,26633.3,31583.3
1453,596,26616.7,31683.3
1454,595,26616.7,31666.7
1455,586,26600,31650
1456,588,26600,31716.7
1457,575,26566.7,31716.7
1458,562,26533.3,31683.3
1459,567,26550,31666.7
1460,572,26566.7,31633.3
1461,579,26583.3,31650
1462,573,26566.7,31666.7
1463,597,26616.7,31700
1464,560,26516.7,31766.7
1465,565,26533.3,31800
1466,570,26550,31800
1467,564,26533.3,31783.3
1468,556,26500,31816.7
1469,577,26566.7,31800
1470,581,26583.3,31700
1471,612,26666.7,31616.7
1472,611,26666.7,31600
1473,633,26716.7,31616.7
1474,649,26750,31616.7
1475,642,26733.3,31633.3
1476,634,26716.7,31666.7
1477,627,26700,31666.7
1478,620,26683.3,31666.7
1479,619,26683.3,31650
1480,626,26700,31633.3
1481,613,26666.7,31666.7
1482,628,26700,31683.3
1483,618,26683.3,31616.7
1484,594,26616.7,31650
1485,574,26566.7,31700
1486,576,26566.7,31733.3
1487,582,26583.3,31766.7
1488,605,26633.3,31750
1489,598,26616.7,31766.7
1490,614,26666.7,31683.3
1491,607,26650,31650
1492,603,26633.3,31633.3
1493,604,26633.3,31716.7
1494,587,26600,31700
1495,580,26583.3,31683.3
1496,600,26633.3,31550
1497,591,26616.7,31566.7
1498,589,26616.7,31516.7
1499,590,26616.7,31533.3
1500,583,26600,31566.7
1501,592,26616.7,31583.3
1502,578,26583.3,31583.3
1503,566,26550,31633.3
1504,584,26600,31600
1505,585,26600,31616.7
1506,593,26616.7,31600
1507,625,26700,31600
1508,641,26733.3,31583.3
1509,632,26716.7,31550
1510,616,26683.3,31516.7
1511,631,26716.7,31483.3
1512,609,26666.7,31500
1513,623,26700,31533.3
1514,639,26733.3,31516.7
1515,655,26766.7,31466.7
1516,648,26750,31466.7
1517,672,26800,31500
1518,638,26733.3,31500
1519,656,26766.7,31500
1520,670,26800,31466.7
1521,637,26733.3,31466.7
1522,629,26716.7,31416.7
1523,636,26733.3,31450
1524,647,26750,31450
1525,675,26816.7,31400
1526,686,26850,31333.3
1527,695,26866.7,31400
1528,697,26866.7,31450
1529,728,26950,31450
1530,733,26966.7,31400
1531,716,26916.7,31383.3
1532,721,26933.3,31333.3
1533,725,26950,31316.7
1534,713,26916.7,31333.3
1535,714,26916.7,31350
1536,709,26900,31433.3
1537,691,26850,31450
1538,657,26766.7,31550
1539,663,26783.3,31533.3
1540,662,26783.3,31516.7
1541,719,26916.7,31450
1542,703,26883.3,31450
1543,702,26883.3,31433.3
1544,707,26900,31366.7
1545,715,26916.7,31366.7
1546,681,26833.3,31366.7
1547,673,26816.7,31350
1548,687,26850,31350
1549,694,26866.7,31333.3
1550,699,26883.3,31316.7
1551,712,26916.7,31300
1552,704,26900,31300
1553,705,26900,31316.7
1554,732,26966.7,31383.3
1555,731,26966.7,31350
1556,737,26983.3,31350
1557,738,26983.3,31383.3
1558,755,27033.3,31366.7
1559,749,27016.7,31375
1560,757,27033.3,31400
1561,751,27023.6,31430.6
1562,750,27016.7,31400
1563,771,27066.7,31350
1564,748,27016.7,31350
1565,747,27016.7,31300
1566,760,27050,31350
1567,754,27033.3,31316.7
1568,768,27066.7,31266.7
1569,777,27100,31300
1570,769,27066.7,31316.7
1571,770,27066.7,31333.3
1572,778,27100,31333.3
1573,776,27100,31283.3
1574,793,27183.3,31233.3
1575,794,27191.7,31258.3
1576,820,27240.3,31256.9
1577,802,27200,31250
1578,789,27166.7,31250
1579,809,27216.7,31216.7
1580,787,27166.7,31200
1581,785,27150,31250
1582,784,27133.3,31316.7
1583,783,27133.3,31300
1584,862,27350,31600
1585,1224,28500,31733.3
1586,1160,28355.3,33100.8
1587,1207,28473.6,33330.8
1588,1358,28903.6,33187.5
1589,1599,29266.7,32966.7
1590,1826,29533.3,31983.3
1591,1861,29683.3,31316.7
1592,1857,29666.7,31283.3
1593,1858,29666.7,31316.7
1594,1853,29650,31316.7
1595,1852,29650,31300
1596,1845,29616.7,31300
1597,1865,29700,31316.7
1598,1873,29733.3,31316.7
1599,1891,29833.3,31283.3
1600,1905,29900,31300
1601,1912,29916.7,31300
1602,1916,29933.3,31250
1603,1910,29916.7,31250
1604,1950,30013.9,31267.2
1605,1962,30033.3,31266.7
1606,1953,30016.7,31233.3
1607,1965,30034.7,31245.3
1608,1980,30056.4,31243.6
1609,1955,30018.3,31223.9
1610,1967,30040.3,31184.7
1611,1960,30033.3,31183.3
1612,1966,30035.8,31174.2
1613,1956,30021.1,31175.3
1614,1958,30029.2,31171.9
1615,1927,29966.7,31200
1616,1903,29900,31250
1617,1909,29916.7,31233.3
1618,1894,29850,31266.7
1619,1890,29833.3,31250
1620,1881,29766.7,31300
1621,1888,29816.7,31266.7
1622,1877,29750,31300
1623,1885,29800,31233.3
1624,1886,29800,31250
1625,1889,29816.7,31300
1626,1883,29783.3,31283.3
1627,1897,29866.7,31300
1628,1899,29883.3,31250
1629,1911,29916.7,31266.7
1630,1892,29850,31216.7
1631,1918,29933.3,31283.3
1632,1921,29950,31233.3
1633,1922,29950,31266.7
1634,1895,29850,31333.3
1635,1904,29900,31283.3
1636,1898,29883.3,31216.7
1637,1893,29850,31250
1638,1887,29816.7,31050
1639,1849,29650,31233.3
1640,1838,29600,31283.3
1641,1844,29616.7,31283.3
1642,1848,29633.3,31266.7
1643,1847,29633.3,31233.3
1644,1872,29733.3,31300
1645,1884,29783.3,31300
1646,1882,29783.3,31266.7
1647,1871,29733.3,31283.3
1648,1878,29750,31316.7
1649,1880,29766.7,31266.7
1650,1879,29766.7,31233.3
1651,1875,29750,31233.3
1652,1876,29750,31250
1653,1866,29716.7,31233.3
1654,1867,29716.7,31250
1655,1863,29700,31250
1656,1870,29716.7,31300
1657,1860,29683.3,31266.7
1658,1869,29716.7,31283.3
1659,1855,29666.7,31233.3
1660,1856,29666.7,31266.7
1661,1850,29650,31250
1662,1837,29600,31233.3
1663,1833,29583.3,31216.7
1664,1816,29516.7,31250
1665,1842,29616.7,31216.7
1666,1851,29650,31266.7
1667,1846,29616.7,31316.7
1668,1868,29716.7,31266.7
1669,1864,29700,31283.3
1670,1859,29683.3,31250
1671,1843,29616.7,31250
1672,1839,29600,31316.7
1673,1836,29583.3,31283.3
1674,1832,29566.7,31283.3
1675,1814,29516.7,31216.7
1676,1817,29516.7,31266.7
1677,1818,29516.7,31283.3
1678,1824,29533.3,31250
1679,1834,29583.3,31233.3
1680,1831,29566.7,31250
1681,1835,29583.3,31266.7
1682,1815,29516.7,31233.3
1683,1801,29491.1,31275
1684,1798,29483.3,31266.7
1685,1780,29462.5,31270.8
1686,1731,29403.1,31245.3
1687,1734,29407.5,31252.5
1688,1753,29421.1,31230.8
1689,1767,29444.7,31194.4
1690,1751,29416.7,31183.3
1691,1765,29434.4,31221.1
1692,1802,29497.5,31233.9
1693,1769,29447.5,31277.2
1694,1790,29466.7,31266.7
1695,1754,29425.8,31278.9
1696,1810,29500,31233.3
1697,1829,29550,31233.3
1698,1830,29566.7,31233.3
1699,1823,29533.3,31233.3
1700,1825,29533.3,31283.3
1701,1797,29483.3,31216.7
1702,1800,29486.7,31224.2
1703,1789,29466.7,31216.7
1704,1763,29433.3,31216.7
1705,1730,29400,31233.3
1706,1778,29450.8,31236.1
1707,1779,29457.8,31210.8
1708,1768,29446.4,31208.3
1709,1762,29433.3,31200
1710,1628,29309.2,31240
1711,1625,29300,31216.7
1712,1607,29283.3,31200
1713,1608,29283.3,31216.7
1714,1623,29300,31150
1715,1611,29294.4,31218.3
1716,1598,29266.7,31183.3
1717,1583,29258.3,31198.9
1718,1567,29233.3,31216.7
1719,1514,29181.9,31154.2
1720,1484,29133.3,31133.3
1721,1538,29200,31100
1722,1526,29195.8,31080.6
1723,1549,29216.7,31116.7
1724,1552,29218.1,31154.2
1725,1527,29198.6,31162.5
1726,1511,29166.7,31116.7
1727,1523,29188.9,31048.6
1728,1536,29200,31000
1729,1535,29200,30983.3
1730,1521,29183.3,30950
1731,1520,29183.3,30933.3
1732,1509,29166.7,30916.7
1733,1496,29150,30950
1734,1465,29116.7,30900
1735,1467,29116.7,30933.3
1736,1482,29133.3,30933.3
1737,1564,29233.3,30933.3
1738,1534,29200,30966.7
1739,1466,29116.7,30916.7
1740,1454,29100,30916.7
1741,1481,29133.3,30900
1742,1480,29133.3,30883.3
1743,1507,29166.7,30833.3
1744,1506,29166.7,30816.7
1745,1505,29166.7,30800
1746,1495,29150,30800
1747,1463,29116.7,30800
1748,1464,29116.7,30816.7
1749,1478,29133.3,30700
1750,1501,29166.7,30666.7
1751,1556,29233.3,30650
1752,1543,29216.7,30683.3
1753,1531,29200,30683.3
1754,1517,29183.3,30683.3
1755,1453,29100,30733.3
1756,1479,29133.3,30716.7
1757,1493,29150,30733.3
1758,1502,29166.7,30733.3
1759,1518,29183.3,30733.3
1760,1545,29216.7,30766.7
1761,1561,29233.3,30783.3
1762,1574,29250,30800
1763,1594,29266.7,30833.3
1764,1595,29266.7,30850
1765,1563,29233.3,30833.3
1766,1562,29233.3,30800
1767,1559,29233.3,30750
1768,1573,29250,30750
1769,1532,29200,30750
1770,1494,29150,30766.7
1771,1503,29166.7,30766.7
1772,1504,29166.7,30783.3
1773,1533,29200,30816.7
1774,1560,29233.3,30766.7
1775,1618,29300,30733.3
1776,1604,29283.3,30750
1777,1590,29266.7,30750
1778,1589,29266.7,30733.3
1779,1588,29266.7,30700
1780,1572,29250,30716.7
1781,1530,29200,30666.7
1782,1558,29233.3,30700
1783,1544,29216.7,30700
1784,1557,29233.3,30683.3
1785,1571,29250,30683.3
1786,1570,29250,30666.7
1787,1603,29283.3,30733.3
1788,1592,29266.7,30783.3
1789,1591,29266.7,30766.7
1790,1619,29300,30766.7
1791,1649,29333.3,30750
1792,1702,29383.3,30733.3
1793,1700,29383.3,30666.7
1794,1716,29400,30616.7
1795,1679,29366.7,30533.3
1796,1680,29366.7,30550
1797,1629,29316.7,30566.7
1798,1630,29316.7,30583.3
1799,1663,29350,30600
1800,1662,29350,30583.3
1801,1681,29366.7,30583.3
1802,1661,29350,30566.7
1803,1682,29366.7,30600
1804,1585,29266.7,30566.7
1805,1614,29300,30600
1806,1587,29266.7,30650
1807,1569,29250,30633.3
1808,1613,29300,30583.3
1809,1615,29300,30650
1810,1617,29300,30700
1811,1616,29300,30683.3
1812,1605,29283.3,30816.7
1813,1706,29383.3,30816.7
1814,1685,29366.7,30750
1815,1703,29383.3,30766.7
1816,1784,29466.7,30766.7
1817,1684,29366.7,30733.3
1818,1648,29333.3,30716.7
1819,1782,29466.7,30683.3
1820,1773,29450,30800
1821,1721,29400,30816.7
1822,1744,29416.7,30833.3
1823,1686,29366.7,30850
1824,1687,29366.7,30866.7
1825,1670,29350,30866.7
1826,1635,29316.7,30833.3
1827,1620,29300,30850
1828,1596,29266.7,30883.3
1829,1621,29300,30900
1830,1575,29250,30833.3
1831,1508,29166.7,30850
1832,1519,29183.3,30833.3
1833,1546,29216.7,30850
1834,1576,29250,30883.3
1835,1577,29250,30900
1836,1565,29233.3,30950
1837,1512,29170.8,31002.8
1838,1510,29166.7,30983.3
1839,1499,29165.3,31038.9
1840,1485,29140.3,31075
1841,1472,29116.7,31083.3
1842,1483,29133.3,31050
1843,1469,29116.7,31033.3
1844,1468,29116.7,31016.7
1845,1438,29066.7,31016.7
1846,1433,29056.9,31023.6
1847,1457,29100,31050
1848,1471,29116.7,31066.7
1849,1470,29116.7,31050
1850,1449,29091.7,31022.2
1851,1445,29075,31022.2
1852,1424,29044.4,31002.8
1853,1429,29050,30983.3
1854,1419,29033.3,30983.3
1855,1418,29033.3,30966.7
1856,1385,28966.7,31016.7
1857,1403,29008.3,31016.7
1858,1410,29016.7,31016.7
1859,1428,29050,30966.7
1860,1437,29066.7,30966.7
1861,1455,29100,30966.7
1862,1456,29100,30983.3
1863,1436,29066.7,30883.3
1864,1416,29033.3,30866.7
1865,1404,29016.7,30866.7
1866,1405,29016.7,30883.3
1867,1426,29050,30900
1868,1417,29033.3,30883.3
1869,1392,28983.3,30866.7
1870,1346,28883.3,30833.3
1871,1334,28816.7,30916.7
1872,1328,28800,30950
1873,1348,28883.3,30900
1874,1340,28850,30900
1875,1333,28816.7,30900
1876,1324,28783.3,30916.7
1877,1310,28733.3,30900
1878,1309,28733.3,30883.3
1879,1315,28750,30883.3
1880,1332,28816.7,30850
1881,1336,28850,30783.3
1882,1329,28816.7,30783.3
1883,1311,28738.1,30721.9
1884,1304,28731.4,30710
1885,1316,28766.7,30750
1886,1317,28766.7,30783.3
1887,1320,28783.3,30766.7
1888,1294,28683.3,30816.7
1889,1273,28633.3,30850
1890,1288,28666.7,30816.7
1891,1279,28650,30833.3
1892,1264,28616.7,30850
1893,1263,28616.7,30766.7
1894,1250,28583.3,30766.7
1895,1223,28500,30833.3
1896,1190,28433.3,30830.6
1897,1186,28430.6,30848.6
1898,1178,28413.9,30830.6
1899,1191,28433.3,30850
1900,1204,28466.7,30833.3
1901,1200,28450,30833.3
1902,1208,28475,30783.3
1903,1210,28481.9,30783.3
1904,1236,28533.3,30800
1905,1194,28447.2,30808.3
1906,1209,28480.6,30815.3
1907,1243,28550,30866.7
1908,1251,28583.3,30816.7
1909,1257,28600,30850
1910,1256,28600,30833.3
1911,1245,28566.7,30800
1912,1229,28516.7,30866.7
1913,1237,28533.3,30850
1914,1230,28516.7,30883.3
1915,1206,28466.7,30865.3
1916,1205,28466.7,30850
1917,1218,28490.3,30848.6
1918,1246,28566.7,30833.3
1919,1276,28641.1,30749.4
1920,1312,28745.8,30745
1921,1305,28733.3,30733.3
1922,1306,28733.3,30766.7
1923,1298,28700,30766.7
1924,1299,28700,30783.3
1925,1307,28733.3,30800
1926,1287,28666.7,30800
1927,1272,28633.3,30816.7
1928,1293,28683.3,30766.7
1929,1278,28650,30766.7
1930,1271,28633.3,30783.3
1931,1255,28600,30800
1932,1275,28636.4,30721.9
1933,1281,28658.3,30740.6
1934,1291,28675.8,30743.1
1935,1290,28673.3,30720.8
1936,1303,28703.1,30736.4
1937,1297,28696.7,30693.1
1938,1285,28666.7,30686.1
1939,1261,28615,30733.6
1940,1258,28607.2,30739.7
1941,1252,28593.3,30730.8
1942,1274,28633.9,30693.9
1943,1284,28666.7,30683.3
1944,1280,28654.4,30680.3
1945,1292,28681.1,30686.1
1946,1302,28702.5,30694.2
1947,1389,28983.3,30016.7
1948,1474,29133.3,30600
1949,1461,29116.7,30600
1950,1492,29150,30650
1951,1462,29116.7,30650
1952,1477,29133.3,30650
1953,1476,29133.3,30633.3
1954,1452,29100,30683.3
1955,1491,29150,30616.7
1956,1475,29133.3,30616.7
1957,1490,29150,30583.3
1958,1500,29166.7,30583.3
1959,1601,29283.3,30616.7
1960,1586,29266.7,30616.7
1961,1602,29283.3,30633.3
1962,1631,29316.7,30650
1963,1632,29316.7,30700
1964,1665,29350,30700
1965,1742,29416.7,30766.7
1966,1743,29416.7,30816.7
1967,1774,29450,30866.7
1968,1803,29500,30833.3
1969,1793,29483.3,30866.7
1970,1807,29500,30916.7
1971,1804,29500,30850
1972,1786,29466.7,30866.7
1973,1794,29483.3,30950
1974,1820,29533.3,30950
1975,1828,29550,30966.7
1976,1821,29533.3,30966.7
1977,1822,29533.3,30983.3
1978,1795,29483.3,30966.7
1979,1813,29516.7,31000
1980,1809,29500,31000
1981,1808,29500,30950
1982,1787,29466.7,30966.7
1983,1758,29433.3,30966.7
1984,1759,29433.3,30983.3
1985,1854,29666.7,31050
1986,1827,29550,30950
1987,1819,29533.3,30933.3
1988,1805,29500,30866.7
1989,1812,29516.7,30933.3
1990,1785,29466.7,30850
1991,1772,29450,30750
1992,1771,29450,30716.7
1993,1783,29466.7,30700
1994,1718,29400,30650
1995,1740,29416.7,30683.3
1996,1701,29383.3,30700
1997,1770,29450,30700
1998,1741,29416.7,30716.7
1999,1683,29366.7,30683.3
2000,1739,29416.7,30650
2001,1664,29350,30683.3
2002,1647,29333.3,30633.3
2003,1666,29350,30733.3
2004,1667,29350,30750
2005,1593,29266.7,30800
2006,1636,29316.7,30850
2007,1606,29283.3,30850
2008,1669,29350,30816.7
2009,1652,29333.3,30833.3
2010,1745,29416.7,30850
2011,1746,29416.7,30866.7
2012,1747,29416.7,30900
2013,1688,29366.7,30900
2014,1748,29416.7,30916.7
2015,1653,29333.3,30883.3
2016,1637,29316.7,30900
2017,1707,29383.3,30883.3
2018,1671,29350,30916.7
2019,1638,29316.7,30950
2020,1691,29366.7,31000
2021,1694,29368.1,31004.7
2022,1672,29350,30966.7
2023,1690,29366.7,30966.7
2024,1654,29333.3,30950
2025,1639,29316.7,30966.7
2026,1673,29350,31050
2027,1644,29323.1,31013.3
2028,1640,29316.7,31000
2029,1622,29300,30966.7
2030,1547,29216.7,30983.3
2031,1553,29227.8,31013.9
2032,1537,29200,31033.3
2033,1513,29180.6,31054.2
2034,1497,29150,31066.7
2035,1487,29147.2,31047.2
2036,1448,29088.9,31115.3
2037,1459,29105.6,31131.9
2038,1458,29100,31133.3
2039,1447,29083.3,31116.7
2040,1435,29063.9,31130.6
2041,1442,29066.7,31133.3
2042,1440,29066.7,31100
2043,1434,29063.9,31088.9
2044,1488,29148.6,31012.5
2045,1430,29050,31083.3
2046,1441,29066.7,31116.7
2047,1451,29098.6,31079.2
2048,1444,29072.2,31058.3
2049,1421,29033.3,31050
2050,1420,29033.3,31016.7
2051,1446,29083.3,30933.3
2052,1408,29016.7,30950
2053,1383,28966.7,30950
2054,1406,29016.7,30900
2055,1427,29050,30916.7
2056,1394,28983.3,30916.7
2057,1407,29016.7,30933.3
2058,1393,28983.3,30900
2059,1380,28966.7,30816.7
2060,1398,29000,30850
2061,1391,28983.3,30850
2062,1361,28916.7,30883.3
2063,1372,28950,30833.3
2064,1381,28966.7,30900
2065,1375,28950,30883.3
2066,1374,28950,30866.7
2067,1382,28966.7,30916.7
2068,1344,28866.7,30916.7
2069,1339,28850,30883.3
2070,1360,28916.7,30850
2071,1342,28866.7,30783.3
2072,1325,28800,30750
2073,1330,28816.7,30816.7
2074,1322,28783.3,30866.7
2075,1326,28800,30850
2076,1327,28800,30883.3
2077,1321,28783.3,30816.7
2078,1308,28733.3,30833.3
2079,1314,28750,30833.3
2080,1313,28750,30800
2081,1318,28766.7,30833.3
2082,1296,28683.3,30883.3
2083,1289,28666.7,30850
2084,1295,28683.3,30850
2085,1300,28700,30850
2086,1301,28700,30900
2087,1319,28766.7,30916.7
2088,1341,28850,30933.3
2089,1338,28850,30866.7
2090,1353,28900,30883.3
2091,1343,28866.7,30883.3
2092,1362,28916.7,30900
2093,1366,28933.3,30900
2094,1368,28933.3,30950
2095,1364,28916.7,30983.3
2096,1357,28900,31000
2097,1369,28933.3,31000
2098,1411,29016.7,31033.3
2099,1414,29022.2,31038.9
2100,1402,29000,31033.3
2101,1432,29054.2,31058.3
2102,1412,29016.7,31050
2103,1396,28983.3,31016.7
2104,1397,28983.3,31033.3
2105,1400,29000,30983.3
2106,1377,28950,30950
2107,1376,28950,30933.3
2108,1363,28916.7,30950
2109,1399,29000,30966.7
2110,1409,29016.7,30983.3
2111,1395,28983.3,31000
2112,1401,29000,31016.7
2113,1379,28950,31033.3
2114,1370,28933.3,31016.7
2115,1384,28966.7,31000
2116,1355,28900,30950
2117,1349,28883.3,30916.7
2118,1354,28900,30933.3
2119,1351,28883.3,30950
2120,1350,28883.3,30933.3
2121,1356,28900,30983.3
2122,1323,28783.3,30900
2123,1331,28816.7,30833.3
2124,1337,28850,30833.3
2125,1335,28833.3,30800
2126,1347,28883.3,30850
2127,1390,28983.3,30833.3
2128,1365,28933.3,30816.7
2129,1352,28900,30800
2130,1345,28883.3,30800
2131,1373,28950,30850
2132,1371,28950,30816.7
2133,1359,28916.7,30816.7
2134,1367,28933.3,30933.3
2135,1378,28950,31016.7
2136,1386,28966.7,31033.3
2137,1387,28966.7,31050
2138,1423,29038.9,31113.9
2139,1431,29050,31100
2140,1415,29030.6,31080.6
2141,1439,29066.7,31083.3
2142,1443,29069.4,31047.2
2143,1450,29091.7,31048.6
2144,1460,29106.9,31055.6
2145,1486,29141.7,31144.4
2146,1524,29188.9,31115.3
2147,1548,29216.7,31066.7
2148,1581,29251.7,31091.9
2149,1554,29227.8,31072.2
2150,1582,29258.1,31049.2
2151,1578,29250,31050
2152,1579,29250,31083.3
2153,1540,29211.1,31113.9
2154,1550,29216.7,31133.3
2155,1627,29305.6,31163.9
2156,1643,29321.1,31197.2
2157,1584,29265.6,31085
2158,1609,29289.7,31113.9
2159,1610,29293.1,31126.1
2160,1626,29300.3,31198.3
2161,1641,29316.7,31200
2162,1659,29346.9,31238.9
2163,1675,29350.3,31238.3
2164,1733,29407.5,31172.8
2165,1752,29417.2,31192.5
2166,1727,29400,31150
2167,1728,29400,31166.7
2168,1729,29400,31183.3
2169,1674,29350,31216.7
2170,1709,29383.3,31216.7
2171,1678,29363.9,31213.6
2172,1710,29383.3,31233.3
2173,1676,29350.6,31274.2
2174,1696,29374.2,31270.8
2175,1645,29331.1,31219.7
2176,1600,29280,31198.9
2177,1642,29318.6,31121.1
2178,1612,29299.7,31170
2179,1657,29337.5,31163.6
2180,1580,29250,31216.7
2181,1566,29233.3,31200
2182,1555,29227.8,31219.4
2183,1522,29183.3,31183.3
2184,1525,29188.9,31198.6
2185,1473,29123.6,31170.8
2186,1498,29150,31133.3
2187,1539,29206.9,31180.6
2188,1551,29216.7,31150
2189,1597,29266.7,31166.7
2190,1656,29333.3,31183.3
2191,1658,29337.8,31205.6
2192,1624,29300,31166.7
2193,1568,29241.7,31195.8
2194,1677,29355.8,31195.6
2195,1695,29373.1,31170
2196,1693,29366.7,31200
2197,1711,29387.8,31201.4
2198,1646,29331.4,31137.5
2199,1655,29333.3,31133.3
2200,1750,29416.7,31016.7
2201,1726,29400,31016.7
2202,1692,29366.7,31033.3
2203,1791,29480.3,31044.2
2204,1781,29465.8,31076.1
2205,1792,29482.8,31036.4
2206,1777,29450,31050
2207,1755,29431.4,31050.8
2208,1749,29416.7,30933.3
2209,1689,29366.7,30916.7
2210,1724,29400,30950
2211,1725,29400,30966.7
2212,1761,29433.3,31033.3
2213,1735,29416.1,31045.3
2214,1760,29433.3,31000
2215,1708,29383.3,31016.7
2216,1766,29443.3,31001.4
2217,1732,29403.9,31009.7
2218,1796,29483.3,31016.7
2219,1788,29466.7,31000
2220,1776,29450,30916.7
2221,1811,29516.7,30900
2222,1806,29500,30883.3
2223,1775,29450,30883.3
2224,1723,29400,30900
2225,1722,29400,30866.7
2226,1705,29383.3,30800
2227,1668,29350,30800
2228,1634,29316.7,30783.3
2229,1650,29333.3,30783.3
2230,1651,29333.3,30800
2231,1633,29316.7,30716.7
2232,1704,29383.3,30783.3
2233,1720,29400,30700
2234,1719,29400,30683.3
2235,1738,29416.7,30633.3
2236,1717,29400,30633.3
2237,1756,29433.3,30650
2238,1757,29433.3,30700
2239,1715,29400,30600
2240,1713,29400,30533.3
2241,1699,29383.3,30566.7
2242,1714,29400,30566.7
2243,1698,29383.3,30550
2244,1697,29383.3,30516.7
2245,1737,29416.7,30450
2246,1712,29400,30433.3
2247,1736,29416.7,30416.7
2248,1999,30086.4,30086.4
2249,2224,30316.7,30416.7
2250,2327,30375,30500.3
2251,2278,30350,30350
2252,2310,30366.7,30350
2253,2684,30513.9,30382.5
2254,2524,30466.7,30516.7
2255,2481,30450,30516.7
2256,2873,30558.3,30625
2257,2970,30590.3,30661.1
2258,2823,30547.8,30654.2
2259,2806,30544.4,30726.4
2260,2862,30554.2,30663.1
2261,3036,30611.1,30569.7
2262,3184,30650.3,30500.3
2263,3128,30634.7,30522.2
2264,3214,30658.9,30545.6
2265,3151,30643.1,30601.4
2266,3511,30724.4,30652.8
2267,3730,30770.8,30637.2
2268,3450,30714.2,30680.3
2269,3460,30716.4,30704.2
2270,3439,30712.5,30738.9
2271,3338,30689.7,30800.8
2272,3735,30772.8,30731.9
2273,3276,30676.1,30680.6
2274,3538,30730.6,30654.2
2275,3670,30753.6,30633.9
2276,3490,30718.9,30645.6
2277,3569,30735.3,30632.5
2278,3669,30753.3,30651.7
2279,3613,30745.8,30726.4
2280,3418,30708.1,30753.9
2281,3348,30691.7,30586.1
2282,3668,30753.1,30626.4
2283,3685,30758.3,30620.3
2284,3810,30789.2,30608.9
2285,3928,30810,30591.7
2286,3773,30781.9,30554.2
2287,3731,30771.4,30520.6
2288,3698,30763.1,30536.9
2289,4165,30859.2,30525.8
2290,4022,30826.4,30520.8
2291,4111,30846.7,30526.1
2292,4006,30823.6,30504.2
2293,4438,30907.8,30489.2
2294,4322,30888.1,30492.5
2295,4359,30895.3,30475.6
2296,4312,30884.7,30502.8
2297,4149,30853.6,30561.4
2298,4176,30860.8,30734.4
2299,4310,30884.4,30731.9
2300,4750,30973.6,30615.3
2301,5120,31039.2,30648.3
2302,4826,30990.3,30632.8
2303,4699,30961.7,30659.7
2304,4152,30855.6,30615.3
2305,4325,30888.9,30577.8
2306,4595,30937.5,30577.8
2307,4275,30880.6,30591.1
2308,4429,30906.1,30645.8
2309,4228,30869.4,30585.6
2310,4492,30916.7,30600
2311,4598,30938.6,30550.6
2312,4341,30891.7,30526.4
2313,4311,30884.7,30501.4
2314,4342,30891.7,30550.3
2315,4208,30866.7,30533.3
2316,3955,30815.3,30526.4
2317,4299,30883.3,30550
2318,3923,30808.3,30547.8
2319,4088,30839.7,30484.4
2320,4555,30931.4,30640.3
2321,4262,30877.8,30675
2322,4641,30947.8,30665.6
2323,4754,30974.7,30673.9
2324,4640,30947.8,30508.1
2325,4559,30931.9,30525
2326,4544,30929.2,30533.6
2327,4651,30950,30566.7
2328,4732,30968.3,30634.2
2329,4599,30938.6,30657.8
2330,4660,30951.4,30694.4
2331,4612,30941.7,30712.5
2332,4771,30979.2,30728.3
2333,4755,30975,30718.1
2334,4744,30971.7,30808.9
2335,4633,30946.1,30760.6
2336,5094,31033.6,30726.7
2337,5265,31066.7,30724.4
2338,5227,31059.4,30760.3
2339,5287,31069.4,30768.3
2340,5534,31115.8,30785
2341,5561,31119.2,30825.8
2342,5444,31097.5,30791.9
2343,5761,31152.2,30850.8
2344,5729,31148.1,30854.4
2345,5671,31140,30838.1
2346,6098,31207.2,30867.8
2347,5878,31171.4,30813.6
2348,6188,31225.6,30821.1
2349,6142,31216.1,30803.6
2350,5920,31179.2,30788.9
2351,6359,31255.8,30815.3
2352,6335,31251.1,30791.7
2353,6405,31265,30821.7
2354,6759,31333.3,30933.3
2355,6783,31338.9,30930
2356,6843,31353.9,30908.9
2357,6751,31331.1,30872.2
2358,6771,31334.7,30889.4
2359,6839,31352.8,30855
2360,6818,31349.4,30842.8
2361,6540,31285.8,30935.6
2362,6690,31317.2,30963.3
2363,6494,31280,30936.4
2364,6544,31287.8,30970.3
2365,6404,31264.7,30948.9
2366,6270,31239.2,30928.9
2367,6312,31247.5,30925.6
2368,6387,31261.7,30929.4
2369,6325,31250,30933.3
2370,6198,31226.9,30942.2
2371,6009,31193.3,30917.5
2372,5940,31181.9,30905
2373,6013,31193.9,30921.7
2374,6218,31231.1,30975
2375,6458,31273.1,30936.7
2376,6454,31272.2,30974.4
2377,6347,31253.9,30940.8
2378,6264,31238.3,30945
2379,6084,31205.6,30910.8
2380,6119,31212.2,30921.7
2381,6467,31274.7,30874.7
2382,6267,31238.9,30896.4
2383,6279,31241.4,30941.1
2384,6138,31215,30891.1
2385,5993,31188.9,30876.4
2386,6048,31200,30866.7
2387,6313,31247.5,30938.6
2388,6486,31278.1,30930.8
2389,6555,31289.4,30923.6
2390,6742,31330.3,30946.4
2391,6619,31301.4,30930.8
2392,6669,31315,30936.1
2393,6640,31305.8,30913.6
2394,6493,31280,30921.9
2395,6851,31357.2,30884.4
2396,6862,31358.9,30935
2397,6833,31351.1,30932.8
2398,6895,31371.9,30954.7
2399,6882,31367.2,30958.9
2400,6885,31368.9,30968.9
2401,6939,31391.4,30963.9
2402,7040,31456.9,31025
2403,6996,31418.1,30991.4
2404,6992,31414.4,30996.7
2405,6958,31401.1,30971.4
2406,6789,31340.6,30993.3
2407,6898,31372.5,30997.2
2408,6890,31370.8,31037.5
2409,6679,31316.7,31150
2410,6662,31311.4,31155.8
2411,6835,31351.4,31123.6
2412,6606,31300,31116.7
2413,6514,31283.3,31116.7
2414,6420,31266.7,31115.3
2415,6085,31205.6,31034.7
2416,5477,31101.7,30996.9
2417,5546,31116.7,30979.7
2418,5814,31162.2,30961.9
2419,5930,31180.3,30952.2
2420,6127,31213.3,30953.9
2421,6090,31206.7,30950.3
2422,6117,31211.4,31051.9
2423,5685,31141.7,31105.6
2424,5644,31134.7,31077.8
2425,5673,31140.3,31105.6
2426,5694,31143.1,31091.7
2427,5757,31151.4,31051.4
2428,5765,31152.8,31052.8
2429,5865,31169.4,31006.9
2430,5764,31152.8,31008.3
2431,5672,31140.3,31070.8
2432,5642,31134.2,31056.9
2433,5510,31109.4,31073.3
2434,5398,31087.5,31059.7
2435,5600,31127.5,31034.2
2436,5816,31162.5,31015.3
2437,5585,31124.2,30981.4
2438,5680,31141.1,31038.1
2439,5601,31127.5,31094.4
2440,5377,31083.3,31150
2441,5290,31069.4,31083.3
2442,5469,31100,31083.3
2443,5346,31079.4,31074.4
2444,4825,30990,31094.4
2445,4888,31002.5,31101.7
2446,4912,31007.2,31100.8
2447,5040,31026.1,31096.4
2448,5081,31033.3,31100
2449,5215,31057.5,31093.1
2450,4957,31014.7,31066.4
2451,3933,30810.3,30995
2452,4054,30833.3,31000
2453,3815,30789.4,31068.3
2454,3111,30633.3,31050
2455,3212,30658.3,31004.7
2456,3234,30666.7,31016.7
2457,3110,30633.3,30933.3
2458,3143,30638.6,30933.1
2459,2977,30591.9,31000
2460,2999,30600,31050
2461,2888,30566.7,31050
2462,2914,30568.3,31031.1
2463,2779,30537.2,31015
2464,2775,30536.7,30974.7
2465,2883,30563.1,30963.6
2466,2737,30528.6,30923.3
2467,2872,30557.8,30838.6
2468,2921,30570.8,30848.6
2469,2649,30502.8,30850.3
2470,2647,30502.5,30826.1
2471,2855,30551.9,30759.2
2472,2743,30530.3,30792.5
2473,2525,30466.7,30800
2474,2445,30433.3,30833.3
2475,2482,30450,30850
2476,2528,30466.7,30883.3
2477,2446,30433.3,30900
2478,2254,30333.3,30950
2479,2343,30383.3,30983.3
2480,2392,30406.7,31022.2
2481,2260,30335.6,31052.5
2482,2323,30373.3,31070.8
2483,2272,30343.3,31069.7
2484,2264,30339.2,31094.7
2485,2372,30400,31000
2486,2326,30374.7,31017.5
2487,2371,30400,30983.3
2488,2509,30458.1,31000.6
2489,2669,30507.2,30964.7
2490,2719,30522.8,30977.2
2491,2772,30534.4,30946.9
2492,2645,30501.9,30925.6
2493,2483,30450,30883.3
2494,2632,30499.7,30919.4
2495,2447,30433.3,30966.7
2496,2529,30466.7,30900
2497,2527,30466.7,30850
2498,2576,30483.3,30883.3
2499,2410,30416.7,30850
2500,2413,30416.7,30933.3
2501,2313,30366.7,30933.3
2502,2341,30383.3,30916.7
2503,2411,30416.7,30883.3
2504,2370,30400,30883.3
2505,2678,30512.5,30946.9
2506,2830,30550,30966.7
2507,2924,30574.2,30956.9
2508,2829,30550,30933.3
2509,3083,30621.9,30902.2
2510,3048,30616.7,30895
2511,3122,30633.6,30740.8
2512,3137,30637.5,30705.6
2513,3383,30699.4,30693.1
2514,3801,30785.6,30759.7
2515,3793,30783.6,30704.2
2516,3954,30815,30768.9
2517,4259,30876.7,30740.6
2518,4282,30881.7,30690.6
2519,4523,30922.5,30676.1
2520,4450,30910.3,30661.1
2521,4597,30938.3,30702.2
2522,4590,30935.6,30728.9
2523,4681,30956.9,30684.7
2524,4515,30920.8,30653.3
2525,4399,30900.3,30655.6
2526,4666,30954.2,30733.6
2527,4230,30869.7,30702.2
2528,4476,30915,30735.8
2529,4410,30902.5,30773.1
2530,4242,30872.8,30743.1
2531,4246,30874.2,30748.1
2532,4087,30839.4,30722.2
2533,4093,30841.4,30675
2534,4433,30906.9,30548.1
2535,4560,30931.9,30537.5
2536,4707,30964.7,30529.2
2537,4710,30966.1,30530.3
2538,4831,30991.4,30570
2539,4680,30956.9,30618.1
2540,4593,30936.4,30668.1
2541,4502,30918.1,30620.8
2542,4198,30865.3,30617.2
2543,4232,30870,30693.1
2544,4018,30825.8,30665
2545,3932,30810.3,30686.4
2546,4210,30866.7,30683.3
2547,4081,30836.9,30655
2548,4251,30875.6,30644.4
2549,4313,30884.7,30587.5
2550,4014,30824.7,30559.2
2551,3850,30796.9,30589.4
2552,3561,30733.6,30556.7
2553,3527,30729.2,30391.7
2554,3792,30783.6,30400.8
2555,3464,30716.7,30352.8
2556,3335,30688.9,30375
2557,3109,30633.3,30383.3
2558,3407,30705.6,30308.3
2559,3492,30719.4,30250.6
2560,3374,30697.2,30231.9
2561,3580,30738.9,30251.4
2562,3636,30750,30333.3
2563,3710,30765.6,30291.4
2564,3888,30802.5,30277.5
2565,4227,30868.6,30210.8
2566,4233,30870.6,30198.6
2567,4124,30849.4,30179.4
2568,4257,30876.7,30163.6
2569,4163,30858.6,30152.2
2570,4340,30891.7,30120.3
2571,4650,30950,30066.7
2572,4602,30938.9,30083.1
2573,4989,31017.5,30049.2
2574,5233,31060.3,30068.3
2575,5364,31083.3,30116.7
2576,5542,31116.7,30150
2577,5258,31066.7,30216.7
2578,5184,31050.3,30191.1
2579,5315,31073.6,30195.8
2580,5173,31050,30200
2581,5365,31083.3,30150
2582,5461,31100,30150
2583,5497,31106.9,30183.9
2584,5435,31094.2,30142.5
2585,5541,31116.7,30116.7
2586,5568,31120.3,30125.8
2587,5667,31139.7,30129.2
2588,5948,31183.3,30167.8
2589,5939,31181.7,30170.8
2590,5754,31150.6,30168.1
2591,5627,31133.3,30183.3
2592,5657,31138.1,30178.1
2593,5366,31083.3,30200
2594,5330,31076.4,30212.2
2595,5367,31083.3,30250
2596,5768,31153.3,30275.3
2597,5511,31110,30336.4
2598,5368,31083.3,30316.7
2599,5151,31045.6,30346.1
2600,4798,30984.2,30375.8
2601,4941,31012.2,30389.2
2602,4843,30995.3,30336.7
2603,5223,31058.9,30323.6
2604,5119,31039.2,30360.8
2605,5197,31053.1,30342.8
2606,5209,31055.8,30357.5
2607,5314,31073.3,30263.6
2608,5261,31066.7,30300
2609,5049,31028.1,30305.6
2610,5005,31020.3,30289.2
2611,4731,30968.1,30292.2
2612,4686,30958.3,30283.3
2613,4471,30913.9,30281.7
2614,4389,30900,30266.7
2615,4648,30949.7,30185
2616,4785,30983.3,30183.3
2617,4816,30987.8,30175.6
2618,4577,30933.3,30116.7
2619,4509,30919.4,30135.8
2620,4274,30880,30271.4
2621,4489,30916.7,30266.7
2622,4578,30933.3,30216.1
2623,4932,31010.8,30192.5
2624,4616,30941.9,30108.3
2625,4569,30933.1,30139.2
2626,4687,30959.4,30152.8
2627,4739,30971.1,30173.6
2628,4488,30916.7,30200
2629,4540,30928.3,30183.3
2630,4439,30908.3,30177.5
2631,4373,30898.9,30230.3
2632,4504,30918.3,30230.3
2633,4387,30900,30216.7
2634,4388,30900,30250
2635,4462,30912.8,30249.4
2636,4463,30912.8,30290.6
2637,4258,30876.7,30308.6
2638,4943,31012.5,30329.7
2639,4995,31018.6,30338.9
2640,4909,31006.9,30219.7
2641,4838,30993.6,30198.6
2642,5148,31045.3,30170.8
2643,5077,31033.3,30242.2
2644,5031,31024.2,30206.7
2645,4870,31000,30250
2646,4853,30997.2,30273.3
2647,4712,30966.4,30249.2
2648,5078,31033.3,30266.7
2649,5174,31050,30233.3
2650,5110,31037.2,30267.5
2651,5034,31025,30270.6
2652,4971,31016.7,30283.3
2653,4664,30953.3,30324.4
2654,4891,31003.3,30312.5
2655,5278,31067.8,30281.7
2656,5260,31066.7,30283.3
2657,5463,31100,30250
2658,5259,31066.7,30266.7
2659,5798,31158.6,30254.4
2660,5977,31185.8,30253.1
2661,5545,31116.7,30266.7
2662,5489,31104.2,30299.4
2663,5464,31100,30300
2664,5629,31133.3,30316.7
2665,5740,31150,30333.3
2666,5961,31183.9,30335.6
2667,5972,31185.3,30340
2668,6041,31198.3,30325.6
2669,6291,31243.1,30347.2
2670,6384,31260.3,30407.2
2671,6488,31278.9,30435
2672,6536,31285,30463.3
2673,6410,31265.6,30476.1
2674,6323,31250,30466.7
2675,6362,31256.7,30465.6
2676,6430,31267.5,30464.7
2677,6892,31371.4,30498.1
2678,6887,31370.3,30525.6
2679,6893,31371.7,30451.1
2680,6703,31321.1,30431.4
2681,6786,31340,30458.9
2682,6757,31332.2,30601.7
2683,6845,31354.7,30627.5
2684,6770,31334.7,30625.8
2685,6822,31350,30616.7
2686,6725,31326.9,30555.3
2687,6781,31338.6,30536.9
2688,6779,31337.8,30549.2
2689,6918,31379.2,30546.4
2690,6724,31326.7,30585.8
2691,6710,31323.6,30577.8
2692,6733,31328.6,30625.6
2693,6743,31330.6,30642.5
2694,6456,31273.1,30664.7
2695,6445,31270.8,30679.2
2696,6538,31285.3,30657.5
2697,6716,31325,30620
2698,6512,31283.3,30650
2699,6668,31313.6,30625.3
2700,6648,31307.8,30555
2701,6689,31316.9,30522.8
2702,6773,31335.3,30511.9
2703,6841,31353.6,30484.4
2704,6598,31298.9,30579.4
2705,6396,31262.8,30581.1
2706,6319,31249.2,30555.8
2707,6317,31248.9,30493.6
2708,6354,31255,30466.7
2709,5971,31185,30489.7
2710,6100,31207.8,30512.2
2711,6462,31273.6,30612.5
2712,6511,31283.3,30616.7
2713,6380,31259.4,30616.7
2714,6601,31300,30600
2715,6501,31281.1,30608.1
2716,6397,31262.8,30594.2
2717,6602,31300,30616.7
2718,6649,31308.3,30614.4
2719,6667,31313.6,30614.7
2720,6275,31240.3,30553.6
2721,5997,31189.4,30516.1
2722,6374,31258.6,30515
2723,6304,31246.1,30493.3
2724,6813,31348.6,30506.9
2725,6659,31311.1,30524.7
2726,6866,31360,30486.7
2727,6658,31310.6,30428.3
2728,6479,31276.7,30433.9
2729,6429,31267.5,30436.4
2730,6620,31301.7,30434.7
2731,6633,31304.4,30420.3
2732,6318,31249.2,30450
2733,6395,31262.8,30416.4
2734,6821,31350,30483.3
2735,6812,31348.6,30456.9
2736,6928,31383.1,30491.7
2737,6673,31316.7,30488.3
2738,6431,31267.5,30480.6
2739,6427,31266.9,30491.4
2740,6563,31291.9,30483.6
2741,6572,31293.6,30512.5
2742,6011,31193.9,30422.8
2743,6120,31212.5,30409.4
2744,6107,31208.9,30396.7
2745,6223,31232.8,30376.4
2746,6352,31254.7,30406.7
2747,6201,31227.8,30414.2
2748,6693,31318.1,30396.9
2749,6692,31317.8,30454.2
2750,6674,31316.7,30508.1
2751,6503,31281.4,30490
2752,6115,31210.6,30498.6
2753,5978,31185.8,30519.2
2754,5804,31160.8,30462.2
2755,5578,31123.6,30483.3
2756,5662,31138.9,30571.9
2757,5481,31102.8,30584.4
2758,5285,31068.6,30555.3
2759,5429,31093.1,30596.7
2760,5441,31097.2,30576.1
2761,5476,31101.4,30547.5
2762,5254,31066.1,30478.9
2763,5015,31021.4,30432.8
2764,5299,31070.6,30406.1
2765,5371,31083.3,30416.7
2766,5767,31153.1,30383.1
2767,5649,31136.1,30348.6
2768,5733,31148.9,30359.7
2769,5273,31066.9,30298.9
2770,5142,31043.3,30284.2
2771,4973,31016.7,30316.7
2772,5024,31023.3,30338.3
2773,5160,31047.8,30424.4
2774,5079,31033.3,30466.7
2775,4822,30989.2,30433.6
2776,4531,30925,30476.7
2777,4454,30910.8,30476.4
2778,4579,30933.3,30483.3
2779,4268,30879.2,30519.4
2780,4479,30915.3,30541.1
2781,3856,30798.3,30519.4
2782,3931,30810.3,30660.8
2783,3825,30791.1,30618.6
2784,3806,30787.5,30632.8
2785,3767,30780.8,30647.8
2786,3980,30817.2,30598.1
2787,4102,30844.4,30626.7
2788,4095,30841.9,30677.2
2789,4030,30827.8,30636.1
2790,4010,30824.2,30633.6
2791,4026,30827.5,30624.7
2792,4144,30853.3,30610.3
2793,4129,30850,30594.7
2794,4408,30902.2,30641.4
2795,4557,30931.7,30656.1
2796,4611,30941.7,30678.9
2797,4694,30960.3,30679.4
2798,4770,30978.6,30673.6
2799,4773,30980.6,30672.2
2800,4338,30891.4,30611.7
2801,4352,30893.9,30593.9
2802,4416,30903.9,30590.6
2803,4402,30901.1,30593.1
2804,4200,30866.1,30574.2
2805,4234,30870.8,30570.8
2806,4442,30909.2,30516.9
2807,4510,30919.4,30508.3
2808,4478,30915.3,30496.1
2809,4753,30974.7,30476.4
2810,4800,30984.7,30464.4
2811,4717,30966.7,30450
2812,4858,30998.3,30505.6
2813,4864,30999.2,30504.7
2814,4944,31012.5,30520
2815,4902,31005.8,30473.9
2816,4975,31016.7,30483.3
2817,4629,30945.6,30376.4
2818,4844,30995.3,30338.6
2819,4972,31016.7,30300
2820,5096,31034.2,30322.5
2821,5130,31041.1,30265.3
2822,5175,31050,30300
2823,5584,31124.2,30324.2
2824,5691,31142.8,30326.7
2825,5491,31104.4,30210
2826,5575,31122.5,30257.5
2827,5573,31121.9,30266.4
2828,5544,31116.7,30233.3
2829,5739,31150,30250
2830,5711,31145.8,30226.1
2831,5543,31116.7,30200
2832,5949,31183.3,30216.7
2833,5737,31149.7,30243.9
2834,5628,31133.3,30250
2835,5612,31129.2,30198.3
2836,6099,31207.8,30113.6
2837,6199,31227.5,30035
2838,6290,31243.1,30019.2
2839,6227,31233.3,30000
2840,6213,31230,29970.6
2841,6287,31242.8,30049.4
2842,6415,31266.7,30000
2843,6361,31256.7,29986.4
2844,6208,31229.2,30019.2
2845,5914,31178.6,30027.5
2846,6144,31216.7,30033.3
2847,6058,31200.3,29985.8
2848,6034,31197.2,30014.7
2849,6207,31229.2,29984.4
2850,6197,31226.9,29952.5
2851,6448,31271.4,30044.2
2852,6338,31251.9,30028.1
2853,6082,31205.6,30030.3
2854,6005,31191.9,30085.6
2855,6112,31209.4,30109.7
2856,6145,31216.7,30116.7
2857,5924,31179.4,30154.7
2858,6068,31202.5,30026.9
2859,6046,31200,30033.3
2860,6075,31203.6,30037.5
2861,6030,31196.4,30056.7
2862,5876,31171.1,30103.6
2863,5960,31183.6,30099.7
2864,5975,31185.6,30114.2
2865,5788,31157.5,30118.1
2866,5647,31135.3,30101.7
2867,5625,31133.3,30116.7
2868,5716,31146.9,30108.6
2869,5715,31146.9,30096.4
2870,6016,31194.4,30079.7
2871,6031,31196.7,30097.5
2872,5909,31177.2,30185.3
2873,5823,31163.1,30179.2
2874,5998,31189.7,30208.3
2875,5970,31185,30273.3
2876,6636,31305.6,30299.2
2877,6547,31288.3,30276.4
2878,6500,31281.1,30232.5
2879,6417,31266.7,30233.3
2880,6426,31266.9,30202.2
2881,6435,31269.2,30212.2
2882,6379,31259.4,30148.9
2883,6024,31195.8,30161.4
2884,6169,31221.4,30129.7
2885,5626,31133.3,30133.3
2886,5460,31100,30083.3
2887,5413,31089.7,30088.9
2888,5298,31070.3,30075.8
2889,5166,31049.2,30088.3
2890,5165,31049.2,30069.4
2891,4764,30977.5,30055
2892,5499,31107.5,30021.7
2893,5458,31100,30016.7
2894,5459,31100,30050
2895,5249,31065,30132.2
2896,5577,31123.3,30150
2897,5486,31103.6,30171.1
2898,5172,31050,30166.7
2899,5206,31055.3,30220
2900,6022,31195.6,30398.6
2901,5872,31170.6,30440.8
2902,5465,31100,30350
2903,5370,31083.3,30366.7
2904,5572,31121.7,30375.8
2905,5594,31126.1,30461.1
2906,5630,31133.3,30450
2907,5741,31150,30466.7
2908,5372,31083.3,30433.3
2909,5433,31093.3,30414.7
2910,5487,31103.6,30478.1
2911,5532,31115,30474.4
2912,5373,31083.3,30450
2913,4974,31016.7,30416.7
2914,5248,31064.7,30458.6
2915,5137,31041.9,30501.7
2916,5176,31050,30508.1
2917,5423,31090.8,30573.1
2918,5351,31080.8,30564.2
2919,5447,31098.3,30570.3
2920,5512,31110.6,30565.3
2921,5263,31066.7,30585.6
2922,5558,31118.3,30534.4
2923,5522,31113.1,30590.6
2924,5407,31088.6,30589.7
2925,5164,31048.3,30668.9
2926,4942,31012.2,30653.9
2927,4854,30997.2,30640.6
2928,5044,31026.7,30606.1
2929,5152,31045.8,30594.2
2930,4841,30995,30621.7
2931,5111,31037.8,30624.2
2932,5240,31063.6,30590.3
2933,4999,31019.4,30581.1
2934,4949,31013.6,30548.3
2935,4793,30983.6,30550.3
2936,4907,31006.7,30618.9
2937,4947,31013.1,30617.5
2938,5192,31052.5,30592.2
2939,4997,31018.9,30597.5
2940,4935,31011.4,30598.3
2941,5300,31070.6,30546.1
2942,5467,31100,30583.3
2943,5579,31123.6,30602.5
2944,5519,31112.2,30662.5
2945,5777,31156.1,30634.4
2946,5655,31137.5,30617.8
2947,5759,31151.7,30526.7
2948,5825,31163.6,30525.3
2949,5803,31160.6,30558.9
2950,5867,31169.7,30595.8
2951,5704,31145,30558.3
2952,5668,31139.7,30539.4
2953,5565,31119.7,30513.1
2954,5492,31105,30520
2955,5414,31089.7,30532.5
2956,5415,31089.7,30563.1
2957,5115,31038.9,30501.1
2958,4988,31017.2,30539.2
2959,5027,31023.6,30543.3
2960,4924,31009.7,30563.6
2961,5276,31067.2,30568.6
2962,4926,31010,30568.9
2963,4735,30969.4,30595.8
2964,4703,30963.3,30584.2
2965,4939,31011.9,30620.8
2966,5177,31050,30564.4
2967,5025,31023.3,30553.1
2968,5122,31039.4,30516.1
2969,5051,31028.3,30523.9
2970,4872,31000,30466.7
2971,4786,30983.3,30400
2972,4950,31013.9,30422.5
2973,4688,30959.4,30385
2974,4566,30932.5,30383.9
2975,4351,30893.9,30381.9
2976,4327,30889.4,30421.7
2977,4432,30906.9,30454.7
2978,4678,30956.1,30434.2
2979,4622,30944.2,30426.1
2980,4794,30983.9,30426.7
2981,4817,30988.1,30453.3
2982,4871,31000,30450
2983,4718,30966.7,30466.7
2984,4605,30939.2,30443.3
2985,4644,30948.9,30460.3
2986,4490,30916.7,30383.3
2987,4592,30936.4,30430
2988,4556,30931.7,30505.3
2989,4390,30900,30483.3
2990,4426,30905.6,30514.4
2991,4514,30920.8,30556.9
2992,4501,30918.1,30568.1
2993,4521,30922.2,30558.6
2994,4906,31006.7,30606.9
2995,4839,30993.6,30584.7
2996,4491,30916.7,30583.3
2997,4553,30930.8,30537.5
2998,4458,30911.7,30544.4
2999,4403,30901.4,30539.4
3000,4512,30919.4,30580.6
3001,4526,30923.6,30573.6
3002,4608,30940.3,30615.3
3003,4659,30950.6,30611.9
3004,4809,30986.1,30595
3005,4693,30960,30641.1
3006,4811,30986.9,30684.7
3007,4861,30998.6,30710.3
3008,4945,31012.5,30705.3
3009,4805,30985.3,30718.1
3010,5039,31026.1,30693.1
3011,5297,31069.7,30751.9
3012,5416,31090,30743.6
3013,5576,31122.5,30812.8
3014,5608,31128.6,30811.4
3015,5419,31090.3,30830.3
3016,5190,31052.2,30699.7
3017,5357,31082.5,30707.8
3018,5412,31089.4,30701.9
3019,5327,31075,30648.6
3020,5301,31070.6,30653.1
3021,5169,31049.7,30690.3
3022,4890,31003.1,30541.1
3023,4768,30978.3,30575
3024,4691,30959.7,30566.1
3025,4749,30973.6,30520.8
3026,4542,30928.6,30520.3
3027,4511,30919.4,30532.8
3028,4851,30996.7,30527.8
3029,4967,31016.1,30517.2
3030,4860,30998.6,30504.2
3031,4959,31015.3,30542.5
3032,5231,31060,30501.4
3033,4963,31015.6,30490
3034,4682,30957.5,30479.7
3035,4663,30953.1,30539.4
3036,4481,30916.1,30536.1
3037,4532,30925,30506.9
3038,4461,30912.5,30504.7
3039,4380,30899.7,30490.3
3040,4281,30881.7,30485.8
3041,4277,30880.8,30463.3
3042,3964,30816.7,30555.6
3043,3900,30804.7,30529.7
3044,3944,30812.8,30570.8
3045,3842,30795.8,30610.6
3046,3690,30761.1,30670.8
3047,3746,30775.8,30672.8
3048,3828,30791.9,30638.6
3049,3845,30796.1,30645.8
3050,3860,30799.4,30637.5
3051,3697,30762.5,30686.1
3052,3677,30755.8,30698.9
3053,3701,30763.6,30713.6
3054,3581,30738.9,30745.8
3055,3678,30756.1,30732.8
3056,3774,30782.2,30753.6
3057,4117,30847.2,30729.4
3058,4237,30871.4,30694.2
3059,4332,30890.3,30733.6
3060,4324,30888.1,30735
3061,4239,30872.2,30674.4
3062,4378,30899.4,30667.2
3063,4652,30950,30666.7
3064,4733,30968.3,30699.7
3065,4779,30982.2,30646.4
3066,4919,31009.2,30636.9
3067,5253,31065.8,30637.8
3068,5095,31033.9,30632.8
3069,5114,31038.6,30658.1
3070,5041,31026.4,30665
3071,5402,31087.8,30599.4
3072,5710,31145.6,30577.8
3073,5552,31116.9,30572.5
3074,5834,31165.8,30542.5
3075,6064,31201.7,30571.4
3076,6103,31208.3,30561.4
3077,5755,31150.8,30556.7
3078,5340,31078.9,30541.1
3079,5439,31096.9,30532.5
3080,5618,31131.9,30559.4
3081,6069,31202.5,30547.2
3082,5973,31185.3,30532.8
3083,5466,31100,30450
3084,5986,31186.9,30453.1
3085,6074,31203.3,30433.3
3086,5929,31180,30509.2
3087,5910,31177.2,30525
3088,6006,31193.1,30566.7
3089,5554,31117.2,30627.5
3090,5919,31178.9,30625.3
3091,6124,31212.8,30623.6
3092,6664,31312.2,30683.6
3093,6062,31200.8,30702.2
3094,5974,31185.3,30736.1
3095,5828,31165,30781.1
3096,5887,31173.1,30743.6
3097,5535,31116.1,30754.4
3098,5643,31134.4,30771.7
3099,5791,31157.5,30808.9
3100,5730,31148.3,30776.9
3101,6131,31214.2,30777.5
3102,6308,31246.7,30814.7
3103,6360,31256.4,30828.1
3104,6386,31261.7,30872.2
3105,6787,31340.3,30873.6
3106,6639,31305.8,30881.1
3107,6663,31311.7,30892.5
3108,6407,31265.3,30907.5
3109,6795,31341.7,30909.2
3110,6705,31321.4,30778.3
3111,6801,31343.9,30764.7
3112,6790,31340.8,30799.2
3113,6731,31327.8,30771.7
3114,6136,31214.7,30704.7
3115,6135,31214.7,30697.5
3116,6534,31284.7,30633.1
3117,6621,31301.7,30631.1
3118,6726,31327.2,30661.9
3119,6727,31327.2,30687.8
3120,6340,31252.2,30694.2
3121,5979,31185.8,30686.7
3122,6116,31211.4,30717.2
3123,6249,31235,30784.4
3124,6040,31198.1,30722.8
3125,5877,31171.4,30729.2
3126,6017,31194.4,30734.2
3127,6175,31222.2,30699.4
3128,6341,31252.2,30698.6
3129,6246,31234.7,30657.8
3130,6483,31277.5,30635.6
3131,6262,31237.8,30626.9
3132,5790,31157.5,30705.6
3133,5603,31127.8,30695.8
3134,5944,31182.5,30592.2
3135,5926,31179.7,30645.6
3136,5789,31157.5,30678.6
3137,5886,31173.1,30709.2
3138,5727,31147.8,30687.8
3139,5836,31166.1,30697.8
3140,5665,31139.2,30768.1
3141,5616,31130.6,30756.4
3142,5607,31128.6,30774.7
3143,5717,31146.9,30756.7
3144,5829,31165,30797.2
3145,5663,31138.9,30774.7
3146,5536,31116.1,30791.9
3147,5456,31099.4,30816.7
3148,5670,31140,30681.9
3149,5995,31189.2,30662.8
3150,5896,31175.3,30650.6
3151,5902,31176.1,30639.2
3152,6059,31200.3,30603.6
3153,6192,31225.8,30603.1
3154,6452,31272.2,30588.6
3155,6510,31283.3,30566.7
3156,6793,31341.4,30639.7
3157,6817,31349.2,30688.9
3158,6805,31345,30711.9
3159,6861,31358.9,30727.2
3160,6526,31283.9,30716.9
3161,6450,31271.7,30714.4
3162,6391,31262.2,30727.2
3163,6436,31269.2,30691.1
3164,6457,31273.1,30694.2
3165,6269,31239.2,30706.7
3166,6292,31243.1,30772.5
3167,6244,31234.2,30736.7
3168,6170,31221.4,30697.2
3169,6809,31346.7,30743.3
3170,6741,31330.3,30722.5
3171,6849,31356.1,30752.2
3172,6860,31358.9,30707.2
3173,6676,31316.7,30750
3174,6691,31317.5,30747.5
3175,6657,31310.3,30737.5
3176,6750,31331.1,30741.7
3177,6830,31350.8,30746.4
3178,6823,31350,30750
3179,6837,31352.2,30764.4
3180,6785,31339.4,30744.4
3181,6728,31327.2,30747.2
3182,6711,31323.6,30730.6
3183,6784,31339.4,30735.3
3184,6508,31282.2,30690.3
3185,6565,31291.9,30690.6
3186,6590,31296.4,30724.4
3187,6453,31272.2,30762.8
3188,6451,31271.9,30787.2
3189,6310,31247.2,30797.5
3190,6000,31190.8,30850.6
3191,6293,31243.1,30838.9
3192,5901,31175.8,30850.3
3193,5726,31147.5,30843.1
3194,5792,31157.5,30832.2
3195,5783,31156.9,30834.4
3196,5653,31136.7,30866.4
3197,5434,31093.9,30855.6
3198,5484,31103.3,30831.1
3199,5666,31139.2,30841.4
3200,6549,31288.6,30796.9
3201,6441,31270,30827.8
3202,6388,31261.9,30835.8
3203,6460,31273.3,30832.5
3204,6513,31283.3,30750
3205,6660,31311.1,30773.1
3206,6672,31315.8,30797.8
3207,6734,31328.6,30858.9
3208,6831,31350.8,30867.5
3209,6708,31323.1,30933.3
3210,6752,31331.1,30929.2
3211,6162,31218.1,31026.4
3212,6235,31233.3,31075
3213,6182,31225,31115.3
3214,6255,31236.1,31125
3215,6236,31233.3,31116.7
3216,6327,31250,31100
3217,6465,31273.6,31127.8
3218,6284,31241.7,31163.9
3219,6342,31252.8,31168.1
3220,6438,31269.4,31147.2
3221,6505,31281.9,31166.7
3222,6343,31252.8,31175
3223,6401,31263.9,31211.1
3224,6209,31229.2,31230.6
3225,6214,31230.6,31209.7
3226,6301,31245.8,31190.3
3227,6237,31233.3,31166.7
3228,6263,31238.1,31092.5
3229,5952,31183.3,31133.3
3230,5892,31175,31129.2
3231,5633,31133.3,31100
3232,5795,31158.3,31129.2
3233,5922,31179.2,31084.7
3234,5684,31141.7,31098.6
3235,5712,31145.8,31100
3236,5632,31133.3,31083.3
3237,6087,31206.1,31037.8
3238,6150,31216.7,31033.3
3239,6042,31198.6,31036.1
3240,6193,31226.4,31038.9
3241,6181,31225,31063.9
3242,6071,31202.8,31106.9
3243,6356,31255.6,31147.2
3244,6283,31241.7,31150
3245,6108,31208.9,31155.8
3246,6102,31207.8,31161.1
3247,6364,31256.9,31123.6
3248,6721,31326.4,31119.4
3249,6650,31308.3,31123.6
3250,6499,31280.8,31165.3
3251,6408,31265.3,31180.6
3252,6297,31244.4,31162.5
3253,6003,31191.7,31104.2
3254,5923,31179.2,31093.1
3255,6149,31216.7,30950
3256,5857,31167.2,30887.2
3257,6089,31206.7,30932.8
3258,6189,31225.6,30951.4
3259,6234,31233.3,30950
3260,6254,31236.1,30946.4
3261,6326,31250,30950
3262,6385,31260.3,30961.1
3263,6080,31204.7,30972.8
3264,6001,31191.1,30949.7
3265,6061,31200.6,30963.9
3266,6091,31206.7,30964.2
3267,6114,31210.3,30942.2
3268,6101,31207.8,30996.1
3269,5835,31165.8,30953.9
3270,5701,31144.4,30968.3
3271,5485,31103.3,30983.3
3272,5743,31150,31000
3273,5946,31182.8,30995.8
3274,5927,31179.7,31017.2
3275,5774,31154.2,31000
3276,6642,31306.9,31006.9
3277,6697,31319.4,31025
3278,6475,31276.4,31012.5
3279,5951,31183.3,31033.3
3280,6026,31195.8,31025
3281,5845,31166.7,31016.7
3282,5772,31153.9,30997.2
3283,6033,31196.9,30986.1
3284,5903,31176.1,30977.5
3285,5838,31166.4,30993.6
3286,6025,31195.8,31009.7
3287,6010,31193.6,30992.2
3288,5992,31188.6,30936.4
3289,5859,31167.8,30913.1
3290,5980,31185.8,30924.2
3291,5718,31147.2,30952.2
3292,5950,31183.3,30983.3
3293,5844,31166.7,30983.3
3294,6176,31222.2,30967.5
3295,6414,31266.1,30915.8
3296,6634,31304.4,30852.8
3297,6484,31277.5,30846.1
3298,6398,31263.1,30850.3
3299,6339,31251.9,30870.8
3300,6049,31200,30933.3
3301,5606,31128.3,30869.2
3302,5742,31150,30900
3303,5683,31141.7,30900.6
3304,5427,31091.9,30897.8
3305,5395,31086.7,30946.9
3306,5126,31040.3,30971.4
3307,5496,31105.8,30983.3
3308,5277,31067.5,30934.4
3309,5281,31068.1,30949.4
3310,5516,31111.4,30936.4
3311,5155,31047.2,30936.4
3312,5200,31053.6,30940.3
3313,5232,31060,30912.5
3314,5455,31099.2,30900
3315,5138,31041.9,30886.1
3316,4879,31000.8,30865.3
3317,5023,31022.8,30873.3
3318,5072,31032.8,30886.1
3319,4937,31011.7,30838.1
3320,4734,30968.6,30850.8
3321,4319,30887.5,30863.9
3322,4409,30902.2,30889.4
3323,4417,30903.9,30965
3324,4519,30921.4,30860.3
3325,4459,30911.7,30894.7
3326,4240,30872.2,30874.4
3327,4236,30871.1,30827.2
3328,4158,30856.7,30855.3
3329,4138,30850.6,30901.9
3330,4247,30874.2,30908.6
3331,4118,30847.8,30934.2
3332,3919,30807.2,30960.3
3333,3914,30806.7,30973.6
3334,3745,30775.3,31038.6
3335,3596,30740.8,31068.9
3336,3361,30694.2,31123.1
3337,3283,30678.1,31033.1
3338,3299,30681.9,30947.5
3339,3027,30606.1,31003.1
3340,2728,30524.4,30995
3341,2532,30466.7,31000
3342,2521,30465,31030.6
3343,2560,30476.1,31035.8
3344,2630,30498.9,31070
3345,2661,30505.8,31103.1
3346,2594,30487.5,31106.4
3347,2345,30383.3,31166.7
3348,2295,30359.4,31182.8
3349,2397,30410.8,31171.1
3350,2384,30401.9,31202.5
3351,2359,30389.7,31145.3
3352,2299,30361.9,31150.6
3353,2303,30363.6,31137.2
3354,2533,30466.7,31183.3
3355,2362,30391.9,31172.5
3356,2387,30404.2,31133.6
3357,2344,30383.3,31114.2
3358,2302,30363.3,31101.4
3359,2358,30388.3,31092.5
3360,2463,30440.3,31155.3
3361,2895,30566.7,31216.7
3362,3043,30613.9,31318.1
3363,3093,30626.4,31319.7
3364,3215,30658.9,31415
3365,3180,30650,31416.7
3366,3118,30633.3,31408.3
3367,2780,30537.2,31381.7
3368,2550,30470,31218.3
3369,2754,30533.3,31233.3
3370,2936,30578.9,31219.7
3371,3230,30665,31235.3
3372,3054,30616.7,31280.6
3373,2794,30541.7,31330.6
3374,2930,30575.8,31335
3375,2755,30533.3,31350
3376,2636,30500,31383.3
3377,2519,30463.3,31394.2
3378,2536,30466.7,31400
3379,2686,30514.4,31456.4
3380,2857,30552.8,31485.8
3381,2884,30563.9,31470.8
3382,3057,30616.7,31475
3383,3145,30638.9,31462.5
3384,3185,30650.3,31499.7
3385,3172,30649.2,31526.7
3386,3396,30700.3,31533.3
3387,3435,30711.1,31571.4
3388,3718,30766.7,31533.6
3389,3808,30788.1,31532.2
3390,3683,30757.5,31505
3391,3219,30661.1,31529.7
3392,3094,30626.4,31507.5
3393,3182,30650,31488.9
3394,3181,30650,31466.7
3395,3250,30666.9,31516.4
3396,3199,30653.9,31537.5
3397,3319,30683.6,31516.4
3398,3417,30707.8,31525.6
3399,3879,30800.6,31532.8
3400,4243,30873.3,31569.2
3401,3897,30803.3,31578.9
3402,3854,30797.8,31528.9
3403,4354,30894.2,31557.8
3404,4273,30879.7,31538.1
3405,4078,30836.1,31538.1
3406,3880,30800.6,31535.6
3407,3787,30783.3,31583.3
3408,3555,30733.3,31566.7
3409,3595,30740.6,31568.6
3410,3593,30740,31532.2
3411,3553,30733.3,31491.7
3412,3552,30733.3,31466.7
3413,3656,30750.8,31458.6
3414,3709,30765.3,31481.9
3415,3646,30750,31515.8
3416,3632,30748.6,31522.5
3417,3744,30775,31500
3418,3592,30739.7,31504.2
3419,3564,30733.9,31513.6
3420,3611,30745.6,31507.2
3421,3542,30731.9,31390.3
3422,3617,30746.4,31395.8
3423,3240,30666.7,31316.7
3424,3231,30665.3,31283.3
3425,3309,30683.3,31290.3
3426,3308,30683.3,31283.3
3427,3334,30688.1,31310
3428,3241,30666.7,31350
3429,3310,30683.3,31347.2
3430,3389,30700,31350
3431,3601,30741.7,31372.2
3432,3550,30733.3,31381.9
3433,3551,30733.3,31388.9
3434,3519,30726.4,31416.7
3435,3539,30730.6,31426.4
3436,3541,30731.7,31417.2
3437,3345,30690.6,31382.8
3438,3242,30666.7,31366.7
3439,3116,30633.3,31316.7
3440,2902,30566.7,31383.3
3441,2913,30567.8,31305.3
3442,2833,30550,31300
3443,2834,30550,31316.7
3444,2822,30547.5,31311.9
3445,2749,30532.5,31363.6
3446,2503,30455,31364.2
3447,2418,30416.7,31316.7
3448,2416,30416.7,31283.3
3449,2535,30466.7,31300
3450,2497,30452.8,31227.5
3451,2648,30502.5,31216.1
3452,2859,30553.9,31202.2
3453,3051,30616.7,31183.3
3454,3113,30633.3,31183.3
3455,3167,30647.5,31153.9
3456,3176,30650,31200
3457,3178,30650,31233.3
3458,3090,30625,31275
3459,3037,30611.1,31254.7
3460,3025,30605.3,31265.3
3461,2969,30589.4,31268.6
3462,3076,30619.4,31261.7
3463,2860,30553.9,31255.8
3464,2898,30566.7,31283.3
3465,2949,30583.3,31300
3466,2900,30566.7,31316.7
3467,2861,30553.9,31302.8
3468,2792,30540.3,31275
3469,2787,30538.9,31278.9
3470,3346,30690.8,31183.9
3471,3258,30669.4,31176.1
3472,3440,30712.5,31109.7
3473,3467,30716.7,31116.7
3474,3548,30733.3,31066.7
3475,3400,30701.4,31109.7
3476,3193,30652.2,31114.2
3477,2989,30596.9,31071.9
3478,2988,30596.7,31055
3479,3045,30615.6,31115.3
3480,3108,30633.1,31121.9
3481,3000,30600,31146.1
3482,3001,30600,31150
3483,2831,30550,31066.7
3484,2803,30544.2,31043.3
3485,2443,30431.7,31081.1
3486,2455,30435,31089.2
3487,2472,30445.6,31089.2
3488,2670,30510,31022.8
3489,2688,30516.7,31016.7
3490,2960,30583.9,30959.7
3491,2551,30470.8,31086.9
3492,2505,30455.8,31095
3493,2590,30485.6,31087.5
3494,2549,30470,31068.6
3495,2799,30543.3,31136.9
3496,2753,30533.3,31150
3497,2694,30516.7,31183.3
3498,2567,30478.9,31231.9
3499,2598,30489.7,31178.9
3500,2402,30415,31214.7
3501,2439,30429.7,31206.7
3502,2329,30378.9,31189.7
3503,2333,30380.8,31160
3504,2246,30327.8,31170.3
3505,2172,30268.3,31138.3
3506,2154,30254.2,31088.9
3507,2118,30218.9,31027.8
3508,2138,30235.6,31012.2
3509,2160,30257.5,31032.8
3510,2131,30233.3,31000
3511,2167,30266.7,31000
3512,2120,30220.3,30969.4
3513,2192,30286.9,31013.9
3514,2203,30300,30950
3515,2204,30300,30966.7
3516,2202,30300,30933.3
3517,2225,30316.7,30850
3518,2250,30333.3,30800
3519,2279,30350,30816.7
3520,2226,30316.7,30883.3
3521,2184,30283.3,30916.7
3522,2165,30266.7,30900
3523,2252,30333.3,30883.3
3524,2280,30350,30866.7
3525,2253,30333.3,30900
3526,2251,30333.3,30850
3527,2339,30383.3,30833.3
3528,2369,30400,30833.3
3529,2311,30366.7,30850
3530,2340,30383.3,30883.3
3531,2312,30366.7,30866.7
3532,2281,30350,30900
3533,2227,30316.7,30900
3534,2166,30266.7,30933.3
3535,2283,30350,30966.7
3536,2228,30316.7,30916.7
3537,2320,30369.4,31011.4
3538,2284,30350,31000
3539,2398,30411.4,31004.7
3540,2435,30428.1,31075
3541,2597,30489.4,31127.8
3542,2479,30449.4,31137.5
3543,2628,30498.6,31228.6
3544,2697,30516.7,31233.3
3545,2581,30483.3,31316.7
3546,2687,30515.8,31334.4
3547,2635,30500,31350
3548,2608,30491.7,31382.5
3549,2776,30536.7,31381.9
3550,2870,30556.9,31380.6
3551,2756,30533.3,31366.7
3552,2757,30533.3,31383.3
3553,2713,30520.3,31399.2
3554,2984,30594.4,31433.3
3555,2903,30566.7,31401.9
3556,3105,30631.9,31423.6
3557,3055,30616.7,31350
3558,3104,30631.9,31358.3
3559,3115,30633.3,31300
3560,2673,30510.8,31278.3
3561,2781,30537.5,31266.7
3562,2681,30513.1,31225.6
3563,2695,30516.7,31209.2
3564,2696,30516.7,31216.7
3565,2432,30424.7,31175.6
3566,2338,30382.8,31210.8
3567,2399,30413.3,31191.7
3568,2453,30433.6,31224.7
3569,2832,30550,31250
3570,3002,30600,31266.7
3571,2929,30575.8,31257.5
3572,2897,30566.7,31250
3573,2826,30549.7,31244.4
3574,2747,30531.9,31311.1
3575,2657,30504.2,31320.8
3576,2699,30516.7,31308.3
3577,2835,30550,31333.3
3578,2718,30522.5,31296.9
3579,2782,30537.8,31266.7
3580,2666,30506.7,31247.8
3581,2620,30496.4,31208.9
3582,2605,30491.1,31200
3583,2693,30516.7,31150
3584,2656,30504.2,31150
3585,2663,30506.1,31181.4
3586,2640,30500.3,31197.2
3587,2534,30466.7,31266.7
3588,2580,30483.3,31300
3589,2213,30303.9,31163.3
3590,2267,30340.3,31137.5
3591,2190,30285.3,31128.9
3592,2242,30323.6,31107.8
3593,2273,30347.2,31110.3
3594,2361,30391.4,31068.1
3595,2459,30438.6,31068.9
3596,2429,30422.5,31090.3
3597,2407,30416.1,31098.3
3598,2462,30440.3,31137.5
3599,2461,30439.7,31121.7
3600,2485,30450,31183.3
3601,2395,30408.6,31246.1
3602,2513,30460.8,31187.5
3603,2408,30416.1,31234.7
3604,2499,30453.1,31300.8
3605,2604,30490.8,31231.4
3606,2475,30447.2,31231.4
3607,2552,30472.8,31262.2
3608,2579,30483.3,31266.7
3609,2996,30599.4,31310.3
3610,2698,30516.7,31250
3611,2676,30511.1,31329.2
3612,2606,30491.4,31326.1
3613,3449,30713.9,31438.9
3614,3438,30711.9,31423.6
3615,3312,30683.3,31440.3
3616,3032,30606.9,31412.5
3617,3079,30620.6,31413.3
3618,3004,30600,31416.7
3619,3071,30618.1,31375
3620,3070,30617.8,31391.7
3621,3084,30622.2,31350
3622,3067,30617.2,31330.6
3623,3117,30633.3,31333.3
3624,3290,30679.7,31331.9
3625,3287,30679.2,31357.2
3626,3631,30748.6,31466.7
3627,3672,30754.2,31440.6
3628,3507,30722.2,31472.2
3629,3858,30799.2,31502.5
3630,4098,30843.1,31458.3
3631,4496,30916.7,31472.2
3632,4453,30910.6,31469.7
3633,4407,30901.9,31478.9
3634,4235,30870.8,31503.3
3635,4172,30859.7,31472.2
3636,4184,30862.5,31482.5
3637,4505,30918.3,31534.4
3638,4472,30913.9,31537.8
3639,4630,30945.6,31513.1
3640,4624,30944.4,31527.8
3641,4166,30859.2,31549.4
3642,4195,30865,31547.2
3643,4226,30868.3,31559.2
3644,4751,30973.6,31587.5
3645,4865,30999.2,31602.8
3646,5128,31040.3,31604.7
3647,5229,31059.4,31612.5
3648,4862,30998.6,31621.9
3649,5221,31058.3,31608.3
3650,5348,31080,31567.2
3651,5337,31077.8,31565.3
3652,5251,31065.3,31556.9
3653,5560,31118.6,31555.6
3654,5527,31113.9,31508.9
3655,5498,31106.9,31506.9
3656,6053,31200,31466.7
3657,6153,31216.7,31383.3
3658,6052,31200,31300
3659,5621,31132.5,31312.8
3660,5445,31097.8,31351.9
3661,5502,31108.1,31361.4
3662,5163,31048.1,31339.7
3663,5275,31066.9,31249.2
3664,5243,31063.6,31248.1
3665,5324,31074.7,31241.1
3666,5426,31091.7,31193.1
3667,5473,31100,31200
3668,6036,31197.2,31153.1
3669,6051,31200,31183.3
3670,6516,31283.3,31183.3
3671,6694,31318.1,31216.7
3672,6707,31322.2,31233.3
3673,6723,31326.4,31245.8
3674,6556,31289.4,31274.4
3675,6518,31283.3,31300
3676,6491,31279.2,31294.4
3677,6311,31247.2,31122.2
3678,6078,31204.2,31130.6
3679,6151,31216.7,31150
3680,6371,31258.3,31190.3
3681,6202,31227.8,31197.2
3682,6383,31259.7,31216.7
3683,6329,31250,31266.7
3684,6577,31294.4,31312.5
3685,6810,31347.2,31191.7
3686,6477,31276.4,31220.8
3687,6294,31243.1,31223.6
3688,6409,31265.3,31286.1
3689,6567,31292.2,31278.3
3690,6644,31306.9,31251.4
3691,6517,31283.3,31250
3692,6328,31250,31250
3693,6152,31216.7,31233.3
3694,6348,31254.2,31229.2
3695,6285,31241.7,31244.4
3696,5379,31083.3,31216.7
3697,5318,31073.9,31206.9
3698,5378,31083.3,31166.7
3699,5309,31072.2,31159.7
3700,5207,31055.3,31136.4
3701,4979,31016.7,31133.3
3702,4788,30983.3,31166.7
3703,4571,30933.1,31159.4
3704,4562,30931.9,31138.1
3705,4914,31008.3,31195.8
3706,4940,31011.9,31185.8
3707,4736,30969.7,31120.8
3708,4894,31004.2,31097.2
3709,4796,30983.9,31108.1
3710,4418,30903.9,31155.8
3711,4759,30976.1,31166.9
3712,4803,30984.7,31197.5
3713,4815,30987.5,31206.4
3714,5063,31030.6,31173.9
3715,5086,31033.3,31233.3
3716,5047,31026.9,31226.9
3717,5021,31022.5,31229.4
3718,5234,31060.6,31244.7
3719,5380,31083.3,31233.3
3720,5133,31041.7,31193.1
3721,5085,31033.3,31172.2
3722,5193,31052.8,31162.5
3723,5202,31054.2,31195.8
3724,5328,31075,31200.6
3725,5420,31090.3,31191.7
3726,5721,31147.2,31227.8
3727,6678,31316.7,31116.7
3728,6847,31355.6,31184.7
3729,6807,31345.8,31175
3730,6857,31358.3,31216.7
3731,6681,31316.7,31216.7
3732,6995,31416.7,31166.7
3733,6871,31362.5,31125
3734,6744,31330.6,31104.2
3735,6736,31329.2,31108.3
3736,6824,31350,31100
3737,6799,31343.1,31180.6
3738,6761,31333.3,31183.3
3739,6717,31325,31191.7
3740,6607,31300,31195.8
3741,6365,31256.9,31211.1
3742,6400,31263.9,31172.2
3743,6568,31293.1,31166.7
3744,6375,31258.6,31167.2
3745,6515,31283.3,31166.7
3746,6608,31300,31250
3747,6609,31300,31266.7
3748,6610,31300,31276.4
3749,6372,31258.3,31298.6
3750,6421,31266.7,31316.7
3751,6651,31308.3,31218.1
3752,6665,31312.5,31158.3
3753,6700,31320.6,31131.1
3754,6760,31333.3,31116.7
3755,6670,31315,31146.4
3756,6643,31306.9,31187.5
3757,6969,31404.2,31156.9
3758,6964,31402.8,31133.3
3759,6955,31400,31133.3
3760,6829,31350.3,31140
3761,6777,31337.5,31205.6
3762,6910,31377.8,31238.9
3763,6330,31250,31283.3
3764,6190,31225.6,31271.4
3765,6183,31225,31158.3
3766,6370,31258.3,31177.8
3767,6551,31288.9,31211.1
3768,6909,31377.8,31225
3769,6970,31404.2,31209.7
3770,7082,31527.8,31208.3
3771,7079,31519.4,31230.6
3772,7098,31561.9,31226.7
3773,7096,31557.8,31231.9
3774,7087,31536.1,31258.3
3775,7003,31425,31163.9
3776,6998,31419.4,31151.4
3777,7052,31473.6,31140.3
3778,7063,31498.6,31141.7
3779,7092,31543.1,31179.2
3780,7090,31542.8,31182.8
3781,7123,31581.9,31146.9
3782,7139,31590.3,31112.5
3783,7117,31579.7,31045.8
3784,7143,31591.9,31041.7
3785,7138,31588.9,30991.7
3786,7134,31585.6,31018.3
3787,7120,31581.1,31021.4
3788,7136,31586.7,31010
3789,7113,31578.1,31026.7
3790,7118,31580.3,31019.4
3791,7131,31584.7,31016.7
3792,7141,31591.7,31032.5
3793,7108,31573.1,31071.1
3794,7095,31554.4,31090.3
3795,7140,31590.8,31079.4
3796,7105,31570,31053.6
3797,7107,31572.8,31051.7
3798,7109,31573.9,31050.6
3799,7106,31572.2,31042.2
3800,7133,31585,31010.3
3801,7128,31583.3,31016.7
3802,7116,31579.2,31036.4
3803,7111,31576.9,31050.6
3804,7129,31583.3,31028.6
3805,7115,31578.3,31019.7
3806,7097,31558.3,31084.2
3807,7099,31564.2,31069.2
3808,7103,31566.7,31068.1
3809,7127,31583.3,30994.4
3810,7093,31548.6,30875
3811,7121,31581.4,31015.6
3812,7122,31581.9,31036.9
3813,7144,31592.2,31053.1
3814,7145,31592.2,31064.2
3815,7114,31578.1,31033.1
3816,7119,31580.8,31029.2
3817,7135,31586.1,30980.6
3818,7094,31554.2,30887.5
3819,7069,31506.9,30791.7
3820,7073,31512.5,30808.3
3821,7089,31538.9,30841.7
3822,7091,31543.1,30858.3
3823,7081,31526.4,30834.7
3824,7088,31537.5,30841.7
3825,7137,31587.5,30987.5
3826,7130,31583.3,31033.3
3827,7132,31584.7,31033.1
3828,7112,31577.5,31035
3829,7142,31591.7,31051.4
3830,7019,31440.3,31108.3
3831,7032,31452.8,31150
3832,7002,31425,31125
3833,6902,31374.4,31117.8
3834,6994,31416.7,31116.7
3835,6929,31383.3,31116.7
3836,6940,31391.7,31143.1
3837,7043,31462.5,31095.8
3838,7041,31461.1,31111.1
3839,7050,31469.4,31112.5
3840,7110,31576.4,31175
3841,7104,31567.8,31201.9
3842,7086,31533.3,31191.7
3843,7027,31448.6,31129.2
3844,6947,31397.2,31169.4
3845,6919,31379.2,31175
3846,6879,31366.7,31183.3
3847,6865,31359.7,31175
3848,5613,31129.2,31125
3849,5758,31151.4,31109.7
3850,5470,31100,31100
3851,5562,31119.2,31105.6
3852,5658,31138.1,31150.8
3853,5547,31116.7,31183.3
3854,5720,31147.2,31219.4
3855,5911,31177.8,31169.4
3856,5695,31143.1,31129.2
3857,5634,31133.3,31116.7
3858,5846,31166.7,31116.7
3859,5847,31166.7,31166.7
3860,5861,31168.1,31176.4
3861,6121,31212.5,31180.6
3862,5983,31186.1,31118.1
3863,5873,31170.6,31040.3
3864,5766,31152.8,31073.6
3865,5449,31098.6,31115.3
3866,5744,31150,31116.7
3867,5893,31175,31143.1
3868,6092,31206.9,31187.5
3869,5889,31174.4,31221.4
3870,5848,31166.7,31250
3871,6007,31193.1,31241.7
3872,6093,31206.9,31212.5
3873,6680,31316.7,31200
3874,6722,31326.4,31130.6
3875,6592,31297.2,31133.3
3876,6476,31276.4,31125
3877,6194,31226.4,31106.9
3878,6165,31219.4,31136.1
3879,6163,31218.1,31151.4
3880,5891,31175,31093.1
3881,5556,31118.1,31157.5
3882,5539,31116.4,31193.1
3883,5587,31125,31159.7
3884,5472,31100,31150
3885,5617,31131.1,31233.6
3886,5830,31165.3,31191.7
3887,5674,31140.3,31171.4
3888,5967,31184.7,31118.1
3889,5745,31150,31183.3
3890,5864,31168.6,31162.8
3891,5988,31187.5,31052.8
3892,6050,31200,31083.3
3893,6044,31199.7,31088.1
3894,5989,31187.5,31063.9
3895,5921,31179.2,31013.9
3896,5690,31142.2,30933.1
3897,5508,31108.9,30948.1
3898,5436,31094.2,30963.1
3899,5770,31153.3,30951.7
3900,5809,31161.7,30976.7
3901,5885,31172.8,30993.3
3902,5709,31145.3,31006.7
3903,5719,31147.2,31034.7
3904,5526,31113.9,31041.7
3905,5938,31181.4,30942.5
3906,6233,31233.3,30900
3907,6251,31235.6,30873.3
3908,6282,31241.7,30908.6
3909,6147,31216.7,30850
3910,6260,31237.2,30814.2
3911,5763,31152.5,30803.6
3912,6088,31206.7,30834.2
3913,5813,31162.2,30756.7
3914,6047,31200,30766.7
3915,6012,31193.9,30745.3
3916,5708,31145.3,30730
3917,5964,31184.2,30716.4
3918,6204,31228.1,30666.9
3919,5985,31186.7,30673.9
3920,6109,31209.2,30678.6
3921,6023,31195.6,30653.6
3922,6076,31203.9,30625
3923,6314,31247.8,30587.5
3924,6358,31255.8,30716.9
3925,6344,31253.1,30708.3
3926,6481,31277.2,30688.9
3927,6299,31244.7,30674.4
3928,6527,31283.9,30727.2
3929,6637,31305.6,30788.6
3930,6595,31297.8,30790.8
3931,6413,31266.1,30800
3932,5700,31144.4,30743.9
3933,5965,31184.7,30761.4
3934,6232,31233.3,30800
3935,6146,31216.7,30765.3
3936,5735,31149.2,30763.6
3937,5597,31127.2,30826.4
3938,5524,31113.3,30823.9
3939,5734,31148.9,30768.9
3940,5907,31176.7,30794.4
3941,6133,31214.4,30852.5
3942,5868,31169.7,30914.4
3943,5648,31135.8,30984.4
3944,5620,31132.5,30974.7
3945,5884,31172.8,30944.2
3946,6222,31232.5,30932.2
3947,6854,31357.5,30995
3948,6715,31324.7,30993.9
3949,6604,31300,30950
3950,6537,31285,30986.7
3951,6535,31284.7,31008.3
3952,6428,31266.9,30997.2
3953,6576,31294.2,30996.9
3954,6597,31298.6,31008.3
3955,6605,31300,31000
3956,6419,31266.7,31000
3957,6581,31295.3,30951.1
3958,6661,31311.1,30914.7
3959,6677,31316.7,30916.7
3960,6482,31277.2,30883.1
3961,6178,31223.3,30801.7
3962,6626,31303.3,30805.6
3963,6625,31303.3,30792.5
3964,6554,31289.4,30759.2
3965,6307,31246.4,30761.9
3966,6205,31228.6,30796.4
3967,6173,31221.9,30776.4
3968,6217,31231.1,30711.7
3969,6603,31300,30700
3970,6550,31288.9,30650.3
3971,6627,31303.6,30618.3
3972,6502,31281.1,30671.7
3973,6583,31295.8,30627.8
3974,6573,31293.6,30608.6
3975,6794,31341.7,30687.8
3976,6315,31247.8,30717.8
3977,6355,31255,30599.7
3978,6316,31248.1,30620.3
3979,6187,31225.3,30620.3
3980,6216,31231.1,30585.6
3981,6063,31201.4,30585
3982,6306,31246.4,30551.9
3983,6440,31270,30540.6
3984,6580,31295,30518.9
3985,6259,31237.2,30559.4
3986,6490,31279.2,30647.2
3987,6529,31284.4,30683.6
3988,6548,31288.3,30710.8
3989,6776,31336.9,30686.9
3990,6675,31316.7,30665.3
3991,6738,31329.4,30684.2
3992,6954,31400,30750
3993,7062,31497.2,30751.9
3994,7056,31480.3,30701.9
3995,7058,31483.3,30700
3996,7064,31499.2,30777.8
3997,6699,31320.6,30683.6
3998,6591,31296.4,30835.8
3999,6530,31284.4,30787.2
4000,6449,31271.4,30800.3
4001,6389,31261.9,30838.9
4002,6558,31290.6,30818.6
4003,6788,31340.6,30767.8
4004,6774,31336.1,30768.6
4005,6739,31329.4,30786.9
4006,6868,31361.1,30795.8
4007,6740,31329.4,30840.3
4008,6641,31306.4,30835
4009,6594,31297.8,30768.9
4010,6528,31283.9,30777.5
4011,6618,31301.1,30776.9
4012,6324,31250,30783.3
4013,6245,31234.4,30779.7
4014,6531,31284.4,30832.5
4015,6599,31299.7,30758.9
4016,6647,31307.5,30753.6
4017,6856,31358.1,30681.1
4018,6903,31375,30669.2
4019,6566,31292.2,30674.2
4020,6589,31296.4,30665.6
4021,6749,31331.1,30582.5
4022,6901,31374.4,30561.4
4023,6582,31295.8,30543.3
4024,6629,31303.9,30556.1
4025,6732,31328.1,30533.3
4026,6755,31331.9,30489.2
4027,6730,31327.5,30480
4028,6596,31298.6,30471.9
4029,6867,31360.3,30401.7
4030,7025,31446.9,30391.7
4031,7026,31448.6,30401.1
4032,7035,31453.9,30419.7
4033,7085,31533.3,30183.3
4034,6832,31351.1,30436.1
4035,6769,31334.7,30403.1
4036,6853,31357.5,30454.7
4037,6838,31352.8,30447.5
4038,6894,31371.7,30456.7
4039,6863,31359.2,30494.4
4040,6850,31356.7,30493.3
4041,6972,31404.4,30505
4042,6957,31400.3,30483.6
4043,6931,31385.3,30486.9
4044,6930,31384.2,30491.4
4045,6897,31372.5,30491.1
4046,6916,31378.3,30506.9
4047,6961,31401.9,30503.3
4048,6917,31378.9,30483.3
4049,7031,31451.7,30420.8
4050,7037,31456.1,30400.3
4051,7018,31440,30386.4
4052,7036,31455.3,30383.1
4053,7024,31443.3,30385
4054,6985,31412.2,30431.9
4055,6987,31413.1,30429.2
4056,6934,31386.7,30423.1
4057,6896,31372.5,30428.1
4058,6948,31397.5,30433.3
4059,6754,31331.4,30457.2
4060,6921,31380,30445.8
4061,6936,31388.3,30423.9
4062,7006,31433.1,30396.1
4063,7015,31435.8,30388.6
4064,7039,31456.7,30416.9
4065,7020,31441.1,30424.4
4066,7004,31427.5,30429.2
4067,7005,31428.9,30395
4068,6791,31341.4,30463.9
4069,6780,31338.6,30449.4
4070,6792,31341.4,30486.7
4071,6758,31332.8,30472.2
4072,6960,31401.9,30495
4073,6977,31406.4,30491.7
4074,6962,31402.5,30488.3
4075,6978,31406.9,30445
4076,6927,31382.5,30436.7
4077,6720,31326.1,30406.7
4078,6543,31287.8,30366.9
4079,6559,31290.8,30354.4
4080,6444,31270.8,30414.4
4081,6418,31266.7,30397.8
4082,6498,31280.8,30414.7
4083,6305,31246.4,30314.4
4084,6073,31203.1,30322.2
4085,5928,31180,30235.3
4086,6541,31286.7,30239.7
4087,6160,31217.2,30348.3
4088,6035,31197.2,30355.6
4089,6507,31282.2,30409.7
4090,6443,31270.6,30351.9
4091,6043,31198.9,30400
4092,6081,31205,30379.4
4093,6029,31196.1,30386.9
4094,6097,31207.2,30423.1
4095,6141,31216.1,30437.2
4096,6368,31257.5,30441.9
4097,6253,31235.8,30413.1
4098,6377,31258.9,30459.4
4099,6461,31273.6,30450
4100,6575,31294.2,30446.7
4101,6139,31215.8,30400.8
4102,6171,31221.7,30392.2
4103,5943,31182.5,30439.4
4104,6268,31239.2,30425.6
4105,6546,31288.1,30400.3
4106,6478,31276.7,30406.1
4107,6768,31334.4,30437.8
4108,6834,31351.4,30468.1
4109,6696,31318.9,30413.3
4110,6767,31333.6,30410.8
4111,6971,31404.4,30416.4
4112,7001,31425,30396.9
4113,6943,31393.1,30490.8
4114,6842,31353.9,30480.6
4115,6874,31363.9,30454.2
4116,6753,31331.4,30420.3
4117,6704,31321.4,30383.1
4118,6719,31325.6,30379.4
4119,5981,31186.1,30367.8
4120,5880,31172.5,30347.2
4121,5262,31066.7,30366.7
4122,5369,31083.3,30350
4123,5800,31159.2,30357.5
4124,5881,31172.5,30366.9
4125,5480,31102.8,30363.3
4126,5518,31111.9,30390.6
4127,5976,31185.6,30404.4
4128,5631,31133.3,30483.3
4129,6021,31195.3,30500
4130,5913,31178.3,30533.9
4131,5837,31166.4,30521.4
4132,5440,31097.2,30542.2
4133,5869,31170.3,30503.3
4134,5963,31184.2,30502.8
4135,5982,31186.1,30541.4
4136,5870,31170.3,30545.6
4137,5915,31178.6,30503.6
4138,6266,31238.9,30423.1
4139,6474,31276.4,30466.4
4140,6353,31255,30412.5
4141,6229,31233.3,30483.3
4142,6230,31233.3,30500
4143,6221,31232.2,30489.4
4144,6399,31263.6,30503.9
4145,6412,31266.1,30421.4
4146,6628,31303.9,30479.4
4147,6564,31291.9,30533.3
4148,6186,31225.3,30505.6
4149,6177,31223.1,30528.6
4150,6300,31245.6,30562.2
4151,6215,31230.8,30511.1
4152,6666,31313.3,30471.7
4153,6553,31289.4,30443.6
4154,6539,31285.8,30446.4
4155,6695,31318.6,30448.3
4156,6480,31276.9,30445
4157,6288,31242.8,30443.1
4158,6206,31228.9,30456.1
4159,6191,31225.8,30476.4
4160,6261,31237.8,30483.1
4161,6390,31262.2,30674.7
4162,6212,31229.4,30645
4163,5799,31158.6,30665
4164,5756,31151.4,30648.9
4165,5897,31175.3,30883.1
4166,5418,31090,30879.2
4167,5204,31054.7,30900
4168,5225,31059.2,30867.5
4169,5349,31080.3,30801.7
4170,5479,31101.9,30858.3
4171,5731,31148.6,30883.3
4172,5794,31157.5,30870
4173,5863,31168.3,30864.4
4174,5916,31178.6,30853.6
4175,5782,31156.9,30770
4176,5769,31153.3,30742.5
4177,5563,31119.4,30731.1
4178,5374,31083.3,30700
4179,5264,31066.7,30716.7
4180,5322,31074.4,30699.4
4181,5811,31161.9,30638.6
4182,5724,31147.5,30560.6
4183,5824,31163.3,30588.3
4184,5517,31111.7,30616.7
4185,5521,31112.8,30600.6
4186,5321,31074.2,30618.1
4187,5167,31049.4,30595
4188,5104,31036.1,30590
4189,5058,31029.4,30590
4190,5066,31031.4,30653.6
4191,5028,31023.6,30617.8
4192,5143,31043.3,30652.5
4193,4917,31008.6,30669.4
4194,5008,31020.8,30668.9
4195,5159,31047.5,30655.3
4196,5007,31020.8,30645.3
4197,4548,30930,30730
4198,4823,30989.2,30683.9
4199,4740,30971.4,30707.8
4200,4689,30959.4,30717.5
4201,5029,31023.6,30708.3
4202,5050,31028.1,30712.8
4203,4527,30924.4,30676.4
4204,4480,30915.8,30645.6
4205,3948,30813.6,30648.6
4206,4170,30859.7,30609.7
4207,4155,30855.8,30617.5
4208,4089,30839.7,30570.3
4209,4727,30966.9,30606.9
4210,4674,30955.6,30662.5
4211,4370,30898.6,30638.3
4212,4076,30836.1,30641.7
4213,4046,30831.4,30741.7
4214,4567,30932.8,30944.2
4215,4787,30983.3,30950
4216,4887,31002.5,30969.7
4217,4873,31000,31000
4218,4923,31009.4,30923.9
4219,4990,31017.8,30975.6
4220,4952,31013.9,31030.6
4221,4938,31011.7,30994.2
4222,5113,31038.1,30930.6
4223,5069,31031.9,30959.7
4224,5067,31031.4,30990.6
4225,5010,31020.8,31004.7
4226,5332,31076.7,30940.6
4227,5338,31078.1,30945.8
4228,5131,31041.1,30981.7
4229,5404,31088.1,30982.2
4230,5266,31066.7,31000
4231,4954,31014.2,30953.3
4232,5121,31039.2,30915
4233,5045,31026.7,30901.4
4234,4766,30977.8,30910
4235,4829,30991.1,30921.4
4236,4613,30941.7,30855.6
4237,4244,30873.6,30835
4238,4157,30856.4,30796.9
4239,3841,30795.6,30784.4
4240,3864,30800,30801.4
4241,3820,30790.3,30825.8
4242,3779,30783.3,30833.3
4243,3691,30761.1,30881.1
4244,3687,30758.9,30870.3
4245,3604,30742.5,30857.8
4246,3846,30796.1,30873.1
4247,3927,30809.4,30928.1
4248,3949,30813.6,30917.5
4249,4164,30858.6,30940.6
4250,4245,30873.6,30934.4
4251,4696,30960.3,30843.6
4252,4828,30991.1,30839.4
4253,5116,31038.9,30836.4
4254,5014,31021.1,30856.9
4255,4745,30972.2,30866.4
4256,4679,30956.4,30856.9
4257,4096,30842.2,30880
4258,4001,30822.5,30893.3
4259,4107,30845.8,30910.3
4260,4294,30883.1,30915
4261,4587,30934.7,30914.4
4262,4585,30933.9,30922.2
4263,3826,30791.1,30998.1
4264,3638,30750,31016.7
4265,3635,30749.7,31026.4
4266,3573,30736.7,31076.4
4267,3639,30750,31083.3
4268,3780,30783.3,31066.7
4269,3821,30790.3,31162.5
4270,3937,30811.7,31165.6
4271,3865,30800,31166.7
4272,3818,30789.7,31173.9
4273,3724,30766.9,31202.5
4274,3433,30710.8,31172.5
4275,3738,30773.6,31121.1
4276,3625,30747.5,31181.1
4277,3633,30749.2,31246.1
4278,3306,30683.3,31200
4279,3177,30650,31216.7
4280,3307,30683.3,31216.7
4281,3238,30666.7,31250
4282,3213,30658.3,31266.7
4283,3053,30616.7,31233.3
4284,2896,30566.7,31233.3
4285,2990,30596.9,31253.1
4286,3237,30666.7,31233.3
4287,3179,30650,31366.7
4288,3644,30750,31316.7
4289,3582,30738.9,31262.5
4290,3642,30750,31233.3
4291,3843,30795.8,31247.2
4292,3713,30765.8,31226.4
4293,3770,30781.7,31240.3
4294,4140,30851.4,31272.2
4295,4362,30896.7,31181.9
4296,4475,30914.7,31155.6
4297,4675,30955.6,31098.3
4298,4662,30952.2,31086.1
4299,4645,30948.9,31134.2
4300,4464,30912.8,31099.2
4301,4171,30859.7,31067.5
4302,4055,30833.3,31100
4303,4056,30833.3,31100.3
4304,4082,30837.5,31154.2
4305,4122,30848.9,31160.3
4306,4115,30846.9,31191.7
4307,3998,30821.7,31198.1
4308,3942,30812.5,31188.6
4309,4027,30827.5,31211.9
4310,4104,30845,31236.4
4311,4314,30884.7,31251.7
4312,4213,30866.7,31266.7
4313,4077,30836.1,31259.7
4314,4301,30883.3,31283.3
4315,4541,30928.3,31319.7
4316,4256,30876.4,31255.3
4317,4225,30868.3,31281.7
4318,4120,30848.3,31257.5
4319,4086,30838.9,31266.7
4320,4083,30837.5,31295.3
4321,4214,30866.7,31281.9
4322,4091,30841.1,31321.9
4323,4058,30833.3,31300
4324,4215,30866.7,31313.9
4325,4493,30916.7,31288.9
4326,4615,30941.7,31292.2
4327,4654,30950,31316.7
4328,4722,30966.7,31365.3
4329,4867,30999.4,31358.3
4330,4876,31000,31300
4331,4981,31016.7,31316.7
4332,5168,31049.4,31317.2
4333,5267,31066.7,31333.3
4334,5065,31031.1,31286.7
4335,4980,31016.7,31300
4336,5105,31036.1,31337.5
4337,4929,31010.3,31315.3
4338,5006,31020.3,31259.7
4339,4525,30922.8,31268.1
4340,4394,30900,31283.3
4341,4434,30906.9,31283.3
4342,4539,30927.5,31307.8
4343,4700,30962.8,31244.4
4344,4436,30907.5,31252.2
4345,4326,30888.9,31275
4346,4589,30935.3,31259.2
4347,4756,30975.6,31290.3
4348,5071,31032.2,31277.8
4349,5208,31055.3,31273.1
4350,5235,31060.8,31248.9
4351,4946,31012.5,31208.3
4352,4885,31002.2,31164.7
4353,4931,31010.6,31160
4354,4646,30949.2,31183.6
4355,4720,30966.7,31200
4356,4850,30996.1,31231.9
4357,4747,30973.3,31215.6
4358,4875,31000,31266.7
4359,4818,30988.1,31262.5
4360,4863,30998.9,31293.3
4361,4806,30985.6,31301.7
4362,4774,30980.6,31279.2
4363,5127,31040.3,31342.2
4364,5149,31045.3,31329.2
4365,5139,31043.1,31376.7
4366,4670,30954.4,31453.3
4367,4375,30898.9,31390
4368,4440,30908.3,31400
4369,4726,30966.7,31490.3
4370,4704,30963.3,31489.2
4371,4725,30966.7,31450
4372,4966,31015.8,31440.3
4373,4468,30913.3,31345.6
4374,4241,30872.2,31385.6
4375,4231,30869.7,31434.2
4376,4303,30883.3,31416.7
4377,4411,30902.5,31407.2
4378,4248,30874.2,31358.3
4379,4103,30844.4,31362.5
4380,4203,30866.4,31365.8
4381,3910,30806.1,31262.8
4382,4146,30853.3,31283.9
4383,4272,30879.7,31213.6
4384,4212,30866.7,31200
4385,3760,30779.4,31291.4
4386,3643,30750,31305.6
4387,3515,30725,31350
4388,3472,30716.7,31308.3
4389,4190,30863.9,31264.4
4390,4610,30940.6,31242.8
4391,4580,30933.3,31300
4392,4395,30900,31300
4393,4168,30859.4,31399.7
4394,4043,30830.6,31338.9
4395,3771,30781.7,31299.2
4396,3377,30697.2,31288.9
4397,3387,30700,31250
4398,3641,30750,31216.7
4399,3660,30752.5,31221.9
4400,3659,30752.5,31173.9
4401,3640,30750,31166.7
4402,3597,30740.8,31148.9
4403,3733,30772.2,31146.7
4404,3777,30783.1,31150
4405,3939,30811.9,31158.1
4406,3520,30727.2,31138.9
4407,3236,30666.7,31133.3
4408,3325,30684.7,31148.9
4409,3305,30683.3,31183.3
4410,3461,30716.4,31189.2
4411,3426,30709.2,31176.1
4412,3622,30747.2,31130.8
4413,3797,30784.2,31126.9
4414,3816,30789.4,31108.1
4415,3781,30783.3,31100
4416,3901,30804.7,31039.7
4417,3940,30812.2,30978.6
4418,4053,30833.3,30983.3
4419,4151,30855.3,30983.1
4420,4316,30886.1,31050.3
4421,3994,30820.8,31010.3
4422,4392,30900,31016.7
4423,4443,30909.2,31057.2
4424,4300,30883.3,31033.3
4425,3908,30806.1,30985.3
4426,3993,30820.8,30912.5
4427,4105,30845.3,30879.4
4428,4473,30914.2,30864.4
4429,4333,30890.3,30790.3
4430,4374,30898.9,30820.6
4431,4377,30899.2,30823.9
4432,5097,31034.2,30872.2
4433,5117,31038.9,30867.5
4434,5061,31030,30823.3
4435,5059,31029.7,30812.5
4436,4802,30984.7,30800.8
4437,4881,31001.1,30773.6
4438,4708,30964.7,30766.7
4439,4141,30852.2,30765.8
4440,4404,30901.4,30735.8
4441,4449,30910,30838.6
4442,4085,30838.6,30865
4443,4415,30903.6,30997.2
4444,4202,30866.4,31003.9
4445,4192,30864.7,31056.7
4446,4477,30915,30996.4
4447,4951,31013.9,31004.2
4448,5032,31024.7,30942.5
4449,5162,31048.1,30903.1
4450,4958,31015,30855.6
4451,4866,30999.4,30776.7
4452,4897,31004.4,30723.9
4453,5146,31044.2,30633.9
4454,5125,31040,30680.6
4455,4965,31015.6,30664.2
4456,5250,31065,30629.4
4457,5238,31062.5,30621.7
4458,5214,31057.5,30606.4
4459,5595,31126.1,30549.2
4460,5530,31114.4,30580.8
4461,5641,31134.2,30581.7
4462,5226,31059.4,30588.6
4463,5311,31073.1,30537.5
4464,5217,31057.8,30528.3
4465,4918,31008.9,30589.7
4466,4669,30954.4,30585.3
4467,4808,30986.1,30525.6
4468,4706,30963.9,30513.9
4469,4813,30987.5,30553.9
4470,4824,30989.7,30543.1
4471,5274,31066.9,30553.9
4472,4795,30983.9,30530.6
4473,4776,30981.4,30506.7
4474,4780,30982.5,30522.2
4475,4814,30987.5,30609.7
4476,5495,31105.6,30642.8
4477,5123,31039.4,30741.1
4478,4729,30967.5,30723.6
4479,4692,30959.7,30716.9
4480,4570,30933.1,30735
4481,4728,30966.9,30731.1
4482,4554,30931.1,30716.9
4483,4551,30930.6,30766.1
4484,4591,30935.8,30789.7
4485,4621,30943.6,30747.2
4486,4695,30960.3,30701.4
4487,4955,31014.4,30731.9
4488,5437,31094.4,30694.2
4489,5446,31098.1,30665.6
4490,5488,31103.6,30680.8
4491,5555,31118.1,30703.3
4492,5448,31098.6,30713.3
4493,5659,31138.3,30712.2
4494,5806,31161.1,30736.4
4495,5786,31157.2,30727.5
4496,6110,31209.2,30770.6
4497,6083,31205.6,30765.3
4498,6487,31278.6,30796.1
4499,6489,31278.9,30812.8
4500,6346,31253.3,30842.8
4501,5888,31173.1,30829.4
4502,5906,31176.7,30766.1
4503,5966,31184.7,30772.8
4504,6065,31201.7,30790.8
4505,5808,31161.7,30762.8
4506,5591,31125.3,30686.4
4507,5509,31109.4,30596.1
4508,5614,31129.4,30646.4
4509,5707,31145.3,30608.3
4510,5660,31138.6,30615.3
4511,6161,31218.1,30658.1
4512,5812,31162.2,30660
4513,5582,31123.9,30612.8
4514,5682,31141.4,30610.8
4515,5776,31155.8,30619.2
4516,5900,31175.8,30588.9
4517,6038,31197.8,30638.6
4518,6164,31219.4,30678.6
4519,6265,31238.6,30670.8
4520,6231,31233.3,30633.3
4521,6278,31240.8,30676.4
4522,5883,31172.8,30684.4
4523,5871,31170.3,30679.2
4524,5391,31085,30690.6
4525,5312,31073.1,30887.5
4526,5178,31050,30866.7
4527,5186,31051.1,30831.1
4528,5288,31069.4,30784.7
4529,5494,31105.3,30816.4
4530,5599,31127.5,30822.2
4531,5650,31136.1,30815.8
4532,5669,31139.7,30793.9
4533,5771,31153.9,30866.7
4534,5359,31083.1,30883.3
4535,5375,31083.3,30866.7
4536,5038,31025.3,30911.1
4537,5099,31034.7,30953.6
4538,5333,31076.7,30973.9
4539,5313,31073.1,30975.3
4540,5220,31058.1,30960.6
4541,5468,31100,31033.3
4542,5428,31092.2,31042.8
4543,5082,31033.3,31116.7
4544,5291,31069.4,31116.4
4545,5212,31056.7,31128.9
4546,5376,31083.3,31126.4
4547,5194,31052.8,31175
4548,5302,31070.8,31156.4
4549,5471,31100,31133.3
4550,5156,31047.2,31186.1
4551,5084,31033.3,31166.7
4552,5083,31033.3,31150
4553,4856,30997.8,31093.1
4554,5219,31057.8,31076.9
4555,4913,31008.3,31033.3
4556,4775,30981.1,31063.3
4557,4711,30966.1,31076.7
4558,4827,30990.3,31054.7
4559,4846,30995.6,31040.6
4560,5334,31076.7,30985.3
4561,5422,31090.6,30998.1
4562,5073,31033.1,31045.3
4563,4730,30967.5,31021.9
4564,4807,30985.8,31003.6
4565,4614,30941.7,30990.3
4566,4619,30943.1,31021.1
4567,4620,30943.3,30959.2
4568,4661,30952.2,30935
4569,4672,30954.7,30926.4
4570,4685,30957.8,30883.1
4571,4719,30966.7,30833.3
4572,5052,31028.9,30863.9
4573,5213,31057.2,30888.1
4574,5286,31068.6,30868.3
4575,5308,31071.9,30833.9
4576,5154,31046.1,30805.6
4577,4903,31006.1,30824.7
4578,4869,30999.7,30814.2
4579,4752,30974.2,30805.3
4580,5009,31020.8,30820.3
4581,4976,31016.7,30812.5
4582,4996,31018.6,30783.9
4583,4987,31016.9,30761.4
4584,5144,31043.6,30759.4
4585,5100,31035,30778.1
4586,5201,31054.2,30778.6
4587,5101,31035.3,30816.7
4588,5026,31023.3,30778.6
4589,5145,31043.6,30773.3
4590,5203,31054.7,30751.7
4591,5210,31056.7,30754.7
4592,5335,31076.9,30815.3
4593,5417,31090,30870.3
4594,5500,31107.5,30897.2
4595,5611,31128.9,30861.1
4596,5904,31176.4,30838.3
4597,5775,31154.4,30791.9
4598,5537,31116.1,30809.2
4599,5397,31086.9,30792.8
4600,5098,31034.4,30794.4
4601,5218,31057.8,30831.4
4602,4857,30998.1,30841.1
4603,4884,31002.2,30850
4604,4927,31010,30851.1
4605,4978,31016.7,30833.3
4606,5161,31047.8,30852.5
4607,5350,31080.6,30849.7
4608,5352,31081.4,30838.9
4609,5252,31065.6,30904.4
4610,5080,31033.3,31006.9
4611,5107,31036.4,30971.9
4612,5109,31036.9,30940.3
4613,4956,31014.7,30926.7
4614,4908,31006.7,30910.8
4615,4920,31009.2,30950.6
4616,4842,30995,30913.3
4617,5189,31051.7,30905
4618,5068,31031.9,30917.8
4619,5060,31029.7,30948.1
4620,5187,31051.4,30928.9
4621,5392,31085,30914.4
4622,5604,31127.8,30890
4623,5236,31061.4,30849.2
4624,4859,30998.3,30776.4
4625,4832,30991.7,30743.1
4626,4334,30890.6,30709.7
4627,4430,30906.1,30746.4
4628,4323,30888.1,30691.7
4629,4367,30897.8,30683.6
4630,4452,30910.6,30659.2
4631,4318,30886.7,30665
4632,4209,30866.7,30650
4633,4500,30916.9,30622.8
4634,4309,30884.4,30560.6
4635,3883,30800.8,30591.4
4636,3935,30811.4,30591.1
4637,3749,30776.4,30713.9
4638,3567,30734.7,30697.2
4639,3427,30709.7,30719.4
4640,3621,30747.2,30670.6
4641,3398,30700.6,30690.3
4642,3356,30692.8,30743.3
4643,3269,30673.3,30753.3
4644,3267,30672.8,30753.9
4645,3034,30607.8,30819.7
4646,2981,30593.6,30806.1
4647,2986,30596.1,30900
4648,2925,30574.7,30885.6
4649,2920,30570.3,30885.8
4650,2935,30578.6,30898.3
4651,2828,30550,30900
4652,2923,30573.3,30898.6
4653,2939,30579.2,30850.3
4654,3023,30604.7,30842.8
4655,3085,30623.3,30805.3
4656,3228,30664.2,30804.4
4657,3367,30695.3,30882.5
4658,3353,30692.5,30854.7
4659,3340,30690,30855
4660,3575,30737.5,30802.5
4661,3452,30714.4,30803.6
4662,3629,30748.1,30830.3
4663,3752,30776.9,30828.9
4664,3494,30719.7,30782.5
4665,3654,30750.8,30711.4
4666,3579,30738.3,30775.3
4667,3734,30772.5,30771.1
4668,3723,30766.9,30785.6
4669,3686,30758.9,30794.2
4670,3913,30806.4,30746.7
4671,3804,30786.7,30716.9
4672,3614,30745.8,30740.3
4673,3674,30754.7,30763.9
4674,3627,30747.8,30772.2
4675,3688,30759.7,30844.7
4676,3270,30673.6,30788.1
4677,3344,30690.6,30777.8
4678,3075,30619.4,30729.2
4679,3277,30676.4,30736.1
4680,3284,30678.3,30744.2
4681,3534,30730,30774.7
4682,3281,30676.7,30807.5
4683,3197,30653.6,30787.5
4684,3150,30642.2,30775
4685,3149,30640.8,30801.9
4686,3014,30601.4,30820.6
4687,3087,30624.4,30837.8
4688,3360,30693.9,30864.7
4689,3252,30668.6,30918.6
4690,3142,30638.6,30842.2
4691,3101,30631.1,30867.5
4692,3136,30636.9,30938.3
4693,3171,30648.9,30998.3
4694,3278,30676.4,30998.6
4695,3332,30686.9,30998.1
4696,3331,30686.9,30997.8
4697,3446,30713.6,30937.5
4698,3294,30681.4,30909.4
4699,3322,30683.9,30907.5
4700,3272,30673.9,30889.4
4701,3198,30653.6,30883.6
4702,3131,30635.8,30883.9
4703,2967,30586.4,30947.8
4704,3200,30654.2,30862.5
4705,2997,30599.7,30907.8
4706,2982,30593.6,30903.3
4707,3042,30613.9,30945.3
4708,3154,30643.3,30943.9
4709,3196,30653.3,30987.2
4710,3174,30650,31047.2
4711,3679,30756.4,31064.4
4712,3514,30725,31024.7
4713,3565,30734.2,30992.8
4714,3358,30693.3,30976.4
4715,3285,30678.6,30975.6
4716,3379,30697.5,30977.5
4717,3257,30669.2,30979.7
4718,3207,30656.9,30984.2
4719,2947,30582.8,30927.2
4720,2916,30568.9,30890.6
4721,2824,30547.8,30889.2
4722,2710,30518.3,30886.9
4723,2741,30530,30858.1
4724,2812,30545.6,30830.8
4725,2827,30550,30850
4726,2721,30523.1,30836.7
4727,2854,30551.1,30810.3
4728,2715,30521.1,30790.8
4729,2526,30466.7,30816.7
4730,2530,30466.7,30933.3
4731,2412,30416.7,30900
4732,2614,30495.6,30978.9
4733,2677,30511.4,30975.3
4734,2633,30500,30950
4735,2616,30495.8,30980.3
4736,2531,30466.7,30983.3
4737,2474,30447.2,31046.1
4738,2415,30416.7,31066.7
4739,2438,30428.9,31060.6
4740,2441,30430.8,31034.4
4741,2466,30442.8,31028.3
4742,2471,30444.7,31000.8
4743,2518,30462.8,31049.2
4744,2689,30516.7,31050
4745,2893,30566.7,31150
4746,2511,30458.9,31125.8
4747,2494,30451.9,31130.6
4748,2506,30456.4,31141.4
4749,2520,30463.6,31120
4750,2484,30450,31133.3
4751,2223,30315.3,31188.6
4752,2125,30224.7,31125.6
4753,2144,30244.7,31121.4
4754,2240,30321.7,31153.6
4755,2197,30294.2,31197.5
4756,2271,30341.4,31171.4
4757,2274,30347.5,31155.6
4758,2276,30348.3,31158.1
4759,2174,30270.3,31049.7
4760,2140,30237.5,31070.8
4761,2148,30248.9,31056.4
4762,2152,30253.3,31057.5
4763,2206,30300,31100
4764,2230,30316.7,31116.7
4765,2237,30318.1,31127.5
4766,2269,30341.1,31127.8
4767,2263,30338.9,31163.6
4768,2321,30370.3,31180
4769,2367,30398.1,31130.8
4770,2406,30415.8,31076.1
4771,2436,30428.3,31115.3
4772,2332,30380.6,31145.8
4773,2248,30331.4,31140.3
4774,2178,30273.6,31086.1
4775,2180,30278.1,31107.8
4776,2132,30233.3,31133.3
4777,2156,30255.3,31161.7
4778,2163,30265.8,31173.6
4779,2103,30204.4,31188.9
4780,2177,30273.3,31233.9
4781,2081,30183.3,31266.7
4782,2072,30178.1,31280.8
4783,2030,30133.3,31300
4784,2019,30116.7,31233.3
4785,1984,30066.7,31233.3
4786,2057,30160,31235.3
4787,2109,30216.4,31206.4
4788,2080,30183.3,31200
4789,2147,30248.6,31313.1
4790,2108,30215.6,31284.4
4791,2083,30183.3,31316.7
4792,2073,30178.6,31323.9
4793,2102,30204.2,31190.8
4794,2133,30233.3,31150.3
4795,2027,30122.5,31133.6
4796,2025,30119.4,31141.4
4797,1991,30079.7,31129.2
4798,1968,30043.1,31109.2
4799,1959,30031.7,31111.9
4800,1978,30050.3,31127.2
4801,2011,30104.7,31067.8
4802,2035,30136.9,31071.4
4803,2088,30195.8,31006.7
4804,2017,30115.8,31080.3
4805,2013,30111.7,31045.6
4806,2008,30102.8,31083.6
4807,2015,30112.8,31097.2
4808,2010,30104.4,31083.9
4809,1970,30049.7,31087.2
4810,1969,30045.6,31092.5
4811,1926,29966.7,31166.7
4812,1934,29983.3,31183.3
4813,1933,29983.3,31150
4814,1915,29933.3,31183.3
4815,1901,29900,31166.7
4816,1902,29900,31183.3
4817,1908,29916.7,31166.7
4818,1925,29966.7,31150
4819,1914,29933.3,31166.7
4820,1919,29950,31116.7
4821,1932,29983.3,31133.3
4822,1979,30052.5,31155.6
4823,1987,30066.7,31300
4824,1996,30083.3,31300
4825,2037,30139.7,31278.1
4826,2031,30133.3,31316.7
4827,2050,30152.8,31338.3
4828,2048,30151.9,31366.7
4829,2045,30150,31350
4830,1997,30083.3,31350
4831,1993,30083.1,31433.1
4832,2053,30155,31612.8
4833,2051,30153.1,31554.7
4834,2087,30192.5,31627.5
4835,2034,30133.6,31730.3
4836,1944,30000,31783.3
4837,1976,30050,31766.7
4838,2022,30116.7,31816.7
4839,2006,30100,31933.3
4840,2188,30283.3,32350
4841,2233,30316.7,32316.7
4842,2189,30283.3,32400
4843,2123,30222.2,32466.7
4844,2046,30150,32516.7
4845,2098,30200.3,32425
4846,2151,30250,32416.7
4847,2115,30216.7,32433.3
4848,1988,30066.7,32383.3
4849,1929,29966.7,32516.7
4850,1998,30083.3,32566.7
4851,2047,30150,32566.7
4852,2023,30116.7,32566.7
4853,1964,30033.3,32566.7
4854,1963,30033.3,32550
4855,1977,30050,32550
4856,1945,30000,32550
4857,1939,29983.3,32550
4858,1930,29966.7,32533.3
4859,1923,29950,32566.7
4860,1924,29950,32583.3
4861,1931,29966.7,32550
4862,1938,29983.3,32533.3
4863,1874,29741.7,32399.4
4864,1906,29900,32450
4865,1900,29883.3,32466.7
4866,1840,29600,32666.7
4867,1764,29433.3,32766.7
4868,1425,29049.7,33103.6
4869,1907,29910.8,33743.3
4870,1913,29916.7,33750
4871,1862,29686.1,34297.2
4872,1946,30000,34683.3
4873,3256,30668.9,34366.7
4874,2523,30465.3,33781.7
4875,4062,30833.3,34116.7
4876,6111,31209.2,34137.8
4877,5968,31184.7,34138.1
4878,6524,31283.3,34233.3
4879,6242,31233.3,34116.7
4880,6166,31219.4,34107.2
4881,5780,31156.4,33878.9
4882,5586,31124.4,33800.6
4883,5661,31138.6,33814.2
4884,5706,31145,33818.3
4885,5639,31133.3,33816.7
4886,5141,31043.1,33382.2
4887,5140,31043.1,33361.9
4888,5183,31050,33226.4
4889,5132,31041.4,33166.7
4890,5103,31035.8,33100.6
4891,5062,31030.3,33083.6
4892,4969,31016.4,33010.6
4893,5013,31020.8,32886.1
4894,4896,31004.2,32918.3
4895,4657,30950,32750
4896,4499,30916.7,32283.3
4897,3979,30816.7,32266.7
4898,4221,30866.7,32300
4899,4222,30866.7,32316.7
4900,4136,30850,32266.7
4901,4137,30850,32283.3
4902,4220,30866.7,32283.3
4903,4398,30900,32383.3
4904,4892,31003.6,32827.5
4905,4583,30933.3,32750
4906,2545,30466.7,32350
4907,2423,30416.7,32316.7
4908,2381,30400,32316.7
4909,2380,30400,32300
4910,2353,30383.3,32283.3
4911,2452,30433.3,32350
4912,2544,30466.7,32333.3
4913,2587,30483.3,32316.7
4914,2586,30483.3,32300
4915,2848,30550,32250
4916,2849,30550,32266.7
4917,2911,30566.7,32250
4918,2908,30566.7,32133.3
4919,2957,30583.3,32133.3
4920,2958,30583.3,32150
4921,2847,30550,32233.3
4922,2910,30566.7,32233.3
4923,2909,30566.7,32216.7
4924,2765,30533.3,32283.3
4925,2639,30500,32300
4926,2704,30516.7,32316.7
4927,3007,30600,32250
4928,2959,30583.3,32266.7
4929,3065,30616.7,32250
4930,3318,30683.3,32333.3
4931,3653,30750.3,32244.4
4932,3480,30716.7,32250
4933,4381,30899.7,32044.4
4934,4422,30904.7,32061.1
4935,4179,30861.1,32048.6
4936,4218,30866.7,32033.3
4937,4217,30866.7,32016.7
4938,4090,30840.3,32011.1
4939,4189,30863.6,32000.6
4940,3906,30805.6,32008.3
4941,4178,30861.1,31964.2
4942,4201,30866.1,31916.9
4943,4431,30906.7,31943.3
4944,4199,30865.8,31960.3
4945,4460,30911.7,31988.9
4946,4498,30916.7,32016.7
4947,4530,30924.7,32029.2
4948,4698,30961.1,32068.1
4949,5093,31033.3,31950
4950,5057,31029.2,31930.6
4951,4821,30988.9,32062.5
4952,4676,30955.6,32091.7
4953,4305,30883.3,32050
4954,4219,30866.7,32077.8
4955,3951,30813.9,32072.2
4956,3851,30796.9,31997.2
4957,3995,30820.8,32013.9
4958,3977,30816.7,32016.7
4959,3956,30815.3,32022.2
4960,3925,30808.3,32033.9
4961,3978,30816.7,32033.3
4962,3976,30816.7,31983.3
4963,3765,30780.3,31986.7
4964,3736,30773.1,31973.9
4965,3872,30800,31950
4966,3648,30750,31866.7
4967,3560,30733.3,31866.7
4968,3487,30717.8,31873.9
4969,3859,30799.2,31895.6
4970,3823,30790.6,31909.2
4971,3898,30803.9,31911.1
4972,3861,30799.4,31894.7
4973,3974,30816.7,31950
4974,4792,30983.3,31866.7
4975,5012,31020.8,31891.7
4976,5037,31025,31854.2
4977,5344,31079.2,31858.3
4978,5283,31068.1,31848.6
4979,5158,31047.2,31854.2
4980,5157,31047.2,31762.5
4981,5017,31021.7,31738.3
4982,5390,31084.7,31712.5
4983,5305,31070.8,31720.8
4984,5385,31083.3,31766.7
4985,5195,31052.8,31766.7
4986,5222,31058.3,31773.6
4987,5091,31033.3,31787.5
4988,4934,31011.1,31708.3
4989,4855,30997.5,31715
4990,4845,30995.3,31733.6
4991,5001,31019.4,31776.4
4992,5410,31088.9,31751.4
4993,5230,31059.7,31772.2
4994,5329,31075,31791.7
4995,5181,31050,31766.7
4996,5118,31038.9,31737.5
4997,5296,31069.4,31758.3
4998,4836,30993.1,31766.1
4999,4953,31013.9,31752.8
5000,4840,30993.9,31727.8
5001,4984,31016.7,31675
5002,4849,30995.8,31661.4
5003,4901,31005.6,31708.3
5004,4772,30979.7,31699.2
5005,4697,30961.1,31723.3
5006,4738,30970.6,31722.8
5007,4642,30948.3,31766.9
5008,4517,30920.8,31810.3
5009,4506,30918.3,31768.1
5010,4187,30863.3,31825.3
5011,4097,30842.5,31811.7
5012,3917,30806.9,31797.8
5013,3989,30818.6,31808.1
5014,3972,30816.7,31800
5015,3882,30800.6,31699.7
5016,4071,30834.7,31716.4
5017,4008,30823.6,31716.7
5018,4125,30849.7,31640.8
5019,4073,30835.6,31640.3
5020,4045,30830.8,31572.2
5021,4067,30834.4,31590.8
5022,4142,30852.5,31590.6
5023,4109,30845.8,31610.8
5024,3991,30819.2,31586.4
5025,4007,30823.6,31657.8
5026,4266,30878.6,31624.7
5027,4368,30898.1,31614.2
5028,4156,30855.8,31702.8
5029,3819,30790,31659.7
5030,3847,30796.1,31719.2
5031,3721,30766.7,31783.3
5032,3822,30790.3,31787.8
5033,3673,30754.2,31745.6
5034,3921,30807.8,31658.1
5035,3892,30802.5,31660.8
5036,4019,30825.8,31647.8
5037,4337,30891.1,31811.1
5038,4607,30939.7,31856.4
5039,4336,30890.8,31866.9
5040,4538,30926.9,31946.7
5041,4604,30938.9,31811.7
5042,4546,30929.7,31766.7
5043,4357,30895,31788.9
5044,4329,30889.7,31827.2
5045,4080,30836.4,31851.9
5046,3799,30784.7,31822.2
5047,3922,30807.8,31792.2
5048,3983,30817.8,31797.2
5049,4183,30862.2,31829.2
5050,4335,30890.6,31937.2
5051,4290,30882.5,32027.2
5052,4518,30920.8,32030.6
5053,4428,30905.6,32019.4
5054,4358,30895,32015.3
5055,4284,30881.7,31985
5056,4188,30863.6,31942.8
5057,4033,30828.1,31912.5
5058,4162,30858.3,31873.9
5059,4534,30925,31927.8
5060,4743,30971.4,31872.8
5061,4878,31000,31916.7
5062,5070,31031.9,31926.4
5063,5271,31066.7,31933.3
5064,5246,31063.9,31859.7
5065,5432,31093.1,31901.4
5066,5689,31141.7,31907.5
5067,5475,31100,31788.9
5068,5306,31070.8,31806.9
5069,5343,31079.2,31797.2
5070,5505,31108.3,31754.2
5071,5474,31100,31769.4
5072,5490,31104.2,31770.8
5073,5294,31069.4,31737.5
5074,5399,31087.5,31716.7
5075,5293,31069.4,31734.7
5076,5493,31105,31690.6
5077,6224,31233.1,31610.3
5078,6243,31233.9,31621.4
5079,6155,31216.7,31673.6
5080,5817,31162.5,31674.2
5081,5934,31180.6,31661.1
5082,6105,31208.3,31612.5
5083,6156,31216.7,31675
5084,6157,31216.7,31683.3
5085,6106,31208.3,31633.3
5086,6019,31194.4,31605
5087,6015,31193.9,31591.7
5088,5994,31188.9,31596.1
5089,5802,31159.4,31481.1
5090,5341,31079.2,31479.7
5091,5326,31074.7,31447.2
5092,5307,31071.1,31463.6
5093,5320,31073.9,31488.9
5094,5269,31066.7,31516.7
5095,5408,31088.9,31562.2
5096,5411,31089.2,31607.2
5097,5303,31070.8,31634.7
5098,5387,31084.2,31620.3
5099,5180,31050,31675
5100,4961,31015.3,31690.3
5101,5135,31041.7,31716.7
5102,5188,31051.4,31709.7
5103,5056,31029.2,31743.1
5104,5106,31036.1,31758.3
5105,5443,31097.2,31763.9
5106,5400,31087.5,31825
5107,5452,31098.6,31827.8
5108,5513,31111.1,31856.9
5109,5386,31083.3,31900
5110,5773,31153.9,31888.3
5111,5345,31079.2,31938.9
5112,5438,31094.4,31966.7
5113,5272,31066.7,31966.7
5114,5908,31176.9,32027.2
5115,5999,31190.6,31976.4
5116,5935,31180.6,31980.6
5117,5962,31183.9,32030.6
5118,5752,31150,32166.9
5119,5506,31108.3,32161.1
5120,5514,31111.1,32162.5
5121,6855,31357.5,32069.4
5122,6859,31358.3,32068.1
5123,6766,31333.3,32103.3
5124,6671,31315.3,32133.6
5125,6588,31295.8,32170
5126,6542,31287.5,32191.7
5127,6434,31268.3,32282.5
5128,6376,31258.6,32286.7
5129,6425,31266.7,32300
5130,6241,31233.3,32300
5131,6272,31239.4,32278.3
5132,5932,31180.3,32001.4
5133,5856,31166.7,32016.7
5134,5942,31182.2,32009.2
5135,6057,31200,32033.3
5136,5894,31175,32000
5137,5895,31175,32002.2
5138,5879,31171.9,32012.5
5139,5858,31167.5,31976.7
5140,5785,31156.9,31970.8
5141,5590,31125,31981.9
5142,5619,31131.9,31862.5
5143,5750,31150,31900
5144,5664,31138.9,31893.1
5145,5564,31119.4,31909.7
5146,5571,31120.8,31893.1
5147,6020,31194.4,31847.2
5148,5819,31162.5,31836.1
5149,5905,31176.4,31841.7
5150,5853,31166.7,31833.3
5151,5990,31187.5,31838.9
5152,6159,31216.7,31856.9
5153,6196,31226.4,31863.9
5154,6158,31216.7,31850
5155,5805,31160.8,31880
5156,5779,31156.4,31891.7
5157,5797,31158.3,31936.9
5158,5855,31166.7,31983.3
5159,5738,31149.7,31917.5
5160,5854,31166.7,31866.7
5161,5937,31181.1,31867.2
5162,5882,31172.5,31885.6
5163,5646,31134.7,31870.8
5164,5705,31145,31917.8
5165,5751,31150,31966.7
5166,5778,31156.1,31970.8
5167,5784,31156.9,31969.4
5168,5890,31174.7,31965.8
5169,5945,31182.5,31963.3
5170,5987,31186.9,31985
5171,6096,31206.9,31971.1
5172,6028,31195.8,31984.7
5173,6123,31212.5,31994.7
5174,6056,31200,31983.3
5175,5866,31169.4,31975
5176,5936,31180.6,32000
5177,5822,31162.8,31969.2
5178,5656,31137.5,31986.1
5179,5317,31073.6,31897.2
5180,5551,31116.7,31883.3
5181,5245,31063.9,31827.8
5182,5182,31050,31800
5183,5092,31033.3,31800
5184,5136,31041.7,31798.6
5185,5003,31019.4,31852.8
5186,4889,31002.8,31830.6
5187,5002,31019.4,31791.7
5188,5196,31052.8,31825
5189,5453,31098.6,31848.6
5190,5401,31087.5,31850
5191,5153,31045.8,31825
5192,5064,31030.6,31805.6
5193,5011,31020.8,31783.3
5194,4985,31016.7,31680.6
5195,4986,31016.7,31683.3
5196,5030,31023.9,31648.3
5197,5247,31064.2,31660.8
5198,5282,31068.1,31691.7
5199,5150,31045.3,31618.1
5200,5354,31081.9,31608.3
5201,5310,31072.2,31711.1
5202,5129,31040.3,31702.8
5203,4960,31015.3,31651.4
5204,5036,31025,31645.8
5205,5292,31069.4,31683.3
5206,5406,31088.3,31596.9
5207,5389,31084.7,31623.9
5208,5557,31118.1,31656.9
5209,5244,31063.9,31640.3
5210,5409,31088.9,31636.7
5211,5295,31069.4,31741.7
5212,5580,31123.6,31723.6
5213,5688,31141.7,31718.1
5214,5723,31147.2,31709.7
5215,6195,31226.4,31618.6
5216,6066,31201.9,31591.7
5217,6562,31291.7,31598.6
5218,6320,31249.4,31626.9
5219,6298,31244.4,31591.7
5220,6184,31225,31551.4
5221,5957,31183.3,31500
5222,6239,31233.3,31466.7
5223,6140,31215.8,31436.4
5224,6257,31236.4,31438.9
5225,6252,31235.6,31474.2
5226,6334,31250.8,31465.3
5227,6447,31270.8,31408.3
5228,6612,31300,31355.3
5229,6682,31316.7,31350
5230,6333,31250.3,31416.1
5231,5319,31073.9,31429.7
5232,5228,31059.4,31408.6
5233,5088,31033.3,31416.7
5234,5018,31022.2,31398.3
5235,5033,31024.7,31408.6
5236,5198,31053.1,31373.9
5237,5336,31077.5,31375.8
5238,5598,31127.2,31365.8
5239,5955,31183.3,31400
5240,5839,31166.4,31456.1
5241,5918,31178.6,31429.2
5242,5827,31164.7,31431.9
5243,5703,31144.7,31453.1
5244,5588,31125,31430.3
5245,5567,31119.7,31426.4
5246,5635,31133.3,31400
5247,5917,31178.6,31406.1
5248,6070,31202.5,31442.2
5249,6210,31229.2,31459.7
5250,6442,31270.3,31488.1
5251,6545,31287.8,31494.7
5252,6570,31293.1,31470.8
5253,6357,31255.6,31476.4
5254,6432,31268.1,31454.2
5255,6585,31295.8,31437.5
5256,6506,31281.9,31441.7
5257,6018,31194.4,31417.8
5258,6402,31263.9,31431.9
5259,6470,31275,31415.3
5260,6613,31300,31400
5261,6578,31294.4,31398.1
5262,6685,31316.7,31450
5263,6571,31293.1,31515.3
5264,6521,31283.3,31500
5265,6525,31283.6,31495.8
5266,6403,31263.9,31506.9
5267,6455,31272.2,31525
5268,6302,31245.8,31506.9
5269,6468,31274.7,31484.4
5270,6497,31280.6,31506.9
5271,6764,31333.3,31500
5272,6635,31305.3,31513.9
5273,6756,31331.9,31502.8
5274,6915,31378.1,31521.1
5275,7017,31437.5,31552.2
5276,6907,31376.4,31488.6
5277,6803,31344.4,31509.7
5278,6778,31337.5,31504.2
5279,6653,31308.3,31479.2
5280,6561,31291.7,31502.8
5281,6522,31283.3,31562.5
5282,6533,31284.4,31563.1
5283,6816,31348.6,31590.3
5284,6937,31388.9,31686.1
5285,6913,31377.8,31683.3
5286,6891,31370.8,31683.3
5287,6852,31357.2,31725.3
5288,6808,31346.4,31739.4
5289,6883,31367.2,31732.5
5290,6966,31402.8,31763.9
5291,6922,31380,31770.6
5292,6968,31403.9,31796.7
5293,7028,31448.6,31808.3
5294,7048,31467.5,31831.1
5295,7042,31461.1,31818.3
5296,7054,31475,31830.6
5297,7070,31508.3,31834.7
5298,7061,31493.9,31835.8
5299,7060,31491.9,31838.3
5300,7055,31479.2,31822.2
5301,7044,31463.9,31737.5
5302,6956,31400,31705.6
5303,7030,31450,31675
5304,6942,31391.7,31659.7
5305,6912,31377.8,31661.1
5306,6811,31347.2,31606.9
5307,6654,31308.3,31583.3
5308,6797,31341.7,31509.7
5309,6920,31379.2,31513.9
5310,6906,31375.8,31520.8
5311,6886,31369.4,31515.3
5312,6423,31266.7,31450
5313,6331,31250,31350
5314,6520,31283.3,31400
5315,6238,31233.3,31400
5316,6466,31273.6,31240.3
5317,6366,31256.9,31254.2
5318,6611,31300,31316.7
5319,6584,31295.8,31336.1
5320,6802,31344.4,31367.5
5321,6875,31363.9,31508.3
5322,6876,31365.3,31569.4
5323,6737,31329.2,31548.6
5324,6632,31304.2,31587.5
5325,6624,31302.8,31591.7
5326,6617,31300,31591.7
5327,6373,31258.3,31597.2
5328,6336,31251.4,31629.2
5329,5958,31183.3,31650
5330,5832,31165.3,31627.5
5331,5696,31143.1,31632.2
5332,5540,31116.4,31649.4
5333,5570,31120.6,31680
5334,5355,31081.9,31693.1
5335,5393,31086.1,31672.2
5336,6037,31197.2,31641.7
5337,6295,31243.1,31609.7
5338,6616,31300,31516.7
5339,6746,31330.6,31512.8
5340,6804,31344.4,31530.6
5341,6908,31376.4,31516.4
5342,6945,31394.4,31530.6
5343,6924,31380.6,31516.7
5344,6965,31402.8,31498.3
5345,6880,31366.7,31466.7
5346,6763,31333.3,31466.7
5347,6872,31362.5,31438.9
5348,6827,31350,31483.3
5349,6701,31320.8,31485
5350,6702,31320.8,31512.8
5351,6276,31240.3,31523.6
5352,6122,31212.5,31508.3
5353,6125,31212.8,31520.6
5354,5931,31180.3,31568.3
5355,6277,31240.3,31583.3
5356,6579,31294.4,31633.3
5357,6713,31323.6,31650
5358,6873,31362.5,31637.5
5359,6844,31354.2,31647.2
5360,6714,31324.2,31651.4
5361,6877,31365.3,31659.7
5362,6904,31375,31656.9
5363,7000,31423.6,31583.3
5364,7013,31434.2,31551.4
5365,7021,31441.7,31541.7
5366,6993,31414.4,31569.4
5367,6983,31408.3,31643.1
5368,6914,31377.8,31708.3
5369,6748,31330.8,31743.6
5370,6646,31306.9,31754.2
5371,6729,31327.2,31768.6
5372,6772,31334.7,31770.3
5373,6709,31323.1,31762.5
5374,6828,31350,31716.7
5375,6848,31355.8,31759.4
5376,6949,31399.4,31783.9
5377,6989,31413.3,31784.4
5378,6986,31412.5,31783.3
5379,6999,31419.4,31815
5380,6959,31401.4,31811.9
5381,7038,31456.1,31816.4
5382,7033,31452.8,31804.2
5383,7022,31441.7,31791.7
5384,7034,31452.8,31813.9
5385,7014,31434.2,31826.1
5386,7049,31468.1,31829.2
5387,7051,31471.9,31834.2
5388,7012,31433.6,31809.4
5389,7023,31441.7,31812.5
5390,6974,31404.4,31793.6
5391,6926,31381.9,31827.8
5392,6975,31404.4,31828.3
5393,6979,31407.2,31828.6
5394,6944,31393.1,31831.9
5395,6988,31413.1,31820.8
5396,6991,31414.2,31833.6
5397,7059,31484.2,31830
5398,7071,31508.3,31841.7
5399,7072,31508.3,31847.2
5400,7080,31525,31837.5
5401,7053,31473.6,31776.7
5402,7016,31436.7,31807.8
5403,6935,31387.8,31750
5404,6963,31402.5,31738.9
5405,6806,31345.6,31710.3
5406,6800,31343.1,31715.3
5407,6747,31330.8,31716.1
5408,6782,31338.6,31774.4
5409,6735,31328.6,31754.4
5410,6980,31407.8,31809.2
5411,6967,31403.1,31765
5412,7074,31513.9,31841.7
5413,7078,31516.7,31841.7
5414,6990,31413.3,31833.9
5415,6984,31410.3,31873.9
5416,6946,31394.7,31763.1
5417,6889,31370.3,31812.8
5418,6923,31380,31802.8
5419,6846,31354.7,31767.5
5420,6864,31359.2,31764.2
5421,6888,31370.3,31762.5
5422,6932,31385.3,31747.8
5423,6905,31375.3,31738.3
5424,6622,31302.5,31696.1
5425,6688,31316.7,31683.3
5426,6185,31225,31713.9
5427,6095,31206.9,31687.5
5428,6271,31239.4,31653.6
5429,6303,31245.8,31675
5430,6289,31242.8,31797.2
5431,5697,31143.1,31816.7
5432,5677,31140.3,31830.6
5433,5529,31113.9,31868.1
5434,5818,31162.5,31811.9
5435,5581,31123.6,31836.1
5436,5645,31134.7,31822.2
5437,6027,31195.8,31822.2
5438,6055,31200,31850
5439,5821,31162.8,31815.8
5440,5860,31167.8,31768.3
5441,5676,31140.3,31773.6
5442,5421,31090.3,31730.6
5443,5483,31102.8,31787.5
5444,5331,31076.4,31776.4
5445,5323,31074.4,31706.4
5446,5353,31081.4,31600
5447,5815,31162.2,31498.3
5448,5747,31150,31550
5449,5713,31145.8,31576.4
5450,5714,31146.1,31581.1
5451,6113,31209.7,31550
5452,6552,31289.2,31678.9
5453,6485,31277.8,31691.7
5454,6560,31291.1,31691.7
5455,6656,31309.7,31631.9
5456,6471,31275,31654.4
5457,6054,31200,31616.7
5458,6154,31216.7,31616.7
5459,6143,31216.1,31566.1
5460,5996,31189.2,31550.3
5461,6104,31208.3,31531.9
5462,5941,31182.2,31522.5
5463,5810,31161.7,31511.4
5464,5702,31144.4,31536.7
5465,5528,31113.9,31570.8
5466,5722,31147.2,31545.8
5467,5089,31033.3,31483.3
5468,4983,31016.7,31488.3
5469,4790,30983.3,31433.3
5470,4656,30950,31433.3
5471,4684,30957.5,31421.4
5472,4724,30966.7,31400
5473,4356,30895,31348.6
5474,4302,30883.3,31316.7
5475,4291,30882.8,31319.7
5476,4396,30900,31315.8
5477,4522,30922.2,31322.2
5478,4315,30884.7,31375
5479,4353,30894.2,31301.7
5480,4494,30916.7,31333.3
5481,4757,30975.6,31321.7
5482,4653,30950,31300
5483,4626,30945,31293.9
5484,4721,30966.7,31250
5485,4193,30864.7,31177.5
5486,4145,30853.3,31123.6
5487,4113,30846.7,31123.9
5488,3986,30818.3,31120.6
5489,3681,30757.2,31146.1
5490,3466,30716.7,31100
5491,3454,30714.7,31114.2
5492,3521,30727.2,31156.1
5493,3909,30806.1,31098.3
5494,4348,30892.5,31116.9
5495,4211,30866.7,31116.7
5496,4265,30878.6,31096.4
5497,4069,30834.7,31095
5498,3967,30816.7,31066.7
5499,3891,30802.5,31058.9
5500,4425,30905.3,30996.9
5501,4263,30877.8,31033.3
5502,4306,30883.9,30964.7
5503,4419,30904.4,30921.9
5504,4467,30913.1,30933.9
5505,4533,30925,30979.2
5506,5042,31026.4,30872.2
5507,4936,31011.4,30866.1
5508,5211,31056.7,30796.4
5509,4886,31002.5,30754.7
5510,4928,31010.3,30785
5511,4609,30940.3,30813.9
5512,4801,30984.7,30750.8
5513,4448,30910,30755
5514,4279,30881.1,30767.2
5515,3857,30798.3,30675.8
5516,4457,30911.7,30543.1
5517,4880,31001.1,30502.8
5518,4812,30987.5,30509.7
5519,4586,30934.7,30523.6
5520,4063,30833.6,30578.3
5521,3732,30772.2,30573.1
5522,3699,30763.3,30503.1
5523,3695,30761.4,30470.6
5524,3982,30817.5,30470.3
5525,4114,30846.9,30436.4
5526,4066,30834.4,30431.1
5527,4160,30857.5,30463.1
5528,3741,30774.4,30461.7
5529,3985,30818.1,30450
5530,4034,30828.3,30466.9
5531,4072,30835.3,30479.7
5532,4424,30905,30503.9
5533,4446,30909.7,30534.4
5534,4269,30879.2,30529.4
5535,4197,30865.3,30547.2
5536,4364,30897.2,30545.8
5537,4561,30931.9,30579.2
5538,4174,30860.3,30627.8
5539,4079,30836.4,30641.9
5540,3711,30765.6,30592.5
5541,3700,30763.3,30570.8
5542,3420,30708.3,30530.6
5543,3531,30729.7,30528.3
5544,3410,30706.1,30521.4
5545,3380,30698.6,30520.8
5546,3574,30737.2,30556.9
5547,3612,30745.8,30609.7
5548,3372,30696.7,30577.8
5549,3362,30694.4,30593.1
5550,3501,30720.8,30586.7
5551,3667,30753.1,30566.1
5552,3827,30791.7,30543.1
5553,3832,30793.9,30512.5
5554,3934,30811.4,30466.7
5555,4068,30834.7,30436.4
5556,3748,30776.1,30422.8
5557,3599,30741.7,30564.2
5558,3547,30733.3,30616.7
5559,3505,30721.7,30676.4
5560,3432,30710.8,30647.8
5561,3343,30690.3,30631.9
5562,3089,30625,30642.2
5563,3220,30662.5,30669.4
5564,3216,30659.7,30720.8
5565,3030,30606.9,30726.4
5566,2926,30575,30711.1
5567,2919,30569.4,30738.9
5568,2979,30593.1,30719.4
5569,3039,30612.5,30676.4
5570,3029,30606.9,30629.2
5571,2976,30591.7,30616.9
5572,3209,30657.5,30556.9
5573,3152,30643.1,30651.4
5574,3448,30713.9,30637.5
5575,3570,30735.3,30700.6
5576,3532,30729.7,30736.4
5577,3493,30719.4,30722.2
5578,3381,30698.6,30825.3
5579,3424,30708.6,30884.2
5580,3384,30699.4,30896.4
5581,3535,30730.3,30876.9
5582,3706,30764.4,30853.9
5583,3920,30807.8,30900.6
5584,3576,30737.5,30973.1
5585,3483,30717.2,30994.2
5586,3726,30768.6,31039.2
5587,3727,30768.6,31050.8
5588,3717,30766.7,31033.3
5589,3657,30751.7,31106.7
5590,3782,30783.3,31183.3
5591,4116,30846.9,31203.9
5592,4130,30850,31150
5593,3915,30806.7,31205.3
5594,4147,30853.3,31301.9
5595,4343,30891.7,31300
5596,4451,30910.3,31244.2
5597,4393,30900,31266.7
5598,3905,30805.6,31275
5599,3903,30805.3,31326.1
5600,3938,30811.7,31355.8
5601,4132,30850,31366.7
5602,4100,30843.6,31362.5
5603,3813,30789.2,31352.8
5604,3878,30800.6,31372.2
5605,3930,30810,31398.3
5606,3996,30821.1,31381.1
5607,3830,30792.8,31441.7
5608,3739,30773.6,31461.1
5609,3232,30665.8,31441.9
5610,3204,30655.6,31430.6
5611,3100,30630.6,31483.3
5612,2963,30584.7,31517.5
5613,2934,30577.5,31535.6
5614,2875,30558.6,31536.1
5615,3060,30616.7,31699.7
5616,3253,30668.6,31753.3
5617,3401,30702.5,31705.8
5618,3557,30733.3,31766.7
5619,3489,30718.6,31782.2
5620,3722,30766.7,31966.7
5621,3973,30816.7,31916.7
5622,4025,30826.9,31898.6
5623,4013,30824.4,31884.7
5624,3836,30794.7,31893.6
5625,3975,30816.7,31966.7
5626,4021,30826.1,31988.9
5627,3875,30800,32000
5628,3874,30800,31983.3
5629,3790,30783.3,31983.3
5630,3918,30806.9,31965.8
5631,3984,30817.8,31921.1
5632,4041,30830,31931.7
5633,4320,30887.5,31959.4
5634,4420,30904.4,31961.9
5635,4304,30883.3,32000
5636,4397,30900,32000
5637,3650,30750,31950
5638,3936,30811.4,31994.2
5639,3924,30808.3,31994.2
5640,3789,30783.3,31966.7
5641,3904,30805.3,31838.6
5642,3524,30727.5,31846.7
5643,3416,30707.2,31876.7
5644,3394,30700,31850
5645,3423,30708.3,31841.9
5646,3431,30710.6,31778.6
5647,3588,30739.2,31751.4
5648,3475,30716.7,31716.7
5649,3371,30695.8,31736.4
5650,3266,30671.1,31722.5
5651,3327,30685.3,31718.1
5652,3486,30717.5,31699.4
5653,3316,30683.3,31733.3
5654,3260,30669.7,31759.2
5655,3476,30716.7,31783.3
5656,3517,30726.1,31811.4
5657,3616,30746.1,31831.7
5658,3429,30710.3,31855.6
5659,3428,30710,31865.3
5660,3526,30728.3,31882.5
5661,3578,30737.8,31883.3
5662,3618,30746.4,31946.9
5663,3873,30800,31966.7
5664,3610,30745.3,31889.4
5665,3590,30739.2,31874.4
5666,3594,30740,31932.8
5667,3791,30783.3,32000
5668,3651,30750,31966.7
5669,3840,30795.3,31980.8
5670,3838,30794.7,31990.6
5671,4044,30830.6,31977.8
5672,3943,30812.5,32005.6
5673,4175,30860.6,31992.8
5674,3837,30794.7,31980.8
5675,3796,30783.9,31976.1
5676,3280,30676.4,32094.4
5677,2956,30583.3,32116.7
5678,2907,30566.7,32116.7
5679,2846,30550,32083.3
5680,2764,30533.3,32066.7
5681,2845,30550,32066.7
5682,2819,30546.4,31993.6
5683,2798,30542.5,32002.5
5684,2853,30550.8,31983.3
5685,2788,30539.2,31986.9
5686,2818,30546.4,31961.9
5687,2762,30533.3,31900
5688,2922,30573.1,31931.1
5689,2867,30556.1,31921.7
5690,3106,30632.2,31936.7
5691,3703,30763.9,31893.1
5692,3788,30783.3,31916.7
5693,3649,30750,31883.3
5694,3451,30714.2,31855
5695,3292,30680.3,31808.1
5696,3329,30686.4,31834.7
5697,3337,30689.4,31820.8
5698,2809,30545,31879.7
5699,2808,30544.7,31853.3
5700,2844,30550,32033.3
5701,2793,30540.3,31993.6
5702,2763,30533.3,32033.3
5703,2791,30540,31955.3
5704,2774,30535.3,31948.3
5705,2869,30556.4,31946.4
5706,2885,30564.7,31931.9
5707,2801,30543.3,31957.5
5708,2790,30540,31954.7
5709,2735,30526.1,31903.3
5710,2843,30550,31900
5711,2805,30544.2,31899.7
5712,2858,30553.6,31893.9
5713,2807,30544.4,31899.4
5714,2800,30543.3,31860
5715,2852,30550.8,31911.7
5716,2748,30532.2,31933.3
5717,2745,30530.8,31922.8
5718,2816,30545.8,31838.1
5719,2771,30534.2,31829.2
5720,2811,30545.3,31840.6
5721,2740,30529.4,31865.8
5722,2761,30533.3,31850
5723,2789,30540,31802.8
5724,2871,30556.9,31794.4
5725,3006,30600,31733.1
5726,2865,30556.1,31741.1
5727,2734,30525.8,31720.6
5728,2815,30545.8,31720.8
5729,2751,30532.8,31705.8
5730,2732,30525.3,31654.4
5731,2615,30495.6,31633.3
5732,2493,30450,31633.3
5733,2451,30433.3,31616.7
5734,2477,30448.6,31612.8
5735,2546,30467.2,31619.4
5736,2468,30443.9,31603.1
5737,2480,30449.7,31516.1
5738,2428,30420.3,31530.6
5739,2427,30419.4,31465.3
5740,2646,30502.2,31422.5
5741,2651,30502.8,31466.7
5742,2700,30516.7,31383.3
5743,2582,30483.3,31400
5744,2682,30513.6,31346.4
5745,2562,30476.9,31362.8
5746,2419,30416.7,31333.3
5747,2417,30416.7,31300
5748,2514,30460.8,31315
5749,2487,30450,31300
5750,2488,30450,31316.7
5751,2457,30437.2,31242.5
5752,2247,30329.7,31191.7
5753,2181,30279.2,31158.1
5754,2119,30219.4,31168.1
5755,2128,30230.3,31190.6
5756,2116,30217.8,31189.2
5757,2145,30247.5,31204.4
5758,2157,30256.7,31125.3
5759,2153,30253.3,31121.7
5760,2238,30319.4,31110.3
5761,2222,30313.1,31114.7
5762,2234,30317.2,31087.2
5763,2200,30297.5,31090.8
5764,2176,30271.1,31082.2
5765,2159,30257.2,31017.5
5766,2175,30270.8,31034.7
5767,2191,30286.1,31050.8
5768,2179,30276.4,31062.5
5769,2129,30231.1,31063.1
5770,2141,30238.9,31074.4
5771,2121,30222.2,31095.8
5772,2142,30243.9,31087.2
5773,2122,30222.2,31141.7
5774,2146,30248.3,31141.4
5775,2112,30216.7,31166.7
5776,2134,30233.3,31166.7
5777,2096,30200,31250
5778,2093,30198.1,31285.6
5779,2127,30227.8,31264.4
5780,2143,30243.9,31243.3
5781,2113,30216.7,31283.3
5782,2185,30283.3,31250
5783,2182,30280,31203.6
5784,2212,30303.1,31181.4
5785,2261,30335.6,31211.7
5786,2220,30311.1,31204.7
5787,2164,30266.4,31246.7
5788,2221,30312.8,31321.1
5789,2256,30333.3,31333.3
5790,2286,30350,31300
5791,2218,30307.5,31236.1
5792,2232,30316.7,31283.3
5793,2211,30302.5,31289.4
5794,2183,30280,31296.4
5795,2168,30266.7,31316.7
5796,2347,30383.3,31283.3
5797,2231,30316.7,31250
5798,2262,30336.9,31274.2
5799,2255,30333.3,31316.7
5800,2307,30364.7,31311.7
5801,2199,30296.1,31304.4
5802,2193,30286.9,31317.8
5803,2137,30234.7,31288.9
5804,2130,30232.5,31319.2
5805,2043,30148.3,31298.6
5806,2009,30103.9,31209.2
5807,1990,30078.3,31160.6
5808,2049,30152.8,31142.8
5809,2002,30096.4,31205
5810,1985,30066.7,31266.7
5811,1986,30066.7,31283.3
5812,2005,30100,31333.3
5813,1995,30083.3,31283.3
5814,1957,30026.1,31240.3
5815,1928,29966.7,31250
5816,1943,30000,31233.3
5817,1936,29983.3,31233.3
5818,1942,30000,31216.7
5819,1949,30008.6,31212.2
5820,1952,30016.7,31216.7
5821,1973,30050,31200
5822,1972,30050,31166.7
5823,1954,30018.1,31141.1
5824,1948,30004.7,31125
5825,1940,30000,31133.3
5826,1947,30004.4,31125
5827,1971,30049.7,31171.4
5828,1981,30061.7,31193.9
5829,1937,29983.3,31266.7
5830,1917,29933.3,31266.7
5831,1896,29866.7,31250
5832,1920,29950,31200
5833,1951,30016.7,31166.7
5834,1941,30000,31183.3
5835,1935,29983.3,31216.7
5836,1961,30033.3,31200
5837,2001,30094.4,31206.4
5838,2042,30148.1,31135
5839,2078,30182.5,31167.2
5840,2067,30175.3,31171.7
5841,2052,30154.4,31217.8
5842,2071,30176.4,31119.7
5843,2089,30196.1,31090.8
5844,2033,30133.6,31166.1
5845,2016,30112.8,31168.9
5846,2063,30168.9,31168.1
5847,2000,30088.3,31180.6
5848,2003,30100,31250
5849,1975,30050,31250
5850,1974,30050,31233.3
5851,1989,30075.3,31241.4
5852,2004,30100,31283.3
5853,2020,30116.7,31316.7
5854,2021,30116.7,31333.3
5855,2032,30133.3,31333.3
5856,2056,30159.7,31314.2
5857,2105,30207.5,31280.3
5858,2135,30233.3,31300
5859,2173,30269.7,31301.4
5860,2219,30309.7,31275.8
5861,2158,30256.7,31297.2
5862,2208,30300,31350
5863,2207,30300,31333.3
5864,2257,30333.3,31350
5865,2209,30300,31366.7
5866,2297,30360.6,31377.5
5867,2258,30333.3,31383.3
5868,2243,30323.6,31343.1
5869,2235,30317.5,31396.4
5870,2259,30333.6,31400.6
5871,2268,30340.8,31307.8
5872,2285,30350,31266.7
5873,2162,30265.6,31260
5874,2095,30200,31200
5875,2104,30206.7,31217.2
5876,2107,30215.6,31231.4
5877,2139,30236.7,31302.2
5878,2346,30383.3,31266.7
5879,2266,30339.7,31246.9
5880,2186,30283.3,31269.2
5881,2249,30332.8,31335.3
5882,2317,30366.7,31333.3
5883,2298,30360.8,31344.4
5884,2325,30373.6,31333.3
5885,2449,30433.3,31383.3
5886,2420,30416.7,31383.3
5887,2701,30516.7,31423.6
5888,2730,30525,31425
5889,2658,30504.2,31422.2
5890,2758,30533.3,31433.3
5891,2674,30510.8,31434.7
5892,2944,30580.6,31412.5
5893,2769,30534.2,31470.6
5894,2627,30498.3,31518.3
5895,2706,30517.2,31543.3
5896,2571,30480.6,31526.7
5897,2554,30472.8,31532.5
5898,2495,30451.9,31504.2
5899,2555,30472.8,31607.2
5900,2575,30482.8,31630.6
5901,2760,30533.3,31666.7
5902,2785,30538.3,31711.4
5903,2810,30545.3,31680.8
5904,2603,30490.6,31729.7
5905,2623,30497.5,31736.7
5906,2703,30516.7,31731.7
5907,2731,30525,31688.3
5908,2569,30478.9,31689.7
5909,2671,30510.6,31723.6
5910,2644,30501.7,31727.2
5911,2565,30478.1,31535.3
5912,2539,30466.7,31533.3
5913,2716,30521.9,31581.1
5914,2542,30466.7,31600
5915,2566,30478.1,31665.6
5916,2498,30452.8,31621.9
5917,2492,30450,31600
5918,2430,30422.5,31586.9
5919,2309,30366.1,31514.4
5920,2379,30400,31550
5921,2382,30401.1,31550.8
5922,2390,30406.1,31511.9
5923,2391,30406.4,31520.8
5924,2458,30438.3,31545.8
5925,2500,30454.2,31551.4
5926,2568,30478.9,31549.2
5927,2507,30456.4,31564.2
5928,2547,30469.2,31568.9
5929,2723,30523.3,31583.3
5930,2596,30488.6,31591.4
5931,2784,30538.3,31589.2
5932,2864,30555,31608.1
5933,2727,30523.9,31648.9
5934,2797,30542.2,31633.1
5935,2813,30545.6,31630.6
5936,3009,30600.3,31599.7
5937,2931,30576.1,31594.4
5938,3073,30618.6,31742.8
5939,3063,30616.7,31750
5940,3012,30600.3,31749.7
5941,3035,30610.3,31708.6
5942,3124,30633.6,31716.4
5943,3061,30616.7,31733.3
5944,3013,30600.6,31716.4
5945,3066,30616.9,31733.3
5946,2786,30538.6,31711.1
5947,2548,30469.2,31770.8
5948,2516,30461.4,31816.1
5949,2664,30506.1,31850
5950,2773,30535.3,31826.1
5951,2842,30550,31783.3
5952,2915,30568.6,31785.6
5953,2850,30550.3,31817.5
5954,2868,30556.4,31778.6
5955,3130,30635.3,31758.3
5956,3201,30654.4,31758.3
5957,3166,30647.2,31675
5958,3330,30686.7,31641.4
5959,3422,30708.3,31678.9
5960,3750,30776.4,31691.7
5961,3545,30733.1,31665.8
5962,3571,30736.1,31706.7
5963,3259,30669.4,31680.8
5964,3474,30716.7,31683.3
5965,3491,30718.9,31636.4
5966,3350,30691.7,31655.6
5967,3481,30716.9,31666.4
5968,3263,30670.6,31703.9
5969,3462,30716.4,31794.4
5970,3355,30692.5,31790.6
5971,3189,30651.1,31804.4
5972,3218,30660,31786.1
5973,3183,30650,31783.3
5974,2707,30517.2,31749.4
5975,2654,30503.3,31726.4
5976,2877,30558.9,31757.5
5977,2866,30556.1,31741.4
5978,2825,30548.6,31754.7
5979,2814,30545.6,31778.1
5980,2619,30495.8,31784.7
5981,2602,30490.3,31824.7
5982,2736,30527.5,31785.6
5983,2804,30544.2,31834.7
5984,2601,30490.3,31795
5985,2060,30166.7,31800
5986,2210,30300,31750
5987,2543,30466.7,31666.7
5988,2515,30461.1,31635.6
5989,2595,30487.5,31636.7
5990,2665,30506.4,31672.2
5991,2709,30517.5,31655.8
5992,2662,30505.8,31586.4
5993,2683,30513.6,31608.6
5994,2610,30493.1,31567.8
5995,2440,30429.7,31537.8
5996,2496,30451.9,31567.2
5997,2491,30450,31583.3
5998,2476,30448.6,31581.4
5999,2593,30486.7,31607.8
6000,2705,30516.9,31623.9
6001,2841,30550,31666.7
6002,2928,30575.6,31630
6003,2738,30528.9,31616.9
6004,2767,30533.6,31620.6
6005,2711,30519.7,31671.1
6006,2840,30550,31660
6007,2783,30538.1,31623.1
6008,2802,30543.9,31599.7
6009,2470,30444.2,31591.7
6010,2559,30475.6,31585
6011,2556,30473.9,31578.1
6012,2541,30466.7,31566.7
6013,2540,30466.7,31550
6014,2617,30495.8,31506.4
6015,2702,30516.7,31466.7
6016,2508,30457.8,31536.7
6017,2300,30361.9,31480.6
6018,2296,30359.4,31502.5
6019,2335,30381.4,31568.1
6020,2355,30385.6,31533.9
6021,2363,30392.5,31518.6
6022,2330,30380,31528.6
6023,2331,30380.3,31542.2
6024,2170,30266.7,31466.7
6025,2169,30266.7,31400
6026,2155,30255,31373.9
6027,2319,30366.7,31400
6028,2287,30350,31366.7
6029,2360,30391.1,31344.4
6030,2444,30431.9,31316.4
6031,2486,30450,31250
6032,2467,30443.3,31270.6
6033,2642,30500.8,31232.2
6034,2650,30502.8,31269.4
6035,2886,30565.3,31313.9
6036,2951,30583.3,31383.3
6037,2918,30569.2,31440
6038,2637,30500,31433.3
6039,2588,30484.2,31418.9
6040,2537,30466.7,31416.7
6041,2433,30425,31372.2
6042,2400,30414.2,31390
6043,2365,30396.9,31423.3
6044,2351,30383.3,31400
6045,2377,30400,31433.3
6046,2421,30416.7,31443.3
6047,2504,30455,31449.7
6048,2837,30550,31450
6049,2714,30520.8,31438.9
6050,2599,30490,31519.4
6051,2378,30400,31483.3
6052,2431,30422.8,31506.7
6053,2460,30439.4,31404.2
6054,2450,30433.3,31400
6055,2490,30450,31383.3
6056,2293,30354.7,31407.2
6057,2306,30364.4,31397.8
6058,2288,30350,31433.3
6059,2290,30351.9,31436.1
6060,2375,30400,31400
6061,2376,30400,31416.7
6062,2354,30383.9,31386.7
6063,2318,30366.7,31350
6064,2374,30400,31333.3
6065,2383,30401.7,31351.7
6066,2385,30401.9,31351.7
6067,2348,30383.3,31300
6068,2349,30383.3,31333.3
6069,2350,30383.3,31350
6070,2465,30442.5,31340.8
6071,2489,30450,31333.3
6072,2456,30435.6,31331.7
6073,2403,30415.6,31300.3
6074,2426,30419.4,31426.7
6075,2469,30444.2,31394.4
6076,2553,30472.8,31388.3
6077,2570,30480.6,31361.1
6078,2679,30512.5,31452.8
6079,2821,30547.2,31564.2
6080,2618,30495.8,31550.3
6081,2880,30560.8,31572.5
6082,2942,30580.3,31617.5
6083,3092,30626.1,31635.6
6084,2992,30598.3,31671.1
6085,3058,30616.7,31616.4
6086,3011,30600.3,31633.1
6087,3347,30691.4,31648.9
6088,3323,30684.2,31618.9
6089,3291,30679.7,31570.8
6090,3224,30663.1,31568.6
6091,2961,30583.9,31603.9
6092,2572,30481.4,31647.5
6093,2585,30483.3,31666.7
6094,2600,30490.3,31652.5
6095,2624,30497.8,31692.5
6096,2768,30533.6,31666.4
6097,2887,30565.3,31692.8
6098,2974,30590.3,31638.1
6099,2965,30585.8,31545.6
6100,3288,30679.2,31488.9
6101,3268,30672.8,31464.4
6102,3434,30710.8,31540.3
6103,3403,30705,31528.1
6104,3415,30707.2,31538.6
6105,3404,30705,31555.8
6106,3249,30666.9,31499.7
6107,3352,30691.9,31418.6
6108,3162,30645.8,31358.9
6109,3243,30666.7,31383.3
6110,3311,30683.3,31372.2
6111,3442,30712.5,31387.5
6112,3441,30712.5,31381.9
6113,3279,30676.4,31422.5
6114,3354,30692.5,31510.6
6115,2941,30580,31466.7
6116,3165,30647.2,31372.2
6117,3102,30631.1,31402.5
6118,3098,30629.2,31440.3
6119,2973,30590.3,31416.7
6120,2968,30588.3,31368.3
6121,2917,30569.2,31358.3
6122,2901,30566.7,31366.7
6123,2795,30541.7,31443.1
6124,2952,30583.3,31400
6125,2876,30558.9,31361.1
6126,3003,30600,31383.3
6127,3016,30602.2,31368.3
6128,2836,30550,31383.3
6129,2964,30585.8,31386.9
6130,2927,30575,31363.9
6131,3080,30620.6,31413.6
6132,3140,30638.3,31407.8
6133,3153,30643.1,31455.6
6134,3301,30681.9,31500
6135,3289,30679.2,31543.9
6136,3508,30722.8,31458.3
6137,3395,30700.3,31516.4
6138,3807,30788.1,31515
6139,3759,30779.2,31505
6140,3675,30754.7,31503.9
6141,3663,30752.8,31619.7
6142,3719,30766.7,31616.7
6143,3795,30783.9,31688.6
6144,4084,30837.5,31636.4
6145,4167,30859.2,31676.7
6146,4280,30881.4,31704.2
6147,4372,30898.6,31702.5
6148,4363,30896.7,31655
6149,4292,30882.8,31685.3
6150,4031,30827.8,31683.9
6151,3754,30776.9,31724.7
6152,3894,30802.5,31746.1
6153,3768,30781.4,31722.2
6154,3988,30818.6,31670.3
6155,3869,30800,31616.7
6156,3849,30796.4,31626.1
6157,3834,30794.2,31602.2
6158,3720,30766.7,31650
6159,3707,30765,31658.6
6160,3887,30801.7,31627.2
6161,3366,30695,31603.1
6162,3402,30703.3,31689.4
6163,3314,30683.3,31683.1
6164,3298,30681.7,31703.1
6165,3126,30633.9,31749.7
6166,3293,30681.1,31703.9
6167,3297,30681.7,31682.5
6168,3315,30683.3,31716.7
6169,3482,30716.9,31733.3
6170,3495,30719.7,31727.8
6171,3647,30750,31716.4
6172,3537,30730.3,31693.3
6173,3498,30720.6,31699.4
6174,3556,30733.3,31683.3
6175,3425,30708.6,31629.2
6176,3585,30738.9,31599.4
6177,3568,30734.7,31618.6
6178,3682,30757.2,31606.9
6179,3689,30759.7,31578.3
6180,3603,30741.9,31585.3
6181,3456,30715.3,31570.3
6182,3605,30743.3,31582.5
6183,3950,30813.6,31597.5
6184,3941,30812.2,31558.6
6185,4065,30834.2,31615.3
6186,3757,30777.8,31553.9
6187,3803,30786.4,31580.3
6188,3911,30806.1,31581.9
6189,3881,30800.6,31593.6
6190,3684,30757.5,31570.8
6191,3210,30657.8,31552.5
6192,3107,30632.5,31575
6193,3123,30633.6,31549.7
6194,3074,30619.2,31461.9
6195,2882,30562.5,31491.7
6196,2838,30550,31466.7
6197,2796,30541.9,31442.2
6198,2739,30529.2,31436.1
6199,2583,30483.3,31466.7
6200,2668,30506.9,31491.7
6201,2863,30554.7,31516.4
6202,2912,30567.2,31533.1
6203,2720,30522.8,31530.6
6204,2777,30536.9,31556.1
6205,2759,30533.3,31566.9
6206,2839,30550,31616.7
6207,2778,30536.9,31623.3
6208,2622,30497.5,31662.5
6209,2667,30506.7,31657.8
6210,2592,30485.8,31666.1
6211,2501,30454.4,31780.6
6212,2584,30483.3,31650
6213,2770,30534.2,31614.7
6214,2629,30498.6,31651.4
6215,2878,30559.4,31663.3
6216,2943,30580.3,31675.3
6217,3028,30606.1,31700.8
6218,3041,30612.8,31733.6
6219,3044,30615,31733.1
6220,3206,30656.7,31770.8
6221,3321,30683.6,31759.7
6222,3302,30683.1,31775.3
6223,3320,30683.6,31749.7
6224,3586,30738.9,31815.3
6225,3772,30781.7,31796.7
6226,3756,30777.2,31884.2
6227,3676,30755,31859.4
6228,3871,30800,31883.3
6229,4048,30833.1,31772.5
6230,3971,30816.7,31783.3
6231,4004,30822.8,31774.2
6232,4180,30861.4,31739.4
6233,4186,30863.3,31775.3
6234,4252,30875.6,31738.3
6235,4376,30898.9,31739.7
6236,4366,30897.2,31725.3
6237,4537,30926.4,31713.1
6238,4524,30922.5,31712.2
6239,4238,30871.7,31600.8
6240,4307,30883.9,31616.1
6241,4271,30879.4,31656.4
6242,4223,30866.9,31643.3
6243,4421,30904.7,31629.2
6244,4606,30939.4,31609.7
6245,4658,30950.3,31588.3
6246,4565,30932.2,31645.3
6247,4582,30933.3,31649.2
6248,4185,30862.5,31618.6
6249,4196,30865,31644.4
6250,4270,30879.2,31638.6
6251,4288,30882.5,31640.8
6252,4106,30845.3,31637.5
6253,4400,30900.3,31646.4
6254,4173,30860,31748.6
6255,4035,30828.3,31740.6
6256,3893,30802.5,31699.2
6257,3947,30813.3,31678.6
6258,4074,30835.6,31645.3
6259,3899,30804.2,31636.7
6260,3740,30773.6,31616.9
6261,3630,30748.3,31550.3
6262,3523,30727.5,31526.7
6263,3543,30731.9,31536.7
6264,3421,30708.3,31542.2
6265,3244,30666.7,31527.5
6266,3225,30663.3,31514.4
6267,3081,30620.8,31590.8
6268,3021,30603.3,31578.1
6269,3026,30605.3,31505
6270,3195,30653.1,31474.7
6271,3271,30673.6,31470.3
6272,3349,30691.7,31499.2
6273,3762,30779.7,31422.2
6274,3742,30774.4,31372.2
6275,4059,30833.3,31416.7
6276,3584,30738.9,31481.9
6277,3554,30733.3,31517.8
6278,3391,30700,31500
6279,3385,30699.4,31486.1
6280,3488,30718.6,31474.4
6281,3544,30732.8,31495
6282,3503,30720.8,31526.7
6283,3591,30739.4,31599.2
6284,3652,30750.3,31566.1
6285,3852,30797.2,31565
6286,3907,30805.8,31507.8
6287,4070,30834.7,31509.2
6288,4064,30833.9,31465.6
6289,3766,30780.6,31448.6
6290,3623,30747.2,31372.2
6291,3783,30783.3,31383.3
6292,3549,30733.3,31366.7
6293,3867,30800,31372.2
6294,3999,30821.7,31361.7
6295,3712,30765.6,31323.1
6296,3662,30752.8,31307.8
6297,3645,30750,31413.9
6298,3693,30761.1,31403.9
6299,3530,30729.4,31433.3
6300,3496,30720,31412.5
6301,3445,30713.1,31416.7
6302,3419,30708.1,31382.2
6303,3473,30716.7,31383.3
6304,3300,30681.9,31366.7
6305,3208,30656.9,31355.6
6306,3125,30633.9,31384.4
6307,3254,30668.9,31345.3
6308,3239,30666.7,31283.3
6309,3351,30691.9,31330
6310,3286,30679.2,31265.3
6311,3408,30705.6,31246.7
6312,3295,30681.4,31223.9
6313,3114,30633.3,31216.7
6314,3146,30639.2,31216.9
6315,3223,30662.8,31247.2
6316,3370,30695.8,31283.3
6317,3540,30731.1,31266.1
6318,3743,30775,31262.2
6319,3609,30744.7,31233.9
6320,3471,30716.7,31300
6321,3388,30700,31333.3
6322,3447,30713.6,31243.9
6323,3600,30741.7,31275
6324,3265,30671.1,31292.8
6325,2879,30560,31215.8
6326,2894,30566.7,31183.3
6327,2856,30552.8,31178.3
6328,2932,30576.4,31156.7
6329,3725,30767.2,31171.9
6330,3469,30716.7,31183.3
6331,3468,30716.7,31166.7
6332,3190,30651.4,31134.7
6333,3175,30650,31166.7
6334,3112,30633.3,31166.7
6335,3235,30666.7,31100
6336,3222,30662.8,31069.2
6337,3096,30627.8,31016.1
6338,3050,30616.7,31050
6339,3086,30624.2,31049.2
6340,3376,30697.2,31047.5
6341,3465,30716.7,31050
6342,3386,30700,31116.7
6343,3229,30664.4,31118.3
6344,3261,30670,31088.9
6345,2962,30584.4,30959.7
6346,3049,30616.7,30983.3
6347,3018,30602.8,30966.9
6348,3024,30605.3,30963.9
6349,3194,30653.1,30971.9
6350,3156,30643.6,30945.8
6351,3248,30666.9,30940
6352,3339,30689.7,30978.3
6353,3135,30636.7,30914.2
6354,3202,30654.7,30958.6
6355,3134,30636.7,30913.9
6356,3529,30729.4,30918.9
6357,3375,30697.2,30862.2
6358,3502,30720.8,30853.6
6359,3704,30764.2,30962.2
6360,3755,30777.2,30932.8
6361,3680,30756.9,30956.7
6362,3598,30741.4,30936.9
6363,3637,30750,30920.6
6364,3536,30730.3,30921.9
6365,3619,30746.9,30881.4
6366,3829,30791.9,30884.2
6367,3769,30781.7,30924.7
6368,3853,30797.8,30963.3
6369,4110,30846.1,30968.3
6370,3776,30783.1,31087.5
6371,3812,30789.2,31125.3
6372,4002,30822.5,31125.3
6373,3764,30780,31229.2
6374,3866,30800,31199.7
6375,4283,30881.7,31236.4
6376,4131,30850,31350
6377,4094,30841.7,31400
6378,4177,30861.1,31340.8
6379,3844,30795.8,31300
6380,4154,30855.6,31255.3
6381,4229,30869.4,31281.1
6382,4181,30861.9,31199.2
6383,4020,30826.1,31222.5
6384,3916,30806.7,31205.6
6385,4057,30833.3,31216.7
6386,3831,30793.6,31230.8
6387,3728,30768.6,31236.4
6388,3528,30729.2,31296.4
6389,3705,30764.2,31340.6
6390,4047,30832.5,31345.8
6391,4588,30934.7,31350
6392,4563,30931.9,31357.8
6393,4638,30947.5,31357.8
6394,4723,30966.7,31367.5
6395,4900,31005.3,31415.3
6396,5382,31083.3,31400
6397,5538,31116.1,31387.2
6398,5679,31140.6,31422.5
6399,5574,31122.2,31444.2
6400,5746,31150,31483.3
6401,5831,31165.3,31526.4
6402,6094,31206.9,31548.6
6403,5686,31141.7,31597.2
6404,5559,31118.3,31662.2
6405,5610,31128.6,31698.3
6406,5304,31070.8,31695.8
6407,5898,31175.3,31599.7
6408,5569,31120.6,31639.2
6409,5596,31126.4,31654.2
6410,5503,31108.3,31741.7
6411,5504,31108.3,31750
6412,5589,31125,31747.2
6413,5638,31133.3,31706.9
6414,5622,31132.8,31700.6
6415,5749,31150,31723.3
6416,5687,31141.7,31712.8
6417,5593,31125.3,31693.3
6418,5851,31166.7,31733.3
6419,5959,31183.3,31733.3
6420,5852,31166.7,31740.3
6421,5826,31164.4,31738.9
6422,6256,31236.1,31737.5
6423,6574,31293.9,31756.9
6424,6351,31254.2,31770.8
6425,6367,31256.9,31765.3
6426,6130,31213.9,31779.2
6427,6179,31223.6,31720.8
6428,6472,31275,31709.7
6429,6240,31233.3,31691.7
6430,6309,31246.7,31651.9
6431,6349,31254.2,31702.8
6432,6433,31268.1,31726.4
6433,6645,31306.9,31740.3
6434,6623,31302.5,31733.3
6435,6350,31254.2,31709.7
6436,6168,31220.8,31695.8
6437,6247,31234.7,31695.3
6438,6424,31266.7,31683.3
6439,6523,31283.3,31650
6440,6495,31280,31678.1
6441,6337,31251.4,31681.7
6442,6219,31231.9,31719.4
6443,5912,31177.8,31659.7
6444,6008,31193.1,31666.7
6445,6129,31213.9,31665.3
6446,6086,31205.6,31608.3
6447,5748,31150,31600
6448,5637,31133.3,31633.3
6449,5624,31133.1,31654.2
6450,5623,31133.1,31633.6
6451,5384,31083.3,31633.3
6452,5054,31029.2,31572.2
6453,4819,30988.1,31532.5
6454,4671,30954.4,31502.8
6455,4737,30970,31480.6
6456,4820,30988.6,31510.8
6457,4921,31009.2,31482.5
6458,4791,30983.3,31483.3
6459,5022,31022.5,31511.1
6460,4847,30995.6,31555.3
6461,5102,31035.3,31554.4
6462,4992,31017.8,31601.7
6463,5035,31025,31583.9
6464,4741,30971.4,31592.8
6465,4895,31004.2,31627.8
6466,5000,31019.4,31634.7
6467,4915,31008.3,31613.9
6468,5134,31041.7,31643.1
6469,5270,31066.7,31566.7
6470,5342,31079.2,31495.3
6471,4910,31006.9,31538.9
6472,4701,30962.8,31528.6
6473,4848,30995.8,31483.3
6474,4991,31017.8,31388.9
6475,4883,31001.4,31360.6
6476,4904,31006.1,31383.3
6477,4789,30983.3,31350
6478,4683,30957.5,31356.9
6479,4767,30978.1,31388.9
6480,4655,30950,31350
6481,4833,30991.7,31363.6
6482,4637,30947.2,31401.4
6483,4520,30921.7,31397.5
6484,4427,30905.6,31406.9
6485,3968,30816.7,31415.8
6486,3817,30789.4,31406.1
6487,4024,30826.4,31421.9
6488,3987,30818.6,31436.9
6489,4133,30850,31431.9
6490,4092,30841.1,31400
6491,4108,30845.8,31438.9
6492,3802,30785.8,31490.8
6493,3747,30775.8,31531.7
6494,3737,30773.3,31460.3
6495,3484,30717.5,31436.9
6496,3313,30683.3,31450
6497,3624,30747.2,31450
6498,3443,30712.5,31391.7
6499,3583,30738.9,31436.1
6500,3694,30761.1,31481.9
6501,3785,30783.3,31468.6
6502,3876,30800.3,31462.5
6503,3868,30800,31486.1
6504,3436,30711.7,31606.4
6505,3157,30643.6,31604.2
6506,3132,30635.8,31606.7
6507,3047,30616.4,31628.9
6508,3010,30600.3,31616.4
6509,3121,30633.3,31608.3
6510,3059,30616.7,31628.6
6511,3017,30602.2,31605.6
6512,2978,30591.9,31562.2
6513,2933,30576.4,31555
6514,2937,30578.9,31554.4
6515,2851,30550.8,31533.9
6516,2906,30566.7,31500
6517,3040,30612.8,31509.2
6518,3148,30640.3,31472.2
6519,2905,30566.7,31483.3
6520,2750,30532.5,31499.4
6521,2557,30474.2,31500.6
6522,2652,30502.8,31531.4
6523,2564,30476.9,31515.6
6524,2653,30502.8,31557.5
6525,2611,30493.6,31579.7
6526,2558,30474.7,31602.2
6527,2609,30492.8,31616.4
6528,2685,30513.9,31547.8
6529,2612,30494.2,31477.2
6530,2638,30500,31463.9
6531,2352,30383.3,31483.3
6532,2389,30404.7,31528.9
6533,2324,30373.3,31538.6
6534,2328,30376.4,31546.1
6535,2405,30415.6,31585.6
6536,2364,30394.2,31553.9
6537,2512,30460,31569.2
6538,2404,30415.6,31514.2
6539,2478,30448.9,31524.4
6540,2388,30404.4,31486.9
6541,2522,30465.3,31520.6
6542,2643,30501.4,31549.7
6543,2712,30520,31503.3
6544,2563,30476.9,31444.2
6545,2881,30561.1,31472.2
6546,3120,30633.3,31483.3
6547,3170,30648.6,31532.5
6548,3161,30645.6,31517.2
6549,3129,30634.7,31519.2
6550,3141,30638.3,31501.1
6551,2975,30591.4,31510.3
6552,2966,30586.1,31545.6
6553,3020,30602.8,31537.2
6554,3144,30638.6,31539.7
6555,3160,30644.4,31619.2
6556,3273,30673.9,31632.2
6557,3127,30634.2,31599.2
6558,3186,30650.3,31587.5
6559,3211,30658.1,31626.4
6560,3155,30643.3,31612.2
6561,2938,30578.9,31581.1
6562,2502,30454.7,31581.1
6563,2573,30481.9,31564.2
6564,2675,30510.8,31544.2
6565,2955,30583.3,31500
6566,2994,30598.6,31495.8
6567,3019,30602.8,31511.4
6568,3077,30619.4,31490.3
6569,2993,30598.6,31473.1
6570,2954,30583.3,31483.3
6571,2953,30583.3,31450
6572,2589,30485,31443.6
6573,2464,30440.3,31416.9
6574,2316,30366.7,31316.7
6575,2409,30416.4,31348.6
6576,2437,30428.6,31293.1
6577,2425,30418.1,31293.6
6578,2373,30400,31300
6579,2356,30386.9,31261.1
6580,2448,30433.3,31266.7
6581,2434,30426.9,31243.6
6582,2394,30407.8,31225.3
6583,2368,30399.7,31189.7
6584,2305,30363.9,31208.3
6585,2308,30365.8,31201.4
6586,2289,30351.9,31226.1
6587,2245,30326.9,31244.2
6588,2196,30293.6,31245
6589,2161,30260,31275.3
6590,2117,30218.1,31358.9
6591,2058,30163.1,31386.9
6592,2039,30141.9,31371.4
6593,2099,30200.6,31342.5
6594,2074,30179.2,31392.2
6595,2124,30224.2,31405.6
6596,2187,30283.3,31350
6597,2194,30291.4,31319.4
6598,2150,30250,31350
6599,2114,30216.7,31383.3
6600,2097,30200,31383.3
6601,2075,30179.4,31353.1
6602,2136,30233.3,31333.3
6603,2094,30199.7,31322.2
6604,2082,30183.3,31283.3
6605,2069,30175.6,31238.6
6606,2076,30180,31256.9
6607,2110,30216.4,31233.3
6608,2079,30183.1,31205.3
6609,2055,30156.1,31187.2
6610,2041,30146.1,31231.1
6611,2040,30144.7,31242.2
6612,2007,30100.8,31216.1
6613,2024,30119.2,31232.5
6614,2026,30121.4,31148.3
6615,1992,30080.8,31116.4
6616,2012,30105.6,31113.6
6617,2062,30167.5,31105.6
6618,2070,30175.8,31114.2
6619,2086,30191.4,31163.3
6620,2077,30181.7,31225.8
6621,2044,30150,31233.3
6622,2014,30111.7,31197.5
6623,1982,30065,31230.3
6624,2038,30140.8,31209.7
6625,2028,30125.3,31190
6626,2036,30136.9,31244.2
6627,2029,30128.6,31242.2
6628,1983,30066.7,31216.7
6629,1994,30083.3,31233.3
6630,2018,30116.1,31131.7
6631,2092,30198.1,31134.2
6632,2068,30175.6,31103.9
6633,2101,30201.7,31061.7
6634,2100,30201.4,31070
6635,2066,30174.7,31048.6
6636,2111,30216.7,31033.3
6637,2091,30198.1,31040
6638,2090,30197.2,31003.9
6639,2065,30169.4,31007.2
6640,2054,30155.8,31032.5
6641,2061,30167.5,31020.8
6642,2085,30184.7,31035
6643,2084,30184.2,31035
6644,2059,30165.3,31072.8
6645,2064,30169.2,31041.7
6646,2106,30215,31009.2
6647,2149,30250,31033.3
6648,2126,30225.8,31050.8
6649,2198,30294.4,31034.7
6650,2244,30326.1,31000.8
6651,2275,30347.8,31000.8
6652,2217,30307.5,31053.1
6653,2215,30306.1,31092.5
6654,2195,30293.1,31106.1
6655,2214,30306.1,31026.7
6656,2239,30321.7,31036.1
6657,2334,30381.1,31061.4
6658,2314,30366.7,31050
6659,2322,30372.2,31050.8
6660,2291,30352.5,31030.6
6661,2396,30410.8,31036.1
6662,2366,30397.2,31035
6663,2265,30339.7,31027.2
6664,2216,30306.9,31113.3
6665,2201,30299.2,31146.4
6666,2241,30321.9,31123.3
6667,2270,30341.4,31125.3
6668,2292,30354.7,31104.4
6669,2236,30318.1,31073.6
6670,2171,30268.1,31047.2
6671,2205,30300,30983.3
6672,2229,30316.7,30983.3
6673,2282,30350,30933.3
6674,2342,30383.3,30950
6675,2414,30416.7,30950
6676,2337,30382.8,31041.1
6677,2393,30407.8,31083.6
6678,2301,30362.2,31025.8
6679,2277,30348.9,31005.6
6680,2336,30381.7,31000.6
6681,2442,30431.1,31009.7
6682,2424,30417.8,31024.2
6683,2641,30500.6,31052.2
6684,2625,30498.1,31063.6
6685,2892,30566.7,31116.7
6686,2891,30566.7,31100
6687,2889,30566.7,31066.7
6688,2948,30583.3,31083.3
6689,2817,30546.4,31035.8
6690,2733,30525.6,31064.7
6691,2690,30516.7,31083.3
6692,2724,30523.6,31078.3
6693,2890,30566.7,31083.3
6694,2726,30523.9,31094.4
6695,2691,30516.7,31100
6696,2742,30530,31097.2
6697,2708,30517.5,31068.3
6698,2752,30533.3,31116.7
6699,2672,30510.8,31123.6
6700,2692,30516.7,31133.3
6701,2517,30461.7,31167.5
6702,2510,30458.3,31152.2
6703,2621,30497.2,31191.7
6704,2746,30531.9,31251.7
6705,2561,30476.1,31168.9
6706,2401,30414.7,31086.7
6707,2357,30387.8,31115
6708,2386,30403.6,31054.4
6709,2315,30366.7,31066.7
6710,2294,30358.3,31082.2
6711,2304,30363.9,31049.4
6712,2660,30504.7,31122.8
6713,2607,30491.7,31125.8
6714,2634,30500,31116.7
6715,2631,30499.2,31050.8
6716,2591,30485.8,31054.7
6717,2729,30525,31050.3
6718,2613,30494.7,31027.2
6719,2722,30523.1,31031.1
6720,2578,30483.3,30983.3
6721,2577,30483.3,30966.7
6722,2626,30498.3,30973.6
6723,2874,30558.6,31010
6724,3304,30683.3,31083.3
6725,3365,30695,31099.7
6726,3412,30706.9,31103.6
6727,3363,30694.7,31110.8
6728,3453,30714.7,31053.1
6729,3758,30778.1,30978.3
6730,3763,30780,30937.8
6731,3775,30782.8,30939.7
6732,3753,30776.9,30925
6733,3634,30749.7,30934.4
6734,3658,30752.5,30929.7
6735,3512,30724.4,30940.8
6736,3169,30648.3,31000.8
6737,3158,30644.2,31052.2
6738,3015,30602.2,31090.3
6739,3138,30637.8,31085.6
6740,3103,30631.7,31083.1
6741,2940,30579.4,31134.4
6742,3046,30615.8,31151.4
6743,2983,30594.4,31198.3
6744,3078,30620,31211.7
6745,3088,30624.4,31228.9
6746,3139,30638.3,31265
6747,3052,30616.7,31216.7
6748,3147,30639.2,31286.7
6749,3163,30646.4,31277.8
6750,3336,30688.9,31276.4
6751,3470,30716.7,31252.5
6752,2995,30598.9,31182.8
6753,2987,30596.4,31287.5
6754,2899,30566.7,31300
6755,2971,30590.3,31323.6
6756,3099,30630.6,31373.6
6757,3056,30616.7,31413.9
6758,3615,30745.8,31397.2
6759,3413,30706.9,31404.2
6760,3692,30761.1,31402.8
6761,3784,30783.3,31416.7
6762,3655,30750.8,31371.9
6763,3414,30707.2,31351.4
6764,3378,30697.2,31338.9
6765,3359,30693.6,31432.8
6766,3275,30675,31413.9
6767,3119,30633.3,31456.9
6768,3091,30625,31483.3
6769,3038,30611.1,31488.9
6770,3005,30600,31466.7
6771,2820,30547.2,31456.9
6772,2725,30523.6,31452.8
6773,2717,30522.2,31422.2
6774,3282,30676.7,31543.6
6775,3262,30670,31587.2
6776,3326,30684.7,31520
6777,3399,30701.1,31527.2
6778,3702,30763.9,31519.4
6779,3729,30769.7,31516.7
6780,3969,30816.7,31466.7
6781,3786,30783.3,31500
6782,3485,30717.5,31509.4
6783,3602,30741.7,31593.6
6784,3364,30694.7,31587.8
6785,3506,30721.7,31592.5
6786,3577,30737.8,31606.4
6787,3516,30725.3,31668.3
6788,3455,30715,31675
6789,3671,30753.9,31697.2
6790,3665,30752.8,31732.2
6791,3510,30723.9,31758.9
6792,3382,30698.9,31778.9
6793,3444,30712.5,31750.8
6794,3870,30800,31833.3
6795,3957,30815.6,31814.7
6796,3696,30762.2,31831.1
6797,3559,30733.3,31850
6798,3522,30727.2,31862.5
6799,3296,30681.4,31818.3
6800,3247,30666.7,31816.7
6801,3558,30733.3,31839.2
6802,3589,30739.2,31842.5
6803,3533,30729.7,31797.2
6804,3477,30716.7,31800
6805,3459,30715.8,31882.2
6806,3437,30711.7,31883.3
6807,3457,30715.6,31895.3
6808,3479,30716.7,31933.3
6809,3518,30726.1,31917.2
6810,3317,30683.3,31833.3
6811,3572,30736.4,31763.6
6812,3430,30710.6,31732.5
6813,3255,30668.9,31809.4
6814,3064,30616.7,31750.3
6815,3251,30667.2,31700
6816,3159,30644.2,31787.2
6817,3509,30722.8,31754.2
6818,3525,30727.8,31756.1
6819,3587,30739.2,31748.9
6820,3608,30744.2,31734.7
6821,3664,30752.8,31730.3
6822,3607,30743.9,31675.8
6823,3392,30700,31783.3
6824,3411,30706.4,31783.6
6825,3666,30752.8,31802.2
6826,3628,30747.8,31876.4
6827,3814,30789.2,31854.2
6828,4328,30889.4,31888.3
6829,4349,30893.1,31865
6830,4547,30929.7,31868.6
6831,4627,30945,31828.6
6832,4594,30937.2,31742.5
6833,4925,31009.7,31648.6
6834,4916,31008.3,31697.2
6835,4667,30954.2,31688.3
6836,4673,30954.7,31645.3
6837,4665,30953.6,31610.6
6838,4516,30920.8,31622.8
6839,4536,30926.1,31601.7
6840,4677,30955.8,31660.3
6841,4617,30942.5,31652.8
6842,4702,30962.8,31702.2
6843,4568,30932.8,31736.1
6844,4550,30930,31696.4
6845,4466,30912.8,31688.9
6846,4401,30900.8,31679.4
6847,4308,30883.9,31738.3
6848,3761,30779.4,31738.3
6849,3981,30817.2,31710.8
6850,4028,30827.5,31722.8
6851,3990,30818.9,31713.1
6852,4011,30824.2,31709.2
6853,3970,30816.7,31716.7
6854,4037,30828.6,31704.7
6855,4249,30874.2,31682.8
6856,4289,30882.5,31685
6857,4253,30875.8,31657.8
6858,4345,30891.7,31628.6
6859,4465,30912.8,31576.1
6860,5205,31055,31535.8
6861,5457,31099.4,31510.3
6862,5850,31166.7,31516.7
6863,5796,31158.3,31506.9
6864,5615,31129.4,31553.1
6865,4993,31018.1,31502.8
6866,5531,31114.4,31489.7
6867,5356,31082.2,31511.4
6868,5316,31073.6,31494.2
6869,5636,31133.3,31466.7
6870,5553,31116.9,31489.2
6871,5956,31183.3,31483.3
6872,5732,31148.6,31508.3
6873,6203,31227.8,31515.3
6874,6492,31279.2,31536.1
6875,6630,31303.9,31456.4
6876,6762,31333.3,31433.3
6877,6775,31336.1,31443.1
6878,6796,31341.7,31434.7
6879,6698,31319.4,31438.9
6880,6745,31330.6,31429.2
6881,6712,31323.6,31409.7
6882,6684,31316.7,31416.7
6883,6569,31293.1,31429.2
6884,6496,31280.6,31412.5
6885,6422,31266.7,31416.7
6886,6519,31283.3,31383.3
6887,6393,31262.5,31368.1
6888,6392,31262.5,31358.3
6889,6532,31284.4,31361.4
6890,6825,31350,31350
6891,6911,31377.8,31333.3
6892,6683,31316.7,31404.2
6893,6815,31348.6,31411.1
6894,6899,31372.8,31418.9
6895,6826,31350,31400
6896,6973,31404.4,31364.2
6897,6976,31405,31374.4
6898,6933,31385.6,31363.1
6899,7007,31433.1,31325
6900,7011,31433.3,31333.3
6901,7010,31433.3,31316.7
6902,6925,31381.9,31384.7
6903,6869,31361.1,31362.5
6904,6652,31308.3,31369.4
6905,6814,31348.6,31331.9
6906,6858,31358.3,31333.3
6907,6615,31300,31466.7
6908,6614,31300,31450
6909,6638,31305.6,31479.2
6910,6586,31295.8,31504.2
6911,6900,31373.6,31517.5
6912,6686,31316.7,31466.7
6913,6593,31297.2,31536.1
6914,6587,31295.8,31595.8
6915,6655,31309.7,31543.1
6916,6765,31333.3,31580.6
6917,6870,31361.1,31618.1
6918,6798,31341.7,31641.7
6919,6981,31408.1,31618.3
6920,6982,31408.3,31616.7
6921,6997,31418.1,31613.9
6922,6941,31391.7,31618.1
6923,6938,31390.3,31637.5
6924,6881,31366.7,31637.5
6925,6840,31352.8,31627.8
6926,6687,31316.7,31616.7
6927,6718,31325,31619.4
6928,6884,31368.6,31515
6929,6836,31351.7,31517.8
6930,6332,31250,31506.9
6931,6439,31269.4,31584.7
6932,6014,31193.9,31524.4
6933,5520,31112.5,31535.8
6934,5403,31087.8,31525
6935,4868,30999.4,31433.3
6936,5016,31021.4,31441.4
6937,5191,31052.2,31447.2
6938,5431,31093.1,31493.6
6939,5454,31098.9,31428.3
6940,5383,31083.3,31416.7
6941,5179,31050,31400
6942,5087,31033.3,31400
6943,4834,30992.2,31422.8
6944,4933,31010.8,31451.9
6945,4746,30972.2,31388.9
6946,4447,30909.7,31369.4
6947,4495,30916.7,31383.3
6948,4360,30895.6,31435
6949,4344,30891.7,31473.6
6950,4285,30881.9,31463.1
6951,4182,30861.9,31481.1
6952,4060,30833.3,31483.3
6953,4135,30850,31466.7
6954,3885,30801.4,31467.8
6955,4040,30829.7,31404.7
6956,4015,30825,31420.8
6957,3997,30821.1,31455.8
6958,4134,30850,31455.6
6959,3835,30794.4,31480.6
6960,3606,30743.9,31576.1
6961,3794,30783.6,31632.2
6962,3714,30766.4,31638.9
6963,3715,30766.4,31653.3
6964,3862,30799.7,31667.2
6965,3800,30785,31635.8
6966,3661,30752.5,31639.2
6967,3458,30715.8,31640
6968,3333,30686.9,31641.4
6969,3341,30690,31689.7
6970,3072,30618.3,31670.3
6971,3188,30650.8,31665.8
6972,3226,30663.6,31685.3
6973,3233,30666.4,31683.3
6974,3245,30666.7,31700
6975,3217,30659.7,31697.2
6976,3191,30651.7,31763.3
6977,3393,30700,31833.3
6978,3499,30720.6,31801.7
6979,3504,30721.1,31821.9
6980,3478,30716.7,31816.7
6981,3626,30747.5,31770.3
6982,3097,30628.9,31732.8
6983,3246,30666.7,31783.3
6984,3203,30654.7,31734.2
6985,3397,30700.3,31716.4
6986,3562,30733.6,31683.1
6987,3563,30733.6,31749.7
6988,3546,30733.1,31720.3
6989,3497,30720.3,31727.8
6990,3328,30685.8,31713.3
6991,3187,30650.3,31749.7
6992,3068,30617.2,31716.4
6993,3062,30616.7,31749.7
6994,3069,30617.5,31710.6
6995,3082,30620.8,31696.1
6996,3022,30604.2,31653.1
6997,3033,30606.9,31635
6998,2945,30580.8,31620.3
6999,2766,30533.6,31616.4
7000,2574,30482.5,31556.1
7001,2422,30416.7,31566.7
7002,2454,30433.9,31564.4
7003,2473,30445.6,31567.2
7004,2659,30504.2,31439.4
7005,2680,30512.5,31486.1
7006,2538,30466.7,31433.3
7007,2655,30503.9,31360.8
7008,2904,30566.7,31416.7
7009,2950,30583.3,31366.7
7010,2980,30593.1,31330.6
7011,2972,30590.3,31333.3
7012,3008,30600.3,31349.2
7013,2985,30595.8,31330.6
7014,3031,30606.9,31290.3
7015,2744,30530.3,31337.8
7016,3168,30647.8,31397.5
7017,3221,30662.5,31430.6
7018,3192,30651.9,31443.3
7019,3357,30693.1,31474.7
7020,3390,30700,31456.9
7021,3409,30705.6,31456.9
7022,4061,30833.3,31500
7023,4005,30823.3,31518.6
7024,4159,30856.9,31528.6
7025,4161,30857.5,31585.6
7026,3886,30801.4,31593.6
7027,3833,30793.9,31650.6
7028,3912,30806.1,31617.8
7029,4016,30825,31616.4
7030,4036,30828.6,31599.4
7031,4347,30892.2,31650.3
7032,4497,30916.7,31683.3
7033,4549,30930,31661.7
7034,4216,30866.7,31516.7
7035,4317,30886.1,31500
7036,4435,30907.2,31549.4
7037,4543,30928.6,31569.2
7038,4690,30959.4,31576.1
7039,4742,30971.4,31595
7040,4760,30976.1,31611.9
7041,5090,31033.3,31550
7042,5053,31029.2,31554.2
7043,5358,31082.5,31546.9
7044,5405,31088.3,31528.6
7045,5046,31026.7,31520.8
7046,4877,31000,31550
7047,4799,30984.2,31554.7
7048,5147,31044.4,31566.7
7049,5388,31084.7,31541.7
7050,5019,31022.2,31523.6
7051,5055,31029.2,31575
7052,4998,31019.2,31568.3
7053,5020,31022.2,31565.3
7054,4982,31016.7,31483.3
7055,4761,30976.9,31452.5
7056,4636,30946.7,31453.6
7057,4508,30918.9,31469.7
7058,4558,30931.7,31476.7
7059,4406,30901.7,31505
7060,4552,30930.6,31500
7061,4444,30909.2,31504.2
7062,4414,30902.8,31481.9
7063,4513,30920.6,31447.2
7064,4581,30933.3,31433.3
7065,4647,30949.4,31473.6
7066,4632,30945.8,31560.8
7067,4748,30973.3,31544.2
7068,5268,31066.7,31433.3
7069,5753,31150.3,31437.2
7070,5862,31168.1,31401.7
7071,5736,31149.2,31373.9
7072,5651,31136.1,31329.4
7073,5602,31127.5,31331.1
7074,5550,31116.7,31333.3
7075,5004,31019.7,31311.1
7076,5239,31062.8,31308.9
7077,5451,31098.6,31304.7
7078,5478,31101.7,31343.6
7079,5381,31083.3,31300
7080,5549,31116.7,31283.3
7081,5450,31098.6,31268.9
7082,5325,31074.7,31284.7
7083,5548,31116.7,31250
7084,5592,31125.3,31290.8
7085,5681,31141.1,31313.3
7086,6126,31213.1,31357.5
7087,6273,31239.7,31376.9
7088,6180,31223.9,31313.3
7089,5953,31183.3,31316.7
7090,5954,31183.3,31333.3
7091,5874,31170.8,31328.3
7092,5787,31157.2,31293.3
7093,5849,31166.7,31283.3
7094,5675,31140.3,31248.1
7095,5760,31151.9,31193.6
7096,6004,31191.7,31172.8
7097,6167,31220.8,31175
7098,6077,31204.2,31105.6
7099,6446,31270.8,31027.8
7100,6463,31273.6,31012.5
7101,6464,31273.6,31037.5
7102,6382,31259.7,31040.3
7103,6381,31259.7,31026.4
7104,6631,31304.2,30971.4
7105,6148,31216.7,30916.7
7106,6174,31221.9,30910.6
7107,5533,31115.3,31013.9
7108,5255,31066.4,30976.4
7109,5425,31091.7,31001.4
7110,5242,31063.6,30996.4
7111,5124,31039.7,30994.4
7112,5692,31142.8,30951.9
7113,5583,31123.9,31000
7114,5609,31128.6,30966.4
7115,5525,31113.9,31023.6
7116,5654,31136.9,30989.7
7117,5566,31119.7,30996.1
7118,5424,31091.4,30986.9
7119,4905,31006.4,30957.2
7120,4882,31001.4,30990
7121,4874,31000,31016.7
7122,5043,31026.4,30990.3
7123,5185,31050.8,30979.7
7124,5501,31108.1,30963.9
7125,5801,31159.2,30891.1
7126,5693,31143.1,30873.3
7127,5793,31157.5,30865.6
7128,5523,31113.1,30845.6
7129,5430,31093.1,30837.5
7130,5605,31128.3,30842.8
7131,5482,31102.8,30854.2
7132,5241,31063.6,30842.2
7133,4911,31007.2,30887.2
7134,4977,31016.7,30816.7
7135,5289,31069.4,30820.6
7136,5699,31143.9,30696.7
7137,5725,31147.5,30661.9
7138,5442,31097.2,30671.7
7139,5396,31086.9,30685.8
7140,4964,31015.6,30656.4
7141,4600,30938.6,30680.8
7142,4968,31016.4,30633.1
7143,4625,30944.7,30560
7144,4278,30881.1,30550.3
7145,4355,30894.4,30590.8
