order,city_id,x,y
0,519,51866.7,9666.67
1,605,51893.3,9750.56
2,920,52031.7,9711.94
3,1262,52150,9583.33
4,1339,52166.7,9550
5,1404,52183.3,9583.33
6,1340,52166.7,9600
7,1229,52142.5,9631.39
8,1205,52137.2,9748.89
9,1301,52158.3,9660.28
10,1244,52147.8,9662.78
11,1061,52088.6,9635.83
12,966,52050,9516.67
13,912,52029.4,9444.44
14,935,52040,9474.44
15,1364,52173.3,9404.44
16,1431,52191.7,9435.83
17,1261,52150,9400
18,1234,52145.3,9315.56
19,1289,52155.6,9382.5
20,1247,52148.9,9422.5
21,1357,52170.8,9373.06
22,1236,52146.1,9375.56
23,1273,52151.7,9357.78
24,1168,52128.3,9316.67
25,1266,52150.8,9430.56
26,1475,52203.3,9506.39
27,1602,52241.1,9386.11
28,1530,52218.9,9416.67
29,1350,52169.7,9344.72
30,1521,52216.7,9383.33
31,1693,52266.7,9366.67
32,1402,52183.3,9279.44
33,1463,52200.6,9322.78
34,1419,52187.8,9358.06
35,1495,52208.3,9428.89
36,1148,52120.3,9393.89
37,965,52050,9450
38,754,51953.9,9390.83
39,916,52030.6,9405.28
40,314,51765.3,9355.28
41,278,51743.6,9305.83
42,331,51776.9,9170.83
43,713,51933.3,9133.33
44,517,51866.7,9050
45,534,51870.8,9083.06
46,133,51634.7,9055.56
47,104,51610.3,8978.06
48,71,51583.6,9002.22
49,124,51629.2,8975.83
50,115,51616.9,8940.28
51,170,51659.4,8929.44
52,210,51687.8,8983.33
53,259,51727.8,9024.72
54,294,51756.7,8987.78
55,318,51766.7,8966.67
56,293,51756.4,9054.72
57,363,51796.1,8950.56
58,443,51842.2,8935.28
59,621,51900,8950
60,620,51900,8850
61,452,51846.7,8891.11
62,833,51983.3,8933.33
63,453,51846.7,9108.06
64,381,51807.5,9054.44
65,489,51858.9,9023.61
66,457,51848.1,9035.56
67,430,51833.3,9033.33
68,655,51910.3,9022.78
69,945,52044.4,9060.56
70,1083,52095.8,9180.56
71,1049,52083.3,9216.67
72,1136,52116.7,9216.67
73,1048,52083.3,9183.33
74,956,52049.2,9165.83
75,1068,52091.4,9161.67
76,940,52041.4,9134.17
77,1010,52067.8,9126.11
78,1135,52116.7,9116.67
79,1311,52161.1,9115.56
80,1087,52098.6,9098.33
81,1002,52066.7,9066.67
82,708,51932.2,9069.17
83,988,52059.4,9072.78
84,1134,52116.7,9033.33
85,1026,52076.7,9071.94
86,1120,52111.9,8983.89
87,1012,52068.6,9026.67
88,769,51961.4,9080.28
89,419,51829.4,9197.78
90,490,51859.2,9291.94
91,675,51917.2,9248.61
92,1074,52093.6,9206.94
93,1112,52108.9,9154.44
94,1233,52145.3,9098.89
95,1385,52179.4,9080.56
96,1190,52133.3,9216.67
97,943,52042.5,9255.28
98,834,51983.6,9300.56
99,844,51989.7,9295.28
100,879,52008.9,9326.11
101,1138,52116.7,9383.33
102,1029,52078.6,9346.94
103,1104,52104.7,9293.61
104,1191,52133.3,9250
105,1156,52123.9,9225.83
106,1108,52108.1,9259.44
107,1084,52097.2,9285
108,1366,52173.9,9262.78
109,1765,52283.3,9216.67
110,1668,52259.4,9159.44
111,1764,52283.3,9150
112,2059,52380.6,9223.06
113,1997,52357.5,9209.72
114,2000,52358.9,9332.22
115,2123,52400,9366.67
116,1922,52333.3,9383.33
117,1832,52304.4,9404.44
118,1617,52243.1,9349.72
119,1474,52203.3,9300.83
120,1724,52274.4,9290.56
121,1817,52300,9300
122,1830,52304.2,9290
123,1872,52316.7,9266.67
124,1745,52279.2,9281.11
125,1887,52319.4,9359.44
126,2044,52373.9,9370
127,1900,52324.4,9269.44
128,1853,52310,9226.67
129,1453,52199.4,9205.28
130,1459,52200,9183.33
131,1363,52173.3,9223.89
132,1401,52183.3,9233.33
133,1064,52089.7,9296.11
134,984,52058.6,9305.56
135,819,51980.6,9311.39
136,672,51916.7,9216.67
137,624,51900,9250
138,541,51873.6,9280.83
139,926,52034.4,9110.56
140,726,51936.7,9087.5
141,469,51851.4,8984.44
142,301,51760.3,9039.44
143,362,51795.6,9078.89
144,92,51603.6,9092.22
145,116,51617.2,9097.78
146,101,51608.1,9103.33
147,75,51585,9186.67
148,263,51733.1,9291.39
149,277,51743.3,9348.33
150,325,51772.5,9451.11
151,383,51808.1,9330.83
152,329,51776.4,9310.28
153,894,52015.6,9451.11
154,1019,52072.2,9450
155,924,52033.3,9483.33
156,1325,52165,9605.83
157,1529,52218.1,9491.39
158,1863,52314.7,9507.22
159,1915,52332.8,9502.5
160,2094,52391.9,9558.61
161,2152,52411.7,9510.83
162,2157,52412.8,9389.44
163,2064,52382.8,9589.44
164,2024,52366.9,9597.5
165,1576,52233.3,9700
166,1718,52272.5,9661.94
167,1736,52277.5,9737.22
168,1999,52358.3,9710.56
169,2210,52433.3,9791.94
170,2142,52407.2,9715.56
171,2133,52403.3,9733.33
172,1792,52290.3,9619.44
173,2167,52416.7,9687.5
174,2027,52368.1,9770.83
175,1588,52238.9,9802.5
176,1974,52350,9816.67
177,2015,52364.7,9820.56
178,2007,52361.7,9828.89
179,2179,52420.8,9852.78
180,2169,52416.9,9916.94
181,2146,52409.4,9934.44
182,2066,52383.3,9833.61
183,1923,52333.3,9783.33
184,1605,52241.7,9656.94
185,1970,52350,9500
186,1818,52300,9450
187,1575,52233.3,9466.67
188,1403,52183.3,9400
189,1326,52165.3,9415.28
190,1092,52100,9466.67
191,1007,52066.7,9633.33
192,1300,52158.3,9578.89
193,1478,52204.4,9555.28
194,1564,52230.6,9650
195,1341,52166.7,9700
196,1731,52275.8,9773.33
197,1986,52353.6,9756.11
198,2124,52400,9900.28
199,1973,52350,9750
200,1685,52264.7,9674.72
201,1461,52200,9583.33
202,1639,52250,9583.33
203,1613,52242.8,9610.83
204,1657,52256.7,9539.72
205,1665,52258.9,9577.22
206,1447,52197.2,9571.67
207,1391,52181.9,9498.89
208,1542,52222.5,9410
209,1445,52196.7,9423.61
210,1609,52242.2,9514.44
211,1394,52182.8,9535.28
212,1748,52279.4,9609.17
213,1192,52133.3,9583.33
214,1065,52089.7,9565.28
215,989,52061.9,9613.33
216,1140,52116.7,9566.67
217,1207,52138.1,9535.83
218,1460,52200,9550
219,1713,52271.4,9461.67
220,1477,52203.6,9330.56
221,1338,52166.7,9283.33
222,1106,52106.7,9351.39
223,1113,52108.9,9328.89
224,1054,52086.1,9376.11
225,824,51981.7,9251.94
226,691,51925.6,9251.67
227,734,51940.6,9254.17
228,1137,52116.7,9266.67
229,977,52054.7,9244.17
230,1063,52089.7,9246.11
231,1053,52085.3,9193.33
232,1095,52101.1,9220.56
233,487,51858.3,9240
234,337,51781.1,9155.56
235,305,51762.5,9190
236,286,51748.6,9205.83
237,567,51880.6,9246.11
238,482,51856.9,9166.11
239,705,51931.4,9190.28
240,761,51958.1,9195.56
241,612,51896.9,9205.56
242,481,51856.7,9175.28
243,231,51704.7,9266.11
244,168,51657.8,9382.22
245,181,51668.6,9381.11
246,201,51683.3,9450
247,187,51675,9478.06
248,194,51677.5,9492.22
249,342,51783.3,9566.67
250,418,51828.3,9570
251,478,51855.8,9619.17
252,582,51883.3,9583.33
253,273,51741.4,9559.17
254,246,51716.7,9566.67
255,299,51759.2,9553.06
256,304,51761.4,9525
257,425,51832.5,9497.22
258,599,51890.8,9486.11
259,480,51856.1,9505.28
260,494,51861.4,9630.56
261,628,51900,9779.72
262,521,51866.7,9816.67
263,472,51853.1,9827.5
264,432,51833.3,9900
265,420,51829.7,9895.56
266,585,51884.4,9834.44
267,479,51855.8,9847.78
268,438,51837.2,9836.39
269,354,51790,9812.22
270,295,51756.9,9855
271,283,51746.1,9900.83
272,311,51764.7,9894.17
273,811,51975.8,9861.11
274,809,51975.3,9895.56
275,825,51981.7,9857.22
276,789,51966.7,9850
277,946,52045,9718.61
278,1274,52151.7,9600
279,1276,52151.9,9553.61
280,1077,52094.4,9694.44
281,995,52063.6,9699.44
282,1042,52082.2,9768.89
283,1128,52116.1,9828.06
284,1347,52169.4,9829.17
285,1117,52110.6,9773.61
286,1779,52287.2,9857.78
287,1550,52225.3,9922.22
288,1662,52258.1,10022.5
289,1522,52216.7,9950
290,1309,52160.6,10030.3
291,1270,52151.7,10056.7
292,1859,52311.7,10016.9
293,1708,52270.6,10029.4
294,1591,52239.7,10110.8
295,1630,52247.5,10178.1
296,1592,52239.7,10208.1
297,1569,52233.3,10316.7
298,1464,52200.8,10334.4
299,1414,52185.3,10338.1
300,1407,52184.7,10315.8
301,1232,52145.3,10337.8
302,1165,52126.9,10313.6
303,1223,52141.7,10385.6
304,1379,52178.6,10448.6
305,1436,52194.4,10423.3
306,1294,52157.5,10442.5
307,1351,52170,10341.7
308,1536,52220.8,10365.3
309,1566,52231.7,10332.8
310,1225,52141.9,10289.7
311,1264,52150.6,10177.2
312,1308,52160.3,10193.3
313,1734,52276.9,10168.6
314,1642,52250.6,10164.2
315,1697,52266.9,10164.2
316,1714,52271.7,10172.5
317,1669,52260,10162.2
318,1581,52235.8,10185.6
319,1559,52229.2,10179.7
320,1674,52260.3,10181.7
321,1545,52224.2,10139.7
322,1393,52182.5,9991.39
323,1251,52149.7,9968.06
324,1025,52076.1,9915.83
325,1041,52081.7,9920.28
326,983,52058.1,9937.78
327,782,51965.6,9909.72
328,840,51987.2,9937.22
329,933,52038.3,9953.89
330,974,52054.2,9977.5
331,732,51939.4,10035.6
332,1290,52155.6,9934.44
333,1111,52108.3,9894.17
334,925,52033.3,9983.33
335,908,52027.2,9974.72
336,699,51928.3,9951.39
337,644,51908.3,10064.4
338,717,51933.6,10018.3
339,370,51800,10166.7
340,600,51891.7,10217.8
341,760,51956.9,10210.8
342,467,51851.4,10166.7
343,97,51606.1,10175
344,350,51788.6,10051.9
345,444,51842.8,10028.6
346,86,51600,10133.3
347,171,51660,10068.6
348,103,51608.6,10061.9
349,85,51598.9,10035.8
350,141,51639.4,9963.61
351,208,51686.1,9847.5
352,140,51639.4,9817.5
353,148,51645.6,9858.33
354,251,51720.3,9916.94
355,440,51838.9,9980.56
356,374,51802.5,9991.11
357,378,51806.9,9990.56
358,373,51801.9,9983.61
359,145,51643.3,9951.94
360,152,51646.7,9981.11
361,195,51677.8,10000.6
362,190,51675.6,9990
363,256,51725.3,9968.89
364,267,51736.7,9973.89
365,239,51707.8,9954.17
366,203,51683.3,9950
367,212,51689.2,9932.78
368,319,51766.7,9850
369,272,51740.6,9895.56
370,252,51724.4,9892.5
371,221,51693.6,9940
372,45,51550,9833.33
373,180,51667.8,9821.67
374,257,51727.2,9780.56
375,290,51754.4,9776.39
376,307,51763.1,9781.11
377,328,51776.1,9770.56
378,537,51871.4,9678.89
379,565,51879.7,9643.06
380,674,51916.7,9716.67
381,727,51936.7,9789.44
382,1009,52066.7,9716.67
383,1089,52099.7,9680.28
384,993,52063.1,9598.89
385,1022,52073.3,9501.11
386,1099,52103.6,9513.61
387,1139,52116.7,9483.33
388,1248,52148.9,9506.39
389,1158,52125,9523.06
390,1661,52257.5,9620.83
391,2013,52364.4,9648.33
392,1971,52350,9633.33
393,1933,52335.8,9605
394,1912,52331.1,9664.44
395,1758,52281.7,9680.83
396,1790,52289.7,9655.83
397,1675,52260.3,9658.61
398,2158,52413.3,9731.94
399,2153,52412.5,9683.61
400,2450,52525,9490
401,2397,52503.9,9453.61
402,2396,52503.6,9445.83
403,2336,52481.4,9414.17
404,2276,52461.1,9370.56
405,2243,52448.3,9446.67
406,2084,52387.8,9479.17
407,2238,52446.4,9485
408,1746,52279.2,9505
409,1969,52350,9416.67
410,1694,52266.7,9582.5
411,1924,52333.6,9631.67
412,1894,52321.4,9552.22
413,1866,52315,9579.44
414,2200,52429.2,9541.11
415,2172,52417.5,9565.56
416,2199,52429.2,9502.78
417,2306,52470.6,9495.83
418,2328,52477.2,9371.11
419,2482,52538.1,9378.89
420,2542,52558.6,9464.44
421,2831,52675,9608.61
422,2840,52679.2,9644.17
423,2781,52648.6,9700.83
424,2743,52634.2,9729.44
425,2669,52603.3,9708.06
426,2715,52622.5,9731.11
427,1565,52230.8,9873.33
428,1755,52280.8,9841.39
429,1846,52308.3,9844.17
430,1263,52150,9716.67
431,1160,52125.3,9710.56
432,1094,52100,9783.33
433,1024,52075,9765.83
434,1121,52112.2,9726.11
435,1023,52075,9629.44
436,1031,52078.9,9697.78
437,1008,52066.7,9683.33
438,1126,52113.3,9743.33
439,1055,52086.1,9767.5
440,985,52058.9,9746.94
441,1321,52163.9,9738.89
442,1050,52084.2,9696.11
443,1194,52133.9,9770
444,1123,52112.8,9854.44
445,1151,52121.7,9772.5
446,1597,52240.3,9842.5
447,2105,52395,9833.61
448,2177,52418.6,9812.22
449,2223,52439.7,9760.83
450,2338,52482.5,9680.56
451,1996,52356.7,9605.56
452,2247,52449.7,9392.5
453,2460,52530.8,9434.44
454,2504,52545.8,9474.17
455,3148,52801.1,9454.17
456,3565,52942.8,9451.67
457,3280,52855.3,9398.33
458,3424,52903.1,9343.06
459,3709,52984.7,9294.17
460,3549,52937.8,9203.61
461,3602,52953.1,9349.17
462,3688,52979.2,9413.06
463,3584,52946.9,9448.89
464,3583,52946.7,9458.33
465,3263,52849.7,9438.06
466,3290,52858.9,9427.78
467,2858,52683.9,9355.83
468,2896,52698.9,9344.72
469,3251,52845.8,9375.56
470,3138,52796.7,9365.83
471,3296,52861.7,9353.61
472,3367,52887.5,9308.89
473,3163,52806.1,9381.39
474,3196,52820.8,9416.67
475,3147,52800.8,9411.94
476,3062,52763.6,9332.5
477,3110,52783.6,9397.5
478,3185,52816.9,9450.83
479,3001,52736.4,9493.61
480,2761,52639.7,9483.33
481,2742,52633.3,9500
482,2847,52681.4,9481.67
483,2945,52718.1,9451.94
484,3167,52806.7,9465.56
485,2986,52733.3,9516.67
486,2975,52731.9,9522.78
487,2714,52622.5,9644.44
488,2987,52733.3,9583.33
489,2805,52659.7,9654.44
490,2911,52704.4,9603.33
491,2944,52716.9,9586.67
492,3004,52738.3,9569.44
493,2813,52666.9,9588.33
494,2746,52634.7,9595.28
495,2521,52550.8,9560.56
496,2144,52407.5,9605.83
497,2327,52476.9,9505
498,2353,52490.3,9528.06
499,2351,52488.3,9575.56
500,2361,52491.7,9487.78
501,2307,52470.8,9541.11
502,2113,52397.2,9489.72
503,2299,52467.5,9535.28
504,2257,52451.9,9570.83
505,2447,52523.6,9669.44
506,2413,52509.7,9671.67
507,2253,52451.4,9662.5
508,2354,52490.3,9646.11
509,2497,52543.3,9654.44
510,2280,52461.9,9600.28
511,2369,52495.8,9575.83
512,2103,52394.2,9516.39
513,2030,52369.2,9563.61
514,2197,52428.1,9699.72
515,2614,52583.6,9850
516,2567,52567.5,9814.72
517,2724,52627.8,9764.44
518,2697,52614.7,9776.11
519,2655,52598.1,9771.67
520,2741,52632.2,9751.67
521,2620,52585.8,9866.67
522,2565,52566.9,9850
523,2519,52550,9867.22
524,2588,52575,9891.11
525,2235,52445.8,9766.67
526,2010,52363.6,9733.61
527,2139,52405.6,9616.94
528,2089,52388.9,9685
529,2018,52366.1,9687.22
530,1972,52350,9683.33
531,1695,52266.7,9716.67
532,1673,52260,9708.06
533,1614,52242.8,9752.5
534,1696,52266.7,9730.56
535,1500,52210.3,9639.72
536,1608,52241.9,9543.06
537,1596,52240.3,9400.28
538,1603,52241.4,9464.72
539,1856,52310.8,9348.06
540,1989,52354.7,9344.17
541,1952,52344.7,9365
542,1883,52318.3,9382.5
543,2205,52431.1,9375.83
544,2577,52570.3,9282.78
545,2785,52650,9220.56
546,2367,52495,9151.39
547,2430,52515.8,9168.89
548,2399,52504.2,9152.22
549,2366,52494.4,9063.06
550,2346,52485.3,9089.44
551,1356,52170.8,9117.22
552,1058,52087.2,9161.39
553,964,52050,9200
554,915,52030,9291.67
555,934,52040,9331.94
556,1005,52066.7,9333.33
557,913,52029.7,9354.72
558,683,51921.1,9386.11
559,658,51913.1,9482.22
560,591,51886.4,9561.67
561,627,51900,9616.67
562,525,51868.1,9531.67
563,586,51885,9453.89
564,576,51882.8,9421.67
565,557,51877.5,9438.89
566,715,51933.3,9450
567,652,51910,9520.56
568,547,51874.4,9559.17
569,625,51900,9450
570,538,51872.5,9402.22
571,366,51797.5,9376.39
572,343,51783.6,9322.22
573,224,51695.8,9345.28
574,233,51706.1,9365
575,131,51634.2,9224.17
576,59,51571.7,9138.89
577,113,51616.7,9083.33
578,175,51663.1,9074.44
579,32,51533.3,9116.67
580,46,51551.9,9132.22
581,41,51550,9133.33
582,29,51526.4,9183.33
583,38,51540.6,9208.06
584,82,51592.5,9130
585,87,51600.8,9137.78
586,155,51648.9,8991.39
587,157,51650,8966.67
588,119,51621.7,8975.28
589,112,51616.4,8978.61
590,77,51587.2,8979.44
591,156,51650,8900
592,211,51688.3,8953.06
593,188,51675.3,8941.39
594,81,51592.2,8908.61
595,88,51601.4,8958.89
596,121,51623.1,8870.56
597,184,51672.2,8905.28
598,90,51603.3,8829.72
599,345,51784.7,8924.17
600,333,51778.9,8904.17
601,434,51834.4,8877.22
602,677,51917.5,8940
603,509,51865.8,8851.39
604,564,51879.2,8858.06
605,686,51922.2,8897.22
606,412,51825.3,8859.72
607,492,51860,8880
608,793,51968.9,8707.22
609,1428,52190.8,8769.72
610,1525,52217.2,8876.39
611,1554,52226.9,8945.56
612,1562,52230,8855.28
613,1672,52260,8925.83
614,1691,52266.7,8883.33
615,2092,52391.1,8755.83
616,2322,52475.6,8701.67
617,2415,52510.3,8712.78
618,2569,52567.8,8720.28
619,2689,52612.5,8806.11
620,2716,52623.3,8812.22
621,3165,52806.7,8697.5
622,2865,52686.4,8668.61
623,2609,52582.8,8617.5
624,2647,52596.1,8546.94
625,2737,52631.7,8478.61
626,2786,52651.1,8396.11
627,2691,52612.8,8420.83
628,2769,52644.4,8470.28
629,2699,52615.6,8293.06
630,2526,52552.5,8271.94
631,2458,52529.7,8258.33
632,2568,52567.8,8256.39
633,2393,52503.3,8237.22
634,2376,52499.4,8200
635,2411,52508.3,8152.5
636,2488,52540.8,8146.67
637,2468,52533.3,8195.28
638,2333,52479.7,8309.72
639,2003,52360.3,8493.06
640,2174,52417.8,8531.11
641,2381,52500.3,8453.06
642,2077,52385,8585.83
643,2082,52387.2,8585.28
644,2161,52415,8580.56
645,2319,52474.2,8545.83
646,2221,52438.9,8567.5
647,2342,52483.3,8566.67
648,2261,52453.6,8743.06
649,2498,52543.9,8850.56
650,2449,52525,8853.06
651,2705,52616.7,8883.33
652,2721,52627.2,8988.89
653,3050,52760,8895.56
654,3322,52871.4,8908.61
655,3779,53006.4,9028.06
656,3724,52988.9,9046.11
657,3706,52984.4,9002.5
658,3809,53016.7,9016.67
659,3850,53029.2,8965
660,4001,53071.1,8941.11
661,4116,53107.5,8903.06
662,4205,53130.6,8905.28
663,4109,53105,8948.06
664,4093,53101.1,8968.06
665,4390,53181.7,8937.78
666,4780,53278.6,8973.89
667,4886,53302.5,9069.17
668,5095,53353.6,9158.61
669,4977,53326.9,9139.44
670,4948,53321.1,9144.44
671,4967,53324.7,9164.17
672,4897,53306.4,9212.78
673,5206,53381.1,9210.83
674,5383,53416.1,9203.89
675,5219,53383.3,9200
676,5277,53394.4,9226.11
677,5192,53377.5,9252.5
678,4997,53332.2,9284.17
679,4945,53320.6,9219.72
680,4646,53247.5,9331.39
681,4051,53088.6,9325.56
682,4207,53131.4,9274.44
683,4184,53124.7,9248.61
684,4153,53116.9,9235.56
685,4036,53083.3,9200
686,4176,53121.7,9068.33
687,4263,53146.7,9075.56
688,4860,53296.9,8993.61
689,5153,53368.1,8960.56
690,4862,53297.5,9019.17
691,4933,53317.5,9046.11
692,5130,53363.3,9130
693,5111,53359.2,9157.5
694,5299,53399.4,9253.06
695,5328,53405,9240.56
696,5112,53359.2,9224.72
697,4690,53257.5,9212.5
698,4283,53151.4,9100.56
699,4073,53095.6,9270.56
700,3851,53029.2,9364.72
701,3794,53013.1,9355.56
702,3832,53022.8,9368.33
703,3831,53022.5,9393.33
704,3814,53017.2,9386.11
705,3716,52985.8,9351.67
706,4044,53086.1,9285.28
707,4161,53118.1,9290.28
708,3925,53050,9316.67
709,3864,53032.8,9288.33
710,3981,53065.8,9328.33
711,4579,53233.3,9433.33
712,4659,53250,9333.33
713,4644,53247.2,9417.78
714,4745,53270.8,9551.11
715,5199,53379.2,9496.94
716,5180,53375,9537.5
717,5222,53383.9,9500.56
718,5259,53391.7,9615.56
719,5077,53350.3,9615.83
720,5044,53343.1,9643.61
721,4684,53255.6,9580
722,4719,53265.6,9583.61
723,4671,53251.9,9540.56
724,4810,53285,9525
725,4617,53240.6,9395.28
726,4653,53249.4,9350
727,4626,53242.2,9429.17
728,4796,53281.7,9467.78
729,4580,53233.3,9483.33
730,4608,53239.4,9423.89
731,4563,53231.1,9524.17
732,5087,53352.5,9561.94
733,4941,53320,9647.5
734,5250,53390.3,9666.39
735,5118,53360.3,9620.83
736,5091,53353.1,9707.78
737,4925,53315.3,9769.17
738,4231,53137.2,9749.72
739,4198,53128.1,9738.06
740,4225,53136.4,9698.06
741,4638,53246.4,9612.78
742,3926,53050,9516.67
743,3658,52968.3,9407.22
744,3603,52953.1,9422.22
745,3561,52941.7,9385.83
746,3377,52890.6,9389.17
747,3545,52936.7,9345.28
748,3347,52880.8,9289.17
749,3028,52751.1,9193.06
750,2770,52644.4,9183.06
751,3212,52827.8,9167.78
752,3582,52946.7,9229.44
753,3572,52944.7,9292.22
754,3332,52875,9181.67
755,3638,52961.9,9153.89
756,4191,53125.8,9119.44
757,4160,53118.1,9150.28
758,4337,53166.1,9020.83
759,4341,53166.7,9002.5
760,4167,53119.7,8995.56
761,4190,53125.8,9045.56
762,4099,53103.1,9088.06
763,4089,53100,9066.67
764,4169,53120.6,8960.56
765,3763,53000.3,9126.11
766,3911,53047.2,9241.94
767,4640,53246.7,9302.78
768,4944,53320.3,9179.17
769,5364,53412.8,9148.06
770,5355,53411.1,9162.22
771,5244,53388.9,9159.44
772,4675,53253.6,9246.11
773,4815,53286.4,9251.39
774,5051,53344.4,9205.83
775,5204,53380.8,9136.39
776,5291,53397.2,9152.5
777,5376,53414.4,9282.78
778,5340,53409.2,9301.94
779,5278,53394.4,9334.44
780,5370,53413.9,9357.22
781,4955,53322.5,9270.28
782,4923,53314.4,9238.61
783,4834,53289.7,9230
784,4670,53251.9,9149.72
785,4728,53266.9,9146.67
786,4852,53295.6,9159.17
787,4856,53296.4,9110
788,5030,53340.6,9203.61
789,4891,53303.9,8997.78
790,4734,53268.3,8920
791,5369,53413.9,8780.56
792,5361,53412.2,8746.67
793,5151,53367.8,8697.78
794,5368,53413.9,8634.17
795,4873,53300.3,8483.89
796,5221,53383.9,8431.94
797,5196,53378.3,8466.67
798,5200,53379.4,8485
799,5431,53433.3,8433.33
800,5269,53393.3,8475.83
801,5170,53373.3,8536.94
802,5166,53371.4,8506.39
803,5432,53433.3,8483.33
804,5402,53419.2,8504.44
805,5195,53378.3,8378.33
806,4558,53229.7,8331.67
807,4647,53247.8,8183.06
808,4710,53263.3,8211.67
809,4766,53276.1,8165
810,4402,53185.3,8098.06
811,4717,53265.3,8113.06
812,4786,53279.4,8099.17
813,4851,53295.3,8108.33
814,5054,53345,8090
815,4776,53277.8,8037.22
816,5027,53339.7,8016.94
817,5288,53396.4,8146.94
818,5279,53395.3,8105.28
819,5184,53375.6,8000.28
820,5378,53415.6,7980.56
821,5304,53400,7983.33
822,4986,53330.3,7818.89
823,4405,53186.1,7807.78
824,4501,53212.5,7805
825,4422,53189.4,7841.39
826,4087,53099.2,7840
827,3764,53000.8,7924.44
828,3567,52943.1,7918.06
829,3772,53003.1,8007.78
830,4025,53080.6,7925.83
831,4247,53141.1,7926.11
832,4146,53116.1,8026.94
833,4251,53143.1,7988.06
834,4680,53255,7893.61
835,4442,53195.3,7881.94
836,4320,53161.7,7951.39
837,4418,53188.6,7986.67
838,4281,53151.1,8012.5
839,4880,53301.4,8012.22
840,4742,53270,7994.17
841,4877,53300.8,7950.83
842,4522,53220,7847.22
843,4118,53108.3,7876.67
844,4043,53085.6,7905.28
845,4019,53077.2,7897.22
846,3703,52982.5,7924.44
847,3598,52951.1,7801.67
848,3292,52859.7,7849.72
849,3173,52810.8,7755.83
850,3323,52872.2,7730.28
851,3379,52890.8,7705
852,3777,53005,7796.39
853,3990,53068.3,7863.61
854,3935,53051.7,7869.44
855,3731,52990.3,7702.78
856,3087,52773.6,7642.22
857,3086,52773.3,7611.39
858,3106,52781.7,7611.11
859,2919,52708.1,7664.72
860,2454,52526.1,7681.67
861,2571,52568.3,7671.39
862,2548,52561.1,7706.94
863,2590,52575.3,7720.28
864,2554,52563.1,7768.89
865,2617,52584.7,7603.61
866,2642,52593.3,7562.5
867,2872,52690.3,7477.22
868,2778,52647.2,7481.94
869,2703,52616.7,7438.89
870,2585,52573.9,7411.94
871,2501,52545,7391.11
872,2385,52500.8,7383.61
873,2259,52452.5,7431.11
874,1704,52268.9,7397.78
875,1552,52226.7,7342.78
876,1449,52198.3,7328.89
877,1370,52174.7,7403.89
878,1271,52151.7,7450.56
879,1230,52144.2,7473.61
880,1164,52126.7,7460.28
881,1143,52116.9,7504.72
882,970,52051.9,7595.83
883,939,52041.4,7656.67
884,938,52041.1,7635.83
885,1011,52068.3,7643.33
886,1253,52150,7700
887,1013,52068.9,7827.5
888,1272,52151.7,7775.83
889,1397,52183.3,7750
890,1238,52146.4,7749.72
891,1950,52344.4,7892.78
892,1874,52316.9,7966.67
893,1891,52321.1,7991.94
894,1716,52271.7,8029.72
895,1241,52146.7,8053.61
896,1196,52135.3,8042.78
897,1494,52208.3,8116.11
898,1331,52166.7,8000
899,1169,52128.6,8007.22
900,907,52027.2,7943.89
901,975,52054.4,7875
902,764,51959.2,7896.94
903,746,51950,7850.56
904,861,51998.1,7820.56
905,909,52027.5,7923.06
906,982,52057.8,7990
907,860,51997.8,8021.94
908,739,51943.1,8040.28
909,738,51942.2,7997.78
910,607,51895.3,8045.83
911,532,51870.3,8049.17
912,630,51900.6,8119.17
913,471,51852.8,8152.22
914,503,51863.3,8165.56
915,402,51820.8,8184.44
916,368,51798.3,8300.83
917,561,51878.1,8185.83
918,504,51863.3,8233.33
919,353,51789.7,8294.17
920,536,51871.1,8305.28
921,465,51850.6,8341.39
922,577,51883.1,8303.06
923,601,51892.2,8340.83
924,551,51875.6,8344.44
925,645,51908.3,8263.33
926,433,51833.9,8316.94
927,680,51919.7,8260.56
928,812,51976.4,8025.83
929,574,51882.2,8020.56
930,682,51921.1,7913.33
931,608,51895.6,7946.67
932,799,51972.2,7813.06
933,806,51974.2,7781.11
934,1885,52318.9,7854.17
935,1824,52302.2,7857.22
936,2055,52379.2,7858.61
937,1910,52328.3,7825
938,1994,52355.8,7812.5
939,2270,52458.1,7970
940,2365,52494.2,8024.44
941,2531,52553.9,8021.11
942,2440,52521.9,8081.39
943,2558,52564.4,8110.28
944,2640,52591.7,8215.28
945,2518,52550,8250
946,2639,52591.1,8317.22
947,2420,52511.9,8270.28
948,2318,52473.3,8155.83
949,2251,52450.3,8181.94
950,2222,52439.2,8036.67
951,2183,52421.9,7938.61
952,2147,52409.7,7969.72
953,2445,52522.5,8024.44
954,2622,52586.4,8014.72
955,2481,52537.8,7991.39
956,2534,52556.1,7928.33
957,2326,52476.9,7891.11
958,2226,52440,7882.5
959,2305,52470.6,7936.11
960,2241,52447.2,7945.56
961,2380,52500.3,7811.67
962,2345,52485,7814.72
963,2803,52659.2,7952.78
964,2834,52676.9,7778.89
965,2964,52724.4,7767.22
966,2978,52732.8,7786.67
967,3154,52803.6,7804.17
968,3326,52873.3,7806.94
969,3288,52858.6,7829.17
970,3130,52795,7773.06
971,3210,52827.8,7764.72
972,3201,52823.6,7869.72
973,3414,52900,7816.67
974,3240,52841.9,7776.11
975,3118,52788.3,7690.28
976,2976,52732.2,7712.78
977,3111,52784.2,7873.61
978,3084,52772.5,8024.72
979,3031,52752.2,7953.06
980,3114,52786.1,7913.61
981,2942,52716.7,7906.67
982,2868,52689.4,7904.72
983,2943,52716.7,7916.67
984,2789,52653.9,7969.72
985,2795,52656.4,7876.67
986,2760,52639.7,7863.06
987,2694,52614.4,7893.06
988,3078,52768.9,7893.06
989,2882,52693.9,8031.39
990,2739,52632.2,8108.61
991,2452,52525.3,8135.28
992,2423,52512.5,8211.11
993,2312,52472.2,8234.72
994,2356,52490.6,8268.61
995,2149,52410.6,8229.44
996,2252,52450.8,8249.44
997,2304,52468.1,8397.78
998,2316,52473.1,8430.56
999,2434,52518.6,8465.56
1000,2442,52521.9,8476.39
1001,2398,52504.2,8486.94
1002,2362,52492.2,8457.5
1003,2374,52498.6,8448.61
1004,2644,52593.6,8470.28
1005,2503,52545.3,8602.5
1006,2566,52567.2,8538.89
1007,2491,52541.4,8521.11
1008,2489,52540.8,8545
1009,2424,52513.3,8575.56
1010,2459,52530,8603.33
1011,2230,52441.7,8583.61
1012,2198,52428.3,8461.11
1013,2708,52620,8461.11
1014,2681,52610.6,8455.83
1015,2747,52635.6,8414.72
1016,2603,52580,8328.61
1017,2576,52569.7,8335.56
1018,2552,52561.9,8353.33
1019,2982,52733.3,8349.44
1020,3101,52777.2,8404.17
1021,3226,52835.6,8278.06
1022,3461,52913.6,8306.11
1023,3499,52923.1,8276.67
1024,3535,52932.8,8281.94
1025,4279,53150,8200
1026,4495,53210.8,8221.11
1027,4560,53230.3,8180
1028,4641,53246.9,8319.72
1029,4683,53255.6,8346.11
1030,4484,53208.1,8370.83
1031,4627,53242.5,8388.33
1032,4421,53189.2,8372.22
1033,4081,53098.3,8427.5
1034,4098,53103.1,8392.22
1035,4159,53118.1,8348.61
1036,3888,53038.9,8351.39
1037,3686,52978.3,8368.06
1038,4208,53131.7,8404.17
1039,4302,53156.7,8336.94
1040,4345,53168.1,8390.56
1041,4731,53267.5,8400.83
1042,4321,53161.9,8386.39
1043,3754,52997.5,8418.61
1044,3743,52994.2,8360
1045,3844,53027.5,8390.56
1046,4005,53071.9,8380.28
1047,4088,53099.7,8381.94
1048,4028,53081.7,8370.56
1049,3872,53034.4,8338.89
1050,3806,53015.6,8359.72
1051,3914,53048.3,8400.28
1052,4397,53183.6,8455.28
1053,4305,53157.2,8454.17
1054,4378,53176.9,8486.94
1055,4372,53175.6,8448.61
1056,4456,53200,8466.67
1057,4429,53191.1,8478.06
1058,4299,53156.4,8429.72
1059,4374,53176.1,8423.61
1060,4463,53201.7,8355
1061,4542,53224.7,8351.39
1062,4444,53195.8,8393.61
1063,4276,53149.4,8372.5
1064,4241,53139.4,8466.39
1065,4046,53086.4,8488.89
1066,4103,53103.9,8476.39
1067,4460,53201.4,8467.22
1068,4237,53138.6,8358.61
1069,4101,53103.6,8306.39
1070,4271,53148.1,8335
1071,4518,53217.5,8351.39
1072,4556,53228.6,8449.17
1073,4637,53246.4,8467.22
1074,4506,53213.3,8493.61
1075,4325,53162.5,8496.39
1076,4599,53237.5,8479.44
1077,4537,53223.9,8627.22
1078,4252,53143.1,8542.78
1079,4319,53161.1,8527.78
1080,4567,53231.9,8552.78
1081,4885,53302.2,8617.22
1082,4922,53314.4,8680.28
1083,4928,53315.6,8716.11
1084,4989,53331.1,8717.78
1085,5031,53340.8,8678.33
1086,4937,53318.6,8606.39
1087,4821,53287.5,8607.5
1088,4921,53314.4,8506.67
1089,4681,53255,8545.83
1090,4616,53240.6,8505.83
1091,4795,53281.7,8548.06
1092,4859,53296.9,8547.5
1093,4934,53318.1,8455.83
1094,5057,53346.4,8550
1095,4749,53271.7,8634.17
1096,4713,53264.2,8625.83
1097,5152,53368.1,8888.33
1098,5198,53378.9,8810
1099,4962,53324.2,8820
1100,5228,53385.8,8796.39
1101,4987,53330.3,8885.28
1102,4855,53296.4,8743.06
1103,4572,53232.8,8700
1104,4488,53208.3,8715.83
1105,4622,53241.7,8799.44
1106,4548,53226.1,8733.06
1107,4347,53169.4,8735.83
1108,4623,53241.9,8721.94
1109,4221,53135.3,8841.94
1110,3975,53064.2,8883.06
1111,4086,53098.9,8887.5
1112,4079,53096.7,8912.5
1113,4196,53127.8,8946.67
1114,4521,53218.9,8886.67
1115,4651,53248.9,8896.39
1116,4818,53287.2,8926.67
1117,5433,53433.3,8850
1118,5229,53385.8,8903.89
1119,4555,53227.8,8729.72
1120,4513,53216.7,8765.83
1121,5516,53500,8750
1122,5210,53382.2,8716.67
1123,4807,53284.2,8640.28
1124,4674,53252.5,8628.33
1125,4777,53277.8,8684.72
1126,4272,53148.1,8641.11
1127,4145,53115,8741.39
1128,3793,53013.1,8716.39
1129,4056,53089.7,8778.61
1130,3936,53051.7,8722.78
1131,3813,53017.2,8688.33
1132,3900,53042.5,8720.56
1133,3862,53032.5,8727.78
1134,4110,53105.3,8803.89
1135,4066,53092.8,8801.94
1136,3892,53039.7,8758.06
1137,3978,53065.3,8774.44
1138,3944,53054.7,8750
1139,4172,53121.1,8766.94
1140,4238,53139.2,8806.11
1141,3924,53050,8855.56
1142,3904,53044.2,8852.22
1143,3818,53018.6,8864.72
1144,3725,52988.9,9082.22
1145,3587,52947.8,9063.06
1146,3665,52971.9,9081.39
1147,4216,53134.2,9108.06
1148,5392,53416.7,9100
1149,5146,53366.7,9065
1150,5396,53417.5,9054.44
1151,5089,53352.8,8971.67
1152,5230,53385.8,8993.33
1153,5187,53376.1,9012.78
1154,5301,53399.7,8999.17
1155,5061,53347.5,8971.67
1156,5173,53373.6,8941.11
1157,5046,53343.3,8891.67
1158,5475,53466.7,9000
1159,5518,53500,9016.67
1160,4876,53300.6,9094.17
1161,4758,53274.2,9132.5
1162,5225,53384.4,9172.78
1163,5178,53374.7,9186.11
1164,5393,53416.7,9150
1165,5167,53371.9,9154.72
1166,5185,53375.6,9138.06
1167,5367,53413.6,9177.5
1168,5519,53500,9200
1169,5583,53550,9216.67
1170,5716,53633.3,9233.33
1171,5616,53566.7,9233.33
1172,5733,53650,9366.67
1173,5567,53533.3,9366.67
1174,5394,53416.7,9333.33
1175,5543,53516.7,9450
1176,5545,53516.7,9600
1177,5456,53450,9533.33
1178,5520,53500,9500
1179,5617,53566.7,9483.33
1180,5791,53700,9550
1181,5584,53550,9500
1182,5755,53666.7,9333.33
1183,5853,53750,9233.33
1184,5917,53800,9216.67
1185,5957,53833.3,9233.33
1186,5899,53783.3,9316.67
1187,5992,53858.3,9403.61
1188,6287,53973.6,9211.67
1189,6341,53986.1,9241.67
1190,6235,53960.6,9249.72
1191,6621,54049.4,9173.89
1192,6804,54094.2,9206.67
1193,6852,54106.1,9210.28
1194,6936,54125.8,9365.83
1195,6627,54050,9383.33
1196,6346,53986.7,9284.17
1197,6236,53960.8,9318.06
1198,6634,54051.7,9339.17
1199,6446,54009.7,9421.39
1200,6087,53906.4,9383.33
1201,6061,53899.2,9319.17
1202,6375,53993.6,9420
1203,6631,54050.3,9515
1204,6590,54040.6,9486.39
1205,6844,54105,9499.44
1206,6769,54087.2,9476.94
1207,6659,54061.9,9402.5
1208,6802,54093.9,9377.78
1209,6872,54110.6,9368.61
1210,7023,54159.2,9285.28
1211,7087,54181.9,9252.78
1212,7076,54179.4,9100
1213,6935,54125.8,9139.72
1214,6898,54116.7,9141.11
1215,6426,54005.3,9285.83
1216,6328,53983.3,9323.89
1217,6566,54036.7,9321.39
1218,6596,54041.7,9341.11
1219,6525,54027.2,9321.67
1220,6792,54091.4,9363.06
1221,7037,54165.6,9390.28
1222,6972,54138.1,9456.39
1223,6747,54082.2,9573.89
1224,6758,54083.3,9550
1225,6991,54147.5,9566.67
1226,7233,54235,9573.61
1227,7098,54185,9593.06
1228,7170,54206.7,9507.22
1229,7410,54310.8,9570.56
1230,7393,54300,9550
1231,7416,54313.3,9503.33
1232,7277,54251.4,9626.94
1233,7173,54207.8,9621.94
1234,6906,54119.4,9579.44
1235,6526,54027.2,9684.44
1236,6971,54137.8,9661.11
1237,7051,54168.9,9673.06
1238,6980,54143.1,9740.28
1239,7307,54263.3,9653.06
1240,7210,54224.4,9753.61
1241,7409,54310,9829.72
1242,7394,54300.3,9786.39
1243,7280,54253.1,9850
1244,7175,54208.1,9859.17
1245,7231,54233.3,9858.33
1246,7260,54245,9865.28
1247,7311,54265,9861.94
1248,7065,54174.4,9793.89
1249,6810,54096.7,9765.56
1250,7007,54154.7,9760
1251,6983,54145,9783.33
1252,6344,53986.4,9839.72
1253,6279,53971.4,9840.56
1254,6055,53896.1,9794.17
1255,6084,53903.3,9759.17
1256,6119,53921.7,9791.67
1257,6180,53948.1,9836.11
1258,6085,53903.9,9789.72
1259,6407,54000,9733.33
1260,6508,54023.6,9826.39
1261,6394,53997.8,9779.17
1262,6548,54031.1,9812.5
1263,6376,53993.9,9823.61
1264,5792,53700,9816.67
1265,5649,53596.4,9927.5
1266,5650,53599.4,9911.11
1267,5599,53561.4,9917.22
1268,5283,53396.1,9778.06
1269,4972,53325.8,9735.28
1270,4185,53124.7,9668.33
1271,4094,53101.9,9648.33
1272,4128,53110.3,9662.78
1273,4284,53151.4,9790
1274,4633,53245,9738.61
1275,4931,53316.9,9610.56
1276,4701,53260.8,9581.67
1277,4835,53289.7,9565
1278,4619,53241.1,9660.56
1279,5114,53359.4,9701.67
1280,4994,53331.9,9758.33
1281,4660,53250,9718.06
1282,4275,53148.6,9803.61
1283,4781,53278.6,9596.94
1284,4853,53295.8,9594.44
1285,5305,53400,9916.67
1286,5439,53436.1,9871.94
1287,5424,53433.3,10066.7
1288,5379,53415.8,10120
1289,5488,53483.3,10083.3
1290,5590,53554.4,10027.2
1291,5618,53566.7,9983.33
1292,5573,53544.4,10141.7
1293,5574,53546.7,10171.7
1294,5511,53498.3,10092.5
1295,5478,53471.4,10076.7
1296,5526,53510,10094.7
1297,5508,53495.6,10065.6
1298,5501,53484.7,10085.8
1299,5312,53401.7,10031.9
1300,5441,53439.2,10141.7
1301,5588,53554.2,10134.4
1302,5550,53525.3,10124.7
1303,5577,53550,10116.7
1304,5605,53566.7,10069.7
1305,5651,53600,10033.3
1306,5796,53706.7,10090.3
1307,5485,53478.6,10059.7
1308,5411,53421.7,9905.56
1309,5521,53503.6,10063.9
1310,5669,53604.7,10010.3
1311,5794,53704.2,9894.44
1312,6024,53874.4,9951.11
1313,6184,53949.2,9865.28
1314,6046,53885.8,9920.56
1315,5925,53811.4,9968.89
1316,5920,53808.3,9953.89
1317,5865,53760.6,9896.11
1318,5906,53793.3,9988.06
1319,5905,53792.2,10005.8
1320,5927,53815,9977.78
1321,5586,53550,9950
1322,5600,53562.5,9962.78
1323,5572,53544.2,10003.1
1324,5623,53578.9,10015.8
1325,5547,53523.3,10046.9
1326,5487,53483.3,10016.7
1327,5467,53466.7,10016.7
1328,5331,53406.1,9514.72
1329,5544,53516.7,9566.67
1330,5665,53600,9683.33
1331,5694,53616.7,9666.67
1332,5585,53550,9516.67
1333,5566,53533.3,9283.33
1334,5322,53404.2,9271.11
1335,5351,53410.8,9261.39
1336,5154,53368.6,9220.83
1337,5163,53370.6,9134.72
1338,5104,53357.2,9216.67
1339,5140,53366.1,9230.28
1340,4765,53275.8,9205.56
1341,4727,53266.7,9216.67
1342,4658,53250,9150
1343,4813,53286.1,9007.5
1344,4750,53271.9,9048.89
1345,4704,53261.4,9069.44
1346,5103,53356.7,9070.56
1347,5128,53363.1,9015.56
1348,5330,53406.1,9032.78
1349,5476,53466.7,9100
1350,5455,53450,9083.33
1351,5317,53403.3,9045.28
1352,5261,53392.5,9066.39
1353,5171,53373.3,9052.78
1354,5541,53516.7,8950
1355,5232,53386.4,9056.39
1356,5267,53393.1,9038.61
1357,5272,53393.9,8988.33
1358,5186,53375.8,9065
1359,5276,53394.4,9024.17
1360,5380,53415.8,8984.17
1361,5110,53359.2,8905
1362,5072,53349.7,8887.78
1363,5058,53346.4,8860.56
1364,4890,53303.3,8930.56
1365,4976,53326.7,8913.89
1366,4957,53323.3,8654.17
1367,4695,53259.2,8504.44
1368,4892,53304.2,8478.33
1369,5401,53419.2,8371.67
1370,5382,53416.1,8345.56
1371,5406,53420.8,8324.17
1372,5472,53466.7,8216.67
1373,5495,53483.3,8266.67
1374,5385,53416.4,8183.33
1375,5218,53383.3,8166.67
1376,5685,53616.7,8266.67
1377,5726,53650,8283.33
1378,5614,53566.7,8283.33
1379,5613,53566.7,8250
1380,5560,53533.3,8283.33
1381,5660,53600,8383.33
1382,5659,53600,8350
1383,5750,53666.7,8333.33
1384,5767,53683.3,8383.33
1385,5710,53633.3,8350
1386,5612,53566.7,8233.33
1387,5709,53633.3,8183.33
1388,5829,53733.3,8083.33
1389,5875,53766.7,8050
1390,5933,53816.7,8050
1391,6039,53883.3,8083.33
1392,6175,53946.9,8090
1393,6213,53954.2,8060.56
1394,6362,53990.8,8063.61
1395,6573,54037.8,8026.67
1396,6651,54058.9,8005.56
1397,6405,54000,8083.33
1398,6406,54000,8200
1399,6067,53900,8216.67
1400,6181,53948.3,8311.39
1401,6106,53916.7,8366.67
1402,6288,53973.9,8413.61
1403,6255,53965.6,8504.44
1404,6335,53985.6,8613.89
1405,6409,54000.3,8678.06
1406,6217,53955.3,8594.44
1407,6194,53950.3,8692.5
1408,6303,53978.6,8687.5
1409,6764,54084.2,8815
1410,6564,54035.8,8985
1411,6227,53958.6,8990.83
1412,6140,53933.3,8916.67
1413,6267,53968.1,8930.28
1414,6332,53985,8928.33
1415,6329,53983.6,8959.44
1416,6115,53918.9,9018.61
1417,6195,53950.3,8983.06
1418,6210,53953.6,9072.78
1419,6193,53950,9033.33
1420,6129,53932.2,9104.17
1421,6169,53945.6,9171.67
1422,6225,53958.3,9213.33
1423,6166,53945,9224.44
1424,6196,53950.3,9136.94
1425,6422,54004.7,9181.67
1426,6504,54022.8,9140.28
1427,6517,54025.3,9078.61
1428,6660,54062.2,9109.17
1429,7124,54192.5,9171.39
1430,7395,54303.1,9267.22
1431,7270,54250,9283.33
1432,7174,54208.1,9219.44
1433,7032,54163.3,9346.11
1434,6901,54117.8,9408.33
1435,6877,54112.5,9455.56
1436,7013,54156.7,9441.94
1437,7203,54221.9,9366.39
1438,7165,54205.6,9361.39
1439,7046,54167.5,9348.89
1440,7171,54206.9,9318.06
1441,7208,54223.9,9268.89
1442,7235,54235.3,9214.72
1443,7331,54271.4,9225.56
1444,7346,54277.8,9216.94
1445,7355,54283.3,9366.67
1446,7392,54300,9400
1447,7376,54291.7,9260
1448,7315,54266.4,9267.78
1449,7082,54180.8,9283.89
1450,7081,54180.6,9410.28
1451,6960,54134.4,9404.44
1452,6867,54109.2,9468.33
1453,6561,54034.7,9394.17
1454,6775,54088.6,9387.78
1455,7018,54158.1,9328.89
1456,7400,54304.2,9300.28
1457,7403,54306.1,9321.67
1458,7289,54257.5,9384.44
1459,6607,54045.6,9394.17
1460,6715,54074.2,9405.56
1461,6383,53995.8,9321.11
1462,6262,53966.7,9300
1463,6141,53933.3,9266.94
1464,6116,53920,9270.28
1465,6083,53903.3,9198.61
1466,6151,53942.2,9133.06
1467,6110,53916.7,9250
1468,6052,53890.6,9313.89
1469,6094,53911.9,9305.83
1470,5754,53666.7,9283.33
1471,5790,53700,9283.33
1472,5832,53733.3,9300
1473,6045,53885,9378.06
1474,5936,53816.7,9400
1475,5991,53858.3,9355.56
1476,5969,53849.7,9371.67
1477,6123,53926.4,9459.72
1478,6449,54010.3,9443.89
1479,6416,54003.3,9538.06
1480,6234,53960.3,9570.83
1481,6081,53901.7,9628.61
1482,6075,53900,9633.33
1483,6057,53896.9,9582.5
1484,6074,53900,9574.72
1485,6118,53921.1,9563.89
1486,5959,53833.3,9566.67
1487,5958,53833.3,9466.67
1488,5878,53766.7,9400
1489,5666,53600,9750
1490,5857,53750,9733.33
1491,5886,53775,9687.5
1492,6080,53901.1,9691.11
1493,6076,53900,9717.78
1494,6128,53931.1,9915
1495,6126,53927.8,9939.17
1496,6062,53899.2,9941.94
1497,6143,53934.2,9885.83
1498,6955,54132.8,9845
1499,6848,54105.6,9943.61
1500,6759,54083.3,9846.94
1501,6465,54013.1,9961.11
1502,6114,53917.8,9951.39
1503,6199,53951.1,9948.06
1504,6226,53958.3,9966.67
1505,6456,54011.9,10003.6
1506,6258,53966.7,10083.3
1507,6276,53970.3,10108.1
1508,6384,53996.1,10070.6
1509,6283,53972.8,10130.8
1510,6113,53917.8,10016.4
1511,6149,53941.9,10023.9
1512,6247,53963.3,10047.2
1513,6299,53977.2,10041.9
1514,6292,53975,9975
1515,6392,53997.8,10038.3
1516,6707,54071.9,9940.56
1517,6677,54066.7,9916.67
1518,6604,54044.7,9836.94
1519,6959,54133.9,9752.22
1520,6487,54018.9,9563.61
1521,6694,54069.7,9507.78
1522,6562,54034.7,9498.61
1523,6158,53943.6,9384.72
1524,6340,53985.8,9367.78
1525,6435,54007.2,9320.56
1526,6816,54098.9,9252.22
1527,7011,54156.4,9206.11
1528,6902,54118.6,9181.67
1529,7117,54191.7,9203.61
1530,7097,54184.7,9180.28
1531,7230,54233.3,9200.28
1532,7058,54171.7,9161.11
1533,7049,54168.3,9125.28
1534,7005,54154.4,9126.94
1535,6847,54105.6,9121.11
1536,6949,54131.4,9110.83
1537,7137,54198.1,9205.28
1538,7147,54200,9216.67
1539,6965,54136.1,9326.11
1540,6127,53930.8,9189.44
1541,6028,53876.1,9142.78
1542,6053,53893.6,9149.17
1543,6438,54008.1,9140.83
1544,6399,53999.7,9157.78
1545,6486,54018.9,9175.28
1546,6899,54116.7,9166.67
1547,6652,54058.9,9213.61
1548,6888,54116.4,9201.39
1549,6745,54081.1,9156.11
1550,6484,54018.3,9089.44
1551,6846,54105.3,9093.89
1552,6524,54026.9,9039.44
1553,6368,53992.2,9029.72
1554,6142,53934.2,9045.28
1555,6575,54037.8,9065.83
1556,6773,54088.1,9109.17
1557,7003,54151.1,9152.22
1558,7017,54157.8,9235.83
1559,7106,54188.3,9230.83
1560,7078,54180,9333.61
1561,7133,54196.1,9339.17
1562,7201,54221.7,9383.61
1563,7384,54295.6,9358.33
1564,7412,54311.1,9315.28
1565,7296,54260.3,9327.5
1566,7286,54254.4,9331.11
1567,7227,54233.1,9318.89
1568,7139,54198.6,9265.56
1569,7253,54242.5,9253.61
1570,7344,54277.2,9309.17
1571,7356,54284.4,9326.94
1572,7417,54313.6,9333.33
1573,7225,54232.2,9292.22
1574,7190,54215,8931.67
1575,6870,54110,8995.28
1576,7121,54192.2,9071.67
1577,7075,54178.9,8973.33
1578,6559,54033.3,8900
1579,6516,54025.3,8858.61
1580,6646,54055.8,8903.06
1581,6503,54022.8,8908.06
1582,6785,54090.8,8934.17
1583,6359,53989.4,9026.11
1584,6208,53953.3,8886.67
1585,6200,53951.4,8919.72
1586,6411,54000.8,8940.56
1587,6455,54011.7,8961.39
1588,6768,54086.9,8939.72
1589,6592,54040.8,8925
1590,6713,54073.3,9042.78
1591,6924,54122.2,9080.83
1592,6552,54031.9,9118.33
1593,6676,54066.7,9050
1594,6218,53955.8,8878.89
1595,6230,53959.2,8895.28
1596,6192,53950,8950
1597,6355,53988.3,8906.67
1598,6108,53916.7,8866.67
1599,6336,53985.6,8884.44
1600,6469,54015.3,8869.72
1601,6654,54059.4,8820
1602,6842,54104.7,8855.56
1603,6851,54105.8,8879.72
1604,6585,54039.7,8842.5
1605,6317,53981.9,8778.89
1606,6071,53900,8766.67
1607,6626,54050,8733.33
1608,6348,53987.2,8689.44
1609,6353,53988.3,8700.28
1610,6546,54030.6,8699.72
1611,6492,54020.3,8712.5
1612,6261,53966.7,8751.67
1613,6339,53985.8,8735
1614,6391,53997.5,8722.22
1615,6270,53968.9,8795.28
1616,6433,54006.7,8825.56
1617,6476,54016.7,8766.67
1618,6551,54031.9,8787.5
1619,6366,53991.4,8789.72
1620,6172,53946.1,8723.06
1621,6107,53916.7,8750
1622,6571,54037.5,8816.94
1623,6706,54071.9,8819.72
1624,6650,54058.6,8803.33
1625,7262,54245.8,8812.5
1626,7255,54243.9,8914.17
1627,6415,54003.3,8769.44
1628,6250,53964.2,8794.17
1629,6588,54040,8722.5
1630,6834,54101.9,8777.5
1631,6923,54122.2,8725.56
1632,6958,54133.9,8716.39
1633,6445,54009.2,8720.28
1634,6513,54024.7,8650.56
1635,6639,54054.7,8616.39
1636,6293,53975.3,8717.22
1637,6591,54040.8,8760
1638,6238,53961.1,8831.11
1639,6312,53980.3,8816.39
1640,6041,53883.3,8800
1641,6290,53974.2,8864.17
1642,6354,53988.3,8835
1643,6578,54038.3,8873.33
1644,6072,53900,8916.67
1645,5898,53783.3,8916.67
1646,5935,53816.7,8816.67
1647,5877,53766.7,8766.67
1648,5690,53616.7,8733.33
1649,5751,53666.7,8833.33
1650,5730,53650,8816.67
1651,5635,53583.3,8850
1652,5499,53483.3,8933.33
1653,5366,53413.6,8923.33
1654,4234,53138.1,8977.22
1655,4349,53170,8969.72
1656,4528,53221.4,8940.83
1657,4516,53217.2,8836.11
1658,4545,53225.8,8771.11
1659,4570,53232.5,8775.28
1660,4752,53272.5,8792.5
1661,4589,53235.8,8815.56
1662,4187,53125,8806.39
1663,4082,53098.3,8811.94
1664,3933,53051.4,8813.61
1665,3983,53066.4,8816.67
1666,3801,53015.3,8772.78
1667,3575,52945.3,8813.89
1668,3166,52806.7,8745.83
1669,3235,52840.3,8828.89
1670,2886,52695,8759.72
1671,2914,52706.7,8772.78
1672,2938,52715.6,8830.28
1673,2774,52645.6,8955
1674,2661,52599.7,8975.56
1675,2910,52703.9,8864.17
1676,3264,52850,8998.33
1677,3324,52872.2,9029.17
1678,3246,52843.6,8986.39
1679,3282,52855.8,8993.89
1680,3527,52930.6,8989.72
1681,3431,52905.6,8909.72
1682,3537,52933.9,8886.11
1683,3355,52884.2,8910.28
1684,3190,52818.6,8866.94
1685,3140,52797.5,8888.89
1686,2892,52696.7,8815.56
1687,2901,52700,8816.67
1688,2856,52683.3,8816.67
1689,2837,52678.1,8689.72
1690,2653,52597.2,8708.89
1691,2750,52636.7,8740.83
1692,2935,52714.2,8780.83
1693,3009,52741.4,8774.17
1694,3044,52756.9,8776.11
1695,3901,53042.8,8649.44
1696,3751,52996.1,8733.06
1697,3949,53056.7,8640.28
1698,3974,53064.2,8612.22
1699,4214,53133.6,8462.22
1700,4143,53114.7,8440
1701,4157,53117.5,8494.17
1702,3909,53046.7,8539.17
1703,3973,53064.2,8583.61
1704,3504,52924.7,8645.28
1705,3266,52851.1,8503.89
1706,3395,52897.2,8538.61
1707,3502,52924.4,8534.44
1708,3455,52911.1,8618.33
1709,3947,53056.1,8728.06
1710,4230,53137.2,8696.39
1711,4330,53164.4,8673.33
1712,4309,53157.8,8761.94
1713,3729,52989.7,8789.72
1714,3601,52953.1,8826.11
1715,3470,52916.1,8738.33
1716,3679,52976.1,8688.61
1717,3606,52953.6,8645.83
1718,3491,52920.8,8624.44
1719,3372,52888.6,8511.67
1720,3369,52888.1,8457.5
1721,3170,52807.8,8435.56
1722,3036,52754.7,8496.94
1723,3027,52750.6,8493.89
1724,2933,52713.9,8499.44
1725,2995,52735.6,8440.83
1726,2981,52733.3,8333.33
1727,2836,52677.2,8451.67
1728,2822,52670.6,8463.89
1729,2664,52600,8356.67
1730,2695,52614.4,8335.56
1731,2877,52691.1,8382.78
1732,2928,52711.1,8409.72
1733,3002,52737.5,8457.5
1734,3150,52801.9,8402.22
1735,3072,52767.2,8345.83
1736,3067,52765.6,8435.83
1737,3090,52774.7,8429.44
1738,3006,52739.2,8540.28
1739,3022,52749.2,8642.78
1740,3126,52793.6,8614.44
1741,3156,52804.7,8632.22
1742,3172,52808.6,8588.06
1743,3073,52767.5,8624.44
1744,2917,52707.8,8575.28
1745,2983,52733.3,8566.67
1746,3117,52787.5,8482.78
1747,2999,52736.4,8576.11
1748,3139,52797.5,8578.61
1749,3081,52769.4,8523.06
1750,3224,52834.2,8438.33
1751,2957,52722.2,8553.89
1752,2861,52685.8,8574.44
1753,2845,52681.1,8609.72
1754,2405,52505.8,8538.06
1755,2425,52513.9,8508.06
1756,2052,52378.1,8542.78
1757,2056,52379.4,8561.39
1758,2138,52405.6,8580.83
1759,2122,52400,8577.22
1760,2168,52416.9,8714.17
1761,2439,52520.8,8671.94
1762,2233,52442.8,8631.67
1763,2416,52511.1,8609.72
1764,2520,52550.6,8813.06
1765,2340,52482.8,8711.94
1766,2404,52505.6,8703.33
1767,2707,52618.3,8764.72
1768,2553,52561.9,8795.56
1769,2740,52632.2,8728.89
1770,2628,52588.6,8601.39
1771,2435,52519.4,8717.78
1772,2418,52511.7,8806.67
1773,2128,52401.4,8785.83
1774,2185,52422.8,8814.44
1775,2151,52411.4,8734.72
1776,1889,52320.3,8618.61
1777,1976,52351.4,8577.5
1778,2029,52368.9,8566.67
1779,1579,52234.7,8584.44
1780,1518,52216.7,8583.33
1781,1275,52151.9,8503.89
1782,1540,52221.9,8413.61
1783,1633,52248.9,8404.17
1784,1171,52129.2,8451.67
1785,1302,52158.6,8411.11
1786,1374,52176.1,8402.78
1787,992,52062.8,8208.33
1788,921,52032.8,8198.61
1789,495,51861.7,8388.33
1790,662,51914.4,8363.33
1791,416,51827.5,8463.89
1792,407,51823.9,8462.78
1793,385,51811.4,8463.06
1794,692,51926.4,8389.17
1795,664,51916.1,8386.67
1796,808,51974.7,8463.06
1797,865,51998.9,8452.22
1798,905,52023.1,8490
1799,668,51916.7,8466.67
1800,618,51900,8333.33
1801,500,51863.1,8297.78
1802,308,51763.3,8328.33
1803,535,51871.1,8275.83
1804,986,52059.2,8098.61
1805,967,52050.3,8022.78
1806,1072,52093.1,8048.33
1807,653,51910.3,8053.89
1808,609,51896.1,8018.33
1809,540,51873.3,7948.33
1810,572,51881.9,7981.11
1811,575,51882.8,7915.28
1812,475,51854.4,8070.83
1813,685,51921.9,8182.5
1814,483,51857.2,8299.17
1815,947,52046.1,8264.72
1816,838,51987.2,8227.78
1817,684,51921.9,8086.94
1818,641,51907.5,8099.17
1819,610,51896.1,8165
1820,643,51907.8,8147.22
1821,792,51968.3,8097.22
1822,719,51933.9,8096.11
1823,740,51946.1,8111.67
1824,803,51973.3,8219.17
1825,807,51974.4,8136.39
1826,1078,52094.7,8124.17
1827,1066,52090.8,8110.56
1828,1076,52094.2,8240.56
1829,874,52006.9,8191.39
1830,928,52035.3,8262.78
1831,952,52048.3,8265.83
1832,1044,52082.5,8152.22
1833,1086,52098.1,8201.94
1834,813,51976.9,8301.67
1835,842,51988.6,8299.17
1836,768,51961.4,8294.44
1837,741,51947.2,8325.83
1838,758,51956.4,8340.56
1839,720,51934.2,8378.61
1840,851,51991.7,8341.94
1841,884,52011.4,8344.17
1842,839,51987.2,8362.22
1843,778,51963.9,8342.22
1844,1030,52078.9,8340.56
1845,932,52037.5,8256.94
1846,898,52017.2,8251.11
1847,779,51964.7,8150.83
1848,458,51848.6,8195.56
1849,395,51818.1,8134.72
1850,470,51851.9,8167.22
1851,651,51909.4,8173.61
1852,428,51833.3,8016.11
1853,364,51796.9,8168.89
1854,447,51844.2,8168.33
1855,421,51830.6,8143.33
1856,367,51797.8,8187.5
1857,512,51866.7,8200
1858,533,51870.8,8206.94
1859,497,51862.2,8254.44
1860,542,51873.9,8117.5
1861,403,51821.7,8052.22
1862,417,51828.1,8080.83
1863,445,51843.9,8036.67
1864,596,51890,7932.5
1865,1174,52131.1,7982.78
1866,1836,52306.4,8102.22
1867,1801,52292.5,8021.67
1868,1808,52296.9,7995.83
1869,1919,52333.3,8008.33
1870,1687,52265.8,8268.06
1871,1590,52239.4,8268.33
1872,1510,52213.9,8272.22
1873,1578,52234.4,8331.67
1874,1532,52219.2,8291.67
1875,2109,52396.1,8425.56
1876,2069,52384.2,8386.94
1877,1943,52340,8318.61
1878,2057,52380,8337.5
1879,2137,52405,8374.72
1880,2188,52424.2,8384.44
1881,2156,52412.8,8379.44
1882,2136,52405,8353.33
1883,2216,52435.8,8406.39
1884,2320,52475,8464.72
1885,2509,52548.3,8571.94
1886,2676,52608.3,8696.94
1887,2857,52683.3,8950
1888,2510,52548.6,8936.94
1889,2530,52553.6,8991.39
1890,2407,52506.9,8980.56
1891,2357,52490.6,9003.33
1892,2266,52456.4,8929.44
1893,2014,52364.7,8943.33
1894,2315,52472.8,8863.89
1895,2469,52533.3,8875.56
1896,2538,52556.4,8906.94
1897,2767,52643.1,8868.89
1898,2971,52728.6,8767.5
1899,3094,52776.1,8782.78
1900,3218,52831.9,8916.11
1901,3308,52866.7,8900
1902,3542,52935.8,8836.11
1903,4154,53117.2,8959.44
1904,4804,53283.3,8900
1905,5075,53350,8908.61
1906,5359,53411.9,9008.06
1907,4699,53260,8882.5
1908,4612,53240,8859.72
1909,4481,53206.4,8865.83
1910,4469,53202.8,8871.11
1911,4531,53222.5,8928.33
1912,4657,53250,8936.67
1913,4843,53293.3,8974.17
1914,5136,53364.4,9060
1915,5264,53392.8,9022.78
1916,5354,53411.1,9029.44
1917,5234,53387.2,9030.56
1918,5324,53404.4,8922.5
1919,5397,53417.8,8846.11
1920,5237,53387.8,8912.5
1921,4996,53332.2,8925.28
1922,4902,53308.9,8955.56
1923,5316,53402.2,8745.56
1924,5007,53334.2,8814.72
1925,5293,53397.5,8745
1926,5190,53376.7,8956.11
1927,5099,53355,8927.22
1928,5693,53616.7,9150
1929,5637,53583.3,9116.67
1930,5582,53550,9116.67
1931,5638,53583.3,9166.67
1932,5664,53600,9066.67
1933,5692,53616.7,8966.67
1934,5772,53683.3,9000
1935,5850,53750,8950
1936,5731,53650,9000
1937,5753,53666.7,8966.67
1938,5812,53716.7,8883.33
1939,5712,53633.3,8833.33
1940,5713,53633.3,8866.67
1941,5752,53666.7,8883.33
1942,5789,53700,8950
1943,5813,53716.7,9000
1944,5915,53800,8966.67
1945,6015,53866.7,8850
1946,6165,53945,8788.33
1947,6042,53883.3,8983.33
1948,6090,53908.1,9023.89
1949,6030,53880,9028.33
1950,6093,53911.1,9020
1951,6091,53908.1,9070.56
1952,5988,53856.1,9124.72
1953,5986,53854.2,9108.06
1954,5985,53853.9,9152.5
1955,6023,53873.6,9100
1956,5982,53851.7,9174.44
1957,6043,53883.3,9216.67
1958,6029,53876.4,9249.72
1959,6049,53887.5,9269.72
1960,6007,53866.4,9337.5
1961,5980,53850,9350
1962,5854,53750,9366.67
1963,5900,53783.3,9383.33
1964,5981,53850.8,9425.28
1965,6079,53900.8,9406.39
1966,6025,53875,9498.33
1967,6018,53869.4,9446.67
1968,5987,53854.7,9497.22
1969,6088,53906.7,9512.78
1970,5989,53856.4,9527.78
1971,6044,53883.3,9550
1972,5937,53816.7,9566.67
1973,5901,53783.3,9650
1974,5855,53750,9466.67
1975,5918,53800,9516.67
1976,5856,53750,9550
1977,5833,53733.3,9550
1978,5775,53683.3,9516.67
1979,5774,53683.3,9333.33
1980,5773,53683.3,9183.33
1981,5851,53750,9033.33
1982,5852,53750,9116.67
1983,5831,53733.3,9166.67
1984,5715,53633.3,9200
1985,5732,53650,9116.67
1986,5714,53633.3,9100
1987,5542,53516.7,9083.33
1988,5581,53550,9016.67
1989,5636,53583.3,9016.67
1990,5691,53616.7,8900
1991,5849,53750,8850
1992,5811,53716.7,8766.67
1993,5771,53683.3,8733.33
1994,5848,53750,8666.67
1995,5769,53683.3,8600
1996,5830,53733.3,8633.33
1997,5729,53650,8750
1998,5615,53566.7,8633.33
1999,5663,53600,8600
2000,5711,53633.3,8750
2001,5810,53716.7,8666.67
2002,5728,53650,8650
2003,5977,53850,8633.33
2004,6040,53883.3,8683.33
2005,6248,53963.6,8711.11
2006,6244,53961.9,8658.61
2007,6854,54106.4,8684.17
2008,6750,54082.8,8666.94
2009,7310,54264.7,8657.5
2010,7247,54240,8676.11
2011,7424,54318.3,8476.67
2012,7407,54308.3,8389.17
2013,7498,54416.7,8390.28
2014,7487,54400,8450
2015,7508,54441.7,8434.44
2016,7514,54463.9,8375.56
2017,7516,54466.4,8448.61
2018,7611,54650.3,8645.83
2019,7650,54690.3,8640.28
2020,7666,54706.4,8752.5
2021,7668,54708.1,8737.78
2022,7620,54657.5,8631.67
2023,7687,54733.6,8610.56
2024,7695,54745.6,8622.5
2025,7574,54623.3,8551.67
2026,7576,54624.2,8531.39
2027,7575,54624.2,8462.78
2028,7567,54611.4,8467.5
2029,7557,54585.6,8437.22
2030,7680,54726.1,8241.94
2031,7673,54719.7,8301.67
2032,7583,54630.8,8370.56
2033,7609,54649.7,8376.67
2034,7641,54681.9,8384.72
2035,7681,54728.3,8376.11
2036,7708,54760.6,8455.56
2037,7693,54740.8,8446.94
2038,7716,54768.1,8450
2039,7804,54848.1,8316.39
2040,7820,54865.6,8362.22
2041,7823,54866.7,8366.67
2042,7831,54873.3,8336.11
2043,7788,54831.9,8323.89
2044,7750,54797.5,8282.5
2045,7697,54747.2,8376.67
2046,7700,54753.1,8423.89
2047,7737,54791.9,8400
2048,7658,54699.4,8404.17
2049,7692,54740,8360.83
2050,7645,54686.9,8331.94
2051,7686,54733.3,8335.28
2052,7675,54720,8717.78
2053,7698,54747.8,8698.33
2054,7669,54711.1,8695.56
2055,7656,54695,8773.61
2056,7627,54668.6,8784.72
2057,7634,54672.5,8779.72
2058,7671,54717.8,8701.11
2059,7661,54700,8716.67
2060,7586,54633.3,8633.33
2061,7625,54665,8613.89
2062,7629,54669.7,8567.78
2063,7613,54652.8,8594.72
2064,7596,54640.3,8628.89
2065,7662,54701.9,8609.17
2066,7568,54613.1,8581.11
2067,7582,54629.4,8512.78
2068,7577,54624.4,8430.28
2069,7664,54705.3,8450
2070,7670,54711.7,8242.22
2071,7651,54690.6,8181.67
2072,7640,54681.4,8240
2073,7646,54688.1,8213.06
2074,7663,54703.3,8117.78
2075,7595,54640.3,8055
2076,7564,54605,8135
2077,7520,54474.4,8192.22
2078,7503,54433.3,8183.33
2079,7533,54533.3,8116.67
2080,7547,54569.7,8173.89
2081,7559,54592.8,8054.17
2082,7573,54621.9,8068.06
2083,7764,54808.3,7967.22
2084,7757,54800,7966.67
2085,7779,54819.2,7975.28
2086,7833,54878.3,7979.72
2087,7807,54850,7933.33
2088,7769,54814.7,7899.17
2089,7723,54775.8,7853.61
2090,7544,54566.4,7841.67
2091,7546,54569.2,7855.28
2092,7539,54550,7833.33
2093,7550,54574.2,7840.56
2094,7555,54583.9,7783.33
2095,7554,54583.3,7766.67
2096,7579,54625.3,7715.56
2097,7868,54931.4,7907.22
2098,7862,54921.4,7920.83
2099,7877,54937.2,7839.44
2100,7932,54984.4,7837.78
2101,7950,55000,7842.78
2102,7949,55000,7766.67
2103,7996,55058.1,7730.83
2104,8030,55098.9,7858.33
2105,8059,55131.9,7847.78
2106,8138,55196.9,7852.22
2107,8098,55156.9,7804.72
2108,8093,55152.8,7826.39
2109,8151,55205.8,7847.78
2110,8114,55174.2,7902.78
2111,8071,55138.9,7852.22
2112,8039,55114.2,7808.89
2113,8123,55183.3,7683.33
2114,8196,55260,7668.61
2115,8206,55268.6,7652.5
2116,8208,55270,7640.56
2117,8063,55133.3,7450
2118,8110,55171.9,7497.22
2119,8090,55150,7444.72
2120,8119,55179.7,7406.94
2121,8050,55121.4,7425.83
2122,8101,55160.3,7432.5
2123,8060,55132.5,7408.61
2124,8022,55086.9,7305
2125,8094,55154.2,7426.67
2126,8043,55116.7,7516.67
2127,7968,55030.6,7497.5
2128,7918,54974.2,7589.72
2129,7962,55022.5,7583.33
2130,7998,55059.2,7628.61
2131,8120,55179.7,7643.33
2132,8128,55184.4,7659.44
2133,8143,55200,7516.67
2134,8139,55198.1,7493.61
2135,8079,55143.1,7564.44
2136,8097,55156.1,7599.17
2137,8203,55266.7,7500
2138,8133,55194.2,7530.28
2139,8150,55205.6,7517.22
2140,8156,55211.4,7518.89
2141,8190,55250.6,7515.83
2142,8195,55259.4,7423.89
2143,8147,55200.8,7527.22
2144,8064,55133.3,7566.67
2145,8100,55160,7590
2146,8124,55183.3,7700
2147,8031,55100,7816.67
2148,8055,55126.1,7869.44
2149,8172,55234.2,7795.28
2150,8177,55241.9,7795.83
2151,8153,55208.6,7781.94
2152,8115,55174.4,7797.78
2153,8105,55164.4,7772.5
2154,8131,55186.9,7823.61
2155,8112,55172.8,7916.67
2156,8084,55145.6,7968.33
2157,8127,55183.3,7966.67
2158,8103,55161.7,7920.28
2159,8088,55149.4,7948.89
2160,8118,55178.1,7929.44
2161,8056,55128.3,7913.06
2162,8096,55155.3,7976.67
2163,8146,55200,8000
2164,8072,55138.9,7915.56
2165,8140,55198.9,7961.39
2166,8106,55164.7,7977.78
2167,8058,55130.8,8017.78
2168,8066,55133.3,8066.67
2169,8086,55146.4,8055.56
2170,8073,55140,8077.78
2171,8077,55142.2,8115.56
2172,8020,55083.9,8096.39
2173,8082,55144.7,8186.67
2174,8034,55105.3,8263.61
2175,7965,55028.6,8271.11
2176,7923,54977.8,8260
2177,8000,55059.7,8300.28
2178,7924,54978.6,8380.56
2179,7659,54700,8383.33
2180,7704,54757.5,8303.89
2181,7631,54671.7,8343.33
2182,7540,54553.3,8198.61
2183,7534,54536.9,8201.94
2184,7535,54537.8,8138.89
2185,7626,54666.7,8233.33
2186,7730,54783.3,8271.67
2187,7735,54789.7,8288.89
2188,7727,54780.6,8317.5
2189,7776,54818.3,8254.17
2190,7795,54836.7,8221.94
2191,7842,54890.6,8146.67
2192,7766,54811.9,8168.89
2193,7765,54809.7,8150.83
2194,7739,54792.8,8171.67
2195,7740,54792.8,8237.78
2196,7817,54864.7,8276.67
2197,7872,54933.3,8291.67
2198,7851,54910.8,8338.33
2199,7846,54906.4,8209.44
2200,7890,54948.3,8128.33
2201,8201,55265.3,8225.83
2202,8193,55258.1,8206.11
2203,8078,55142.2,8280
2204,8074,55140.8,8222.22
2205,8045,55116.7,8133.33
2206,7982,55045.6,8191.94
2207,7980,55043.1,8268.33
2208,8012,55074.2,8272.22
2209,8047,55116.7,8283.33
2210,8019,55083.3,8289.44
2211,7987,55050.3,8231.94
2212,7955,55016.7,8100
2213,8032,55100,8133.33
2214,8035,55106.4,8135.83
2215,8018,55083.3,8133.33
2216,8048,55117.2,8136.94
2217,8040,55115.6,8106.94
2218,8029,55096.4,8098.33
2219,8067,55133.3,8100
2220,8051,55121.9,8109.72
2221,8053,55123.3,8164.72
2222,8046,55116.7,8150
2223,7828,54870.6,8113.33
2224,7886,54945.6,8243.33
2225,8026,55091.9,8266.67
2226,7956,55016.7,8383.33
2227,7964,55025,8260.83
2228,7933,54984.4,8241.94
2229,7947,54997.2,8290.83
2230,7961,55021.9,8317.78
2231,7905,54958.9,8391.11
2232,7881,54938.1,8380.83
2233,7972,55033.3,8400
2234,7938,54990.6,8262.22
2235,7915,54969.7,8338.89
2236,7898,54951.1,8359.17
2237,7797,54839.2,8409.44
2238,7789,54831.9,8361.11
2239,7709,54762.5,8525.28
2240,7798,54839.4,8473.33
2241,7852,54911.9,8441.94
2242,7774,54817.2,8515.28
2243,7706,54760.3,8499.72
2244,7783,54824.2,8434.44
2245,7796,54837.2,8425.56
2246,7848,54907.8,8382.22
2247,7892,54948.9,8340.56
2248,7934,54985.6,8431.11
2249,7939,54991.1,8431.39
2250,7926,54979.2,8501.39
2251,7921,54976.4,8519.44
2252,7936,54990.3,8502.5
2253,7896,54950,8500
2254,7867,54929.4,8441.94
2255,7710,54764.4,8407.5
2256,7800,54842.5,8466.67
2257,7759,54802.8,8447.5
2258,7745,54795.3,8436.67
2259,7792,54833.3,8366.67
2260,7715,54766.7,8483.33
2261,7660,54700,8500
2262,7649,54690.3,8445
2263,7654,54692.8,8400.28
2264,7632,54672.5,8386.67
2265,7655,54693.9,8346.11
2266,7598,54641.4,8356.39
2267,7617,54656.4,8352.22
2268,7614,54653.1,8258.61
2269,7562,54595.8,8135.56
2270,7549,54571.4,8155
2271,7538,54544.4,8209.72
2272,7532,54530.6,8141.11
2273,7523,54483.3,8133.33
2274,7528,54521.1,8178.06
2275,7510,54456.7,8173.89
2276,7522,54483.3,8100
2277,7526,54511.9,8066.11
2278,7536,54540,7906.67
2279,7537,54543.3,7889.72
2280,7457,54358.3,8036.67
2281,7442,54337.5,7990.83
2282,7337,54273.6,7902.78
2283,6821,54100,7866.67
2284,6860,54108.3,7796.67
2285,6793,54091.7,7732.22
2286,6784,54090.8,7710.83
2287,6875,54111.4,7771.67
2288,6755,54083.3,7850
2289,6863,54108.6,7887.5
2290,6833,54101.9,7857.22
2291,6751,54083.1,7894.44
2292,6680,54066.9,7973.89
2293,6272,53969.2,7961.94
2294,6425,54005.3,7933.06
2295,6532,54028.1,7795.83
2296,6214,53954.7,7919.72
2297,6191,53950,7831.94
2298,6104,53916.7,7866.67
2299,6065,53900,7800
2300,6103,53916.7,7816.67
2301,5952,53833.3,7866.67
2302,5891,53783.3,7816.67
2303,5912,53800,7800
2304,5892,53783.3,7916.67
2305,6256,53965.8,7894.44
2306,6528,54027.5,7906.39
2307,6560,54034.2,7912.5
2308,6871,54110.6,7823.61
2309,6805,54095,7876.94
2310,6887,54116.4,7905
2311,6633,54051.4,7853.61
2312,6643,54055.8,7871.94
2313,6724,54076.9,7811.39
2314,7029,54162.5,7871.11
2315,7060,54172.5,7878.33
2316,7183,54212.5,7905.28
2317,7131,54194.7,7890
2318,7108,54188.9,7983.61
2319,7212,54224.7,8021.94
2320,6895,54116.7,8083.33
2321,6780,54089.4,8094.44
2322,6164,53944.7,8005
2323,6209,53953.6,8122.5
2324,6304,53979.2,8098.06
2325,6266,53967.8,8098.33
2326,5974,53850,8183.33
2327,5846,53750,8333.33
2328,5788,53700,8466.67
2329,6326,53983.3,8466.67
2330,6216,53955,8467.5
2331,6260,53966.7,8616.67
2332,6070,53900,8583.33
2333,6301,53978.1,8617.5
2334,6460,54012.2,8607.78
2335,6179,53948.1,8546.94
2336,6294,53975.8,8560.28
2337,6862,54108.3,8630.28
2338,6720,54075,8592.22
2339,6583,54039.2,8550.83
2340,6617,54048.6,8602.22
2341,6372,53992.8,8510.83
2342,6515,54025.3,8499.17
2343,6931,54124.7,8466.11
2344,6881,54114.2,8533.06
2345,6837,54103.3,8457.5
2346,6530,54027.5,8476.67
2347,6427,54005.6,8431.67
2348,6413,54002.2,8468.33
2349,6733,54079.2,8376.11
2350,6352,53988.3,8350
2351,6529,54027.5,8337.22
2352,6686,54068.1,8199.44
2353,6437,54007.8,8015.56
2354,6894,54116.7,7916.67
2355,6624,54050,7800
2356,6779,54089.4,7798.06
2357,6496,54020.8,7833.06
2358,6691,54069.4,7861.11
2359,6300,53977.2,7645.83
2360,6202,53951.7,7703.61
2361,6452,54011.4,7707.78
2362,6599,54043.1,7673.06
2363,6584,54039.7,7708.61
2364,6829,54101.1,7732.5
2365,6969,54137.2,7795
2366,6811,54097.5,7781.94
2367,6701,54070.8,7679.72
2368,7002,54151.1,7784.72
2369,6893,54116.7,7783.33
2370,7035,54163.9,7783.06
2371,6414,54002.5,7774.72
2372,6297,53976.9,7786.11
2373,6211,53953.9,7716.11
2374,6717,54074.4,7636.94
2375,6597,54042.2,7513.33
2376,6572,54037.8,7629.17
2377,6603,54044.7,7602.5
2378,6801,54093.3,7636.11
2379,7027,54161.1,7743.33
2380,7041,54166.7,7700
2381,7090,54183.1,7748.89
2382,6841,54104.7,7646.39
2383,6900,54117.5,7663.61
2384,6932,54125,7697.78
2385,7154,54203.1,7713.33
2386,7130,54194.7,7704.44
2387,7125,54193.1,7697.22
2388,7059,54172.5,7734.72
2389,7008,54155,7717.5
2390,7026,54161.1,7706.67
2391,6735,54079.7,7595
2392,6693,54069.7,7584.44
2393,6537,54028.3,7509.44
2394,6472,54016.7,7533.33
2395,6742,54080.6,7367.78
2396,6657,54061.7,7420
2397,6820,54100,7450
2398,6913,54120.8,7450.28
2399,6790,54091.4,7422.78
2400,6473,54016.7,7550
2401,6367,53992.2,7545.83
2402,6203,53951.9,7656.67
2403,6064,53900,7666.67
2404,5930,53816.7,7566.67
2405,5911,53800,7583.33
2406,5843,53750,7300
2407,5743,53666.7,7333.33
2408,5677,53616.7,7383.33
2409,5489,53483.3,7350
2410,5309,53400.8,7383.33
2411,5490,53483.3,7483.33
2412,5679,53616.7,7616.67
2413,5514,53500,7816.67
2414,5169,53373.3,7706.67
2415,5179,53375,7656.11
2416,5096,53354.4,7627.78
2417,5035,53341.4,7648.89
2418,5263,53392.8,7685.56
2419,5344,53409.4,7715.56
2420,5426,53433.3,7650
2421,5492,53483.3,7666.67
2422,5557,53533.3,7616.67
2423,5303,53400,7638.89
2424,5105,53357.5,7708.33
2425,4620,53241.7,7721.67
2426,4483,53207.5,7721.67
2427,4364,53174.2,7725.56
2428,4340,53166.7,7733.33
2429,3963,53061.4,7744.44
2430,3683,52977.2,7690
2431,3543,52936.4,7636.39
2432,3691,52979.7,7563.61
2433,3776,53005,7523.89
2434,3948,53056.4,7507.5
2435,3891,53039.7,7491.67
2436,3741,52993.3,7506.11
2437,3680,52976.4,7492.5
2438,3428,52905,7503.89
2439,3518,52928.6,7563.89
2440,3407,52899.4,7602.5
2441,3331,52874.7,7832.5
2442,3287,52858.1,7958.33
2443,3435,52906.1,7871.39
2444,3532,52931.9,7877.22
2445,3789,53009.2,7927.78
2446,4150,53116.7,8000
2447,4562,53231.1,7915.83
2448,4587,53235.3,7925
2449,4665,53251.1,7941.67
2450,4486,53208.3,7923.61
2451,4353,53171.4,7944.44
2452,4350,53170.3,8021.94
2453,4389,53181.7,8023.61
2454,4139,53113.9,7890.28
2455,4069,53093.3,7885.83
2456,4024,53080.6,7892.5
2457,4270,53148.1,8001.67
2458,4106,53104.2,8023.33
2459,4057,53090.6,8121.11
2460,4033,53082.8,8092.22
2461,3996,53070.8,8078.89
2462,3678,52976.1,8181.67
2463,3348,52881.7,8195.83
2464,3254,52846.7,8175.83
2465,3394,52896.9,8132.5
2466,2866,52688.1,8096.39
2467,2832,52675.3,8086.94
2468,2773,52644.7,8143.89
2469,2757,52638.9,8137.78
2470,2755,52638.3,8067.5
2471,2710,52621.7,8057.78
2472,2704,52616.7,8183.33
2473,2970,52727.8,8150.28
2474,2841,52679.4,8162.5
2475,2883,52693.9,8143.89
2476,2988,52733.6,8143.33
2477,3097,52776.7,8132.78
2478,3207,52827.2,8161.11
2479,3199,52821.7,8193.33
2480,3533,52932.2,8157.22
2481,3521,52928.9,8237.5
2482,3636,52961.7,8273.33
2483,3696,52981.1,8249.17
2484,3708,52984.7,8224.72
2485,3927,53050.3,8198.89
2486,4058,53090.6,8182.78
2487,4450,53198.1,8232.22
2488,4264,53146.9,8298.06
2489,4248,53141.7,8285.83
2490,4097,53103.1,8248.06
2491,4144,53115,8226.94
2492,4085,53098.9,8268.61
2493,4031,53082.2,8321.11
2494,3762,53000,8383.33
2495,4076,53096.1,8343.06
2496,4257,53144.4,8224.17
2497,4316,53160.6,8224.17
2498,4108,53105,8317.78
2499,4371,53175.6,8264.44
2500,4423,53189.7,8265.56
2501,4186,53125,8287.22
2502,4182,53123.6,8241.67
2503,4053,53089.2,8218.89
2504,4262,53146.7,8193.61
2505,4151,53116.7,8216.67
2506,4142,53114.2,8214.17
2507,4338,53166.4,8151.39
2508,4352,53171.1,8170.56
2509,4473,53203.3,8054.72
2510,4218,53134.7,8035.56
2511,3939,53052.8,8048.89
2512,3960,53060.3,7971.94
2513,3885,53038.6,8086.39
2514,3946,53055.8,8030.56
2515,3826,53020.6,7941.67
2516,3693,52979.7,7980.83
2517,3393,52896.9,7970.83
2518,3344,52880.3,7958.61
2519,3495,52921.4,7993.06
2520,3484,52919.2,7954.72
2521,3257,52847.5,7955.28
2522,3129,52794.7,7833.89
2523,3609,52954.7,8058.06
2524,3338,52878.1,8086.39
2525,3383,52892.8,8078.89
2526,3423,52903.1,8064.72
2527,3747,52995.3,8128.06
2528,3967,53062.5,8143.89
2529,4071,53094.4,8150
2530,4180,53122.5,8108.06
2531,4365,53174.4,8220.28
2532,4416,53188.1,8195
2533,4520,53218.9,8279.17
2534,4549,53226.4,8068.61
2535,4419,53188.6,8040.83
2536,4591,53236.1,7958.89
2537,4655,53250,7966.67
2538,4872,53300,8000
2539,5471,53466.7,8016.67
2540,5580,53550,8050
2541,5559,53533.3,8066.67
2542,5493,53483.3,8083.33
2543,5470,53466.7,8000
2544,5408,53421.1,8029.72
2545,5428,53433.3,7950
2546,5415,53422.8,7937.22
2547,5258,53391.7,7780.56
2548,5271,53393.9,7717.22
2549,5162,53370.6,7761.94
2550,5360,53412.2,7836.11
2551,5268,53393.3,7829.72
2552,4984,53329.7,8014.44
2553,4968,53325.3,7979.44
2554,4824,53287.8,7905.28
2555,4802,53283.3,7883.33
2556,5429,53433.3,7966.67
2557,5579,53550,7950
2558,5658,53600,7933.33
2559,5707,53633.3,7833.33
2560,5682,53616.7,7833.33
2561,5610,53566.7,7883.33
2562,5657,53600,7866.67
2563,5683,53616.7,7866.67
2564,5451,53450,7883.33
2565,5144,53366.7,7933.33
2566,4639,53246.7,7850.83
2567,4606,53239.4,7786.11
2568,4809,53285,7866.39
2569,5335,53407.2,7884.17
2570,5017,53337.5,7886.11
2571,4971,53325.6,7883.06
2572,4544,53225.8,7980
2573,4229,53136.9,7970.56
2574,4061,53091.4,7913.33
2575,4203,53130.3,7975
2576,3869,53033.6,7920.28
2577,3919,53049.4,7907.78
2578,3727,52989.4,7887.5
2579,3959,53059.7,7857.78
2580,3786,53008.3,7839.17
2581,3895,53040.6,7806.39
2582,3995,53070.6,7795.56
2583,4017,53077.2,7727.5
2584,3805,53015.6,7529.44
2585,4052,53088.9,7624.17
2586,4136,53113.1,7678.89
2587,4293,53154.2,7681.67
2588,4188,53125.3,7658.33
2589,4462,53201.7,7777.5
2590,4213,53133.6,7888.06
2591,4478,53205,7880.56
2592,4437,53193.1,7901.94
2593,4524,53220.6,7948.33
2594,4663,53250.8,7976.11
2595,4504,53213.3,8029.72
2596,4129,53110.8,8064.44
2597,4505,53213.3,8061.39
2598,4415,53188.1,8049.44
2599,4413,53187.5,8150
2600,4395,53183.1,8167.78
2601,4449,53197.5,8132.5
2602,4367,53175.3,8049.44
2603,4552,53227.2,8048.33
2604,4535,53223.3,7906.11
2605,4530,53221.7,7884.17
2606,4536,53223.9,7821.67
2607,4497,53211.1,7860.83
2608,4297,53155.8,7882.78
2609,4801,53283.3,7750
2610,4898,53306.9,7711.39
2611,5427,53433.3,7700
2612,5381,53416.1,7669.44
2613,4995,53332.2,7673.61
2614,4952,53321.4,7668.33
2615,4959,53323.6,7698.06
2616,5311,53401.4,7735.56
2617,5353,53411.1,7761.94
2618,5292,53397.5,7875.56
2619,4982,53329.4,7812.78
2620,5388,53416.7,7850
2621,5217,53383.3,7862.22
2622,5469,53466.7,7866.67
2623,5558,53533.3,7783.33
2624,5655,53600,7766.67
2625,5632,53583.3,7800
2626,5609,53566.7,7766.67
2627,5681,53616.7,7800
2628,5656,53600,7833.33
2629,5890,53783.3,7716.67
2630,5873,53766.7,7633.33
2631,5950,53833.3,7516.67
2632,6010,53866.7,7533.33
2633,6136,53933.3,7750
2634,6135,53933.3,7683.33
2635,5931,53816.7,7650
2636,5784,53700,7616.67
2637,5872,53766.7,7500
2638,5824,53733.3,7483.33
2639,5724,53650,7500
2640,5744,53666.7,7483.33
2641,5537,53516.7,7516.67
2642,5630,53583.3,7566.67
2643,5629,53583.3,7533.33
2644,5450,53450,7633.33
2645,5372,53414.2,7633.61
2646,4981,53329.4,7624.44
2647,5041,53342.5,7613.89
2648,5080,53350.6,7444.44
2649,5132,53363.9,7472.5
2650,5297,53398.6,7509.44
2651,5321,53403.9,7570.56
2652,4756,53273.9,7488.89
2653,4601,53237.8,7476.39
2654,4759,53275.3,7552.22
2655,4700,53260.8,7652.78
2656,4772,53277.2,7630.56
2657,4543,53225,7676.67
2658,4677,53254.2,7651.94
2659,4829,53288.9,7746.67
2660,4595,53236.7,7873.61
2661,4736,53269.4,7826.94
2662,5082,53351.1,7846.11
2663,4920,53314.4,7751.11
2664,4850,53295.3,7728.61
2665,4441,53194.7,7747.22
2666,4426,53190.6,7775.28
2667,4643,53247.2,7687.5
2668,4586,53235.3,7643.06
2669,5326,53405,7464.17
2670,4578,53233.3,7449.44
2671,4688,53257.2,7427.5
2672,4980,53328.3,7473.61
2673,4956,53323.1,7433.61
2674,5010,53335,7473.89
2675,5172,53373.6,7446.39
2676,5404,53419.7,7511.94
2677,5273,53394.2,7524.44
2678,5165,53371.4,7589.17
2679,4838,53290.3,7565.83
2680,4903,53309.4,7548.06
2681,4893,53304.4,7584.72
2682,4645,53247.5,7579.44
2683,4306,53157.5,7591.94
2684,4134,53111.9,7528.33
2685,3730,52990,7605.28
2686,3894,53040.6,7538.33
2687,3951,53057.2,7551.11
2688,3745,52995,7556.11
2689,3581,52946.7,7492.78
2690,3479,52918.9,7511.94
2691,3325,52873.1,7555.83
2692,3299,52863.1,7606.94
2693,3539,52934.4,7659.17
2694,3475,52916.9,7649.72
2695,3457,52911.4,7617.5
2696,3141,52797.8,7583.06
2697,2993,52734.4,7593.06
2698,2952,52720.6,7582.5
2699,3096,52776.7,7532.78
2700,2915,52707.2,7558.89
2701,2893,52698.1,7625.28
2702,2833,52676.7,7599.17
2703,2722,52627.5,7541.39
2704,2801,52657.8,7550.56
2705,2692,52613.6,7582.78
2706,2860,52685,7591.67
2707,3059,52762.8,7623.33
2708,3061,52763.3,7729.44
2709,3133,52795.8,7711.39
2710,3116,52787.2,7719.72
2711,3483,52919.2,7747.22
2712,3552,52938.3,7680.28
2713,3615,52955.8,7641.67
2714,3181,52815.6,7467.22
2715,3477,52917.8,7540.83
2716,3490,52920.8,7539.72
2717,3361,52886.4,7667.22
2718,3626,52959.2,7726.39
2719,3843,53027.5,7597.22
2720,3830,53022.5,7609.17
2721,3553,52938.6,7646.39
2722,4318,53161.1,7720.83
2723,4569,53232.5,7726.94
2724,4907,53309.7,7669.44
2725,4823,53287.8,7658.61
2726,5042,53342.5,7702.5
2727,4966,53324.4,7682.78
2728,4896,53305.8,7615.83
2729,5025,53339.7,7603.06
2730,5158,53369.4,7503.33
2731,5090,53353.1,7495.83
2732,4764,53275.8,7390.28
2733,4741,53270,7431.67
2734,4443,53195.6,7443.33
2735,4434,53192.5,7378.61
2736,3804,53015.6,7397.78
2737,4174,53121.4,7375
2738,4346,53169.2,7425.56
2739,4192,53126.1,7491.94
2740,4268,53147.5,7524.44
2741,4240,53139.4,7523.33
2742,4312,53159.2,7538.89
2743,3893,53040,7439.44
2744,3955,53058.9,7407.78
2745,3833,53023.1,7455.83
2746,4020,53078.3,7437.5
2747,3993,53070,7452.5
2748,3918,53049.4,7462.5
2749,3635,52961.7,7413.33
2750,3668,52972.5,7430.28
2751,3382,52892.8,7418.06
2752,3351,52882.8,7447.22
2753,3237,52840.8,7496.94
2754,3450,52909.4,7604.72
2755,3238,52841.4,7613.33
2756,3328,52873.6,7596.94
2757,3277,52854.7,7580.28
2758,3222,52833.9,7619.17
2759,3402,52898.6,7670.83
2760,3520,52928.9,7656.39
2761,3289,52858.9,7685.28
2762,3472,52916.7,7697.22
2763,3487,52920.3,7684.44
2764,3865,53033.1,7723.33
2765,3860,53032.2,7788.33
2766,4045,53086.4,7802.5
2767,4266,53147.2,7766.67
2768,4141,53114.2,7804.17
2769,4224,53136.1,7807.5
2770,4278,53150,7835.83
2771,4551,53226.9,7791.39
2772,4428,53190.8,7714.44
2773,4414,53187.8,7625
2774,4540,53224.4,7613.89
2775,4461,53201.7,7626.94
2776,4703,53261.1,7559.44
2777,4539,53224.4,7481.11
2778,4899,53307.5,7386.94
2779,5223,53384.4,7411.94
2780,5357,53411.4,7426.94
2781,5059,53346.9,7350
2782,5122,53361.1,7326.67
2783,4927,53315.6,7368.06
2784,5063,53348.1,7381.11
2785,5134,53364.2,7393.89
2786,5243,53388.9,7373.61
2787,4970,53325.6,7323.61
2788,4992,53331.7,7353.89
2789,4661,53250.6,7507.22
2790,4709,53262.5,7505.28
2791,4465,53202.5,7488.33
2792,4358,53172.8,7475
2793,4508,53215,7388.61
2794,4041,53083.6,7395.28
2795,4004,53071.9,7393.33
2796,3899,53042.2,7404.72
2797,4201,53129.7,7321.11
2798,5022,53338.6,7242.5
2799,5014,53335.6,7200.28
2800,4178,53121.9,7233.61
2801,4040,53083.6,7243.89
2802,4394,53183.1,7199.44
2803,4746,53271.1,7245.28
2804,4854,53296.1,7289.44
2805,4767,53276.4,7185.56
2806,4654,53250,7068.06
2807,4954,53322.5,7047.78
2808,4785,53279.2,6995.56
2809,4833,53289.7,7045.83
2810,4883,53302.2,7065.83
2811,5045,53343.3,7135.56
2812,5038,53342.2,7133.06
2813,4930,53316.4,7107.5
2814,4857,53296.7,7146.11
2815,4774,53277.5,7142.5
2816,4430,53191.4,7277.78
2817,4412,53187.5,7278.89
2818,4870,53299.7,7255
2819,4751,53272.2,7366.94
2820,4356,53171.9,7380.56
2821,4629,53243.6,7377.22
2822,4714,53264.4,7335
2823,5449,53450,7483.33
2824,5377,53415.6,7476.39
2825,5193,53377.8,7490.83
2826,5081,53350.8,7523.33
2827,4687,53256.1,7601.67
2828,4735,53269.2,7776.39
2829,4775,53277.5,7776.67
2830,4889,53303.1,7786.11
2831,4517,53217.5,7797.22
2832,4091,53100.6,7803.61
2833,5053,53345,7675.28
2834,5119,53360.8,7818.61
2835,5026,53339.7,7798.33
2836,4769,53276.7,7708.06
2837,4611,53240,7656.11
2838,4427,53190.8,7587.22
2839,4507,53213.9,7546.67
2840,4625,53242.2,7617.5
2841,4494,53210.8,7650.83
2842,4375,53176.4,7656.94
2843,4360,53173.1,7696.11
2844,4333,53165,7565.56
2845,4383,53180.3,7576.67
2846,4396,53183.3,7592.22
2847,4771,53276.9,7661.94
2848,4711,53263.9,7673.89
2849,4235,53138.3,7641.67
2850,4243,53140,7602.22
2851,3773,53003.6,7590.56
2852,3750,52996.1,7639.44
2853,3728,52989.7,7567.22
2854,4105,53104.2,7736.11
2855,4072,53095.6,7721.39
2856,4083,53098.6,7645.83
2857,3838,53024.7,7640
2858,3692,52979.7,7568.61
2859,3759,52998.9,7472.78
2860,3839,53026.1,7469.44
2861,4003,53071.7,7358.89
2862,4138,53113.6,7320
2863,4222,53135.8,7176.67
2864,4287,53152.5,7255
2865,4404,53185.6,7246.94
2866,4322,53162.2,7191.11
2867,4577,53233.3,7200
2868,4999,53332.5,7192.22
2869,5109,53359.2,7148.89
2870,5032,53341.1,7105.56
2871,5117,53360.3,7045.83
2872,5203,53380.3,7107.78
2873,4470,53203.1,7025.56
2874,4335,53165.3,7097.78
2875,4323,53162.5,7010
2876,4399,53183.9,6984.44
2877,4382,53180,6957.78
2878,4715,53264.7,6968.89
2879,5034,53341.4,6978.06
2880,5011,53335.3,6931.94
2881,5248,53390,6951.39
2882,5160,53370,6932.78
2883,5435,53434.2,6987.5
2884,5020,53338.3,6994.44
2885,5067,53348.6,6998.06
2886,5036,53341.7,6941.11
2887,4827,53288.9,6844.17
2888,4554,53227.5,6858.06
2889,4668,53251.9,6841.94
2890,4868,53299.2,6845
2891,5016,53336.1,6844.72
2892,4763,53275.6,6859.44
2893,4718,53265.6,6863.61
2894,4991,53331.7,6767.22
2895,4603,53238.3,6622.22
2896,4538,53224.4,6610.56
2897,4566,53231.9,6573.33
2898,4798,53282.8,6472.78
2899,4514,53217.2,6564.44
2900,4285,53151.7,6518.06
2901,4029,53081.9,6539.17
2902,4348,53170,6532.5
2903,4255,53143.9,6507.5
2904,4491,53210.3,6431.94
2905,4277,53150,6475.56
2906,4351,53170.6,6429.17
2907,4327,53163.3,6423.33
2908,4373,53176.1,6590
2909,4193,53126.4,6615.56
2910,4102,53103.9,6553.61
2911,5138,53365.8,6495.56
2912,4743,53270.3,6387.22
2913,4733,53268.3,6475.28
2914,4762,53275.6,6367.5
2915,4895,53305.6,6258.06
2916,5349,53410.8,6202.22
2917,5019,53338.1,6215
2918,5135,53364.4,6169.17
2919,5212,53382.5,6202.5
2920,5437,53435.3,6177.5
2921,5350,53410.8,6215.83
2922,5037,53341.9,6226.39
2923,5133,53364.2,6278.06
2924,5626,53582.5,6244.44
2925,5763,53683.3,6300
2926,5778,53685.3,6268.61
2927,5793,53701.4,6246.11
2928,5777,53685,6299.72
2929,5761,53677.2,6319.17
2930,5816,53718.9,6347.78
2931,5734,53651.1,6313.06
2932,5648,53595.6,6216.39
2933,5534,53516.7,6433.33
2934,5479,53473.3,6318.61
2935,5500,53483.9,6285.28
2936,4822,53287.8,6341.11
2937,4720,53265.8,6316.39
2938,4420,53189.2,6461.39
2939,4723,53266.7,6446.67
2940,4474,53203.6,6400.83
2941,4425,53190,6287.5
2942,4410,53186.7,6215.56
2943,4445,53196.7,6178.61
2944,4909,53310,6215.56
2945,5342,53409.4,6174.17
2946,4407,53186.4,6134.44
2947,4329,53163.6,6165
2948,4568,53232.2,6167.22
2949,4887,53303.1,6183.06
2950,4842,53292.5,6128.61
2951,4753,53273.6,6142.5
2952,4546,53226.1,6124.44
2953,4630,53243.9,6133.06
2954,4401,53184.7,6227.5
2955,4391,53181.9,6268.61
2956,4559,53230.3,6340.56
2957,4841,53292.2,6266.94
2958,4949,53321.4,6353.06
2959,4958,53323.6,6355.83
2960,4793,53281.7,6339.17
2961,4917,53313.6,6363.89
2962,5215,53383.3,6333.33
2963,5509,53496.1,6369.72
2964,5672,53608.1,6391.39
2965,5548,53524.7,6109.72
2966,5457,53450.8,6154.44
2967,5421,53430.8,6127.5
2968,5503,53487.2,6151.94
2969,5510,53496.7,6111.11
2970,5512,53500,6116.67
2971,5568,53535.3,6196.39
2972,5552,53525.3,6315.56
2973,5719,53645,6345
2974,5625,53580.3,6187.78
2975,5598,53560.6,6271.67
2976,5639,53586.7,6289.72
2977,5673,53608.3,6337.5
2978,5642,53589.7,6336.67
2979,5644,53592.5,6363.33
2980,5619,53569.7,6250.83
2981,5533,53515.8,6236.11
2982,5622,53577.2,6283.61
2983,5670,53605.8,6227.5
2984,5621,53572.2,6241.67
2985,5571,53539.2,6161.39
2986,5576,53549.2,6082.78
2987,5675,53612.8,6181.94
2988,5698,53623.1,6230.83
2989,5695,53616.9,6253.89
2990,5741,53666.4,6240.83
2991,5817,53723.3,6282.5
2992,5700,53628.9,6268.33
2993,5717,53640.6,6237.78
2994,5668,53600.8,6231.39
2995,5627,53582.8,6108.33
2996,5601,53563.3,6147.22
2997,5595,53557.2,6156.94
2998,5553,53528.1,6169.17
2999,5505,53490,6148.89
3000,5483,53477.5,6143.06
3001,5416,53423.1,6137.5
3002,5444,53442.8,6140
3003,4748,53271.7,6278.06
3004,4702,53261.1,6300.28
3005,4882,53301.9,6417.78
3006,4905,53309.7,6285.28
3007,5141,53366.4,6407.5
3008,5285,53396.4,6282.78
3009,5147,53366.9,6294.44
3010,5374,53414.4,6265.28
3011,5465,53457.5,6310.28
3012,5434,53433.9,6226.39
3013,5466,53459.7,6218.06
3014,5422,53431.7,6300.28
3015,5446,53448.6,6294.72
3016,5418,53424.7,6175.83
3017,5386,53416.7,6238.33
3018,4974,53326.7,6244.72
3019,5202,53380.3,6264.17
3020,5255,53391.4,6240.56
3021,5240,53388.3,6193.89
3022,5480,53474.7,6176.39
3023,5197,53378.6,6392.22
3024,5266,53393.1,6426.94
3025,5318,53403.6,6401.11
3026,5238,53388.1,6375.56
3027,5591,53555,6237.5
3028,5513,53500,6250
3029,5504,53488.6,6306.39
3030,5597,53559.7,6334.44
3031,5593,53555.8,6304.72
3032,5527,53510,6293.89
3033,5720,53650,6316.67
3034,5721,53650,6350
3035,5697,53621.9,6318.33
3036,5740,53665.3,6354.44
3037,5699,53624.7,6488.06
3038,5676,53612.8,6553.06
3039,5260,53392.5,6563.61
3040,5477,53469.7,6536.39
3041,5447,53449.4,6709.44
3042,5624,53579.7,6697.22
3043,5797,53706.9,6682.5
3044,5908,53793.6,6736.39
3045,5864,53757.8,6839.44
3046,6146,53938.9,6785.56
3047,6050,53888.1,6748.33
3048,5941,53822.8,6750.56
3049,5921,53808.9,6756.94
3050,5944,53825.8,6890.83
3051,5904,53788.6,6882.78
3052,5819,53726.4,6879.17
3053,5738,53662.5,7010.56
3054,5294,53397.8,7025.28
3055,4943,53320.3,7072.22
3056,4901,53308.9,7075.28
3057,4863,53297.8,7092.22
3058,4740,53270,7122.5
3059,4836,53290,7086.67
3060,4594,53236.7,7048.06
3061,4120,53108.9,7023.61
3062,3697,52981.4,7089.44
3063,3298,52862.2,7127.22
3064,2905,52701.7,7168.33
3065,2738,52631.9,7191.94
3066,2980,52733.3,7191.39
3067,3187,52817.5,7177.22
3068,2601,52579.4,7124.17
3069,2900,52700,7051.67
3070,2792,52655,6863.61
3071,2643,52593.6,6981.39
3072,2652,52596.9,7016.94
3073,2314,52472.8,6856.11
3074,2682,52610.8,6844.17
3075,2718,52624.4,6865.28
3076,2523,52551.1,6907.5
3077,2391,52503.3,6904.17
3078,2480,52537.8,7050.28
3079,2096,52392.5,7106.67
3080,2031,52369.4,7128.33
3081,1955,52345.8,6975.28
3082,1834,52305,6981.94
3083,1784,52288.9,7143.61
3084,1835,52306.1,7171.67
3085,1754,52280.6,7086.67
3086,1753,52280.6,7063.61
3087,1711,52270.8,6998.33
3088,1881,52318.3,7003.33
3089,1995,52356.4,7005.56
3090,1322,52164.2,7014.44
3091,1442,52196.7,7010
3092,1455,52199.7,7021.39
3093,1534,52220.3,6916.94
3094,1622,52245,6959.17
3095,1558,52228.9,7040.28
3096,1511,52214.7,7031.11
3097,1810,52297.5,7246.67
3098,1686,52265.8,7230.56
3099,1705,52269.2,7208.06
3100,1303,52158.9,7146.39
3101,1610,52242.5,7170.56
3102,1493,52208.3,7197.5
3103,1281,52155,7206.67
3104,1296,52157.5,7226.39
3105,1220,52141.1,7256.94
3106,1377,52177.2,7230.83
3107,1489,52207.5,7257.5
3108,1465,52200.8,7300
3109,1422,52189.2,7258.61
3110,1557,52228.1,7234.17
3111,1517,52216.7,7233.33
3112,1749,52279.7,7252.78
3113,1618,52243.3,7241.67
3114,1635,52249.4,7213.89
3115,1586,52237.2,7231.11
3116,1932,52335.6,7304.44
3117,2036,52371.9,7334.44
3118,2016,52365.8,7323.89
3119,2102,52394.2,7290
3120,1916,52333.1,7358.06
3121,2073,52384.7,7296.94
3122,2087,52388.6,7227.5
3123,2009,52363.3,7220.28
3124,2119,52400,7200
3125,2025,52367.2,7164.72
3126,2387,52501.4,7086.67
3127,2352,52488.9,7062.78
3128,2163,52415.3,7052.5
3129,2140,52406.1,7015.56
3130,2173,52417.8,7003.33
3131,2207,52431.7,7045.56
3132,2766,52642.8,7015.56
3133,2732,52629.7,6981.94
3134,2602,52579.7,6930.83
3135,2735,52631.1,6994.72
3136,2772,52644.7,7149.72
3137,2611,52583.1,7270.28
3138,2166,52416.7,7233.33
3139,2078,52385.8,7245
3140,1956,52346.4,7264.44
3141,2126,52400.8,7301.11
3142,2401,52504.7,7297.22
3143,2410,52508.1,7243.06
3144,2258,52452.5,7246.67
3145,2301,52468.1,7196.39
3146,2408,52507.8,7182.5
3147,2495,52543.3,7193.33
3148,2219,52438.6,7263.33
3149,2232,52442.8,7212.22
3150,2269,52457.8,7188.61
3151,2641,52591.9,7180
3152,2438,52520,7210.56
3153,2477,52536.4,7220
3154,2472,52534.4,7261.39
3155,2517,52550,7300
3156,2680,52610.6,7289.17
3157,2610,52583.1,7235
3158,2685,52611.4,7229.72
3159,2564,52566.9,7346.94
3160,2745,52634.7,7323.61
3161,2277,52461.7,7344.44
3162,2281,52463.1,7328.61
3163,2236,52446.1,7303.06
3164,2120,52400,7216.67
3165,2186,52423.6,7263.61
3166,2541,52557.8,7301.39
3167,2490,52541.1,7273.06
3168,2668,52602.8,7301.94
3169,3069,52766.7,7266.67
3170,3188,52817.5,7251.39
3171,3305,52865.3,7256.11
3172,3243,52842.5,7257.22
3173,3295,52861.4,7298.89
3174,3422,52903.1,7296.67
3175,3406,52899.4,7226.11
3176,3501,52923.3,7206.67
3177,3260,52848.6,7234.44
3178,3310,52866.9,7208.06
3179,3444,52908.3,7214.17
3180,3241,52842.2,7172.22
3181,3339,52878.6,7182.22
3182,3365,52887.5,7159.72
3183,3368,52888.1,7170.56
3184,3327,52873.6,7162.78
3185,3453,52910.6,7142.78
3186,3506,52925.3,7117.22
3187,3427,52904.4,7088.06
3188,3580,52946.7,7129.72
3189,3478,52918.3,7264.72
3190,3329,52873.9,7308.06
3191,3528,52930.8,7198.89
3192,3910,53047.2,7245.56
3193,3783,53008.1,7355.56
3194,3400,52897.8,7483.33
3195,3360,52886.1,7506.67
3196,2884,52694.7,7602.5
3197,2908,52702.5,7715.56
3198,2820,52669.7,7683.61
3199,2596,52576.4,7825.83
3200,2701,52616.4,7775.28
3201,2654,52597.8,7797.22
3202,2484,52539.7,7813.33
3203,2720,52625.8,7851.94
3204,2666,52601.9,7960.28
3205,2762,52640,7968.33
3206,2634,52590,7954.44
3207,2578,52571.7,7997.78
3208,2638,52590.6,8053.33
3209,2371,52497.8,7980.28
3210,2592,52575.6,8106.67
3211,2649,52596.4,8092.22
3212,2864,52686.4,8235.83
3213,2728,52628.6,8292.22
3214,2880,52692.5,8273.61
3215,2734,52630.8,8277.5
3216,2446,52522.5,8327.22
3217,2475,52535.8,8331.39
3218,2339,52482.8,8339.72
3219,2441,52521.9,8399.17
3220,2507,52547.2,8352.5
3221,2573,52568.9,8208.06
3222,2787,52652.2,8185
3223,2626,52587.2,8187.5
3224,2607,52581.9,8163.61
3225,2629,52588.9,8153.61
3226,2496,52543.3,8182.22
3227,2502,52545,8211.11
3228,2461,52531.4,8213.61
3229,2625,52587.2,8088.61
3230,3122,52790.3,8234.17
3231,3205,52825.6,8289.72
3232,3451,52909.4,8573.33
3233,3353,52883.9,8601.11
3234,3717,52986.1,8701.67
3235,3840,53026.7,8763.06
3236,3932,53050.8,8788.06
3237,3430,52905.6,8710.56
3238,3409,52899.7,8696.67
3239,3239,52841.4,8686.39
3240,3145,52800,8650
3241,2984,52733.3,8616.67
3242,3304,52864.7,8760.56
3243,3515,52927.5,8836.94
3244,3448,52909.2,8790
3245,3488,52920.3,8723.33
3246,3648,52964.7,8645.28
3247,3715,52985.8,8643.89
3248,3571,52944.4,8657.78
3249,3616,52955.8,8685.56
3250,3704,52982.8,8681.11
3251,3267,52851.1,8727.22
3252,3252,52846.1,8755.56
3253,3343,52879.4,8717.22
3254,3385,52893.3,8657.5
3255,3468,52915.6,8633.61
3256,3388,52894.7,8630.56
3257,3307,52866.7,8600
3258,3503,52924.4,8586.67
3259,3476,52917.2,8580.56
3260,3560,52941.4,8571.67
3261,3807,53015.6,8588.89
3262,4063,53091.9,8713.06
3263,4315,53160.3,8570
3264,4376,53176.4,8651.39
3265,4446,53196.9,8566.94
3266,4642,53246.9,8551.67
3267,4712,53264.2,8534.44
3268,4607,53239.4,8551.39
3269,4592,53236.1,8369.44
3270,5033,53341.1,8358.61
3271,5001,53332.8,8392.22
3272,4825,53287.8,8350.28
3273,4787,53279.7,8316.39
3274,4656,53250,8300
3275,4400,53184.2,8298.06
3276,4879,53301.1,8264.72
3277,4884,53302.2,8312.5
3278,4768,53276.4,8403.61
3279,5002,53332.8,8421.11
3280,4978,53327.2,8464.17
3281,5116,53359.7,8633.33
3282,5247,53389.4,8616.11
3283,5121,53360.8,8604.44
3284,5148,53367.2,8570.83
3285,5454,53450,8566.67
3286,5102,53356.7,8538.06
3287,5348,53410,8582.78
3288,5453,53450,8516.67
3289,5156,53369.2,8435.83
3290,5373,53414.2,8443.06
3291,5390,53416.7,8483.33
3292,5129,53363.3,8445.83
3293,5066,53348.3,8466.11
3294,5430,53433.3,8233.33
3295,5413,53421.9,8225.83
3296,4121,53108.9,8315
3297,4000,53071.1,8330.83
3298,4158,53117.8,8397.5
3299,4328,53163.3,8284.72
3300,4737,53269.4,8261.94
3301,5100,53355.6,8345.56
3302,5214,53382.5,8297.78
3303,5249,53390.3,8277.22
3304,5280,53395.6,8329.44
3305,5496,53483.3,8366.67
3306,5313,53401.7,8351.39
3307,5125,53361.7,8334.72
3308,5039,53342.2,8266.39
3309,4846,53293.6,8242.5
3310,4436,53192.8,8164.72
3311,4361,53173.1,8087.5
3312,3812,53017.2,8026.67
3313,3866,53033.3,8066.67
3314,3620,52956.9,8012.5
3315,3558,52940.3,8035.56
3316,3439,52906.9,8245
3317,3604,52953.3,8265.83
3318,3420,52902.8,8346.11
3319,3335,52876.7,8381.67
3320,3350,52882.5,8350.28
3321,3589,52949.2,8371.39
3322,3164,52806.7,8443.61
3323,3152,52802.2,8564.72
3324,2808,52663.1,8689.44
3325,2810,52664.7,8623.06
3326,2855,52683.3,8616.67
3327,2756,52638.3,8654.44
3328,2729,52628.6,8635
3329,2709,52620.8,8615.56
3330,2656,52598.3,8671.67
3331,2807,52662.5,8755
3332,2748,52635.8,8696.67
3333,2723,52627.5,8751.11
3334,3628,52959.4,8913.06
3335,3721,52988.6,8916.39
3336,3790,53009.7,8857.5
3337,3799,53014.4,8851.39
3338,3760,52998.9,8885.28
3339,3364,52887.2,8844.44
3340,3386,52893.9,8821.94
3341,3530,52931.4,8853.89
3342,3863,53032.5,8928.33
3343,3557,52939.4,8893.33
3344,3915,53048.3,8830.56
3345,4307,53157.5,8805.83
3346,4398,53183.6,8719.72
3347,4317,53160.6,8745
3348,4866,53298.6,8721.39
3349,5474,53466.7,8666.67
3350,5498,53483.3,8716.67
3351,5188,53376.4,8762.5
3352,5323,53404.4,8760.28
3353,5332,53406.4,8813.06
3354,5517,53500,8883.33
3355,5540,53516.7,8850
3356,5565,53533.3,8883.33
3357,5205,53381.1,9009.44
3358,4915,53312.2,9021.94
3359,4726,53266.7,9066.67
3360,4831,53288.9,9127.5
3361,4867,53298.9,9050.83
3362,4805,53283.9,9046.67
3363,4830,53288.9,9054.72
3364,4500,53212.2,8974.44
3365,4226,53136.7,8885.83
3366,4170,53120.8,8859.44
3367,4331,53164.4,8931.39
3368,4561,53230.3,8945.83
3369,4614,53240.3,8888.61
3370,4557,53228.6,8877.5
3371,4649,53248.6,8842.22
3372,4447,53196.9,8926.94
3373,4791,53280.6,8945.28
3374,4475,53203.6,8830.28
3375,4261,53146.1,8915.28
3376,4417,53188.1,8846.94
3377,4403,53185.3,8825.83
3378,4406,53186.1,8843.33
3379,4286,53152.2,8896.11
3380,4273,53148.1,8881.67
3381,4457,53200.3,8873.89
3382,4496,53210.8,8815.83
3383,4678,53254.2,8812.22
3384,4409,53186.4,8906.39
3385,5023,53338.6,8945
3386,5275,53394.4,8959.44
3387,5145,53366.7,8866.67
3388,5177,53374.7,8864.72
3389,4938,53319.4,8851.67
3390,4534,53223.1,8800
3391,4282,53151.4,8845.28
3392,4605,53238.9,8941.67
3393,4357,53172.2,8923.89
3394,4295,53155.3,8910
3395,4242,53139.4,8933.61
3396,3791,53010.3,8944.44
3397,3629,52959.7,8956.11
3398,3744,52994.4,8943.89
3399,3906,53045.3,8907.78
3400,3994,53070,8898.06
3401,4065,53092.2,9065.28
3402,3742,52993.9,9213.61
3403,3698,52981.4,9213.06
3404,3548,52937.8,9128.06
3405,4012,53074.7,9248.89
3406,3517,52928.1,9201.67
3407,3465,52915,9189.72
3408,3387,52894.2,9203.61
3409,3211,52827.8,9118.06
3410,3051,52760,9086.11
3411,3085,52773.1,9077.22
3412,2448,52524.4,8938.06
3413,2428,52515.6,8896.67
3414,2249,52450,8966.67
3415,2011,52363.9,8996.11
3416,2063,52382.5,8971.67
3417,2308,52471.4,9067.22
3418,2329,52478.3,9102.22
3419,2289,52466.4,8925.56
3420,2097,52392.8,8898.06
3421,2180,52421.4,8981.11
3422,1520,52216.7,9000
3423,1619,52243.3,9101.94
3424,1692,52266.7,9033.33
3425,1573,52233.3,8983.33
3426,1601,52241.1,8986.94
3427,1645,52251.9,9025.28
3428,1528,52217.8,9021.39
3429,1418,52187.5,8966.11
3430,1150,52121.4,8956.94
3431,963,52050,8950
3432,1067,52091.1,9028.06
3433,1574,52233.3,9116.67
3434,1267,52151.1,9163.61
3435,1337,52166.7,9166.67
3436,1446,52196.9,9168.06
3437,1837,52306.4,9353.06
3438,1434,52193.9,9100.83
3439,1458,52200,9066.67
3440,1577,52234.2,9100.83
3441,1641,52250.3,9148.89
3442,1451,52198.6,9242.5
3443,1282,52155,9232.5
3444,1260,52150,9250
3445,1004,52066.7,9283.33
3446,973,52054.2,9323.61
3447,1033,52079.4,9175.56
3448,1369,52174.4,9082.78
3449,1416,52186.7,9072.22
3450,1259,52150,9066.67
3451,1258,52150,9050
3452,1001,52066.7,8950
3453,1189,52133.3,9016.67
3454,1003,52066.7,9116.67
3455,866,51999.7,9061.39
3456,714,51933.3,9166.67
3457,361,51793.1,9023.89
3458,560,51877.8,9000
3459,622,51900,8966.67
3460,773,51962.5,8910.28
3461,707,51932.2,8857.22
3462,506,51864.7,8806.11
3463,725,51936.4,8770
3464,858,51995.3,8789.44
3465,987,52059.4,8714.44
3466,823,51981.4,8513.89
3467,766,51960,8690
3468,817,51979.2,8687.5
3469,728,51936.9,8698.61
3470,864,51998.6,8694.44
3471,753,51952.8,8657.22
3472,862,51998.3,8628.61
3473,1036,52079.7,8626.39
3474,1166,52127.2,8637.78
3475,1018,52071.7,8640
3476,929,52035.3,8732.22
3477,914,52030,8692.5
3478,1046,52083.3,8700
3479,1131,52116.7,8783.33
3480,991,52062.5,8810.28
3481,927,52034.7,8836.39
3482,1000,52066.7,8833.33
3483,1240,52146.4,8880.83
3484,1488,52206.9,8902.78
3485,1816,52300,8950
3486,2110,52396.4,8926.94
3487,1963,52348.9,8900
3488,2046,52374.4,8906.67
3489,2091,52390.6,8943.06
3490,2022,52366.7,9066.67
3491,2028,52368.3,9144.17
3492,1935,52337.2,9224.17
3493,1946,52341.1,9264.44
3494,1783,52288.6,9359.44
3495,1968,52350,9333.33
3496,2148,52410.3,9340
3497,2171,52417.5,9273.61
3498,2195,52427.5,9246.67
3499,1871,52316.7,9233.33
3500,1430,52191.7,9027.78
3501,1383,52179.2,9035.83
3502,1497,52209.4,9026.11
3503,1798,52291.9,9039.17
3504,1921,52333.3,8916.67
3505,1920,52333.3,8850
3506,2086,52388.3,8879.17
3507,1992,52355,8833.06
3508,2053,52378.1,8813.89
3509,2220,52438.6,8935.56
3510,2288,52465.6,8965.28
3511,2162,52415,8917.5
3512,1902,52324.7,8765.28
3513,1533,52219.7,8385.56
3514,1649,52253.1,8363.61
3515,1822,52300.6,8382.22
3516,2267,52456.9,8648.61
3517,2184,52421.9,8664.17
3518,1925,52333.9,8628.06
3519,1650,52253.9,8606.94
3520,1187,52133.3,8633.33
3521,999,52066.7,8600
3522,904,52022.2,8699.72
3523,1038,52080.3,8717.5
3524,873,52006.1,8749.44
3525,455,51847.8,8841.94
3526,359,51792.8,8788.33
3527,681,51920.8,8723.33
3528,710,51933.3,8600
3529,785,51966.7,8583.33
3530,580,51883.3,8600
3531,461,51850,8582.78
3532,502,51863.1,8580
3533,633,51901.4,8521.39
3534,885,52011.4,8563.89
3535,896,52016.7,8583.33
3536,942,52042.2,8565.56
3537,1256,52150,8566.67
3538,721,51934.4,8630
3539,743,51948.9,8550.28
3540,750,51950.3,8614.17
3541,694,51926.7,8557.22
3542,514,51866.7,8566.67
3543,320,51767.2,8561.39
3544,389,51814.2,8536.94
3545,372,51801.1,8493.61
3546,280,51744.4,8610.28
3547,182,51670.6,8570.83
3548,147,51645.3,8595.56
3549,161,51650.8,8645
3550,143,51641.9,8575.28
3551,132,51634.7,8563.89
3552,192,51676.9,8549.17
3553,198,51682.5,8648.89
3554,189,51675.6,8693.33
3555,326,51772.8,8681.39
3556,223,51695.6,8664.72
3557,235,51706.4,8677.78
3558,243,51712.8,8634.44
3559,177,51666.7,8750
3560,248,51717.5,8742.5
3561,134,51635,8776.11
3562,446,51843.9,8741.11
3563,376,51806.4,8694.44
3564,388,51813.1,8710.28
3565,410,51824.7,8656.11
3566,327,51774.7,8526.94
3567,269,51738.9,8490
3568,249,51718.3,8451.67
3569,312,51765.3,8453.33
3570,291,51755.3,8437.5
3571,303,51761.4,8416.39
3572,405,51822.5,8419.17
3573,602,51893.1,8435.28
3574,687,51922.8,8554.44
3575,790,51967.8,8531.11
3576,379,51807.2,8633.61
3577,265,51735.8,8552.22
3578,332,51777.5,8497.78
3579,264,51735,8355.56
3580,507,51865,8362.78
3581,558,51877.8,8348.61
3582,632,51900.8,8352.5
3583,818,51980.6,8375.83
3584,642,51907.5,8379.72
3585,776,51963.3,8381.67
3586,944,52043.9,8424.72
3587,1452,52198.9,8407.78
3588,1496,52209.2,8321.11
3589,1804,52294.2,8225.83
3590,1778,52287.2,8239.17
3591,1653,52255.6,8165.56
3592,1803,52293.9,8166.39
3593,1829,52303.6,8162.5
3594,2287,52465.6,8061.94
3595,2150,52411.4,8061.11
3596,1931,52335,8081.94
3597,1854,52310.6,8076.39
3598,1892,52321.1,8099.17
3599,1486,52206.4,8139.17
3600,1170,52129.2,8129.44
3601,1470,52202.2,8171.67
3602,1513,52215.8,8188.61
3603,1706,52269.2,8100.28
3604,2005,52361.7,8271.11
3605,1981,52352.8,8276.67
3606,2037,52372.5,8345.83
3607,1406,52184.4,8262.22
3608,1378,52177.2,8260.56
3609,1774,52285.8,8281.11
3610,1770,52284.7,8215.28
3611,1670,52260,8150.83
3612,1760,52282.5,8051.11
3613,1485,52206.1,8081.11
3614,1389,52181.4,7981.11
3615,1726,52274.7,7915.83
3616,1908,52326.9,7978.89
3617,1918,52333.3,7888.61
3618,1730,52275.8,7992.22
3619,1772,52285,7845.28
3620,1678,52262.5,7725.28
3621,1930,52334.4,7618.06
3622,2106,52395.3,7646.67
3623,2121,52400,7600
3624,2051,52378.1,7688.06
3625,2175,52418.1,7703.89
3626,2274,52460.6,7731.39
3627,2160,52414.7,7770.28
3628,1868,52316.7,7716.67
3629,1812,52299.4,7420.28
3630,2034,52370.8,7397.22
3631,1897,52322.5,7383.06
3632,2045,52374.4,7449.17
3633,2237,52446.1,7366.39
3634,2208,52432.2,7278.33
3635,2343,52483.6,7211.94
3636,2115,52399.2,7178.33
3637,2071,52384.4,7166.11
3638,1942,52339.4,7160.28
3639,1380,52179.2,7312.5
3640,1367,52174.4,7393.06
3641,1538,52221.7,7388.89
3642,1307,52160,7475.28
3643,1124,52113.3,7486.94
3644,1173,52130,7460
3645,1278,52153.6,7325.83
3646,1320,52163.9,7324.17
3647,2021,52366.7,7509.44
3648,2040,52373.3,7391.39
3649,1982,52353.1,7378.61
3650,1840,52306.7,7497.5
3651,2155,52412.8,7433.33
3652,1993,52355.8,7369.72
3653,2285,52464.7,7460.28
3654,2240,52446.9,7467.78
3655,2143,52407.5,7536.39
3656,2211,52434.2,7529.17
3657,2256,52451.9,7461.39
3658,2049,52376.1,7360.83
3659,2154,52412.8,7362.5
3660,2286,52465.6,7399.72
3661,2389,52501.7,7440.83
3662,2462,52532.2,7420.56
3663,2713,52622.2,7363.06
3664,2791,52654.2,7252.22
3665,2589,52575.3,7294.44
3666,2659,52599.7,7363.89
3667,2969,52726.9,7371.11
3668,2991,52734.2,7398.89
3669,2835,52677.2,7438.33
3670,2819,52668.6,7407.22
3671,2798,52657.2,7379.44
3672,2690,52612.8,7376.94
3673,2711,52621.9,7424.44
3674,2754,52638.1,7606.11
3675,2700,52615.8,7640.28
3676,2891,52696.7,7630.83
3677,3179,52813.9,7554.44
3678,2906,52701.9,7488.06
3679,3109,52783.6,7417.22
3680,3189,52818.1,7471.11
3681,3159,52805.3,7461.67
3682,3169,52807.8,7423.61
3683,3192,52819.2,7290.28
3684,3135,52796.4,7288.06
3685,3186,52817.2,7334.72
3686,3121,52789.4,7388.61
3687,3119,52788.9,7330.28
3688,3269,52851.7,7320.28
3689,3265,52851.1,7328.89
3690,3206,52827.2,7228.89
3691,3161,52806.1,7163.06
3692,3105,52781.4,7188.33
3693,3080,52769.4,7271.11
3694,3168,52806.9,7285.28
3695,2941,52716.7,7283.33
3696,2939,52716.4,7291.11
3697,2809,52663.6,7213.89
3698,2961,52723.6,7230.28
3699,2878,52691.9,7270.28
3700,2958,52722.5,7274.72
3701,2916,52707.8,7402.5
3702,2624,52587.2,7540
3703,2616,52584.2,7638.06
3704,2473,52534.4,7620.83
3705,2586,52574.4,7550.28
3706,2759,52639.4,7738.06
3707,2921,52709.2,7717.5
3708,2443,52522.2,7716.94
3709,2392,52503.3,7838.33
3710,2417,52511.4,7810.83
3711,2429,52515.8,7885.56
3712,2932,52713.9,7801.39
3713,3208,52827.5,7817.78
3714,3416,52900.8,7817.5
3715,3359,52885.8,7877.78
3716,3458,52912.2,7908.89
3717,3516,52927.8,7949.44
3718,3294,52860.8,8061.67
3719,3647,52964.7,7986.11
3720,3723,52988.9,7970.28
3721,4027,53081.7,7848.06
3722,4018,53077.2,7832.22
3723,3381,52891.9,7731.11
3724,3822,53019.2,7757.5
3725,4047,53087.2,7755.28
3726,3992,53068.9,7839.44
3727,4107,53104.2,8049.44
3728,4604,53238.9,8056.67
3729,4803,53283.3,8100
3730,4588,53235.6,8268.33
3731,4602,53238.1,8234.44
3732,4301,53156.7,8257.22
3733,4359,53172.8,8261.39
3734,4452,53198.3,8300
3735,4487,53208.3,8322.22
3736,4200,53129.4,8236.39
3737,4693,53258.9,8236.94
3738,5347,53410,8205
3739,5298,53399.4,8196.11
3740,5207,53381.4,8193.89
3741,5113,53359.4,8195.28
3742,5327,53405,8145.83
3743,5337,53408.1,8121.11
3744,5375,53414.4,8121.11
3745,5452,53450,8100
3746,5236,53387.8,8023.33
3747,5389,53416.7,8016.67
3748,4993,53331.9,8066.11
3749,5224,53384.4,7974.72
3750,5287,53396.4,8043.33
3751,5409,53421.4,8039.17
3752,5183,53375.3,8068.33
3753,5127,53362.8,8115.56
3754,4904,53309.4,8114.17
3755,4871,53299.7,8070.56
3756,5024,53339.4,8060
3757,5289,53396.7,7975.56
3758,5329,53405.8,7973.33
3759,5365,53413.3,8048.89
3760,5274,53394.4,7998.33
3761,5050,53344.4,7966.94
3762,5064,53348.1,7984.72
3763,5093,53353.3,7974.72
3764,5142,53366.4,7974.17
3765,5233,53386.7,8073.61
3766,5494,53483.3,8133.33
3767,5538,53516.7,8283.33
3768,5561,53533.3,8350
3769,5539,53516.7,8316.67
3770,5633,53583.3,8266.67
3771,5686,53616.7,8283.33
3772,6468,54014.7,8224.44
3773,6523,54026.9,8228.61
3774,6228,53958.9,8287.78
3775,6259,53966.7,8300
3776,6822,54100,8116.67
3777,6661,54063.1,8094.44
3778,6674,54066.7,8150
3779,7107,54188.6,8118.89
3780,6977,54141.7,8115.56
3781,7140,54198.9,8051.94
3782,7056,54171.4,8011.94
3783,6999,54150,8000
3784,7024,54160,8014.44
3785,7153,54202.5,7951.94
3786,7389,54298.1,7935.28
3787,7218,54230.3,7978.33
3788,7334,54273.1,8002.5
3789,7054,54170.3,8061.94
3790,7302,54262.2,8142.22
3791,7132,54195.3,8199.72
3792,7101,54185.3,8233.33
3793,7100,54185.3,8191.67
3794,7185,54213.3,8163.89
3795,7105,54186.1,8099.72
3796,7045,54167.5,8117.5
3797,6982,54144.7,8099.17
3798,7161,54204.7,8136.67
3799,7450,54349.2,8251.39
3800,7471,54377.2,8327.78
3801,7502,54428.6,8210
3802,7521,54483.1,8264.17
3803,7506,54438.3,8313.89
3804,7518,54468.3,8331.11
3805,7515,54465.3,8368.61
3806,7561,54594.2,8399.44
3807,7606,54646.4,8195.56
3808,7623,54663.1,8257.78
3809,7545,54568.9,8210.56
3810,7531,54526.1,8196.67
3811,7497,54416.7,8166.67
3812,7474,54384.2,8139.44
3813,7428,54322.5,8200.28
3814,7288,54256.4,8234.17
3815,7228,54233.3,8300
3816,7141,54199.7,8325.56
3817,7031,54163.3,8398.06
3818,7374,54290,8428.06
3819,7326,54269.7,8398.06
3820,7221,54230.8,8356.67
3821,7245,54239.4,8448.89
3822,7332,54271.7,8367.5
3823,7434,54328.9,8422.5
3824,7504,54433.9,8454.17
3825,7485,54398.1,8451.67
3826,7512,54458.1,8406.39
3827,7501,54426.9,8314.44
3828,7505,54434.4,8399.72
3829,7511,54457.5,8329.44
3830,7507,54440,8381.11
3831,7495,54413.9,8466.11
3832,7482,54390.6,8470
3833,7500,54424.7,8452.78
3834,7472,54379.2,8481.11
3835,7492,54406.1,8509.44
3836,7499,54418.1,8500
3837,7461,54363.3,8523.06
3838,7423,54318.1,8541.67
3839,7408,54309.2,8566.11
3840,7470,54376.7,8576.94
3841,7200,54221.4,8499.72
3842,7149,54201.9,8545
3843,7110,54189.4,8553.61
3844,6961,54135,8561.39
3845,6856,54107.5,8489.72
3846,6917,54121.4,8500.83
3847,6675,54066.7,8550
3848,6943,54129.2,8441.94
3849,7120,54192.2,8446.39
3850,7068,54175.6,8556.94
3851,7151,54202.2,8585.56
3852,7216,54228.6,8516.11
3853,6655,54060.8,8503.61
3854,6946,54130,8569.72
3855,7279,54252.8,8584.17
3856,7440,54333.3,8600
3857,7473,54383.3,8616.67
3858,7460,54363.1,8651.67
3859,7469,54375.6,8531.67
3860,7488,54400,8516.67
3861,7479,54387.2,8503.06
3862,7448,54340.6,8527.22
3863,7398,54303.9,8512.78
3864,7324,54268.9,8494.44
3865,7333,54271.9,8593.33
3866,7053,54170,8603.33
3867,7187,54213.6,8564.72
3868,7164,54205.6,8566.39
3869,7239,54236.4,8542.5
3870,7452,54349.7,8605.83
3871,7466,54369.7,8631.94
3872,7446,54339.4,8501.11
3873,7439,54333.3,8500
3874,7491,54403.3,8404.17
3875,7381,54294.2,8440.83
3876,7421,54315.8,8424.17
3877,7418,54313.9,8451.67
3878,7282,54253.3,8497.5
3879,7317,54266.7,8483.33
3880,7259,54245,8538.61
3881,7094,54183.3,8500
3882,6815,54098.6,8549.72
3883,6760,54083.6,8564.17
3884,7072,54178.1,8599.72
3885,7314,54266.4,8598.33
3886,7180,54211.7,8509.44
3887,7113,54190.8,8480.56
3888,7044,54166.9,8485.56
3889,7360,54286.1,8391.39
3890,7380,54293.9,8371.11
3891,7432,54326.9,8274.44
3892,7229,54233.3,8316.67
3893,7207,54223.9,8232.5
3894,7352,54283.1,8211.39
3895,7362,54286.4,8154.44
3896,7136,54196.9,8134.72
3897,7148,54201.9,8285.83
3898,6752,54083.1,8275
3899,6708,54072.2,8278.61
3900,6772,54087.8,8325.83
3901,6866,54109.2,8316.11
3902,6897,54116.7,8283.33
3903,6540,54028.6,8278.89
3904,7021,54158.6,8369.44
3905,7066,54174.7,8281.67
3906,7325,54269.2,8340.28
3907,6905,54119.2,8330.28
3908,7266,54249.4,8206.11
3909,7176,54209.7,8286.94
3910,7387,54296.4,8252.22
3911,6799,54092.8,8308.33
3912,6577,54038.3,8223.61
3913,6475,54016.7,8183.33
3914,6417,54003.6,8195.83
3915,6625,54050,8033.33
3916,6727,54077.5,8025.28
3917,6478,54016.9,8108.89
3918,6439,54008.3,8097.22
3919,6933,54125.6,8084.72
3920,7226,54233.1,8065.83
3921,7167,54206.4,8155.56
3922,6954,54132.8,8118.33
3923,6728,54077.8,8105.56
3924,6705,54071.9,8098.06
3925,6666,54064.2,8028.61
3926,6444,54009.2,8059.17
3927,6514,54025.3,8074.72
3928,6231,53959.4,8017.5
3929,6442,54008.9,7966.67
3930,6574,54037.8,8077.22
3931,6853,54106.4,8023.89
3932,7378,54292.8,7875.28
3933,7155,54203.1,7902.22
3934,6998,54150,7933.33
3935,6249,53964.2,7814.17
3936,6363,53991.1,7787.78
3937,6850,54105.8,7905
3938,6743,54080.6,7936.11
3939,6371,53992.8,7967.78
3940,6689,54068.6,8016.94
3941,6831,54101.7,8095
3942,7014,54156.9,8005
3943,7198,54220.6,8047.22
3944,7126,54193.1,7930.28
3945,7119,54192.2,7858.06
3946,7080,54180.6,7863.33
3947,7274,54250.8,7900.28
3948,6480,54017.8,7943.33
3949,6569,54037.2,7943.89
3950,6974,54139.2,8006.67
3951,7128,54193.6,8076.39
3952,6990,54147.2,8020.28
3953,7042,54166.7,8083.33
3954,7372,54289.7,8120
3955,7476,54385.8,8076.67
3956,7481,54388.6,8109.72
3957,7422,54317.2,8106.67
3958,7436,54330.8,8170.28
3959,7145,54200,8366.67
3960,7184,54212.5,8387.22
3961,6992,54148.1,8301.67
3962,6950,54131.7,8394.44
3963,6462,54012.8,8323.06
3964,6139,53933.3,8250
3965,6105,53916.7,8300
3966,6876,54111.4,8358.06
3967,7091,54183.1,8419.44
3968,6763,54084.2,8447.5
3969,6682,54067.2,8494.17
3970,7197,54219.4,8617.5
3971,7088,54182.2,8602.5
3972,7015,54157.2,8605
3973,6976,54140,8641.67
3974,6951,54131.7,8680
3975,6915,54121.1,8645.28
3976,6730,54078.3,8699.72
3977,7192,54215.8,8660.56
3978,7462,54366.4,8585.28
3979,7437,54332.2,8646.67
3980,7451,54349.4,8480.83
3981,7464,54367.2,8568.06
3982,7047,54167.8,8620.83
3983,7071,54177.2,8658.89
3984,7308,54264.2,8722.22
3985,7283,54253.3,8776.67
3986,7256,54244.2,8846.94
3987,7234,54235.3,8913.06
3988,7224,54231.9,8833.33
3989,7222,54230.8,8799.72
3990,7265,54249.2,8861.67
3991,7335,54273.1,8769.44
3992,7246,54239.4,8757.5
3993,7290,54257.8,8722.22
3994,7300,54261.9,8778.33
3995,7323,54268.6,8783.06
3996,7293,54259.4,8763.06
3997,7254,54243.3,8731.11
3998,7223,54231.1,8718.61
3999,7264,54248.6,8659.44
4000,6558,54033.3,8850
4001,6620,54049.4,8824.72
4002,6615,54048.1,8687.5
4003,6450,54010.6,8660.28
4004,6797,54092.5,8764.44
4005,6229,53958.9,8750.28
4006,6167,53945.3,8821.39
4007,6296,53976.4,8791.39
4008,6610,54046.4,8793.61
4009,6710,54072.5,8850.83
4010,6746,54081.7,8786.11
4011,6788,54091.1,8721.11
4012,6922,54121.9,8693.61
4013,6975,54139.7,8697.78
4014,6857,54107.5,8544.72
4015,6818,54099.4,8575
4016,7055,54170.3,8671.39
4017,6796,54092.5,8674.72
4018,6638,54053.3,8525.56
4019,6934,54125.6,8591.11
4020,6858,54107.8,8735.56
4021,6712,54072.8,8755
4022,6690,54069.2,8865.56
4023,6448,54010.3,8937.22
4024,6789,54091.1,8920
4025,6477,54016.7,8983.33
4026,6397,53998.6,8979.17
4027,6343,53986.4,8999.72
4028,5995,53859.4,9097.22
4029,5955,53833.3,9033.33
4030,6124,53927.2,9022.22
4031,6186,53949.7,9043.89
4032,6431,54006.4,9028.06
4033,5978,53850,9000
4034,5984,53853.6,9044.44
4035,6095,53915.3,9096.39
4036,5916,53800,9133.33
4037,6073,53900,9050
4038,6117,53920.8,9060.83
4039,6017,53868.3,9158.06
4040,6027,53875.8,9160.28
4041,6056,53896.7,9205.28
4042,6327,53983.3,9116.67
4043,6396,53998.3,9103.33
4044,6695,54070,9217.5
4045,6786,54090.8,9236.39
4046,6812,54097.8,9225.56
4047,6952,54132.2,9233.61
4048,6909,54120,9233.61
4049,6957,54133.3,9316.67
4050,7006,54154.4,9348.89
4051,7069,54176.4,9354.17
4052,6825,54100,9316.67
4053,6879,54113.1,9290.56
4054,6576,54037.8,9230.56
4055,6542,54029.4,9209.44
4056,6670,54065.6,9181.67
4057,6622,54049.7,9082.78
4058,6389,53997.2,9072.78
4059,6281,53971.7,9146.11
4060,6864,54108.9,9151.11
4061,6696,54070.3,9086.67
4062,7278,54251.7,8893.06
4063,7304,54262.5,8881.11
4064,7322,54268.1,8903.61
4065,7351,54282.5,8983.89
4066,7370,54289.2,8998.33
4067,7341,54276.4,9038.33
4068,7214,54227.2,9034.44
4069,7159,54203.6,9051.39
4070,7244,54239.2,9056.11
4071,7373,54289.7,9018.89
4072,7297,54260.6,9034.44
4073,7368,54288.6,8961.67
4074,7299,54261.7,8925
4075,7348,54280.3,8930.56
4076,7232,54233.6,8946.67
4077,7238,54235.8,8996.11
4078,7129,54193.6,9116.39
4079,7366,54287.8,9037.78
4080,7312,54265.8,9030.56
4081,6795,54091.9,9038.61
4082,6868,54109.4,9027.5
4083,7025,54160.8,8994.44
4084,6918,54121.4,8979.44
4085,7000,54150,9033.33
4086,7039,54166.4,9035.83
4087,6948,54130.6,9051.39
4088,7086,54181.7,8997.5
4089,7186,54213.3,8991.94
4090,7318,54266.7,9033.33
4091,7252,54242.2,9000.56
4092,7177,54209.7,9026.94
4093,7285,54253.6,9063.33
4094,7134,54196.4,9023.06
4095,6995,54148.6,9091.94
4096,6979,54143.1,9115.28
4097,6753,54083.1,9093.06
4098,7030,54162.8,9129.44
4099,7206,54223.6,9092.22
4100,7194,54216.7,9100
4101,7038,54165.8,9081.67
4102,6723,54076.7,9078.33
4103,6501,54021.7,9031.11
4104,6280,53971.7,9033.06
4105,6160,53944.2,9067.5
4106,6111,53916.9,9133.89
4107,6204,53952.2,9107.5
4108,6109,53916.7,9152.78
4109,6112,53916.9,9182.22
4110,5999,53861.4,9211.67
4111,6019,53869.7,9186.67
4112,6121,53924.2,9195.28
4113,6059,53898.3,9179.44
4114,6163,53944.4,9263.61
4115,6148,53940.8,9187.78
4116,6162,53944.4,9101.94
4117,6239,53961.1,9113.61
4118,6048,53886.7,9102.5
4119,5956,53833.3,9183.33
4120,5998,53861.1,9182.5
4121,5979,53850,9300
4122,6003,53865,9263.89
4123,6490,54019.7,9278.61
4124,6461,54012.5,9403.61
4125,6489,54019.4,9395.56
4126,6697,54070.3,9355
4127,6885,54114.7,9323.89
4128,6970,54137.8,9201.67
4129,7146,54200,9185.56
4130,7287,54255.3,9223.06
4131,7295,54259.7,9249.17
4132,7391,54300,9316.67
4133,7364,54286.7,9294.72
4134,7379,54292.8,9332.5
4135,7405,54307.8,9354.17
4136,7361,54286.1,9375
4137,7396,54303.6,9411.94
4138,7388,54297.8,9412.22
4139,7390,54299.4,9441.39
4140,7401,54304.4,9546.94
4141,7329,54270.6,9724.72
4142,7248,54240,9700.83
4143,7196,54219.2,9802.22
4144,6668,54064.4,9834.44
4145,6740,54080.3,9945.28
4146,7061,54172.5,9933.61
4147,7271,54250,9928.61
4148,7181,54211.7,9873.33
4149,7319,54266.7,9800
4150,7211,54224.4,9815.83
4151,7413,54312.2,9812.78
4152,7199,54220.8,9843.61
4153,7172,54207.5,9895.83
4154,7099,54185,9828.33
4155,7157,54203.1,9819.17
4156,7178,54211.1,9826.39
4157,7083,54180.8,9729.72
4158,7251,54241.7,9816.67
4159,7435,54330.6,9790.28
4160,7415,54312.5,9842.5
4161,7350,54281.7,9799.72
4162,7340,54275.8,9790.83
4163,7385,54296.1,9687.5
4164,7420,54314.7,9716.67
4165,7301,54261.9,9798.06
4166,7189,54214.7,9721.94
4167,7028,54161.9,9749.44
4168,7048,54167.8,9828.33
4169,7084,54181.1,9880.28
4170,7162,54205.3,9928.61
4171,6826,54100.3,10070.3
4172,7330,54271.1,10029.7
4173,7358,54284.7,9993.06
4174,7305,54263.3,10011.7
4175,7213,54225,9990.83
4176,7284,54253.6,10040.8
4177,7276,54251.4,10063.6
4178,7272,54250.3,9901.39
4179,7112,54190.6,9905
4180,6873,54110.8,9898.89
4181,7219,54230.6,9944.72
4182,7242,54238.9,9998.61
4183,7109,54189.2,10054.2
4184,7160,54203.9,10036.1
4185,6808,54095.8,10100
4186,6940,54126.9,10086.7
4187,6886,54115.8,10102.2
4188,6096,53916.7,10033.3
4189,6022,53872.5,9927.5
4190,6054,53893.9,9920
4191,6031,53880,9814.72
4192,6005,53865.8,9901.94
4193,5858,53750,9883.33
4194,5776,53683.3,9900
4195,5798,53708.3,9870.83
4196,5879,53766.7,9816.67
4197,5802,53713.1,9883.61
4198,5804,53716.1,9890.28
4199,5640,53588.3,9961.94
4200,5647,53595.3,9974.17
4201,5604,53566.4,9922.22
4202,5667,53600,9850
4203,5481,53476.4,9899.17
4204,4988,53330.6,9827.78
4205,4929,53316.1,9878.33
4206,5028,53340,9869.72
4207,5341,53409.2,9858.33
4208,5239,53388.1,9999.72
4209,4998,53332.2,9886.11
4210,5168,53373.1,9823.89
4211,4634,53245.3,9585.83
4212,4632,53244.4,9535
4213,4839,53290.8,9546.94
4214,4760,53275.3,9659.72
4215,4808,53284.7,9595.28
4216,4924,53314.4,9585
4217,5043,53343.1,9463.06
4218,4770,53276.7,9518.06
4219,4631,53243.9,9501.67
4220,4050,53088.6,9312.22
4221,4239,53139.2,9218.89
4222,4177,53121.7,9181.94
4223,4164,53118.9,9036.11
4224,3846,53028.1,9068.61
4225,3642,52962.5,9064.44
4226,3366,52887.5,9052.5
4227,3030,52751.9,9064.17
4228,2974,52731.7,9076.94
4229,3000,52736.4,9060.83
4230,2948,52719.2,9065.83
4231,2826,52671.7,9106.39
4232,2788,52652.5,9293.61
4233,2790,52653.9,9235
4234,2779,52647.8,9315.83
4235,2829,52673.6,9309.44
4236,2897,52699.2,9387.22
4237,2812,52666.7,9400
4238,2817,52668.3,9327.22
4239,2717,52623.3,9246.94
4240,3500,52923.1,9180.56
4241,3969,53063.1,9191.67
4242,4131,53111.4,9206.39
4243,4227,53136.7,9064.44
4244,4553,53227.2,8981.39
4245,4532,53222.5,8967.22
4246,4294,53154.7,9079.72
4247,4334,53165,9079.44
4248,3896,53041.1,9147.5
4249,3819,53018.9,9170.56
4250,3456,52911.1,9213.89
4251,3216,52829.4,9193.06
4252,3134,52795.8,9188.61
4253,3474,52916.7,9116.67
4254,3473,52916.7,9100
4255,3314,52867.8,9080.56
4256,3183,52816.4,9050
4257,3176,52811.9,9143.06
4258,3396,52897.2,9144.44
4259,3334,52876.4,9010.28
4260,3182,52815.6,8966.67
4261,3258,52847.5,9193.61
4262,3197,52821.1,9230.83
4263,3065,52764.7,9237.5
4264,2871,52689.7,9231.67
4265,2799,52657.2,9154.44
4266,2645,52594.4,9194.72
4267,2499,52544.2,9203.06
4268,2432,52516.7,9200
4269,2606,52581.4,9162.22
4270,2675,52607.5,9314.72
4271,2725,52628.1,9333.33
4272,2583,52572.8,9375.28
4273,2383,52500.6,9371.39
4274,2196,52428.1,9442.22
4275,2039,52373.1,9444.44
4276,2058,52380.3,9424.44
4277,2262,52454.7,9333.61
4278,2298,52467.5,9288.33
4279,2129,52401.4,9319.72
4280,2012,52364.2,9278.61
4281,1929,52334.2,9210
4282,2023,52366.7,9200
4283,2284,52464.4,9254.17
4284,2364,52493.3,9287.5
4285,2368,52495,9226.94
4286,2471,52534.2,9252.78
4287,2527,52552.8,9281.39
4288,2476,52536.1,9300.28
4289,2273,52459.7,9289.44
4290,2062,52381.4,9302.5
4291,1951,52344.7,9307.5
4292,2068,52383.9,9074.44
4293,2043,52373.9,9078.06
4294,2268,52457.2,9068.06
4295,2279,52461.9,9021.11
4296,2204,52430.8,9032.5
4297,2334,52479.7,8991.11
4298,2487,52540.3,8907.22
4299,2674,52607.2,8873.06
4300,2671,52605.3,8960.83
4301,2712,52621.9,8967.5
4302,2665,52600,9050
4303,2581,52572.5,9102.5
4304,2543,52559.2,9192.78
4305,2686,52611.4,9110.28
4306,2593,52575.8,9079.44
4307,2463,52532.2,9084.72
4308,2201,52429.7,9011.67
4309,1967,52350,8966.67
4310,2107,52395.6,9110.56
4311,2244,52449.2,9061.11
4312,2047,52375.3,9042.22
4313,2282,52463.3,9030.28
4314,2409,52507.8,8999.44
4315,2470,52533.3,9028.61
4316,2294,52466.7,9099.17
4317,2494,52542.2,9076.67
4318,2550,52561.7,9032.22
4319,3142,52798.6,9013.89
4320,3089,52774.4,9016.67
4321,3149,52801.7,9057.5
4322,3131,52795,8921.67
4323,3877,53036.4,9044.44
4324,3882,53038.1,9078.06
4325,4152,53116.7,9133.33
4326,4219,53134.7,9205.83
4327,3920,53049.4,9193.33
4328,3673,52975,9208.33
4329,3868,53033.3,9247.5
4330,3847,53028.1,9304.44
4331,3633,52961.1,9235.83
4332,3480,52918.9,9250.83
4333,3273,52852.8,9337.22
4334,3195,52820.6,9263.89
4335,2925,52710.3,9260.56
4336,3071,52766.9,9265
4337,2684,52610.8,9393.89
4338,2953,52721.4,9318.61
4339,2907,52702.2,9301.67
4340,2985,52733.3,9300
4341,3466,52915.3,9322.78
4342,3309,52866.7,9315.28
4343,3285,52856.4,9199.72
4344,3352,52882.8,9247.22
4345,3522,52928.9,9261.11
4346,3014,52745.6,9428.06
4347,2904,52700.8,9420.83
4348,2996,52735.6,9492.78
4349,2824,52671.4,9538.33
4350,2574,52569.4,9616.11
4351,2400,52504.4,9658.61
4352,1907,52326.7,9688.33
4353,1819,52300,9700
4354,1629,52247.2,9733.33
4355,1826,52302.8,9801.67
4356,2065,52383.3,9733.33
4357,1884,52318.3,9785.28
4358,1809,52296.9,9758.61
4359,1794,52290.6,9780.83
4360,1640,52250,9733.33
4361,1405,52183.3,9750
4362,1237,52146.1,9701.39
4363,1462,52200.3,9671.39
4364,1358,52171.4,9778.61
4365,1146,52117.8,9800
4366,1312,52161.7,9877.22
4367,1129,52116.1,9902.78
4368,954,52048.6,9857.5
4369,917,52030.8,9842.78
4370,868,52001.9,9936.39
4371,981,52056.9,9950.56
4372,1015,52070,9901.11
4373,1756,52280.8,9867.5
4374,1767,52283.3,9833.33
4375,2032,52369.4,9816.11
4376,1766,52283.3,9783.33
4377,1093,52100,9633.33
4378,1560,52229.4,9599.44
4379,1141,52116.7,9633.33
4380,736,51941.4,9699.17
4381,774,51962.8,9720
4382,796,51971.4,9777.5
4383,731,51939.2,9763.61
4384,553,51876.7,9886.94
4385,282,51745.8,9863.61
4386,227,51700.8,9725
4387,244,51713.3,9720
4388,241,51709.4,9611.39
4389,154,51647.8,9587.78
4390,165,51654.7,9567.5
4391,216,51691.7,9670.56
4392,118,51620.6,9680.83
4393,229,51701.9,9652.22
4394,439,51838.6,9740.83
4395,676,51917.2,9766.39
4396,288,51750,9766.67
4397,202,51683.3,9700
4398,159,51650,9916.67
4399,100,51607.2,10043.6
4400,191,51676.1,10032.8
4401,117,51619.4,10016.4
4402,136,51635.6,10055
4403,130,51633.3,10033.3
4404,207,51685,9971.94
4405,247,51716.7,9950
4406,271,51740.3,9947.5
4407,408,51824.2,10044.4
4408,393,51815.8,10158.3
4409,426,51833.3,10166.7
4410,334,51779.2,10076.9
4411,317,51766.7,10100
4412,456,51848.1,10073.1
4413,659,51913.6,10034.2
4414,737,51942.2,10094.4
4415,588,51885.8,10096.1
4416,347,51785.6,10062.8
4417,473,51853.3,10110
4418,614,51897.8,10128.6
4419,639,51905.8,10132.5
4420,617,51899.4,10248.6
4421,394,51816.7,10283.3
4422,569,51881.1,10196.4
4423,757,51956.1,10287.5
4424,763,51958.6,10237.8
4425,780,51965,10266.4
4426,1179,52132.5,10366.9
4427,1145,52117.5,10403.3
4428,1345,52168.6,10445.3
4429,1329,52166.7,10416.7
4430,1425,52190.6,10429.7
4431,1314,52162.5,10393.6
4432,1313,52162.5,10319.7
4433,1279,52154.2,10282.2
4434,1501,52210.8,10321.1
4435,1435,52194.2,10359.2
4436,1417,52186.9,10363.9
4437,1342,52166.9,10289.7
4438,1531,52219.2,10341.1
4439,1468,52202.2,10307.5
4440,1580,52235.3,10300.6
4441,1514,52216.1,10355.6
4442,1424,52190.6,10380
4443,1473,52203.1,10365.8
4444,1371,52175,10409.2
4445,1175,52131.4,10457.2
4446,1208,52138.3,10461.9
4447,1252,52150,10461.7
4448,1283,52155.3,10457.2
4449,1172,52129.4,10407.5
4450,1098,52103.1,10433.1
4451,1114,52109.4,10398.3
4452,1384,52179.4,10286.9
4453,1216,52140.8,10268.9
4454,1162,52126.1,10226.4
4455,1508,52213.1,10308.6
4456,1593,52239.7,10299.4
4457,1293,52157.2,10353.1
4458,1547,52225.3,10301.1
4459,1193,52133.9,10143.6
4460,1182,52133.3,10200
4461,1183,52133.3,10230.3
4462,1161,52126.1,10177.2
4463,1277,52152.8,10125
4464,1218,52141.1,10118.1
4465,1484,52205.8,9979.17
4466,1627,52247.2,10066.4
4467,1634,52249.4,10042.8
4468,1831,52304.4,10045.8
4469,1348,52169.7,10078.3
4470,1178,52132.2,10198.3
4471,1157,52125,10115
4472,1227,52142.5,10160.3
4473,1153,52122.8,10140.3
4474,798,51972.2,10070.3
4475,745,51950,10116.7
4476,902,52019.2,10145.6
4477,901,52018.9,10105
4478,882,52010.3,10103.3
4479,890,52014.2,10101.4
4480,810,51975.6,10150.3
4481,802,51973.1,10144.7
4482,615,51898.1,10242.8
4483,449,51845.6,10296.7
4484,371,51800,10283.3
4485,454,51847.8,10242.2
4486,486,51858.3,10168.1
4487,742,51948.6,10222.2
4488,847,51991.4,10208.9
4489,722,51934.7,10241.1
4490,667,51916.7,10316.7
4491,604,51893.3,10396.4
4492,549,51875.6,10347.2
4493,695,51926.9,10287.2
4494,702,51929.7,10260
4495,526,51868.6,10262.8
4496,637,51904.4,10278.1
4497,646,51908.9,10328.3
4498,522,51867.5,10373.6
4499,476,51854.7,10362.2
4500,568,51880.8,10312.8
4501,589,51886.1,10361.7
4502,485,51857.8,10297.2
4503,341,51783.3,10333.3
4504,427,51833.3,10250
4505,466,51850.8,10124.7
4506,498,51862.5,10069.2
4507,701,51929.4,9995.28
4508,990,52062.2,9922.5
4509,931,52035.8,10022.8
4510,892,52014.7,10001.4
4511,886,52012.2,9960.83
4512,733,51940.3,9900.56
4513,899,52017.2,9880
4514,841,51988.3,9871.39
4515,1017,52071.4,9846.39
4516,1056,52086.4,9748.33
4517,1323,52164.2,9628.33
4518,1142,52116.7,9666.67
4519,1204,52136.7,9675.83
4520,1155,52123.1,9669.44
4521,1006,52066.7,9537.22
4522,1304,52159.2,9501.11
4523,1034,52079.4,9434.72
4524,979,52055.8,9386.39
4525,888,52013.3,9357.22
4526,603,51893.1,9441.11
4527,613,51896.9,9443.89
4528,696,51926.9,9437.5
4529,656,51910.6,9339.17
4530,570,51881.4,9318.33
4531,392,51815.3,9298.33
4532,477,51855.6,9283.89
4533,442,51841.7,9278.33
4534,279,51744.2,9415.56
4535,296,51757.2,9399.17
4536,185,51674.4,9280.83
4537,197,51681.9,9232.78
4538,158,51650,9266.67
4539,128,51632.8,9230.56
4540,162,51652.2,9155.56
4541,160,51650.6,9179.72
4542,17,51500.8,9229.72
4543,23,51515.8,9193.89
4544,193,51677.2,9164.72
4545,226,51700.8,9129.44
4546,245,51716.7,9116.67
4547,55,51566.7,9033.33
4548,31,51531.9,9146.67
4549,56,51567.5,9079.17
4550,120,51622.8,9038.33
4551,54,51566.7,8914.44
4552,48,51554.4,8957.78
4553,209,51687.8,8845
4554,91,51603.6,8973.89
4555,163,51653.9,8945.28
4556,153,51646.9,8963.89
4557,174,51662.5,8861.11
4558,206,51685,8901.39
4559,340,51782.2,8873.61
4560,315,51765.6,8885
4561,275,51741.7,8938.06
4562,330,51776.7,8893.06
4563,369,51798.6,8851.67
4564,712,51933.3,8800
4565,508,51865.8,8787.22
4566,595,51888.9,8807.78
4567,468,51851.4,8794.17
4568,324,51771.7,8961.11
4569,232,51705.6,9068.06
4570,261,51731.1,9073.61
4571,488,51858.6,9098.06
4572,666,51916.4,8984.44
4573,573,51881.9,9024.44
4574,679,51918.9,9085.83
4575,529,51869.4,9141.11
4576,409,51824.4,9121.94
4577,397,51819.2,9089.44
4578,396,51818.6,9105.28
4579,172,51660,9154.17
4580,93,51605,9271.39
4581,49,51555.3,9273.33
4582,78,51587.5,9265.56
4583,125,51631.4,9328.61
4584,95,51605.8,9301.67
4585,169,51658.9,9343.33
4586,313,51765.3,9291.39
4587,493,51861.1,9189.44
4588,518,51866.7,9181.11
4589,623,51900,9166.67
4590,431,51833.3,9116.67
4591,788,51966.7,9033.33
4592,562,51878.3,9059.44
4593,693,51926.4,9009.17
4594,530,51869.7,9023.89
4595,546,51874.4,9091.94
4596,563,51878.6,9168.06
4597,463,51850,9233.33
4598,360,51792.8,9132.5
4599,302,51760.6,9096.94
4600,146,51644.7,9065.56
4601,137,51635.8,9178.06
4602,149,51646.4,9221.94
4603,24,51519.7,9271.94
4604,42,51550,9266.67
4605,109,51613.1,9266.11
4606,69,51583.3,9433.33
4607,151,51646.7,9454.44
4608,76,51586.4,9354.72
4609,6,51470,9416.39
4610,15,51495.6,9315
4611,9,51483.3,9350
4612,19,51505.8,9350.83
4613,167,51656.7,9272.5
4614,52,51563.9,9413.61
4615,26,51522.2,9394.17
4616,67,51580.6,9499.72
4617,73,51583.9,9541.39
4618,80,51591.4,9583.33
4619,70,51583.3,9566.67
4620,114,51616.7,9533.33
4621,27,51522.8,9502.5
4622,34,51535.3,9483.61
4623,50,51557.8,9412.5
4624,106,51611.1,9328.06
4625,39,51543.9,9347.5
4626,122,51623.1,9356.39
4627,139,51639.4,9313.06
4628,199,51682.5,9297.5
4629,142,51640.3,9295.83
4630,53,51564.4,9390
4631,60,51571.9,9358.06
4632,43,51550,9466.67
4633,30,51530.3,9331.94
4634,21,51513.3,9305.56
4635,22,51513.6,9233.06
4636,237,51707.2,8854.17
4637,300,51760,8796.11
4638,254,51724.7,8862.5
4639,150,51646.7,8834.72
4640,138,51638.9,8839.72
4641,111,51615,8858.89
4642,98,51606.1,8853.61
4643,220,51693.6,8890
4644,219,51692.8,8860.56
4645,358,51792.5,8837.78
4646,344,51784.4,8874.44
4647,524,51868.1,8873.33
4648,411,51824.7,8807.78
4649,634,51901.9,8753.89
4650,545,51874.4,8737.78
4651,352,51789.4,8703.89
4652,298,51758.6,8709.44
4653,559,51877.8,8798.06
4654,631,51900.6,8793.06
4655,619,51900,8783.33
4656,815,51977.8,8835.83
4657,832,51983.3,8833.33
4658,859,51995.3,8890.56
4659,706,51932.2,8811.39
4660,831,51983.3,8766.67
4661,1257,52150,8800
4662,1090,52100,8750
4663,1335,52166.7,8783.33
4664,1110,52108.3,8731.39
4665,1188,52133.3,8733.33
4666,1195,52134.4,8639.44
4667,1543,52223.3,8581.94
4668,1073,52093.1,8550.83
4669,1082,52095.8,8588.89
4670,1097,52101.9,8601.94
4671,960,52050,8566.67
4672,968,52050.3,8597.5
4673,852,51992.8,8570.83
4674,1287,52155.6,8451.67
4675,1362,52173.3,8462.5
4676,1437,52194.7,8450.28
4677,1677,52261.9,8356.11
4678,1666,52259.2,8428.61
4679,1504,52211.4,8415.28
4680,1625,52246.1,8427.22
4681,1702,52268.1,8411.67
4682,1616,52243.1,8314.44
4683,1684,52264.7,8323.61
4684,1344,52168.3,8289.17
4685,1297,52157.5,8276.11
4686,1228,52142.5,8223.33
4687,1070,52092.8,8173.61
4688,937,52040.3,8167.78
4689,872,52004.7,8149.72
4690,881,52009.7,8201.67
4691,1027,52076.9,8281.94
4692,998,52066.7,8233.33
4693,863,51998.6,8245.83
4694,821,51981.1,8326.11
4695,869,52002.2,8315.28
4696,922,52033.1,8279.72
4697,1717,52272.2,8446.11
4698,1599,52240.8,8442.22
4699,1797,52291.7,8555.56
4700,1433,52193.1,8517.78
4701,1235,52145.8,8513.89
4702,1288,52155.6,8512.5
4703,1585,52236.7,8631.11
4704,1728,52275.3,8647.78
4705,1965,52350,8683.33
4706,1940,52338.3,8738.61
4707,1858,52311.1,8704.44
4708,1914,52331.7,8733.06
4709,1471,52202.5,8855.56
4710,1491,52208.1,8556.11
4711,1589,52239.2,8542.78
4712,1535,52220.3,8501.39
4713,1671,52260,8498.06
4714,1962,52347.8,8476.94
4715,1991,52355,8484.72
4716,1848,52308.6,8405.83
4717,1249,52149.4,8400.56
4718,1149,52120.6,8415.83
4719,1159,52125.3,8410
4720,1028,52077.5,8366.94
4721,1199,52135.8,8361.94
4722,1057,52086.9,8278.89
4723,1198,52135.8,8275.83
4724,1085,52097.5,8273.33
4725,1105,52105.3,8244.72
4726,1332,52166.7,8219.72
4727,1346,52169.4,8183.06
4728,1386,52179.7,8103.06
4729,1127,52113.6,8090.83
4730,1254,52150,8083.33
4731,971,52051.9,7885.28
4732,900,52017.8,7852.5
4733,870,52003.1,7819.44
4734,877,52008.1,7755.56
4735,978,52055.8,7715
4736,953,52048.6,7702.78
4737,997,52065,7698.61
4738,1081,52095.8,7717.5
4739,1217,52140.8,7714.17
4740,958,52049.7,7567.22
4741,1020,52072.8,7672.22
4742,1118,52111.1,7661.11
4743,1286,52155.6,7534.17
4744,1479,52204.7,7499.72
4745,1285,52155.3,7503.89
4746,1483,52205.8,7498.61
4747,1541,52222.2,7455.56
4748,1738,52278.3,7437.78
4749,1964,52349.2,7413.06
4750,2116,52399.2,7396.67
4751,2041,52373.3,7489.44
4752,2002,52360.3,7576.67
4753,2100,52393.6,7545.83
4754,2008,52362.2,7644.17
4755,1990,52355,7703.89
4756,1958,52347.2,7693.61
4757,1961,52347.8,7748.89
4758,1953,52345.6,7709.44
4759,2080,52386.4,7663.33
4760,2203,52430.8,7648.89
4761,1893,52321.4,7588.06
4762,1793,52290.6,7553.06
4763,1651,52254.4,7334.72
4764,1621,52243.9,7331.11
4765,1795,52291.7,7297.78
4766,1857,52311.1,7221.94
4767,1742,52278.6,7159.72
4768,1864,52315,7120.83
4769,1906,52326.7,7160
4770,2141,52406.1,7244.44
4771,2192,52425.6,7281.67
4772,2437,52519.7,7308.89
4773,2355,52490.6,7322.22
4774,2209,52433.3,7345
4775,2081,52386.7,7342.22
4776,1911,52330,7315.56
4777,1851,52309.4,7263.61
4778,1814,52300,7228.33
4779,1776,52286.4,7298.89
4780,1898,52323.3,7303.89
4781,1903,52325,7321.67
4782,1886,52319.4,7324.17
4783,1773,52285.3,7384.17
4784,1777,52286.7,7489.17
4785,1480,52204.7,7540.56
4786,1315,52162.5,7554.44
4787,910,52028.9,7585.83
4788,889,52013.9,7595
4789,848,51991.4,7635
4790,849,51991.7,7616.39
4791,878,52008.1,7774.17
4792,1059,52087.5,7753.33
4793,959,52050,7800
4794,957,52049.4,7753.33
4795,1265,52150.6,7720.83
4796,1681,52264.4,7744.72
4797,1421,52188.1,7657.5
4798,1448,52197.5,7678.61
4799,1381,52179.2,7737.78
4800,1660,52256.9,7806.94
4801,1737,52277.8,7834.17
4802,2297,52467.2,7691.11
4803,2330,52478.9,7676.39
4804,1988,52354.7,7650.56
4805,1759,52282.2,7618.33
4806,1423,52189.2,7469.17
4807,1631,52248.3,7397.5
4808,1780,52288.3,7320.56
4809,1789,52289.4,7248.33
4810,1561,52229.7,7260.83
4811,1226,52141.9,7046.39
4812,1372,52175.6,7006.11
4813,1361,52172.5,7026.39
4814,1200,52136.1,7038.33
4815,1268,52151.4,6986.11
4816,1516,52216.4,7065.83
4817,1537,52221.4,7231.94
4818,1443,52196.7,7179.17
4819,1392,52182.2,7300.83
4820,1219,52141.1,7186.94
4821,1747,52279.4,7035
4822,1595,52240.3,7015.28
4823,1295,52157.5,7053.89
4824,1245,52148.6,7065.28
4825,1352,52170,7039.72
4826,1977,52351.7,7025
4827,2264,52455.6,6956.94
4828,2483,52538.6,6948.06
4829,2599,52577.8,7026.94
4830,2693,52614.2,7030
4831,2540,52556.9,7098.06
4832,2255,52451.9,7016.67
4833,2191,52425.3,6915.56
4834,2187,52424.2,6928.33
4835,2493,52542.2,6858.06
4836,2800,52657.8,6899.72
4837,3015,52746.4,6935
4838,3193,52820,7005.83
4839,3337,52878.1,7022.22
4840,3317,52869.2,7157.5
4841,3415,52900.8,7109.44
4842,3498,52922.8,7173.06
4843,3677,52975.6,7158.61
4844,3719,52988.3,7154.17
4845,3586,52947.8,7188.89
4846,3452,52910,7178.89
4847,3095,52776.7,7214.17
4848,3108,52783.6,7112.22
4849,3171,52808.3,7133.61
4850,3074,52767.8,7068.33
4851,3099,52776.9,7083.33
4852,2931,52713.9,7088.06
4853,2972,52729.4,7126.94
4854,3010,52741.9,7120.56
4855,3016,52746.9,7126.11
4856,2879,52692.5,7105.28
4857,3151,52802.2,7109.44
4858,2895,52698.3,7199.17
4859,3162,52806.1,7210.56
4860,3229,52837.5,7173.06
4861,3293,52860,7166.94
4862,3389,52895.3,7121.67
4863,3454,52910.8,7101.94
4864,3421,52903.1,7118.61
4865,3376,52889.7,7044.17
4866,3425,52903.6,6984.72
4867,3336,52876.9,7010.83
4868,3346,52880.6,7073.33
4869,3397,52897.5,6983.06
4870,3242,52842.5,6787.78
4871,3244,52842.8,6763.89
4872,3032,52752.5,6703.89
4873,2776,52646.9,6736.11
4874,3184,52816.7,7075.56
4875,3155,52803.9,7353.61
4876,3283,52856.1,7364.44
4877,3374,52889.2,7235
4878,3726,52989.2,7377.5
4879,3861,53032.5,7377.78
4880,3734,52990.6,7416.67
4881,3835,53023.6,7334.17
4882,3514,52927.2,7388.06
4883,3405,52899.2,7357.5
4884,3529,52931.4,7345
4885,3792,53011.4,7297.22
4886,3177,52813.1,7122.78
4887,3268,52851.7,7092.78
4888,3261,52848.9,7071.94
4889,3230,52838.3,7026.39
4890,3249,52844.7,6971.67
4891,3248,52844.4,7003.06
4892,3256,52847.5,7043.06
4893,2844,52681.1,7022.22
4894,2816,52668.1,7046.11
4895,2621,52586.1,7023.33
4896,2582,52572.8,7086.39
4897,2485,52540.3,6954.72
4898,2422,52512.2,7030.83
4899,2193,52426.4,7006.11
4900,2254,52451.9,6978.89
4901,2072,52384.7,7000.83
4902,1896,52321.7,7002.78
4903,1948,52342.8,6974.44
4904,2117,52399.7,6947.78
4905,1878,52317.8,6966.11
4906,1901,52324.7,6885.56
4907,1828,52303.6,6875.28
4908,1799,52292.2,6807.78
4909,1735,52277.5,6856.67
4910,1652,52255.6,6870.83
4911,1587,52238.3,6880.56
4912,1688,52266.7,6799.44
4913,1623,52245.6,6812.5
4914,1928,52334.2,6839.44
4915,1855,52310.8,6750.56
4916,1825,52302.8,6736.67
4917,1512,52215.3,6766.11
4918,1408,52184.7,6559.17
4919,1763,52283.3,6482.5
4920,1743,52278.9,6572.78
4921,1954,52345.8,6613.89
4922,1905,52326.4,6640.56
4923,1656,52256.4,6631.94
4924,1979,52352.2,6640.28
4925,1939,52338.3,6653.33
4926,1879,52318.3,6605.28
4927,1744,52279.2,6691.11
4928,1849,52309.2,6716.94
4929,2145,52408.6,6700.83
4930,2234,52443.6,6673.89
4931,2271,52458.6,6682.78
4932,2384,52500.8,6557.78
4933,2818,52668.6,6497.78
4934,2926,52711.1,6470.28
4935,2839,52679.2,6391.67
4936,3174,52811.7,6491.94
4937,3203,52824.7,6568.89
4938,3321,52870,6495.56
4939,3112,52785.3,6580.56
4940,3093,52775.8,6627.5
4941,2811,52665,6594.17
4942,2867,52689.2,6491.94
4943,2823,52671.4,6475.83
4944,3052,52760.6,6445.83
4945,3049,52759.4,6460.28
4946,2918,52708.1,6494.44
4947,2815,52667.8,6433.89
4948,2804,52659.4,6381.39
4949,2594,52576.1,6365.83
4950,2765,52641.4,6341.39
4951,2796,52656.7,6423.89
4952,2956,52721.9,6349.44
4953,3082,52771.1,6466.67
4954,3017,52747.8,6499.72
4955,3033,52753.6,6526.11
4956,2854,52683.3,6604.72
4957,2650,52596.7,6824.72
4958,2859,52685,6778.33
4959,2842,52680.3,6853.33
4960,3019,52749.2,6874.72
4961,2930,52713.3,6847.78
4962,3011,52743.6,6878.06
4963,3225,52834.7,6958.33
4964,3523,52929.4,6999.17
4965,3605,52953.6,6986.39
4966,3570,52943.9,6981.11
4967,3652,52965.8,6993.89
4968,3137,52796.7,7038.06
4969,3037,52755.3,6956.39
4970,3041,52756.4,6972.78
4971,2902,52700.8,6921.67
4972,2885,52695,6894.17
4973,3026,52750.6,6909.72
4974,3048,52759.2,6850
4975,2850,52682.2,6931.67
4976,2662,52600,6917.5
4977,2730,52629.2,6909.17
4978,2782,52649.2,6927.22
4979,2838,52678.9,6832.22
4980,3060,52763.3,6780.56
4981,3341,52879.2,6815.56
4982,3403,52898.9,6726.11
4983,3594,52950,6802.78
4984,3391,52895.8,6881.67
4985,3462,52913.9,6822.78
4986,3676,52975.6,6815
4987,3649,52965.3,6723.06
4988,3740,52993.1,6800.28
4989,3653,52966.1,6812.22
4990,3828,53020.8,6751.11
4991,3856,53031.9,6713.06
4992,4354,53171.7,6772.5
4993,4584,53235,6883.06
4994,4662,53250.8,6818.06
4995,4739,53270,6848.33
4996,4600,53237.8,6838.61
4997,4232,53137.5,6646.94
4998,4014,53075.6,6673.89
4999,3958,53059.4,6824.44
5000,4011,53074.7,6833.61
5001,3519,52928.9,6714.72
5002,3656,52966.7,6733.33
5003,3796,53013.6,6701.11
5004,3667,52972.5,6611.67
5005,3817,53017.8,6668.89
5006,4408,53186.4,6644.44
5007,4489,53209.7,6645
5008,4211,53133.3,6616.67
5009,4067,53093.3,6608.06
5010,4015,53075.6,6735
5011,3610,52955,6702.5
5012,4289,53153.9,6409.72
5013,4458,53200.6,6463.06
5014,4583,53235,6524.72
5015,4939,53319.7,6480.28
5016,5015,53336.1,6515.28
5017,5208,53381.7,6623.61
5018,5506,53490,6798.61
5019,5387,53416.7,6810.28
5020,5161,53370.3,6833.61
5021,4953,53322.2,6818.61
5022,5009,53335,6838.61
5023,4814,53286.4,6827.78
5024,5395,53416.9,6790.28
5025,5482,53476.9,6736.39
5026,5362,53412.5,6700.56
5027,5150,53367.8,6621.11
5028,5155,53368.9,6509.44
5029,5101,53356.1,6554.44
5030,5083,53351.4,6600
5031,5464,53456.7,6631.67
5032,5201,53380,6664.17
5033,5074,53350,6668.61
5034,4916,53312.8,6557.78
5035,5052,53344.7,6527.78
5036,5085,53352.2,6526.94
5037,4878,53301.1,6502.22
5038,4946,53320.8,6459.44
5039,5363,53412.8,6305.28
5040,5345,53409.7,6368.06
5041,5126,53362.8,6365.56
5042,5068,53348.9,6346.67
5043,4844,53293.6,6311.94
5044,5181,53375.3,6330.56
5045,4914,53312.2,6268.33
5046,4942,53320.3,6263.33
5047,4961,53324.2,6328.61
5048,4849,53295.3,6308.89
5049,4973,53326.4,6294.72
5050,4369,53175.6,6470.56
5051,4888,53303.1,6396.67
5052,5358,53411.7,6444.17
5053,5295,53398.6,6259.72
5054,5459,53451.7,6307.78
5055,5414,53422.2,6267.22
5056,5443,53441.9,6263.06
5057,5300,53399.7,6125.83
5058,5284,53396.4,6228.06
5059,4963,53324.4,6397.22
5060,4797,53282.8,6270.83
5061,4789,53280.6,6316.39
5062,4910,53310,6247.22
5063,5003,53333.1,6248.89
5064,4874,53300.6,6282.78
5065,5004,53333.3,6283.33
5066,5065,53348.3,6309.17
5067,5245,53389.2,6296.94
5068,5440,53438.1,6295.56
5069,4471,53203.3,6199.44
5070,4529,53221.7,6213.61
5071,4722,53266.7,6174.17
5072,4761,53275.6,6199.72
5073,4610,53240,6221.67
5074,4673,53252.5,6213.61
5075,4848,53295,6237.22
5076,4300,53156.7,6204.17
5077,4125,53109.7,6164.17
5078,4122,53109.2,6106.67
5079,4096,53102.8,6065
5080,4199,53128.3,6075
5081,4023,53080.6,6067.22
5082,4147,53116.4,6069.17
5083,3550,52938.1,6038.61
5084,3234,52840,6100.28
5085,3732,52990.6,6085.28
5086,3784,53008.3,6111.39
5087,3937,53052.2,6084.72
5088,3765,53001.1,6085
5089,3627,52959.4,6098.89
5090,3681,52976.7,6116.94
5091,3989,53068.3,6065.83
5092,4246,53140.8,6063.06
5093,4288,53153.3,6080.83
5094,4166,53119.4,6148.61
5095,4565,53231.9,6191.11
5096,4440,53194.7,6306.11
5097,4454,53200,6583.33
5098,4926,53315.6,6634.72
5099,4869,53299.7,6619.44
5100,4648,53248.6,6780.83
5101,4392,53181.9,6796.67
5102,4411,53186.7,6636.11
5103,4533,53222.8,6644.44
5104,4510,53215.8,6666.94
5105,4864,53298.1,6747.22
5106,4773,53277.5,6563.89
5107,4964,53324.4,6563.33
5108,4799,53282.8,6598.06
5109,5417,53423.1,6574.72
5110,5530,53512.2,6618.61
5111,5502,53485.3,6611.39
5112,5290,53396.9,6681.94
5113,4800,53283.3,6601.11
5114,4788,53280.3,6444.44
5115,4932,53317.2,6507.5
5116,5108,53359.2,6438.89
5117,5174,53373.9,6432.22
5118,5307,53400.6,6434.44
5119,5296,53398.6,6400.56
5120,5308,53400.8,6329.17
5121,5423,53433.1,6333.33
5122,5211,53382.5,6174.44
5123,5589,53554.2,6209.17
5124,5762,53681.9,6239.17
5125,5803,53713.3,6279.17
5126,5837,53740.6,6267.5
5127,5866,53761.1,6307.5
5128,5859,53751.1,6314.44
5129,5781,53695.6,6308.89
5130,5799,53709.2,6292.78
5131,5821,53731.1,6259.17
5132,5836,53738.6,6279.44
5133,5701,53629.2,6320.28
5134,5532,53512.8,6245.28
5135,5551,53525.3,6262.5
5136,5643,53590,6224.17
5137,5462,53454.7,6278.06
5138,5176,53374.4,6405.56
5139,5078,53350.6,6438.06
5140,5319,53403.9,6502.5
5141,5302,53400,6466.67
5142,5021,53338.6,6543.61
5143,5314,53402.2,6670.83
5144,5338,53408.3,6662.78
5145,5182,53375.3,6710.28
5146,4811,53285.3,6750
5147,4618,53240.8,6818.89
5148,4547,53226.1,6808.89
5149,4502,53213.3,6708.61
5150,4304,53157.2,6766.94
5151,4511,53216.7,6902.78
5152,4779,53278.6,6890.56
5153,5420,53428.6,6918.89
5154,4940,53319.7,6857.22
5155,4526,53221.4,6995
5156,5013,53335.6,7071.94
5157,4894,53305.3,7041.11
5158,4571,53232.8,6998.33
5159,4515,53217.2,7002.22
5160,5343,53409.4,7041.11
5161,5529,53511.9,7142.5
5162,5524,53505,7146.94
5163,5535,53516.7,7083.33
5164,5575,53547.8,7066.11
5165,5356,53411.4,7041.94
5166,5071,53349.4,7080.28
5167,5405,53420,7133.61
5168,5486,53478.6,7167.78
5169,5546,53522.5,7092.5
5170,5703,53633.3,7162.5
5171,5760,53676.9,7223.61
5172,5806,53716.7,7333.33
5173,5823,53733.3,7316.67
5174,5889,53783.3,7400
5175,6035,53883.3,7283.33
5176,6171,53946.1,7186.39
5177,6684,54067.5,7190.83
5178,6919,54121.7,7194.17
5179,6874,54111.4,7217.22
5180,6845,54105.3,7208.61
5181,6082,53901.9,7176.94
5182,5963,53841.9,7212.5
5183,6004,53865.3,7202.78
5184,6387,53996.7,7295.56
5185,6595,54041.7,7249.17
5186,6704,54071.7,7221.94
5187,6819,54100,7316.67
5188,6880,54114.2,7287.78
5189,6488,54019.2,7229.44
5190,6324,53983.3,7233.33
5191,6432,54006.7,7223.61
5192,6285,53972.8,7300.28
5193,6100,53916.7,7333.33
5194,5929,53816.7,7250
5195,6099,53916.7,7266.67
5196,6201,53951.7,7332.5
5197,6242,53961.9,7301.67
5198,6361,53990.8,7360.56
5199,6729,54078.3,7309.44
5200,6563,54035,7238.61
5201,6630,54050.3,7235.28
5202,6828,54101.1,7175.83
5203,6770,54087.5,7195.56
5204,6601,54043.6,7108.06
5205,6741,54080.6,7097.5
5206,6964,54135.8,7182.78
5207,6556,54033.3,6983.33
5208,6692,54069.7,6948.06
5209,6806,54095.6,6911.67
5210,7063,54173.9,6912.78
5211,6953,54132.5,7075.83
5212,6910,54120.8,7058.89
5213,7122,54192.5,7076.94
5214,7103,54185.6,7164.17
5215,7127,54193.6,7032.5
5216,7303,54262.5,7113.33
5217,7096,54184.2,7142.22
5218,7123,54192.5,7142.78
5219,7179,54211.7,7210.28
5220,7339,54275.8,7131.67
5221,7281,54253.3,7125.28
5222,7142,54200,7116.67
5223,7320,54266.9,7018.89
5224,7429,54325.6,7038.61
5225,7236,54235.8,6987.78
5226,7336,54273.3,7025.83
5227,7885,54943.1,7571.94
5228,7843,54895.8,7527.5
5229,7865,54926.7,7487.5
5230,7963,55023.3,7476.11
5231,7959,55021.4,7404.44
5232,7870,54933.3,7450
5233,7902,54955.3,7486.94
5234,7777,54818.6,7512.5
5235,7758,54801.4,7624.17
5236,7784,54826.4,7663.61
5237,7876,54936.9,7593.61
5238,7907,54963.6,7576.11
5239,7858,54919.7,7562.78
5240,7910,54968.1,7475.28
5241,7941,54992.2,7479.17
5242,7946,54996.7,7460.83
5243,8087,55148.3,7331.94
5244,7997,55058.9,7348.89
5245,7967,55030.3,7388.61
5246,7942,54994.4,7431.11
5247,7976,55039.4,7428.33
5248,8024,55088.6,7474.17
5249,8015,55076.9,7488.61
5250,8102,55160.6,7471.94
5251,8132,55188.3,7418.89
5252,8173,55238.1,7383.06
5253,8223,55293.1,7336.11
5254,8227,55301.4,7337.78
5255,8213,55278.3,7344.17
5256,8238,55333.6,7182.5
5257,8116,55174.7,7237.22
5258,8219,55285.3,7212.5
5259,8189,55250.6,7149.72
5260,8185,55250,7066.67
5261,8205,55267.5,7081.67
5262,8149,55203.1,7053.33
5263,8107,55166.7,7100
5264,8089,55150,7116.67
5265,8069,55135.8,7227.5
5266,8036,55107.2,7252.22
5267,8085,55145.8,7287.22
5268,8242,55349.4,7345
5269,8243,55350,7333.33
5270,8240,55345,7314.44
5271,8214,55279.2,7314.44
5272,8237,55332.8,7299.44
5273,8232,55316.1,7297.78
5274,8230,55311.7,7311.67
5275,8245,55369.2,7337.5
5276,8220,55285.3,7369.17
5277,8160,55223.3,7274.44
5278,8062,55133.3,7200
5279,8042,55116.7,7200
5280,8061,55133.3,7166.67
5281,8075,55141.4,7187.5
5282,8207,55269.2,7173.33
5283,8217,55283.3,7166.67
5284,8221,55288.9,7220.28
5285,8216,55283.1,7226.94
5286,8187,55250,7200
5287,8197,55261.7,7198.33
5288,8212,55278.3,7236.94
5289,8234,55316.7,7183.33
5290,8226,55301.1,7317.78
5291,8162,55223.9,7148.61
5292,8108,55166.7,7166.67
5293,8080,55143.9,7166.39
5294,8225,55300,7266.67
5295,8229,55310,7339.72
5296,8236,55329.2,7309.72
5297,8239,55336.4,7285.28
5298,8176,55241.7,7229.17
5299,8233,55316.7,7166.67
5300,8235,55316.7,7200.28
5301,8167,55233.1,7276.39
5302,8122,55183.3,7050
5303,8180,55248.6,7085.83
5304,8198,55262.8,7133.89
5305,8224,55300,7150
5306,8171,55233.9,7154.44
5307,8228,55306.7,7163.89
5308,8188,55250,7266.67
5309,8148,55202.8,7281.67
5310,8194,55258.3,7358.89
5311,8210,55276.9,7424.44
5312,8182,55249.2,7434.72
5313,8011,55074.2,7597.22
5314,8161,55223.6,7623.06
5315,8137,55196.9,7725.28
5316,8178,55245,7742.5
5317,8174,55240,7737.78
5318,8068,55134.7,7702.22
5319,8037,55110,7660.28
5320,8023,55088.1,7698.89
5321,7974,55035.3,7721.67
5322,7957,55018.1,7796.39
5323,7951,55003.6,7804.72
5324,7895,54950,7733.33
5325,7884,54941.9,7741.11
5326,7879,54938.1,7667.5
5327,7845,54905.6,7666.11
5328,8033,55101.4,7672.78
5329,7994,55054.7,7638.06
5330,8002,55060.6,7520.28
5331,7999,55059.4,7492.78
5332,7973,55034.2,7588.33
5333,7975,55037.8,7506.94
5334,7940,54991.9,7541.94
5335,7929,54981.4,7561.11
5336,7922,54976.7,7526.94
5337,7855,54914.4,7611.11
5338,7832,54874.7,7598.33
5339,7834,54882.2,7670.83
5340,7738,54792.5,7806.11
5341,7768,54814.7,7828.33
5342,7813,54857.2,7632.5
5343,7856,54914.7,7656.67
5344,7841,54888.9,7751.11
5345,7780,54822.5,7698.33
5346,7811,54854.4,7685.83
5347,7773,54816.1,7647.5
5348,7790,54833.3,7633.33
5349,7806,54849.7,7643.33
5350,7725,54779.2,7588.61
5351,7707,54760.6,7601.11
5352,7712,54766.7,7583.33
5353,7888,54946.1,7620.28
5354,7875,54936.9,7534.72
5355,7857,54915.6,7553.06
5356,7835,54882.8,7550.28
5357,7814,54858.1,7523.89
5358,7840,54888.6,7517.5
5359,7826,54868.9,7516.67
5360,7805,54849.2,7500.28
5361,7802,54844.2,7525.83
5362,7787,54831.9,7483.61
5363,7815,54860.8,7472.78
5364,7837,54883.3,7466.67
5365,7386,54296.4,7013.89
5366,7349,54281.4,7001.11
5367,7445,54339.2,7009.17
5368,7453,54355.6,7005.56
5369,7489,54400.6,6975.56
5370,7321,54266.9,7034.17
5371,7240,54237.8,7028.06
5372,7268,54250,6966.67
5373,7292,54259.2,7008.33
5374,7064,54174.2,7058.06
5375,7135,54196.7,7096.67
5376,6891,54116.7,7123.89
5377,7077,54179.7,7125.83
5378,7062,54173.3,7151.11
5379,6997,54149.7,7089.44
5380,7188,54214.7,7159.44
5381,7004,54151.9,7188.33
5382,7205,54223.3,7090.83
5383,7359,54285,7162.78
5384,7377,54292.8,7095.83
5385,7406,54308.3,7113.61
5386,7345,54277.5,7065
5387,7486,54399.4,7039.44
5388,7467,54373.9,7023.61
5389,7480,54388.1,6984.17
5390,7249,54240.3,6986.94
5391,7375,54291.7,7116.67
5392,7402,54305.6,7079.72
5393,7493,54408.9,7050
5394,7455,54356.9,7027.78
5395,7399,54304.2,6986.94
5396,7427,54322.5,7007.22
5397,7342,54277.2,6908.61
5398,7438,54333.3,7050
5399,7454,54355.6,7060.83
5400,7478,54386.4,7036.39
5401,7483,54391.7,7049.72
5402,7463,54366.7,6966.67
5403,7204,54222.8,7052.78
5404,6968,54137.2,7026.67
5405,6890,54116.7,7016.67
5406,7079,54180.6,7023.61
5407,7057,54171.7,7067.22
5408,6929,54124.2,7131.94
5409,6883,54114.4,7163.89
5410,6703,54071.7,7163.06
5411,6616,54048.3,7144.72
5412,6665,54064.2,7330.56
5413,6618,54048.9,7422.22
5414,6787,54091.1,7435
5415,6781,54089.7,7619.17
5416,6502,54022.2,7543.06
5417,6766,54085,7532.78
5418,6268,53968.6,7673.89
5419,6547,54031.1,7626.39
5420,7074,54178.9,7666.11
5421,6945,54130,7737.5
5422,6649,54058.3,7681.94
5423,6903,54118.9,7631.11
5424,6869,54109.7,7501.39
5425,6925,54122.8,7477.5
5426,6637,54053.1,7507.22
5427,6325,53983.3,7500
5428,6749,54082.8,7442.5
5429,6830,54101.4,7392.5
5430,6920,54121.7,7410.28
5431,6817,54099.4,7365
5432,6921,54121.9,7247.5
5433,6981,54143.3,7212.78
5434,7191,54215.6,7112.22
5435,6640,54055.3,7125
5436,6434,54006.9,7125.83
5437,6337,53985.8,7138.89
5438,6544,54029.7,7146.94
5439,6306,53979.7,7191.11
5440,6307,53980,7108.61
5441,6464,54013.1,7120
5442,6664,54063.9,7148.61
5443,6836,54102.8,7141.11
5444,6423,54005,7037.5
5445,6221,53957.2,7058.89
5446,6365,53991.4,7079.44
5447,6553,54033.1,7110.28
5448,6543,54029.7,7022.5
5449,6026,53875.6,6920.28
5450,6097,53916.7,6966.67
5451,6323,53983.3,6966.67
5452,6581,54039.2,6925.56
5453,6316,53981.9,6913.06
5454,6656,54061.4,6893.06
5455,6493,54020.6,6964.44
5456,6382,53995.3,6966.11
5457,6914,54121.1,6975.28
5458,7034,54163.9,6898.33
5459,7220,54230.8,6914.44
5460,7459,54363.1,6920.28
5461,7465,54369.4,6908.06
5462,7447,54340.6,6959.17
5463,7316,54266.7,6916.67
5464,7397,54303.9,6881.67
5465,7414,54312.5,6924.17
5466,7089,54182.5,6700.28
5467,6889,54116.7,6733.33
5468,6467,54014.4,6843.61
5469,6734,54079.7,6849.17
5470,6809,54096.1,6786.11
5471,6647,54057.2,6818.33
5472,6447,54010.3,6820.28
5473,6471,54016.1,6742.78
5474,6322,53983.3,6766.67
5475,6198,53951.1,6777.22
5476,6089,53908.1,6805.56
5477,6386,53996.1,6836.94
5478,6606,54045.3,6773.61
5479,6629,54050.3,6850.56
5480,6678,54066.9,6842.78
5481,6938,54126.4,6821.94
5482,6754,54083.3,6800
5483,6662,54063.3,6748.33
5484,6838,54103.6,6803.06
5485,6966,54136.4,6829.72
5486,7102,54185.6,6903.61
5487,7138,54198.3,6887.5
5488,7104,54186.1,6845.28
5489,6993,54148.6,6845
5490,6984,54145.3,6991.94
5491,6988,54146.4,7009.72
5492,7020,54158.6,7031.67
5493,7168,54206.7,7083.89
5494,7166,54205.8,7056.94
5495,6930,54124.7,7003.33
5496,6835,54102.8,6895
5497,6908,54120,6930.83
5498,6748,54082.5,6956.11
5499,6499,54021.4,7043.61
5500,6495,54020.8,7013.89
5501,6481,54018.1,7086.39
5502,6632,54050.8,7071.67
5503,6132,53933.3,7130.28
5504,6152,53942.5,7035.56
5505,6305,53979.4,7046.11
5506,6156,53943.1,7075
5507,6223,53957.8,7174.72
5508,6168,53945.6,7255.28
5509,6531,54028.1,7331.67
5510,6623,54050,7316.67
5511,6698,54070.6,7406.11
5512,6357,53988.9,7427.5
5513,6653,54059.4,7369.17
5514,6614,54048.1,7405
5515,6568,54036.9,7353.06
5516,6570,54037.5,7315
5517,6813,54098.1,7252.22
5518,6807,54095.6,7219.72
5519,7092,54183.3,7233.33
5520,6987,54146.1,7250.56
5521,6911,54120.8,7161.11
5522,6567,54036.9,7057.5
5523,6189,53950,7116.67
5524,6060,53898.9,7086.39
5525,6154,53942.8,7130.28
5526,6557,54033.3,7226.67
5527,6347,53987.2,7050
5528,6408,54000.3,6956.67
5529,6342,53986.4,6995.56
5530,6373,53993.1,7024.72
5531,6289,53974.2,6926.67
5532,6286,53973.1,6953.61
5533,6155,53943.1,7014.17
5534,6098,53916.7,7000
5535,5960,53833.9,7075.56
5536,5972,53850,7083.33
5537,6034,53883.3,7050
5538,5938,53817.8,7134.72
5539,6237,53961.1,7212.22
5540,6273,53969.7,7242.5
5541,6732,54079.2,7261.39
5542,7115,54191.4,7224.72
5543,7237,54235.8,7139.17
5544,7150,54202.2,7101.94
5545,7382,54294.4,6931.11
5546,7444,54338.6,6874.44
5547,7363,54286.7,6966.39
5548,7458,54359.2,6966.94
5549,7291,54258.6,6893.33
5550,7273,54250.6,6860.83
5551,7215,54228.1,6824.72
5552,7019,54158.3,6638.89
5553,6907,54120,6672.22
5554,6989,54146.9,6663.33
5555,6882,54114.4,6675
5556,6947,54130.6,6661.39
5557,6783,54090.3,6761.11
5558,6849,54105.8,6733.33
5559,6937,54126.1,6900.56
5560,7016,54157.8,6983.33
5561,7261,54245.6,6899.17
5562,6939,54126.7,6941.94
5563,6962,54135.3,6869.44
5564,6942,54127.8,6788.06
5565,6904,54119.2,6860
5566,7182,54212.2,6905.28
5567,7426,54320.6,6961.11
5568,7431,54326.7,6915.83
5569,7327,54270,6871.94
5570,7073,54178.9,6867.22
5571,6994,54148.6,6925.28
5572,7085,54181.4,6954.72
5573,7163,54205.6,6937.5
5574,7369,54289.2,6934.72
5575,7241,54238.1,6883.89
5576,7267,54250,6900
5577,7111,54190,6988.89
5578,6963,54135.8,6911.11
5579,7012,54156.7,6959.72
5580,7095,54183.9,6960.28
5581,7328,54270.3,6889.72
5582,7158,54203.6,6838.33
5583,7353,54283.3,6920
5584,6926,54123.1,7030.56
5585,6605,54045,7012.5
5586,6774,54088.6,7000
5587,6800,54093.1,6960
5588,6738,54080.3,7008.33
5589,6648,54057.5,7025.56
5590,6700,54070.8,7040.56
5591,6986,54145.8,7109.17
5592,7010,54156.4,7135
5593,7143,54200,7166.67
5594,6912,54120.8,7233.33
5595,6978,54141.9,7193.61
5596,6941,54127.2,7146.94
5597,6709,54072.5,7081.94
5598,6309,53980.3,7159.17
5599,6443,54009.2,7200.83
5600,6374,53993.3,7215.83
5601,6598,54042.8,7376.39
5602,6536,54028.3,7366.39
5603,6257,53966.4,7383.33
5604,6351,53988.1,7386.67
5605,6036,53883.3,7400
5606,6252,53964.7,7268.89
5607,6507,54023.6,7305.28
5608,6814,54098.6,7290.56
5609,6349,53987.8,7279.72
5610,6173,53946.4,7485.56
5611,6207,53952.8,7433.33
5612,6174,53946.9,7517.5
5613,6265,53967.8,7419.44
5614,6388,53997.2,7456.94
5615,6133,53933.3,7416.67
5616,6350,53987.8,7442.22
5617,6412,54001.1,7438.89
5618,6315,53981.7,7438.06
5619,7009,54155.6,7316.67
5620,6878,54112.8,7253.06
5621,6973,54139.2,7314.44
5622,6765,54085,7278.06
5623,7001,54150.3,7420.28
5624,6798,54092.8,7537.5
5625,6699,54070.6,7600.28
5626,6771,54087.5,7589.72
5627,6892,54116.7,7583.33
5628,6669,54065,7477.5
5629,6474,54016.7,7616.67
5630,6527,54027.5,7588.89
5631,6313,53980.6,7698.06
5632,6037,53883.3,7716.67
5633,6038,53883.3,7766.67
5634,6232,53960.3,7724.44
5635,6364,53991.1,7830.56
5636,6310,53980.3,7857.22
5637,6345,53986.7,7808.06
5638,6178,53948.1,7844.17
5639,6240,53961.4,7936.67
5640,6176,53947.5,7900.83
5641,6137,53933.3,8000
5642,6254,53965.3,7990
5643,6370,53992.8,7946.94
5644,6338,53985.8,7953.61
5645,6533,54028.1,7972.22
5646,6459,54012.2,8017.78
5647,6334,53985.6,8003.89
5648,6308,53980,8036.11
5649,6215,53954.7,8091.67
5650,6138,53933.3,8033.33
5651,6823,54100,8200
5652,6927,54123.3,8247.78
5653,6318,53982.5,8153.61
5654,6602,54043.6,8107.22
5655,6378,53994.2,8031.94
5656,6506,54023.3,7996.94
5657,6331,53984.2,7911.67
5658,6641,54055.6,7920
5659,6291,53974.7,7937.78
5660,6521,54026.7,7884.72
5661,6243,53961.9,7869.72
5662,6251,53964.4,8050.28
5663,6619,54049.4,8134.44
5664,6744,54080.6,8307.22
5665,6663,54063.6,8255.83
5666,6711,54072.8,8247.22
5667,6824,54100,8250
5668,7217,54230,8207.5
5669,7116,54191.4,8261.11
5670,7313,54266.4,8322.5
5671,7371,54289.4,8280.83
5672,7250,54240.3,8272.5
5673,7033,54163.6,8310.56
5674,6791,54091.4,8352.78
5675,7243,54239.2,8423.61
5676,7475,54384.7,8323.33
5677,7383,54295,8020.56
5678,7357,54284.7,7964.44
5679,7257,54244.4,7970.56
5680,7347,54280,8018.33
5681,7365,54286.9,7987.22
5682,7294,54259.7,7926.67
5683,7263,54246.1,7925.56
5684,7367,54288.6,8081.94
5685,7354,54283.3,8130.83
5686,7193,54216.7,8001.94
5687,7114,54191.1,8015
5688,7156,54203.1,8084.44
5689,6928,54123.9,8017.5
5690,7169,54206.7,8044.44
5691,7338,54275.6,7981.67
5692,7449,54348.3,8087.22
5693,7468,54374.4,8115.28
5694,7433,54327.8,8195.56
5695,7419,54314.7,8196.39
5696,7404,54306.4,8176.11
5697,7430,54325.8,8313.89
5698,7494,54411.1,8319.44
5699,7517,54466.7,8283.33
5700,7519,54473.3,8234.17
5701,7524,54486.1,8214.72
5702,7443,54337.8,8226.67
5703,7456,54357.2,8244.72
5704,7484,54391.9,8163.61
5705,7525,54500,8183.33
5706,7527,54514.7,8222.5
5707,7530,54525.3,8234.17
5708,7566,54610.3,8108.33
5709,7601,54642.8,8090.28
5710,7572,54616.7,8100
5711,7702,54753.6,7834.44
5712,7714,54766.7,7816.67
5713,7754,54800,7766.67
5714,7718,54770.8,7771.11
5715,7786,54828.3,7787.22
5716,7761,54805,7643.33
5717,7713,54766.7,7683.33
5718,7782,54823.3,7577.22
5719,7729,54781.1,7610.28
5720,7781,54823.1,7631.11
5721,7808,54850.3,7598.06
5722,7801,54843.9,7576.11
5723,7720,54772.8,7564.44
5724,7770,54815.3,7549.72
5725,7742,54794.2,7551.94
5726,7849,54910.3,7574.72
5727,7878,54937.8,7551.11
5728,7931,54983.9,7527.22
5729,7891,54948.9,7466.67
5730,7853,54913.1,7464.44
5731,7836,54883.3,7450
5732,7909,54966.7,7416.67
5733,7893,54950,7433.33
5734,7839,54888.1,7494.44
5735,7928,54980.3,7533.89
5736,7903,54956.4,7501.39
5737,7906,54960.3,7472.78
5738,7911,54968.9,7441.39
5739,7988,55050.8,7386.67
5740,8104,55163.6,7403.61
5741,8027,55093.3,7435.28
5742,8041,55116.1,7451.11
5743,8083,55145.6,7425.56
5744,8049,55117.5,7397.78
5745,7925,54978.9,7444.44
5746,7954,55016.1,7470.56
5747,7948,54999.2,7484.44
5748,8009,55073.1,7482.78
5749,7978,55040.8,7382.22
5750,7986,55050,7400
5751,8001,55060.3,7385
5752,8017,55079.7,7277.5
5753,8005,55066.7,7266.67
5754,8016,55078.1,7306.11
5755,7991,55054.4,7313.33
5756,8004,55064.7,7321.11
5757,8021,55085.6,7247.78
5758,8025,55091.9,7238.61
5759,8142,55200,6983.33
5760,8159,55216.7,6933.33
5761,8184,55250,7005.56
5762,8168,55233.3,6983.33
5763,8152,55207.2,6986.11
5764,8204,55267.5,7054.17
5765,8192,55256.4,7025.56
5766,8169,55233.3,7083.33
5767,8170,55233.3,7150
5768,8186,55250,7150
5769,8117,55176.1,7164.17
5770,8092,55150.6,7202.5
5771,8038,55113.6,7212.5
5772,8181,55248.6,7370.56
5773,8136,55196.4,7396.94
5774,8135,55195.6,7254.44
5775,8154,55210.3,7258.89
5776,8222,55292.8,7310.56
5777,8244,55357.5,7311.67
5778,8231,55314.7,7276.67
5779,8241,55347.2,7306.39
5780,8246,55376.9,7370.56
5781,8209,55274.2,7317.22
5782,8202,55266.7,7416.67
5783,8200,55265,7428.61
5784,8109,55166.7,7321.94
5785,8155,55211.4,7393.89
5786,8165,55232.5,7403.33
5787,8218,55283.3,7400
5788,8179,55246.4,7407.78
5789,8157,55214.4,7412.22
5790,8166,55232.8,7456.67
5791,8211,55278.1,7464.44
5792,8199,55263.9,7487.22
5793,8215,55280.8,7499.17
5794,8175,55240.6,7516.11
5795,8113,55173.1,7580.83
5796,8144,55200,7616.67
5797,8099,55159.7,7662.5
5798,8125,55183.3,7750
5799,8130,55186.1,7732.78
5800,8111,55172.2,7736.67
5801,8095,55154.7,7751.11
5802,8126,55183.3,7766.67
5803,8057,55129.2,7716.67
5804,8091,55150,7716.67
5805,8134,55194.7,7742.78
5806,7952,55010.8,7723.06
5807,7985,55049.2,7816.39
5808,8054,55125.6,7811.39
5809,8076,55141.9,7980.83
5810,8164,55225.8,7851.39
5811,8158,55214.7,7814.72
5812,8141,55199.2,7830
5813,8070,55138.6,7833.61
5814,8044,55116.7,7900
5815,7970,55031.7,7882.78
5816,7983,55048.6,7873.61
5817,8008,55070.8,7686.11
5818,7971,55033.3,7633.33
5819,7995,55055,7706.11
5820,7981,55044.2,7656.67
5821,7897,54951.1,7663.61
5822,7984,55049.2,7670.56
5823,7989,55050.8,7742.22
5824,8010,55073.1,7671.67
5825,8052,55123.3,7588.33
5826,7917,54971.4,7416.39
5827,7993,55054.7,7461.67
5828,7977,55039.7,7485.83
5829,7992,55054.4,7496.11
5830,8028,55093.9,7540.28
5831,7990,55051.9,7598.06
5832,8003,55064.4,7429.17
5833,7958,55019.2,7592.78
5834,8013,55076.1,7613.89
5835,7937,54990.6,7586.94
5836,7960,55021.7,7683.33
5837,7889,54946.1,7669.44
5838,7935,54990,7683.89
5839,7901,54955,7725.56
5840,7979,55042.8,7738.33
5841,7850,54910.6,7770.56
5842,7859,54920.3,7782.22
5843,7908,54965.8,7871.11
5844,7900,54953.1,7848.61
5845,7880,54938.1,7901.67
5846,7919,54975,7937.78
5847,7778,54818.6,7870.83
5848,7749,54796.7,7885.28
5849,7705,54758.9,7750.56
5850,7731,54785.6,7630.83
5851,7736,54790.8,7657.5
5852,7721,54774.4,7653.89
5853,7717,54768.9,7660.28
5854,7726,54779.7,7672.5
5855,7752,54800,7583.33
5856,7733,54786.1,7558.33
5857,7744,54794.7,7591.39
5858,7711,54765,7591.39
5859,7803,54848.1,7619.72
5860,7747,54796.7,7611.39
5861,7748,54796.7,7642.22
5862,7751,54799.4,7642.78
5863,7762,54805.3,7676.39
5864,7732,54785.8,7690.56
5865,7753,54800,7683.33
5866,7756,54800,7812.5
5867,7755,54800,7783.33
5868,7684,54729.7,7788.33
5869,7688,54733.9,7745.56
5870,7699,54751.9,7649.44
5871,7691,54738.6,7709.44
5872,7701,54753.3,7688.61
5873,7763,54806.4,7722.5
5874,7830,54872.8,7768.06
5875,7824,54866.9,7767.5
5876,7812,54856.7,7762.22
5877,7866,54929.2,7807.22
5878,7873,54933.9,7808.61
5879,7943,54995.8,7772.22
5880,7920,54975.6,7773.89
5881,7945,54996.4,7730
5882,7838,54886.9,7675.28
5883,7966,55029.2,7686.67
5884,7916,54970.6,7706.39
5885,7861,54921.4,7741.94
5886,7969,55030.8,7779.17
5887,8121,55182.2,7692.78
5888,8163,55223.9,7699.72
5889,8183,55249.7,7664.44
5890,8191,55250.8,7624.44
5891,8129,55184.7,7623.61
5892,8145,55200,7683.33
5893,8081,55143.9,7696.39
5894,8007,55070.8,7529.72
5895,7953,55015.6,7537.5
5896,8006,55070.3,7480.56
5897,7927,54979.4,7412.5
5898,7863,54922.5,7471.11
5899,7887,54945.8,7591.94
5900,7871,54933.3,7616.67
5901,7894,54950,7616.67
5902,7874,54935.8,7626.39
5903,7899,54951.7,7637.22
5904,7860,54920.6,7696.39
5905,7854,54913.3,7683.06
5906,7847,54907.2,7791.94
5907,7822,54866.7,7733.33
5908,7767,54812.5,7773.06
5909,7741,54793.1,7714.17
5910,7904,54958.9,7569.17
5911,7912,54969.4,7530.28
5912,7944,54996.4,7519.17
5913,7913,54969.4,7612.5
5914,7882,54941.1,7640.56
5915,8065,55133.3,7650
5916,8014,55076.1,7638.89
5917,7864,54925,7609.72
5918,7883,54941.9,7694.17
5919,7825,54867.5,7810.56
5920,7930,54983.3,7866.67
5921,7821,54866.7,7716.67
5922,7816,54860.8,7665.56
5923,7793,54834.7,7745.28
5924,7746,54795.6,7772.78
5925,7818,54865.6,7731.67
5926,7809,54851.4,7777.78
5927,7869,54931.4,7949.44
5928,7682,54729.4,8046.11
5929,7678,54724.7,8040.83
5930,7628,54669.4,8145.56
5931,7624,54664.7,8130.56
5932,7648,54688.6,8278.61
5933,7591,54634.7,8270.83
5934,7647,54688.1,8239.44
5935,7643,54683.3,8333.33
5936,7636,54675.6,8293.61
5937,7603,54644.4,8255.56
5938,7638,54678.1,8104.72
5939,7580,54626.1,8118.89
5940,7615,54653.9,8138.06
5941,7600,54641.7,8144.17
5942,7616,54656.4,8183.06
5943,7642,54682.2,8171.67
5944,7674,54720,8212.5
5945,7657,54697.2,8155.28
5946,7653,54691.9,7994.72
5947,7590,54634.7,8059.17
5948,7676,54720.3,8124.17
5949,7541,54555.3,8006.39
5950,7552,54576.1,7963.89
5951,7543,54557.2,7896.67
5952,7553,54576.9,8119.72
5953,7610,54650,8116.67
5954,7551,54575.8,8135
5955,7558,54589.2,8162.78
5956,7602,54643.9,8063.61
5957,7607,54647.5,7997.78
5958,7685,54732.2,7937.78
5959,7771,54815.8,7956.94
5960,7799,54842.5,7933.61
5961,7829,54870.8,7947.5
5962,7914,54969.4,7958.33
5963,7844,54900,8038.33
5964,7819,54865.6,8008.61
5965,7785,54827.5,7947.78
5966,7667,54707.5,8026.67
5967,7652,54691.1,8019.44
5968,7605,54645.8,8030.56
5969,7644,54685.3,8070.83
5970,7630,54671.1,8035.83
5971,7621,54659.4,8049.17
5972,7618,54656.7,8019.17
5973,7637,54677.5,8091.11
5974,7743,54794.4,7996.39
5975,7810,54854.2,8030.83
5976,7827,54869.2,8055.56
5977,7794,54836.4,8071.39
5978,7775,54817.8,8185.28
5979,7584,54631.9,8078.89
5980,7548,54570.8,8113.06
5981,7542,54556.1,8139.17
5982,7569,54613.6,8085.28
5983,7560,54594.2,8111.94
5984,7570,54614.7,8124.72
5985,7556,54585.3,8139.44
5986,7597,54640.8,8388.89
5987,7593,54636.4,8383.33
5988,7563,54604.2,8379.17
5989,7529,54523.1,8255.83
5990,7571,54615.8,8277.78
5991,7565,54609.2,8292.78
5992,7608,54647.8,8304.17
5993,7594,54640,8306.94
5994,7619,54656.7,8305.28
5995,7612,54651.9,8283.33
5996,7760,54804.2,8380.56
5997,7703,54756.1,8389.72
5998,7791,54833.3,8350
5999,7772,54815.8,8406.67
6000,7724,54776.4,8410
6001,7734,54786.7,8443.06
6002,7581,54628.3,8611.11
6003,7639,54680.3,8626.94
6004,7672,54719.4,8663.89
6005,7635,54673.6,8689.17
6006,7589,54634.2,8623.61
6007,7599,54641.4,8596.39
6008,7604,54645.3,8593.61
6009,7578,54624.4,8600.83
6010,7665,54705.8,8536.11
6011,7683,54729.4,8547.78
6012,7719,54770.8,8469.17
6013,7722,54775,8492.78
6014,7633,54672.5,8420.56
6015,7587,54633.6,8408.61
6016,7585,54633.3,8450
6017,7592,54634.7,8641.67
6018,7588,54633.9,8593.33
6019,7622,54661.9,8563.33
6020,7677,54724.2,8564.17
6021,7679,54724.7,8651.39
6022,7694,54743.9,8637.78
6023,7728,54780.8,8515.56
6024,7696,54746.7,8424.44
6025,7689,54737.2,8420.56
6026,7690,54737.2,8430.83
6027,7513,54459.4,8282.22
6028,7509,54450,8283.33
6029,7477,54386.1,8299.44
6030,7490,54401.7,8303.61
6031,7411,54311.1,8227.5
6032,7309,54264.7,8200
6033,7496,54415.6,8158.06
6034,7441,54335.6,8148.33
6035,7209,54224.2,8169.17
6036,7298,54261.4,8156.94
6037,7343,54277.2,8280
6038,6843,54105,8264.72
6039,6794,54091.7,8208.89
6040,6839,54103.9,8176.67
6041,6896,54116.7,8166.67
6042,6756,54083.3,8183.33
6043,6726,54077.2,8175.56
6044,6861,54108.3,8152.78
6045,6511,54024.2,8400.56
6046,6731,54078.9,8413.89
6047,6269,53968.6,8373.89
6048,6245,53962.5,8337.78
6049,6613,54047.8,8448.06
6050,6483,54018.3,8524.17
6051,6358,53989.2,8526.67
6052,6600,54043.1,8584.44
6053,6778,54089.2,8589.44
6054,7050,54168.6,8393.33
6055,6827,54100.6,8405
6056,6428,54005.8,8500
6057,6757,54083.3,8516.67
6058,6719,54074.7,8450.56
6059,6224,53958.3,8403.33
6060,6177,53947.5,8391.94
6061,6069,53900,8383.33
6062,6014,53866.7,8400
6063,6298,53976.9,8451.67
6064,6311,53980.3,8461.11
6065,6233,53960.3,8418.06
6066,5809,53716.7,8416.67
6067,5914,53800,8600
6068,5976,53850,8533.33
6069,5897,53783.3,8666.67
6070,5662,53600,8550
6071,5689,53616.7,8616.67
6072,5687,53616.7,8466.67
6073,5562,53533.3,8466.67
6074,5661,53600,8483.33
6075,5688,53616.7,8550
6076,5564,53533.3,8583.33
6077,5770,53683.3,8633.33
6078,5768,53683.3,8583.33
6079,5847,53750,8516.67
6080,5876,53766.7,8500
6081,5934,53816.7,8550
6082,5896,53783.3,8483.33
6083,5787,53700,8216.67
6084,5893,53783.3,8033.33
6085,5894,53783.3,8100
6086,5766,53683.3,8116.67
6087,5786,53700,8100
6088,5708,53633.3,8116.67
6089,5611,53566.7,8100
6090,5684,53616.7,8050
6091,5748,53666.7,7983.33
6092,5749,53666.7,8050
6093,5808,53716.7,8050
6094,5807,53716.7,7966.67
6095,5828,53733.3,7983.33
6096,5785,53700,8000
6097,5765,53683.3,7883.33
6098,5845,53750,7933.33
6099,5874,53766.7,7833.33
6100,5953,53833.3,7916.67
6101,5913,53800,7883.33
6102,5827,53733.3,7916.67
6103,5844,53750,7916.67
6104,6013,53866.7,7916.67
6105,6644,54055.8,7968.89
6106,6762,54083.9,7834.72
6107,6737,54080,7716.67
6108,6739,54080.3,7743.06
6109,6944,54129.7,7635.28
6110,6736,54080,7693.61
6111,6522,54026.9,7695.56
6112,6587,54040,7749.17
6113,6642,54055.8,7778.61
6114,6782,54089.7,7833.33
6115,6404,54000,7883.33
6116,6582,54039.2,7833.89
6117,6453,54011.4,7792.78
6118,6510,54024.2,7860.28
6119,6500,54021.4,7757.78
6120,6803,54094.2,7707.5
6121,6687,54068.6,7710
6122,6865,54109.2,7758.89
6123,6688,54068.6,7762.22
6124,6855,54107.2,7618.06
6125,6916,54121.4,7675.56
6126,6278,53971.4,7752.5
6127,6884,54114.7,7729.17
6128,6421,54004.4,7732.5
6129,6479,54017.8,7728.33
6130,6518,54025.8,7674.72
6131,5951,53833.3,7750
6132,6011,53866.7,7716.67
6133,5826,53733.3,7800
6134,5932,53816.7,7766.67
6135,6012,53866.7,7816.67
6136,6190,53950,7783.33
6137,6066,53900,7950
6138,6673,54066.7,8116.67
6139,6645,54055.8,8104.72
6140,6714,54074.2,8036.67
6141,7144,54200,8033.33
6142,7093,54183.3,8045.56
6143,7070,54177.2,8099.44
6144,7036,54164.2,8169.72
6145,7043,54166.7,8150
6146,6956,54133.3,8100
6147,6538,54028.3,8118.33
6148,6356,53988.6,8121.11
6149,6429,54006.1,8125.28
6150,5975,53850,8200
6151,6068,53900,8300
6152,5895,53783.3,8250
6153,5954,53833.3,8383.33
6154,5727,53650,8416.67
6155,5563,53533.3,8566.67
6156,5634,53583.3,8600
6157,5515,53500,8433.33
6158,5473,53466.7,8500
6159,5497,53483.3,8566.67
6160,5391,53416.7,8579.72
6161,5123,53361.4,8480.83
6162,4908,53309.7,8395
6163,4519,53217.5,8418.33
6164,4783,53278.9,8430
6165,5047,53343.9,8408.33
6166,4621,53241.7,8350.56
6167,4581,53233.9,8416.39
6168,4865,53298.6,8122.22
6169,4969,53325.3,8125.56
6170,5088,53352.8,8045.83
6171,4479,53206.1,8088.89
6172,4512,53216.7,8050
6173,3827,53020.6,8221.94
6174,3768,53002.2,8146.67
6175,4210,53133.1,8148.61
6176,4308,53157.8,8157.5
6177,4432,53191.9,8120.83
6178,4368,53175.3,8115.28
6179,4960,53323.6,8100.28
6180,4936,53318.6,8068.33
6181,5137,53365.3,8119.72
6182,5060,53346.9,8158.33
6183,5124,53361.7,8220
6184,5120,53360.8,8236.39
6185,4794,53281.7,8200.28
6186,4919,53314.2,8202.22
6187,4979,53327.5,8219.44
6188,4744,53270.3,8341.67
6189,4694,53258.9,8453.61
6190,4747,53271.1,8439.72
6191,3544,52936.4,8354.17
6192,3632,52961.1,8424.72
6193,3611,52955,8370.28
6194,3371,52888.6,8307.5
6195,3418,52901.1,8236.11
6196,3886,53038.6,8328.06
6197,3867,53033.3,8333.33
6198,3950,53056.9,8314.72
6199,4133,53111.7,8317.78
6200,4135,53111.9,8350.83
6201,4249,53141.9,8415.56
6202,4256,53144.2,8390.83
6203,3986,53066.7,8450
6204,3699,52981.7,8436.11
6205,3404,52898.9,8509.17
6206,3622,52958.1,8480.56
6207,3590,52949.2,8449.17
6208,3526,52930.6,8425.83
6209,3562,52942.2,8388.33
6210,3127,52794.2,8290.28
6211,3143,52799.2,8358.61
6212,3200,52821.7,8250.83
6213,3215,52829.4,8215.28
6214,3194,52820.3,8255
6215,3297,52861.9,8196.67
6216,3363,52886.9,8159.17
6217,3120,52788.9,8184.17
6218,3091,52775.3,8061.67
6219,3113,52785.8,8022.22
6220,3213,52828.6,8023.06
6221,3046,52758.3,8078.06
6222,3262,52849.7,8032.22
6223,2936,52714.4,7924.44
6224,2903,52700.8,7933.89
6225,2929,52711.9,7980.56
6226,2894,52698.1,8014.44
6227,3223,52834.2,8125
6228,3312,52867.5,8167.5
6229,3054,52760.6,8098.06
6230,3012,52743.9,8038.89
6231,3021,52749.2,8080
6232,3038,52755.6,7826.67
6233,3077,52768.9,7768.61
6234,2989,52733.9,7685.28
6235,3055,52761.1,7730.83
6236,3063,52763.9,7930.28
6237,2909,52703.3,8017.5
6238,2990,52733.9,7909.72
6239,2851,52682.2,7852.22
6240,2768,52644.4,7866.67
6241,2848,52681.9,7802.22
6242,2825,52671.7,7720
6243,2874,52690.6,7536.39
6244,3020,52749.2,7554.17
6245,2994,52734.7,7530.56
6246,2784,52650,7536.67
6247,2888,52695.3,7456.67
6248,3056,52761.7,7453.61
6249,3070,52766.9,7470.83
6250,3228,52836.1,7371.39
6251,3577,52945.6,7304.17
6252,3433,52905.8,7374.72
6253,3306,52866.4,7295.83
6254,3496,52921.7,7310
6255,3588,52949.2,7284.44
6256,3419,52902.2,7398.06
6257,3837,53023.9,7425
6258,3816,53017.5,7333.89
6259,3859,53032.2,7300
6260,3769,53002.8,7261.67
6261,4124,53109.4,7137.5
6262,3908,53046.7,7156.11
6263,4280,53150.3,7130
6264,4250,53142.2,7222.22
6265,4716,53265.3,7215
6266,4669,53251.9,7220.56
6267,4708,53261.7,7194.44
6268,5040,53342.5,7198.61
6269,4812,53285.3,7256.94
6270,4598,53237.2,7387.5
6271,4388,53181.4,7422.5
6272,4503,53213.3,7449.44
6273,5653,53600,7433.33
6274,5678,53616.7,7466.67
6275,6009,53866.7,7316.67
6276,5947,53833.3,7350
6277,5948,53833.3,7416.67
6278,5825,53733.3,7500
6279,5680,53616.7,7716.67
6280,5654,53600,7716.67
6281,5747,53666.7,7766.67
6282,5631,53583.3,7650
6283,5725,53650,7700
6284,5608,53566.7,7700
6285,5578,53550,7716.67
6286,5705,53633.3,7683.33
6287,5746,53666.7,7700
6288,5706,53633.3,7700
6289,5745,53666.7,7633.33
6290,6219,53956.1,7578.33
6291,6264,53966.9,7541.67
6292,6101,53916.7,7583.33
6293,6063,53900,7633.33
6294,6102,53916.7,7633.33
6295,6458,54012.2,7649.44
6296,6721,54075.3,7552.78
6297,6658,54061.9,7575.56
6298,6777,54089.2,7497.78
6299,6832,54101.9,7448.89
6300,6241,53961.7,7455.56
6301,6134,53933.3,7433.33
6302,6161,53944.4,7412.22
6303,5949,53833.3,7433.33
6304,5973,53850,7450
6305,5871,53766.7,7450
6306,5870,53766.7,7383.33
6307,5910,53800,7366.67
6308,5783,53700,7383.33
6309,5704,53633.3,7333.33
6310,5570,53538.1,7220.28
6311,5442,53440.3,7231.67
6312,5674,53610.6,7092.5
6313,5522,53504.7,7239.72
6314,5029,53340.6,7277.22
6315,4912,53311.4,7264.72
6316,4983,53329.7,7253.61
6317,4527,53221.4,7219.44
6318,4686,53255.8,7273.89
6319,4550,53226.7,7291.67
6320,4123,53109.2,7353.33
6321,4204,53130.6,7305.83
6322,4156,53117.5,7275.83
6323,4691,53258.1,7151.67
6324,4379,53178.1,7180.28
6325,4013,53075.3,7139.72
6326,4068,53093.3,7018.89
6327,4100,53103.6,7020
6328,4090,53100.3,7074.17
6329,4127,53110.3,7061.67
6330,4386,53180.8,7073.33
6331,4074,53095.8,6951.11
6332,4112,53106.4,6886.39
6333,4077,53096.4,6834.17
6334,4189,53125.8,6847.5
6335,4393,53182.5,6752.5
6336,4523,53220.6,6743.06
6337,4525,53221.1,6750.83
6338,4173,53121.4,6689.72
6339,4609,53239.7,6656.11
6340,4593,53236.7,6657.5
6341,4635,53246.1,6551.39
6342,4666,53251.4,6591.67
6343,4950,53321.4,6732.22
6344,5092,53353.3,6760.28
6345,4837,53290.3,6753.89
6346,4754,53273.6,6783.06
6347,4689,53257.5,6796.67
6348,4290,53153.9,6696.11
6349,4092,53101.1,6501.11
6350,3897,53041.9,6560.28
6351,3879,53036.9,6673.61
6352,3593,52950,6710.28
6353,3469,52916.1,6749.17
6354,3797,53014.2,6954.17
6355,4035,53083.3,6900
6356,3574,52945,6937.22
6357,3852,53030.6,6965
6358,4197,53128.1,6947.5
6359,3738,52991.4,6980.28
6360,3871,53034.4,7005.56
6361,3857,53031.9,7070.28
6362,4140,53114.2,7143.33
6363,4269,53148.1,7110
6364,4336,53166.1,7140.56
6365,4310,53158.6,7096.94
6366,4582,53234.2,7030.83
6367,4385,53180.8,6945
6368,4806,53284.2,6880.83
6369,4624,53242.2,6949.72
6370,4676,53254.2,6900.56
6371,4652,53249.2,6953.89
6372,4685,53255.8,7065.56
6373,4707,53261.7,7088.06
6374,4875,53300.6,6925.28
6375,4861,53297.2,6971.39
6376,4692,53258.6,7014.72
6377,4472,53203.3,6863.06
6378,4817,53286.9,6894.44
6379,4755,53273.9,6761.39
6380,4816,53286.7,6809.17
6381,4724,53266.7,6800
6382,4564,53231.4,6722.5
6383,4757,53274.2,6817.78
6384,5256,53391.7,6834.44
6385,5400,53419.2,6898.33
6386,5320,53403.9,6858.89
6387,5398,53418.3,6835.28
6388,5523,53505,6981.11
6389,5555,53531.7,6961.11
6390,5620,53570.3,6903.06
6391,5641,53588.9,6872.22
6392,5696,53618.6,6920.56
6393,5801,53713.1,7018.33
6394,5926,53813.1,6951.39
6395,6183,53948.6,6921.39
6396,6485,54018.6,6928.89
6397,6131,53933.3,6833.33
6398,6246,53963.1,6858.89
6399,6185,53949.4,6873.06
6400,6147,53939.4,6907.78
6401,6589,54040.3,6868.89
6402,7425,54318.6,6895
6403,7306,54263.3,6875.56
6404,7275,54251.1,6836.39
6405,7202,54221.9,6890
6406,7269,54250,6983.33
6407,7067,54175.3,6995.28
6408,6716,54074.4,6897.5
6409,6679,54066.9,6931.94
6410,6159,53944.2,6717.5
6411,6672,54066.7,6700.28
6412,6520,54026.4,6751.11
6413,6390,53997.5,6641.67
6414,6402,54000,6700
6415,6369,53992.8,6655
6416,6702,54071.4,6674.17
6417,6996,54149.4,6756.39
6418,7118,54191.9,6769.72
6419,7258,54244.7,6843.06
6420,7195,54218.9,6838.06
6421,7152,54202.5,6791.11
6422,7052,54169.7,6750.28
6423,7022,54159.2,6790.28
6424,6985,54145.6,6818.89
6425,6776,54089.2,6696.11
6426,6541,54029.4,6645.56
6427,6440,54008.6,6656.39
6428,6302,53978.3,6838.89
6429,6555,54033.3,6547.22
6430,6206,53952.8,6577.5
6431,6263,53966.9,6571.67
6432,6463,54013.1,6518.89
6433,6594,54041.7,6423.61
6434,6671,54066.7,6483.33
6435,6628,54050.3,6531.39
6436,6549,54031.7,6514.72
6437,6611,54046.9,6490.28
6438,6550,54031.9,6490.28
6439,6593,54041.7,6332.78
6440,6482,54018.3,6221.67
6441,6333,53985.3,6193.89
6442,6380,53994.7,6175
6443,6722,54075.6,6255.56
6444,6608,54045.8,6253.06
6445,6761,54083.9,6283.89
6446,6718,54074.7,6283.89
6447,6667,54064.4,6218.61
6448,6319,53983.3,6183.33
6449,6454,54011.7,6138.61
6450,6466,54013.3,6187.5
6451,6395,53998.1,6195.56
6452,6859,54108.3,6347.5
6453,6767,54086.9,6261.67
6454,6494,54020.8,6306.94
6455,6047,53886.1,6344.44
6456,6130,53933.3,6383.33
6457,6153,53942.8,6451.67
6458,6032,53883.3,6600
6459,6092,53910.8,6615.83
6460,6188,53950,6633.33
6461,6451,54010.8,6633.06
6462,6519,54026.1,6614.44
6463,6436,54007.8,6601.11
6464,6182,53948.6,6541.39
6465,6377,53994.2,6504.17
6466,6535,54028.3,6401.94
6467,6170,53946.1,6484.17
6468,6144,53934.4,6477.78
6469,6509,54024.2,6428.61
6470,6400,54000,6416.67
6471,6002,53864.7,6435.83
6472,6321,53983.3,6497.22
6473,6420,54004.4,6467.78
6474,6271,53969.2,6486.39
6475,6295,53976.1,6523.89
6476,6275,53970,6551.11
6477,6086,53905,6495.83
6478,6222,53957.5,6663.06
6479,6360,53990,6605.28
6480,6505,54023.1,6621.11
6481,6457,54012.2,6588.33
6482,6565,54036.4,6569.44
6483,6197,53951.1,6601.67
6484,6401,54000,6583.33
6485,5862,53754.2,6554.17
6486,5923,53809.7,6656.39
6487,5971,53850,6809.17
6488,6033,53883.3,6833.33
6489,6539,54028.6,6727.5
6490,6612,54047.5,6730
6491,6967,54136.7,6691.39
6492,7040,54166.7,6733.33
6493,6512,54024.4,6706.11
6494,6410,54000.8,6797.78
6495,6497,54021.1,6783.06
6496,6725,54077.2,6695.83
6497,6430,54006.4,6726.39
6498,6058,53897.8,6743.06
6499,6314,53981.4,6781.11
6500,6077,53900.6,6695.28
6501,6150,53941.9,6635.56
6502,6282,53972.5,6638.06
6503,6220,53957.2,6623.61
6504,6636,54052.2,6666.11
6505,6284,53972.8,6718.89
6506,6470,54015.8,6886.67
6507,6418,54003.9,6893.61
6508,6253,53965,6903.89
6509,5795,53704.4,6923.33
6510,5628,53583.3,7000
6511,5419,53424.7,6956.94
6512,5227,53385.6,6889.72
6513,4790,53280.6,7026.11
6514,5069,53348.9,7215.56
6515,5048,53344.2,7247.78
6516,4906,53309.7,7234.44
6517,5371,53414.2,7296.11
6518,4881,53301.7,7315.56
6519,4435,53192.8,7351.67
6520,4455,53200,7316.67
6521,4585,53235.3,7320
6522,4628,53243.1,7343.89
6523,4729,53267.2,7382.5
6524,4828,53288.9,7451.39
6525,4636,53246.1,7292.78
6526,5336,53407.8,7543.06
6527,5070,53348.9,7553.89
6528,5425,53433.3,7583.33
6529,5491,53483.3,7533.33
6530,5399,53418.9,7457.5
6531,5094,53353.6,7419.17
6532,5049,53344.4,7427.78
6533,5220,53383.6,7466.67
6534,5189,53376.7,7462.78
6535,5468,53466.7,7450
6536,5556,53533.3,7350
6537,5536,53516.7,7383.33
6538,5652,53600,7283.33
6539,5718,53644.2,7206.67
6540,5742,53666.7,7300
6541,5587,53550.3,7238.89
6542,5253,53390.8,7279.72
6543,5407,53421.1,7251.11
6544,5436,53434.2,7241.94
6545,5352,53411.1,7201.11
6546,5412,53421.9,7167.5
6547,4725,53266.7,7133.33
6548,5257,53391.7,7331.11
6549,5000,53332.8,7442.78
6550,5115,53359.7,7487.5
6551,5006,53334.2,7580.83
6552,4975,53326.7,7554.17
6553,4845,53293.6,7363.33
6554,4380,53178.1,7454.72
6555,4060,53091.4,7478.33
6556,4260,53146.1,7475.83
6557,4482,53206.7,7455
6558,4292,53153.9,7367.22
6559,4181,53122.8,7374.72
6560,3641,52962.5,7370.28
6561,3766,53001.1,7412.78
6562,3247,52844.2,7392.5
6563,2806,52662.2,7436.39
6564,2963,52723.9,7468.89
6565,2869,52689.7,7503.06
6566,2965,52724.7,7522.22
6567,3123,52791.9,7567.5
6568,3221,52833.3,7593.33
6569,3279,52855.3,7567.22
6570,3595,52950.6,7552.5
6571,3531,52931.7,7490.28
6572,3445,52908.3,7469.72
6573,3486,52919.7,7474.72
6574,3634,52961.4,7461.94
6575,3597,52950.8,7450
6576,3559,52940.8,7346.11
6577,3507,52925.3,7424.72
6578,3568,52943.3,7429.17
6579,3556,52939.2,7443.61
6580,3613,52955.3,7490.28
6581,3670,52974.2,7473.33
6582,3707,52984.7,7419.44
6583,3690,52979.7,7380.56
6584,4137,53113.3,7398.06
6585,4217,53134.4,7404.44
6586,4062,53091.9,7438.06
6587,4223,53136.1,7370.28
6588,3902,53043.1,7340.28
6589,4042,53084.2,7294.44
6590,4267,53147.5,7357.22
6591,4366,53175,7289.44
6592,4048,53088.3,7188.61
6593,4022,53079.7,7199.72
6594,3965,53062.2,7227.78
6595,3829,53021.1,7232.22
6596,4220,53135,7220.28
6597,4016,53076.9,7318.33
6598,4179,53122.5,7267.22
6599,4258,53144.7,7238.61
6600,4209,53133.1,7148.61
6601,4215,53134.2,7094.17
6602,4245,53140.6,7066.39
6603,4324,53162.5,7059.72
6604,4342,53166.9,7059.44
6605,4590,53236.1,7073.33
6606,4492,53210.6,7100.56
6607,4576,53233.3,7048.89
6608,4326,53162.8,7040.28
6609,4573,53233.1,6951.94
6610,4698,53260,6933.89
6611,4104,53104.2,6831.67
6612,4291,53153.9,6805
6613,4370,53175.6,6778.89
6614,4706,53261.7,6707.5
6615,4832,53289.7,6716.94
6616,4913,53311.7,6720.28
6617,4820,53287.5,6682.22
6618,5098,53355,6641.67
6619,4858,53296.9,6586.94
6620,4650,53248.9,6666.11
6621,4049,53088.6,6564.72
6622,3957,53059.4,6456.67
6623,4006,53073.1,6461.11
6624,4148,53116.4,6474.44
6625,3524,52930,6530
6626,3449,52909.4,6502.22
6627,3398,52897.8,6492.78
6628,3492,52921.1,6512.22
6629,3441,52908.1,6551.39
6630,3270,52851.9,6461.39
6631,3115,52786.4,6456.11
6632,3058,52762.8,6452.78
6633,3098,52776.9,6484.72
6634,2937,52715,6344.17
6635,2783,52650,6250
6636,2863,52686.4,6257.5
6637,2946,52718.3,6284.17
6638,3005,52738.9,6234.44
6639,3125,52793.1,6141.39
6640,3039,52755.8,6147.22
6641,3064,52764.2,6151.67
6642,3311,52867.5,6064.72
6643,3345,52880.6,6097.22
6644,3443,52908.3,6141.11
6645,3411,52900,6133.33
6646,3410,52900,6100
6647,3219,52832.2,6236.39
6648,3689,52979.4,6138.06
6649,3672,52975,6049.44
6650,3618,52956.4,6019.44
6651,3534,52932.5,6076.94
6652,3447,52909.2,6081.94
6653,3481,52919.2,6121.94
6654,3540,52934.7,6147.78
6655,3358,52885.8,6145.83
6656,3489,52920.6,6183.33
6657,3437,52906.9,6171.67
6658,3591,52949.4,6177.5
6659,3578,52946.4,6277.22
6660,3592,52950,6250
6661,3318,52869.4,6196.94
6662,3525,52930.6,6184.44
6663,3284,52856.4,6282.5
6664,3157,52805.3,6296.94
6665,3274,52853.3,6327.5
6666,3220,52833.3,6333.33
6667,3075,52768.3,6327.5
6668,3408,52899.7,6261.39
6669,3485,52919.7,6299.17
6670,3511,52926.4,6235.56
6671,3624,52958.6,6053.89
6672,3907,53046.4,6099.72
6673,4010,53073.9,6098.61
6674,4059,53091.4,6226.94
6675,4363,53174.2,6401.39
6676,5005,53334.2,6321.39
6677,5107,53359.2,6216.11
6678,5055,53345.3,6358.89
6679,4574,53233.3,6350
6680,4732,53268.3,6199.72
6681,4985,53330.3,6230.56
6682,4826,53288.9,6145.28
6683,5073,53350,6250
6684,5008,53335,6211.39
6685,4947,53321.1,6215.28
6686,5143,53366.7,6233.33
6687,4792,53281.7,6167.78
6688,4784,53279.2,6154.17
6689,4667,53251.9,6171.11
6690,4738,53269.7,6224.17
6691,4819,53287.5,6219.17
6692,4453,53199.4,6277.78
6693,5251,53390.6,6121.67
6694,5384,53416.4,6180.56
6695,5254,53391.4,6145.83
6696,5131,53363.6,6082.78
6697,5235,53387.8,6065.28
6698,4679,53254.4,6147.78
6699,4696,53259.4,6144.72
6700,4431,53191.9,6131.67
6701,4466,53202.8,6098.33
6702,4485,53208.3,6134.44
6703,4332,53164.7,6217.22
6704,3997,53071.1,6131.94
6705,4054,53089.7,6111.94
6706,3942,53053.9,6100.83
6707,4080,53097.2,6173.61
6708,3878,53036.7,6183.89
6709,3810,53017.2,6200
6710,3875,53036.1,6160.56
6711,3903,53044.2,6160
6712,4165,53119.2,6070
6713,3748,52995.6,6159.17
6714,3884,53038.6,6246.39
6715,3961,53060.6,6289.44
6716,3889,53039.4,6287.78
6717,3663,52970.3,6342.78
6718,3661,52969.2,6316.67
6719,3746,52995.3,6296.39
6720,3576,52945.6,6327.22
6721,3357,52885,6376.94
6722,3375,52889.7,6199.17
6723,3076,52768.6,6308.06
6724,2613,52583.6,6226.94
6725,3018,52748.9,6212.22
6726,3068,52766.1,6187.22
6727,3003,52738.3,6205.56
6728,3253,52846.7,6137.78
6729,3429,52905.6,6201.39
6730,3643,52963.1,6199.72
6731,3554,52938.9,6219.72
6732,3954,53058.6,6226.11
6733,4008,53073.3,6211.94
6734,4274,53148.3,6141.67
6735,4007,53073.3,6165.28
6736,4171,53121.1,6201.67
6737,4477,53204.4,6120.83
6738,4672,53252.2,6112.5
6739,4778,53278.3,6100.28
6740,4206,53130.8,6091.39
6741,4343,53167.2,6133.61
6742,4424,53190,6245.83
6743,4433,53192.5,6169.17
6744,3998,53071.1,6241.94
6745,3953,53058.3,6191.39
6746,3782,53007.2,6156.11
6747,3874,53035.8,6112.5
6748,4236,53138.6,6144.72
6749,4355,53171.9,6174.72
6750,4194,53126.7,6164.44
6751,3913,53048.1,6257.22
6752,3858,53032.2,6368.61
6753,3607,52954.2,6359.17
6754,3664,52971.7,6392.5
6755,3710,52985,6418.06
6756,3536,52933.1,6611.67
6757,3905,53044.4,6611.94
6758,3798,53014.4,6578.89
6759,3505,52925.3,6537.78
6760,3662,52969.2,6543.06
6761,3984,53066.7,6532.78
6762,4117,53107.8,6651.39
6763,4254,53143.6,6673.06
6764,4362,53173.3,6689.44
6765,4111,53106.4,6765.28
6766,4212,53133.6,6725
6767,4384,53180.6,6650.56
6768,4467,53202.8,6578.06
6769,4664,53251.1,6568.06
6770,4721,53266.4,6621.11
6771,5209,53381.9,6681.94
6772,5062,53347.8,6690.83
6773,4840,53291.4,6689.17
6774,5410,53421.7,6550.28
6775,5270,53393.6,6513.33
6776,5281,53396.1,6598.06
6777,5226,53385,6593.61
6778,5507,53495,6685.56
6779,5549,53525,6782.22
6780,5592,53555,6791.67
6781,5671,53605.8,6774.17
6782,5645,53592.5,6728.61
6783,5863,53756.7,6678.89
6784,5983,53852.5,6653.06
6785,5841,53747.8,6646.11
6786,5838,53740.8,6664.72
6787,5735,53652.8,6681.39
6788,5594,53556.1,6770
6789,5739,53662.8,6801.94
6790,5764,53683.3,6866.67
6791,5779,53692.2,6993.61
6792,5860,53751.1,6954.17
6793,5782,53698.3,7078.33
6794,5805,53716.7,7070.56
6795,5903,53788.1,7058.61
6796,5909,53797.2,7029.44
6797,5842,53748.1,7163.89
6798,5880,53768.3,7158.61
6799,5815,53718.6,7152.22
6800,5885,53774.2,7195.28
6801,5994,53859.2,6873.06
6802,6212,53954.2,6822.5
6803,6381,53994.7,6852.22
6804,6403,54000,6900
6805,6020,53870.6,6959.72
6806,5946,53830.6,6930.83
6807,5818,53725.6,6801.11
6808,5834,53735.6,6713.06
6809,5814,53717.8,6577.5
6810,5867,53762.8,6546.67
6811,5756,53671.7,6481.67
6812,5569,53536.9,6446.67
6813,5525,53508.1,6462.5
6814,5528,53510.8,6427.22
6815,5646,53593.6,6486.11
6816,5737,53657.5,6522.78
6817,5943,53824.2,6531.11
6818,6051,53890.6,6388.89
6819,6008,53866.7,6433.33
6820,5967,53847.8,6434.72
6821,5942,53824.2,6312.78
6822,5961,53835,6396.11
6823,5945,53828.1,6447.78
6824,6685,54068.1,6243.06
6825,6586,54040,6188.33
6826,6580,54039.2,6239.72
6827,6398,53999.7,6262.78
6828,6379,53994.4,6220.28
6829,6320,53983.3,6200
6830,5965,53843.3,6335.28
6831,5840,53745,6316.67
6832,5997,53860.3,6377.78
6833,5884,53773.3,6398.61
6834,5888,53781.1,6486.94
6835,5962,53837.8,6571.11
6836,5996,53859.7,6540.56
6837,5902,53786.7,6648.06
6838,5869,53766.1,6545.28
6839,5835,53736.1,6422.78
6840,5861,53752.8,6363.89
6841,5970,53850,6338.89
6842,5882,53770.3,6254.72
6843,5883,53772.5,6313.06
6844,5881,53768.9,6344.44
6845,5964,53842.8,6302.78
6846,5939,53820.6,6334.72
6847,5919,53801.7,6255.56
6848,5868,53763.3,6267.78
6849,5887,53776.4,6263.33
6850,5839,53745,6287.78
6851,6187,53950,6366.67
6852,6125,53927.5,6411.39
6853,6078,53900.8,6390.28
6854,6681,54067.2,6348.61
6855,6635,54052.2,6339.72
6856,6122,53925,6377.78
6857,6006,53866.4,6341.39
6858,6157,53943.3,6383.89
6859,6385,53996.1,6352.78
6860,6277,53971.4,6361.94
6861,6498,54021.4,6394.72
6862,6330,53984.2,6439.44
6863,6274,53970,6431.11
6864,6545,54030.3,6455.83
6865,6205,53952.8,6524.44
6866,6120,53922.8,6546.39
6867,6145,53936.1,6540.28
6868,6683,54067.5,6463.61
6869,6840,54104.2,6293.06
6870,6609,54046.1,6368.06
6871,6534,54028.3,6350.83
6872,6579,54038.9,6267.78
6873,6419,54004.4,6177.22
6874,6554,54033.3,6133.33
6875,6424,54005.3,6123.33
6876,6393,53997.8,6127.78
6877,6491,54020,6145
6878,6441,54008.9,6181.94
6879,5990,53858.1,6279.17
6880,5922,53809.2,6270.56
6881,5907,53793.6,6237.5
6882,5966,53844.2,6261.11
6883,5940,53822.5,6295.83
6884,6021,53871.7,6306.94
6885,6001,53863.1,6310.28
6886,6016,53868.3,6314.17
6887,5993,53858.6,6253.06
6888,6000,53862.8,6278.33
6889,5928,53816.4,6273.61
6890,5924,53810,6297.22
6891,5968,53848.1,6281.67
6892,5822,53731.7,6337.78
6893,5820,53729.7,6347.5
6894,5757,53672.5,6394.17
6895,5736,53656.7,6419.17
6896,5780,53693.1,6419.72
6897,5800,53710,6543.33
6898,5758,53673.3,6571.67
6899,5607,53566.7,6583.33
6900,5606,53566.7,6579.72
6901,5596,53559.2,6656.67
6902,5722,53650,6665.28
6903,5723,53650,6666.67
6904,5702,53633.1,6667.5
6905,5759,53676.7,6612.5
6906,5554,53528.6,6658.33
6907,5484,53478.1,6502.22
6908,5531,53512.5,6540
6909,5602,53564.7,6355.28
6910,5603,53566.1,6385.56
6911,5216,53383.3,6416.67
6912,5333,53407.2,6447.22
6913,5463,53456.1,6396.39
6914,5458,53450.8,6478.89
6915,5265,53393.1,6355
6916,4697,53259.7,6368.89
6917,5018,53337.8,6346.11
6918,5164,53371.1,6250.83
6919,4132,53111.7,6328.33
6920,3823,53019.4,6320
6921,3775,53004.4,6298.89
6922,3753,52996.9,6265.83
6923,3921,53050,6275.56
6924,3272,52852.8,6216.94
6925,3275,52853.6,6150.28
6926,3100,52777.2,6171.39
6927,3144,52799.4,6142.78
6928,2959,52723.1,6189.44
6929,3066,52765.6,6267.22
6930,2962,52723.9,6156.39
6931,2749,52636.7,6231.94
6932,2875,52690.8,6211.39
6933,2843,52681.1,6218.89
6934,2678,52609.7,6232.22
6935,2539,52556.9,6231.11
6936,2532,52555.6,6343.89
6937,2633,52590,6276.39
6938,2290,52466.7,6304.17
6939,2394,52503.6,6287.22
6940,2457,52528.3,6309.44
6941,2830,52674.7,6292.5
6942,2677,52608.9,6303.06
6943,2618,52585.6,6244.44
6944,2513,52550,6283.33
6945,2474,52535,6375.56
6946,2623,52586.7,6473.89
6947,2794,52655.6,6556.94
6948,2950,52720.3,6581.67
6949,2898,52699.7,6668.61
6950,2992,52734.4,6744.17
6951,2949,52719.7,6773.33
6952,2934,52714.2,6741.11
6953,2887,52695.3,6869.17
6954,2600,52578.3,6868.89
6955,2890,52696.1,6791.94
6956,2973,52730.8,6811.67
6957,3007,52740.6,6767.78
6958,3023,52749.4,6757.78
6959,3045,52757.5,6725.56
6960,2951,52720.3,6722.78
6961,3128,52794.7,6633.61
6962,3209,52827.8,6646.39
6963,2719,52625.6,6522.22
6964,2828,52673.6,6545
6965,3083,52772.5,6613.06
6966,3300,52863.6,6596.11
6967,3313,52867.8,6700.56
6968,3204,52825.3,6712.78
6969,3671,52974.4,6735.83
6970,3855,53031.7,6748.06
6971,3883,53038.3,6725.28
6972,4314,53160,6725.56
6973,4155,53117.5,6732.5
6974,4126,53110,6812.22
6975,3977,53065.3,6713.61
6976,3962,53060.6,6767.5
6977,3943,53054.7,6719.72
6978,3705,52984.4,6784.44
6979,3755,52997.8,6854.44
6980,3736,52991.1,6893.89
6981,3853,53030.6,7020.28
6982,3712,52985.3,6886.94
6983,3788,53008.6,6851.67
6984,3625,52958.9,6937.22
6985,3785,53008.3,6940
6986,3702,52982.5,6944.44
6987,3970,53063.6,6960.83
6988,3956,53059.2,6867.78
6989,3941,53053.3,6937.5
6990,3815,53017.5,6909.17
6991,3988,53067.8,6825.56
6992,3780,53006.9,6819.44
6993,4030,53081.9,6800.56
6994,4032,53082.5,6768.89
6995,3934,53051.7,6750
6996,3916,53048.9,6716.39
6997,3756,52998.1,6714.17
6998,3701,52982.5,6811.67
6999,3880,53037.8,6786.94
7000,3842,53027.5,6799.44
7001,3714,52985.8,6915.83
7002,3646,52964.7,6851.67
7003,3735,52991.1,6784.17
7004,3674,52975.3,6766.94
7005,4149,53116.7,6633.33
7006,4344,53167.2,6610.28
7007,4705,53261.7,6651.67
7008,4730,53267.5,6671.67
7009,4965,53324.4,6698.33
7010,4782,53278.9,6697.5
7011,4575,53233.3,6779.72
7012,4468,53202.8,6870.83
7013,4259,53145,6920.56
7014,3849,53029.2,6985.28
7015,3976,53064.4,7048.33
7016,3968,53063.1,7057.22
7017,4175,53121.7,7008.89
7018,3991,53068.9,7165.28
7019,3964,53061.7,7161.39
7020,3972,53064.2,7113.06
7021,4039,53083.6,7079.17
7022,3825,53020.6,7052.22
7023,3640,52962.2,7022.78
7024,3940,53053.1,6863.61
7025,3711,52985,6857.78
7026,3669,52973.6,7016.39
7027,3778,53005.8,7050.83
7028,3917,53049.2,7088.61
7029,3987,53067.2,6986.94
7030,4130,53111.4,6980.56
7031,4233,53137.5,6980.28
7032,4480,53206.4,7000.83
7033,4114,53106.7,6946.11
7034,3982,53066.1,6998.06
7035,3802,53015.6,7152.78
7036,3890,53039.7,7192.5
7037,3873,53034.7,7162.78
7038,3931,53050.8,7178.61
7039,3887,53038.9,7120.83
7040,3930,53050.8,7125.28
7041,3733,52990.6,7122.5
7042,3685,52977.8,7161.67
7043,3291,52859.4,7151.11
7044,3281,52855.8,7131.67
7045,3276,52854.2,7110
7046,3460,52913.3,6975
7047,3619,52956.9,7027.22
7048,3660,52968.9,6994.17
7049,3811,53017.2,7019.17
7050,3722,52988.9,7067.78
7051,3739,52992.8,6942.5
7052,3876,53036.1,6891.39
7053,3971,53063.9,6920.56
7054,4311,53159.2,6884.44
7055,4615,53240.6,6870
7056,4911,53311.4,7018.06
7057,4935,53318.6,6959.17
7058,5106,53358.6,6965.83
7059,5159,53369.7,7001.67
7060,4951,53321.4,7117.78
7061,5252,53390.6,6999.17
7062,5315,53402.2,6954.72
7063,5339,53408.6,6911.39
7064,5246,53389.2,6806.11
7065,5191,53377.5,6786.11
7066,5334,53407.2,6838.89
7067,5346,53409.7,7004.72
7068,5445,53447.2,7023.61
7069,5461,53453.9,6921.94
7070,5056,53345.3,7049.72
7071,5084,53351.9,7021.67
7072,5310,53401.1,7016.11
7073,5097,53354.7,7055.56
7074,5241,53388.3,7109.17
7075,5306,53400.3,7126.11
7076,5460,53452.2,7099.72
7077,5231,53386.1,7126.94
7078,4900,53307.8,7160.28
7079,4847,53294.4,7163.61
7080,5262,53392.8,7210.56
7081,5242,53388.6,7162.22
7082,5325,53404.7,7160.28
7083,5157,53369.4,7150
7084,5149,53367.5,7213.89
7085,5086,53352.2,7201.67
7086,4990,53331.4,7213.61
7087,4682,53255.3,7256.94
7088,4095,53102.2,7221.39
7089,4075,53096.1,7210
7090,3675,52975.3,7300.28
7091,3631,52960.8,7313.33
7092,3757,52998.3,7303.89
7093,3493,52921.1,7195.56
7094,3440,52907.2,7296.39
7095,3761,53000,7383.33
7096,3929,53050.6,7375.28
7097,3923,53050,7400
7098,4009,53073.3,7430.28
7099,4055,53089.7,7381.11
7100,4070,53094.4,7329.44
7101,3824,53020.3,7250
7102,3870,53033.9,7257.22
7103,3781,53006.9,7217.5
7104,3834,53023.6,7220.83
7105,3623,52958.3,7205.28
7106,3737,52991.1,7202.22
7107,3614,52955.8,7093.06
7108,3687,52978.9,7055.56
7109,3373,52888.9,7073.06
7110,3569,52943.6,7042.22
7111,3617,52956.1,7061.11
7112,3413,52900,7033.33
7113,3390,52895.6,6923.06
7114,3378,52890.8,6919.72
7115,3319,52869.4,6867.5
7116,3315,52868.3,6887.22
7117,3446,52908.9,6842.22
7118,3303,52863.9,6878.89
7119,3579,52946.4,6898.61
7120,3432,52905.8,6911.39
7121,3464,52914.7,6940.83
7122,3438,52906.9,6942.22
7123,3436,52906.7,6930.83
7124,3191,52819.2,6782.78
7125,3513,52927.2,6812.5
7126,3302,52863.9,6752.78
7127,3202,52824.4,6688.61
7128,3107,52782.5,6596.67
7129,3013,52744.7,6563.06
7130,3034,52753.9,6537.22
7131,2940,52716.7,6551.67
7132,2559,52565,6674.17
7133,2515,52550,6750
7134,2444,52522.5,6740.83
7135,2536,52556.4,6706.67
7136,2587,52575,6720.56
7137,2793,52655.3,6656.11
7138,2733,52630.3,6674.17
7139,2814,52667.2,6812.22
7140,2562,52566.1,6745.56
7141,2551,52561.9,6723.33
7142,2912,52705.8,6680.28
7143,2753,52638.1,6616.94
7144,2876,52690.8,6639.72
7145,2736,52631.7,6551.39
7146,2529,52553.3,6560
7147,2506,52546.4,6540.28
7148,2275,52461.1,6500
7149,2309,52471.7,6512.5
7150,2176,52418.3,6502.78
7151,2017,52366.1,6528.06
7152,1782,52288.6,6480.83
7153,1432,52192.5,6412.22
7154,1632,52248.9,6401.11
7155,1637,52250,6400
7156,1524,52217.2,6361.39
7157,1440,52196.1,6367.5
7158,1387,52180.6,6359.44
7159,1413,52185,6354.17
7160,1426,52190.6,6370.56
7161,1600,52241.1,6352.5
7162,1647,52252.8,6450.56
7163,1548,52225.3,6390.56
7164,1741,52278.6,6400.83
7165,1703,52268.3,6381.94
7166,1611,52242.8,6380.28
7167,1551,52225.6,6335.56
7168,1624,52245.8,6347.22
7169,1567,52232.2,6368.33
7170,1553,52226.9,6345.83
7171,1729,52275.8,6384.44
7172,2026,52367.8,6427.78
7173,2079,52386.4,6449.44
7174,2224,52440,6352.5
7175,2239,52446.7,6345.28
7176,2453,52525.8,6270.28
7177,2580,52572.5,6226.11
7178,2771,52644.7,6223.06
7179,2514,52550,6300
7180,2291,52466.7,6400
7181,2263,52455.3,6512.5
7182,2206,52431.4,6415.56
7183,2372,52498.3,6490.83
7184,2360,52491.7,6501.11
7185,2358,52490.8,6581.39
7186,1987,52353.9,6507.22
7187,2218,52436.9,6465.28
7188,2194,52426.7,6538.89
7189,2060,52380.8,6561.39
7190,2159,52413.6,6412.5
7191,2083,52387.5,6368.33
7192,2228,52441.4,6423.06
7193,2347,52485.8,6473.33
7194,2406,52506.9,6584.72
7195,2377,52499.7,6685
7196,2341,52483.3,6716.67
7197,2090,52389.2,6720.28
7198,2004,52361.4,6710.83
7199,1927,52334.2,6676.67
7200,1890,52320.6,6702.22
7201,1841,52306.9,6712.5
7202,1727,52275,6791.67
7203,1353,52170.3,6855
7204,1454,52199.7,6820.83
7205,1620,52243.6,6855.28
7206,1845,52308.1,6811.67
7207,1769,52284.2,6785.83
7208,1768,52284.2,6764.44
7209,1682,52264.7,6766.94
7210,1847,52308.6,6759.44
7211,1427,52190.6,6603.61
7212,1549,52225.3,6645.83
7213,1628,52247.2,6610.56
7214,1556,52228.1,6608.89
7215,1700,52267.5,6668.61
7216,2061,52381.4,6608.61
7217,2001,52359.7,6650
7218,1679,52263.3,6778.33
7219,1723,52274.4,6830.28
7220,1820,52300.3,6803.06
7221,1944,52340.3,6784.44
7222,1941,52338.6,6719.72
7223,1658,52256.9,6691.39
7224,1725,52274.7,6706.39
7225,2085,52388.1,6688.06
7226,2054,52378.3,6652.5
7227,1852,52309.7,6611.11
7228,1985,52353.6,6649.17
7229,1978,52351.9,6700
7230,1476,52203.6,6821.11
7231,1539,52221.9,6826.67
7232,1429,52191.7,6851.67
7233,1523,52216.9,6836.94
7234,1490,52207.8,6871.94
7235,1762,52283.1,6901.11
7236,1594,52240.3,6911.94
7237,1487,52206.9,6890.83
7238,1683,52264.7,6916.39
7239,2048,52376.1,7021.67
7240,2225,52440,7030.28
7241,2313,52472.5,7021.94
7242,2373,52498.6,7056.94
7243,2403,52505.3,7069.72
7244,1980,52352.5,7078.61
7245,2020,52366.7,7016.67
7246,2202,52430,7107.78
7247,1663,52258.3,7111.94
7248,1680,52264.4,7107.78
7249,1917,52333.3,7133.33
7250,1960,52347.5,7095.83
7251,2042,52373.6,7039.44
7252,2178,52420.8,6860.56
7253,1805,52294.4,6765
7254,1659,52256.9,6724.44
7255,1420,52188.1,6816.39
7256,1626,52246.4,6845.56
7257,1701,52268.1,6897.22
7258,1648,52252.8,6900.56
7259,1786,52289.2,6941.39
7260,1842,52307.2,6951.94
7261,1909,52327.2,6925.28
7262,1827,52303.1,6963.89
7263,2331,52479.4,6997.5
7264,2615,52584.2,7015.28
7265,2899,52700,6986.67
7266,2955,52721.7,6921.94
7267,2968,52726.9,6983.06
7268,2889,52695.8,6989.72
7269,2920,52709.2,7021.94
7270,2881,52693.1,6956.94
7271,2758,52639.2,7046.67
7272,2467,52533.3,6866.67
7273,2516,52550,6900
7274,2363,52492.8,6923.06
7275,2300,52467.8,6899.17
7276,2260,52453.1,6865.28
7277,2464,52532.8,6759.44
7278,2827,52671.9,6733.89
7279,2388,52501.7,6786.11
7280,2402,52505.3,6876.11
7281,2250,52450.3,6939.72
7282,2111,52396.7,6936.67
7283,2019,52366.7,6833.33
7284,2095,52392.5,6820
7285,2426,52514.2,6763.89
7286,2217,52436.4,6699.17
7287,2101,52394.2,6716.94
7288,2214,52435,6738.89
7289,2118,52400,6733.33
7290,2311,52471.9,6706.67
7291,2278,52461.9,6710.28
7292,2231,52442.2,6778.61
7293,2067,52383.9,6800.56
7294,2245,52449.7,6712.5
7295,2584,52573.1,6861.67
7296,2466,52533.3,6850
7297,2555,52564.2,6824.44
7298,2630,52589.2,6877.78
7299,2560,52565,6888.61
7300,2612,52583.3,6900
7301,2651,52596.9,6953.61
7302,2561,52565,6941.94
7303,2524,52551.7,6946.39
7304,2672,52605.8,7020.28
7305,2683,52610.8,7079.17
7306,2648,52596.4,7100.83
7307,2731,52629.4,7073.33
7308,2852,52682.5,7117.78
7309,2853,52683.1,7173.89
7310,2688,52612.2,7140.28
7311,3158,52805.3,7137.22
7312,3043,52756.9,7122.22
7313,3316,52869.2,7069.44
7314,3392,52896.7,7087.78
7315,3645,52964.2,7081.67
7316,3551,52938.1,6957.5
7317,3821,53019.2,6908.33
7318,3881,53037.8,6866.11
7319,3922,53050,6892.78
7320,4303,53156.9,6966.67
7321,4498,53211.7,6923.33
7322,4387,53181.1,6887.22
7323,3845,53027.8,6870.83
7324,3912,53047.5,6834.44
7325,3928,53050.6,6808.61
7326,3800,53015.3,6810.56
7327,4021,53079.4,6900.83
7328,4438,53193.3,6905.28
7329,4459,53200.6,6708.61
7330,4509,53215.3,6704.44
7331,4296,53155.6,6740.56
7332,4202,53130.3,6744.44
7333,4381,53178.9,6711.67
7334,4613,53240.3,6735.56
7335,5282,53396.1,6758.61
7336,5403,53419.4,6740.56
7337,5012,53335.6,6692.5
7338,4918,53314.2,6719.44
7339,5076,53350.3,6745.83
7340,5079,53350.6,6810
7341,5139,53365.8,6767.78
7342,5175,53373.9,6731.67
7343,5286,53396.4,6884.17
7344,5194,53378.3,6817.5
7345,5438,53435.6,6796.39
7346,5448,53450,6844.17
7347,5213,53382.5,6835
7348,4493,53210.8,6815.83
7349,4476,53203.9,6778.61
7350,4265,53147.2,6836.39
7351,3938,53052.5,6808.06
7352,4448,53197.5,6953.06
7353,4597,53236.9,6948.89
7354,4499,53211.9,6948.61
7355,4451,53198.3,7003.33
7356,4168,53120.3,7043.33
7357,4163,53118.6,7044.72
7358,4162,53118.3,7114.44
7359,4115,53106.9,7240
7360,3803,53015.6,7191.11
7361,4064,53092.2,7092.22
7362,4439,53194.4,7165.28
7363,4195,53127.8,7168.06
7364,4490,53210,7150
7365,4541,53224.7,7119.44
7366,4183,53124.2,7195.83
7367,4377,53176.7,6917.78
7368,4298,53156.1,6914.44
7369,4078,53096.7,6918.06
7370,4038,53083.6,6945.83
7371,4119,53108.9,6912.22
7372,3657,52967.2,6898.06
7373,3342,52879.2,6873.33
7374,3356,52884.4,6921.39
7375,3233,52839.4,6859.72
7376,3538,52934.2,6928.89
7377,3025,52750,6850
7378,2979,52733.1,6901.94
7379,3053,52760.6,6906.94
7380,2960,52723.6,6770
7381,2924,52710,6791.67
7382,2913,52705.8,6807.78
7383,2927,52711.1,6826.11
7384,2797,52657.2,6788.89
7385,2323,52475.8,6777.5
7386,2375,52498.9,6763.06
7387,2325,52476.4,6618.06
7388,2310,52471.9,6588.06
7389,2213,52434.7,6604.72
7390,2070,52384.4,6520.56
7391,1904,52325.8,6494.17
7392,1752,52280.6,6556.11
7393,1875,52317.2,6600
7394,1895,52321.7,6647.5
7395,1913,52331.4,6607.5
7396,2190,52425.3,6747.22
7397,2335,52481.1,6686.39
7398,2350,52488.1,6639.44
7399,2349,52486.9,6661.11
7400,2846,52681.4,6686.67
7401,2780,52648.3,6681.67
7402,2667,52602.8,6547.5
7403,2505,52546.1,6554.72
7404,2421,52512.2,6641.67
7405,2292,52466.7,6550
7406,2295,52466.9,6608.33
7407,2112,52396.9,6640.56
7408,1959,52347.5,6578.33
7409,1998,52358.1,6557.78
7410,2076,52385,6575
7411,1710,52270.8,6704.72
7412,1850,52309.2,6728.61
7413,1861,52313.3,6831.94
7414,1899,52324.4,6834.72
7415,1839,52306.7,6672.5
7416,1720,52273.1,6585.83
7417,1606,52241.9,6506.11
7418,1838,52306.7,6470.83
7419,1926,52334.2,6457.5
7420,1867,52316.1,6472.78
7421,1936,52337.8,6556.94
7422,1492,52208.3,6621.94
7423,1676,52261.9,6550.83
7424,2386,52501.1,6711.67
7425,2492,52541.7,6713.89
7426,2512,52548.9,6722.78
7427,2104,52395,6797.5
7428,2038,52373.1,6787.78
7429,1877,52317.8,6795.83
7430,1582,52236.1,6726.11
7431,1604,52241.7,6541.67
7432,1570,52233.3,6583.33
7433,1506,52211.9,6517.78
7434,1481,52205.3,6514.17
7435,1467,52201.4,6537.78
7436,1360,52171.9,6586.11
7437,1555,52228.1,6544.17
7438,1563,52230.3,6462.22
7439,1546,52224.4,6433.06
7440,1646,52252.5,6403.06
7441,1568,52232.2,6404.72
7442,1526,52217.8,6403.33
7443,1664,52258.9,6453.33
7444,1667,52259.4,6455.28
7445,1527,52217.8,6503.06
7446,1751,52280.3,6531.67
7447,1934,52336.4,6559.72
7448,2075,52385,6495.28
7449,2608,52582.8,6604.17
7450,2658,52599.7,6525
7451,2706,52617.5,6495.56
7452,2657,52598.6,6465.83
7453,2500,52544.7,6477.5
7454,2378,52500,6600
7455,2433,52516.9,6593.06
7456,2033,52370.8,6577.22
7457,2189,52425.3,6446.11
7458,2227,52441.1,6474.72
7459,1813,52300,6450
7460,1757,52281.1,6520
7461,1636,52249.7,6602.22
7462,1655,52256.4,6477.78
7463,1791,52290.3,6391.11
7464,2135,52404.4,6399.17
7465,2215,52435.3,6391.67
7466,2395,52503.6,6382.22
7467,2436,52519.7,6382.5
7468,2572,52568.9,6272.22
7469,2563,52566.7,6200
7470,2165,52416.7,6376.67
7471,2098,52393.1,6433.33
7472,2511,52548.9,6547.5
7473,2604,52580.6,6568.06
7474,2627,52588.3,6499.72
7475,2557,52564.4,6470.28
7476,2570,52568.3,6479.72
7477,2451,52525.3,6480.28
7478,2605,52580.8,6405.83
7479,2533,52555.8,6475.83
7480,2479,52537.8,6456.94
7481,2478,52537.8,6432.5
7482,2595,52576.1,6423.33
7483,2598,52577.2,6489.72
7484,2556,52564.4,6439.72
7485,2696,52614.7,6460.56
7486,2390,52502.8,6527.78
7487,2637,52590.6,6556.11
7488,2465,52533.3,6623.33
7489,2370,52496.4,6365.56
7490,2419,52511.9,6280.28
7491,2348,52486.4,6336.94
7492,2751,52637.5,6261.94
7493,3042,52756.7,6353.89
7494,3160,52806.1,6416.11
7495,3178,52813.6,6362.22
7496,3231,52838.9,6358.61
7497,2954,52721.7,6391.67
7498,2744,52634.7,6498.61
7499,2763,52641.1,6533.06
7500,2862,52686.1,6375
7501,2702,52616.7,6357.78
7502,2591,52575.6,6311.67
7503,2752,52637.5,6501.67
7504,2698,52615.6,6420.56
7505,2549,52561.7,6373.06
7506,2522,52551.1,6373.33
7507,2332,52479.7,6420
7508,2359,52491.4,6435.28
7509,2528,52553.1,6431.39
7510,3008,52740.8,6600.28
7511,3255,52847.2,6566.39
7512,3301,52863.9,6556.94
7513,3384,52893.1,6529.72
7514,3354,52884.2,6404.17
7515,3198,52821.7,6277.78
7516,3104,52781.4,6233.89
7517,3057,52762.8,6235.56
7518,3035,52754.4,6208.33
7519,3124,52792.8,6187.5
7520,3362,52886.9,6221.39
7521,3494,52921.4,6080.56
7522,3770,53003.1,6108.89
7523,3563,52942.5,6075
7524,3848,53028.9,6251.94
7525,3510,52926.4,6209.17
7526,3774,53003.9,6200.56
7527,3654,52966.4,6092.5
7528,3497,52921.9,6107.22
7529,3639,52962.2,6145.83
7530,3651,52965.8,6185.83
7531,3659,52968.9,6255.56
7532,3608,52954.4,6268.33
7533,3682,52977.2,6272.78
7534,3459,52913.3,6272.5
7535,3471,52916.7,6283.33
7536,3250,52845.3,6301.11
7537,3320,52870,6308.06
7538,3103,52777.8,6323.61
7539,2977,52732.8,6293.06
7540,3029,52751.9,6346.11
7541,3508,52925.6,6180
7542,3666,52972.5,6209.17
7543,3795,53013.6,6126.94
7544,3854,53031.7,6217.5
7545,3547,52937.5,6322.22
7546,3349,52881.9,6329.72
7547,3463,52914.2,6416.94
7548,3370,52888.6,6407.5
7549,3286,52857.5,6366.39
7550,3132,52795.8,6404.72
7551,3136,52796.7,6463.33
7552,3102,52777.5,6650
7553,3482,52919.2,6708.61
7554,3340,52878.9,6693.33
7555,3434,52906.1,6700.56
7556,3637,52961.9,6697.22
7557,3695,52981.1,6660.56
7558,3694,52981.1,6601.11
7559,3979,53065.6,6651.39
7560,3980,53065.8,6555.28
7561,4084,53098.9,6572.22
7562,4002,53071.4,6562.78
7563,4034,53083.3,6583.33
7564,3596,52950.8,6530.83
7565,3841,53026.9,6606.39
7566,3820,53019.2,6614.72
7567,3401,52898.6,6656.94
7568,3259,52848.3,6709.44
7569,3153,52803.3,6700.56
7570,3245,52843.3,6663.33
7571,3214,52829.4,6642.22
7572,3380,52891.9,6635.56
7573,3417,52901.1,6607.22
7574,3700,52982.5,6566.94
7575,3999,53071.1,6630.56
7576,4037,53083.6,6635.28
7577,3612,52955.3,6759.17
7578,3621,52958.1,6749.72
7579,3808,53016.1,6889.44
7580,3650,52965.3,6795.28
7581,3564,52942.8,6760.56
7582,3278,52855.3,6741.39
7583,3399,52897.8,6790.56
7584,3426,52903.9,6755.83
7585,3412,52900,6666.67
7586,3555,52938.9,6680.28
7587,3546,52937.2,6709.17
7588,3655,52966.7,6683.33
7589,3509,52925.8,6676.67
7590,3758,52998.6,6751.11
7591,3945,53055.6,6703.89
7592,3836,53023.9,6713.89
7593,3512,52927.2,6633.61
7594,3684,52977.8,6642.22
7595,3599,52951.9,6657.78
7596,3573,52945,6705.56
7597,3787,53008.6,6693.33
7598,3718,52987.2,6623.89
7599,3752,52996.7,6547.5
7600,3630,52960.8,6563.61
7601,3467,52915.6,6548.61
7602,3541,52935.6,6544.72
7603,3566,52943.1,6600.28
7604,3771,53003.1,6605
7605,4244,53140.3,6498.33
7606,4596,53236.9,6452.22
7607,4464,53202.2,6501.11
7608,3985,53066.7,6533.06
7609,3966,53062.5,6501.39
7610,4228,53136.9,6526.11
7611,4113,53106.7,6489.44
7612,4313,53159.4,6581.39
7613,4339,53166.7,6637.22
7614,4253,53143.6,6634.72
7615,4026,53081.7,6520
7616,3952,53057.8,6602.5
7617,3767,53001.4,6550.28
7618,3720,52988.6,6605
7619,3600,52952.8,6601.67
7620,3749,52995.6,6639.44
7621,3644,52963.1,6594.44
7622,3898,53041.9,6610.56
7623,3713,52985.8,6677.78
7624,3585,52947.2,6674.44
7625,3442,52908.1,6896.67
7626,3271,52852.2,6874.44
7627,3217,52830,6973.06
7628,3330,52874.2,6962.5
7629,3236,52840.8,6926.11
7630,3333,52875.3,6929.72
7631,3180,52815.3,6806.39
7632,3227,52836.1,6633.33
7633,3047,52759.2,6614.72
7634,3092,52775.6,6708.61
7635,3024,52750,6667.5
7636,3175,52811.9,6618.89
7637,2873,52690.6,6645.28
7638,2967,52726.4,6662.5
7639,3146,52800.3,6736.94
7640,3232,52838.9,6805.56
7641,2998,52736.4,6972.5
7642,2997,52736.1,7020.83
7643,2966,52725.6,7044.72
7644,2922,52709.4,7046.39
7645,2777,52647.2,7100.28
7646,2679,52609.7,7113.89
7647,2632,52589.7,7087.22
7648,2537,52556.4,7124.17
7649,2455,52526.7,7137.22
7650,2646,52595.6,7143.06
7651,2337,52481.9,7261.67
7652,2317,52473.3,7259.17
7653,2181,52421.9,7092.22
7654,2130,52401.7,7056.94
7655,2108,52396.1,7042.5
7656,1882,52318.3,7088.06
7657,1180,52132.5,6904.44
7658,1176,52131.4,6919.72
7659,1365,52173.6,6888.89
7660,1316,52162.8,6887.22
7661,1409,52184.7,6850.28
7662,1450,52198.6,6852.22
7663,1707,52270,6757.78
7664,1880,52318.3,6855
7665,1515,52216.1,6895.56
7666,1598,52240.6,6956.39
7667,1698,52267.2,6949.72
7668,1583,52236.4,6968.06
7669,1482,52205.8,7081.94
7670,1211,52139.4,7174.44
7671,1544,52223.9,7165.83
7672,1843,52307.5,7166.67
7673,1441,52196.1,7187.5
7674,1410,52184.7,7190.83
7675,1615,52243.1,7382.22
7676,1750,52280,7390.83
7677,1984,52353.3,7340.28
7678,2114,52398.9,7384.72
7679,2265,52456.4,7494.17
7680,2293,52466.7,7513.89
7681,2382,52500.6,7503.06
7682,2431,52516.1,7588.06
7683,2321,52475.6,7595.83
7684,2246,52449.7,7537.78
7685,2344,52484.7,7556.39
7686,2303,52468.1,7608.33
7687,2635,52590.3,7665
7688,2575,52569.7,7701.94
7689,2619,52585.6,7473.33
7690,2663,52600,7416.67
7691,2673,52606.4,7387.5
7692,2302,52468.1,7294.44
7693,1949,52343.1,7416.39
7694,2093,52391.7,7415.83
7695,2508,52548.3,7511.67
7696,2414,52510,7504.17
7697,2324,52475.8,7445.28
7698,2182,52421.9,7361.67
7699,2379,52500,7316.67
7700,2164,52415.3,7397.22
7701,2035,52371.4,7393.06
7702,1807,52296.1,7471.94
7703,1787,52289.2,7460.83
7704,1444,52196.7,7549.44
7705,1395,52183.3,7451.11
7706,1284,52155.3,7420.28
7707,1498,52209.7,7425.83
7708,1499,52210,7423.61
7709,1327,52166.1,7400.83
7710,1221,52141.1,7356.39
7711,1206,52138.1,7304.44
7712,1292,52156.7,7235.28
7713,1349,52169.7,7256.94
7714,1354,52170.6,7333.61
7715,1324,52164.4,7306.67
7716,1373,52176.1,7335
7717,1242,52147.2,7342.78
7718,1215,52140.3,7374.44
7719,1291,52156.1,7465.56
7720,1231,52144.4,7517.78
7721,1163,52126.4,7561.11
7722,1122,52112.8,7592.78
7723,1101,52104.2,7571.39
7724,951,52048.3,7585.28
7725,1343,52168.1,7522.22
7726,1355,52170.6,7588.06
7727,1052,52085,7566.94
7728,969,52051.4,7607.22
7729,996,52064.2,7646.67
7730,744,51949.2,7725.28
7731,805,51974.2,7703.33
7732,883,52010.8,7703.61
7733,887,52013.3,7780
7734,850,51991.7,7853.06
7735,755,51955.3,7747.22
7736,876,52007.5,7623.33
7737,893,52015.6,7621.11
7738,1075,52093.9,7611.39
7739,1060,52088.1,7625.28
7740,1181,52133.1,7677.78
7741,1115,52109.4,7749.44
7742,1299,52158.1,7772.22
7743,1032,52079.2,7739.17
7744,1043,52082.5,7678.06
7745,1096,52101.9,7783.61
7746,906,52025.6,7803.61
7747,770,51961.9,7807.5
7748,784,51966.7,7800
7749,919,52031.7,7721.94
7750,880,52009.7,7666.11
7751,771,51962.2,7717.5
7752,835,51986.4,7752.78
7753,1035,52079.7,7799.17
7754,1109,52108.3,7809.44
7755,1243,52147.2,7855.28
7756,955,52048.9,7935
7757,777,51963.9,7985.28
7758,837,51986.9,7895.83
7759,814,51977.5,7879.17
7760,856,51994.7,7897.5
7761,820,51980.8,7900
7762,772,51962.2,7878.33
7763,697,51927.2,7918.06
7764,855,51994.4,7969.17
7765,1184,52133.3,7916.67
7766,1102,52104.2,8002.78
7767,936,52040.3,7967.22
7768,1069,52092.8,8008.06
7769,949,52047.8,8119.44
7770,895,52016.7,8116.67
7771,735,51941.1,8178.89
7772,700,51929.4,8185.56
7773,828,51983.1,8187.22
7774,1014,52070,8218.06
7775,941,52042.2,8198.89
7776,800,51972.2,8279.44
7777,767,51961.1,8459.44
7778,718,51933.6,8481.67
7779,875,52007.2,8405.28
7780,980,52056.1,8415.83
7781,1359,52171.7,8372.78
7782,1209,52138.3,8396.67
7783,1255,52150,8300
7784,1376,52176.4,8244.17
7785,1306,52159.7,8192.78
7786,1212,52139.7,8084.72
7787,950,52048.1,8175.28
7788,1305,52159.7,7927.78
7789,1382,52179.2,7905.28
7790,1130,52116.7,7866.67
7791,1167,52127.8,7846.94
7792,1062,52088.9,7853.06
7793,1201,52136.1,7824.72
7794,1317,52162.8,7776.11
7795,1439,52195.6,7665.56
7796,1318,52163.6,7750
7797,1411,52184.7,7728.06
7798,1250,52149.7,7793.06
7799,1330,52166.7,7783.33
7800,1396,52183.3,7716.67
7801,1502,52211.1,7736.67
7802,1469,52202.2,7715
7803,1811,52298.1,7777.22
7804,1607,52241.9,7816.94
7805,1796,52291.7,7848.33
7806,1719,52272.8,7811.11
7807,1802,52292.8,7773.89
7808,1865,52315,7730
7809,1876,52317.5,7746.67
7810,1715,52271.7,7729.44
7811,1721,52273.6,7758.89
7812,1761,52282.8,7770.56
7813,1732,52276.1,7871.94
7814,1788,52289.2,7852.78
7815,1709,52270.6,7883.06
7816,2132,52403.3,7937.78
7817,2050,52376.9,7921.67
7818,2134,52404.2,7865.56
7819,2170,52417.2,7858.89
7820,2486,52540.3,7931.94
7821,2687,52611.9,8008.33
7822,2525,52551.7,7970.28
7823,2660,52599.7,8003.61
7824,2849,52681.9,7955.83
7825,3079,52769.2,7958.89
7826,2870,52689.7,7932.22
7827,2727,52628.6,7924.17
7828,2631,52589.4,7986.39
7829,2802,52659.2,7940.83
7830,2726,52628.3,7948.61
7831,2427,52514.4,7987.78
7832,2546,52560.6,8042.22
7833,2412,52509.7,8077.78
7834,2456,52527.2,8088.06
7835,2535,52556.1,8115.56
7836,2544,52559.7,8076.94
7837,2764,52641.1,7926.39
7838,2821,52670,7928.06
7839,2947,52718.9,7856.39
7840,3040,52755.8,7842.78
7841,3088,52774.2,7815
7842,2923,52709.7,7788.61
7843,2127,52401.1,7819.44
7844,1975,52351.4,7833.06
7845,1937,52337.8,7788.89
7846,1873,52316.9,7778.61
7847,1983,52353.1,7783.33
7848,1860,52311.7,7875
7849,1722,52274.2,7938.61
7850,1203,52136.7,7930.83
7851,1016,52070.8,7927.22
7852,845,51990.6,7927.5
7853,730,51938.3,7928.06
7854,650,51909.2,7932.78
7855,704,51930.8,8059.44
7856,857,51995.3,8036.39
7857,903,52020.6,8065
7858,801,51972.8,8028.33
7859,816,51979.2,8003.61
7860,836,51986.4,7979.72
7861,891,52014.2,8110.56
7862,853,51993.6,8107.22
7863,1154,52123.1,8086.11
7864,1152,52122.5,8133.06
7865,1472,52202.8,8108.06
7866,1213,52139.7,8203.61
7867,972,52053.6,8257.78
7868,1269,52151.4,8243.06
7869,1415,52186.7,8357.5
7870,1310,52161.1,8318.89
7871,1144,52117.2,8345
7872,1080,52095.3,8433.06
7873,948,52047.5,8408.33
7874,1507,52211.9,8351.94
7875,1412,52184.7,8334.17
7876,1214,52140,8455.28
7877,765,51959.4,8525
7878,1037,52080,8541.11
7879,698,51927.8,8453.33
7880,579,51883.3,8583.33
7881,459,51849.7,8645
7882,552,51875.8,8666.67
7883,496,51861.7,8647.22
7884,587,51885.6,8709.72
7885,539,51872.8,8719.72
7886,335,51780.3,8721.94
7887,462,51850,8716.67
7888,484,51857.2,8738.89
7889,437,51836.4,8748.33
7890,647,51908.9,8578.06
7891,709,51933.3,8566.67
7892,640,51906.1,8545.56
7893,747,51950,8683.33
7894,786,51966.7,8733.33
7895,787,51966.7,8783.33
7896,867,52001.1,8731.94
7897,797,51971.7,8757.5
7898,829,51983.3,8700
7899,1103,52104.7,8691.39
7900,1375,52176.1,8772.78
7901,1833,52304.7,8857.78
7902,1888,52319.7,8851.39
7903,1966,52350,8766.67
7904,1870,52316.7,8700
7905,1740,52278.3,8736.11
7906,1771,52284.7,8715
7907,1733,52276.1,8717.5
7908,1643,52250.8,8654.72
7909,1844,52307.5,8657.5
7910,1957,52346.4,8630.28
7911,1945,52340.6,8654.44
7912,1823,52300.8,8643.06
7913,1654,52256.1,8471.67
7914,1869,52316.7,8500
7915,1947,52342.2,8526.67
7916,1938,52337.8,8553.61
7917,2248,52450,8500
7918,2775,52646.1,8425
7919,2545,52559.7,8446.39
7920,2579,52571.7,8429.72
7921,2636,52590.3,8314.72
7922,2547,52560.6,8234.17
7923,2670,52603.6,8244.44
7924,2597,52576.7,8196.11
7925,2242,52448.1,8062.5
7926,2272,52459.4,8187.78
7927,1821,52300.3,8255
7928,2006,52361.7,8309.17
7929,2229,52441.7,8316.11
7930,2088,52388.6,8448.06
7931,2074,52384.7,8463.06
7932,2099,52393.3,8502.22
7933,2131,52401.7,8527.22
7934,2125,52400.3,8292.78
7935,2296,52466.9,8275.28
7936,2212,52434.4,8255.56
7937,2283,52463.9,8349.17
7938,1739,52278.3,8366.39
7939,1806,52294.7,8382.22
7940,1785,52288.9,8452.5
7941,1862,52314.7,8467.78
7942,1699,52267.2,8510
7943,1689,52266.7,8550
7944,1644,52251.7,8541.39
7945,1319,52163.6,8529.72
7946,1185,52133.3,8550
7947,1390,52181.4,8556.67
7948,1333,52166.7,8583.33
7949,1503,52211.1,8603.89
7950,1466,52201.1,8606.94
7951,1298,52157.5,8650.83
7952,1438,52195.3,8719.72
7953,1388,52181.1,8698.33
7954,1399,52183.3,8683.33
7955,1690,52266.7,8733.33
7956,1612,52242.8,8703.33
7957,1638,52250,8800
7958,1519,52216.7,8816.67
7959,1456,52200,8800
7960,1280,52154.2,8846.39
7961,1457,52200,8833.33
7962,1116,52110.6,8782.5
7963,1368,52174.4,8725.28
7964,1571,52233.3,8666.67
7965,1334,52166.7,8733.33
7966,1505,52211.7,8692.22
7967,1815,52300,8800
7968,1712,52271.4,8847.78
7969,1107,52107.8,8981.94
7970,1047,52083.3,8966.67
7971,1039,52081.1,8971.67
7972,1021,52073.1,8996.94
7973,791,51967.8,8982.5
7974,748,51950,8950
7975,759,51956.7,8961.11
7976,781,51965,8936.67
7977,962,52050,8883.33
7978,1088,52099.4,8723.61
7979,1040,52081.4,8678.06
7980,961,52050,8716.67
7981,491,51859.4,8559.17
7982,505,51863.9,8643.06
7983,351,51788.6,8640.83
7984,323,51771.1,8615
7985,297,51757.5,8666.94
7986,349,51786.4,8743.61
7987,284,51746.9,8742.5
7988,377,51806.9,8652.78
7989,285,51747.2,8340.28
7990,424,51832.5,8357.5
7991,429,51833.3,8411.94
7992,441,51839.2,8212.22
7993,629,51900.3,8283.06
7994,387,51811.7,8398.61
7995,336,51780.6,8294.44
7996,422,51830.6,8229.72
7997,384,51808.3,8108.33
7998,386,51811.7,8146.67
7999,451,51846.4,8204.72
8000,375,51805.8,8182.5
8001,566,51880.3,8090.28
8002,550,51875.6,8000.28
8003,435,51835.3,8036.11
8004,499,51862.8,8124.44
8005,660,51913.6,8128.06
8006,597,51890.3,8213.06
8007,413,51826.4,8318.33
8008,606,51895,8360.56
8009,511,51866.1,8413.61
8010,548,51874.7,8390.56
8011,663,51915.8,8399.72
8012,794,51969.7,8439.17
8013,611,51896.9,8410
8014,253,51724.7,8406.94
8015,274,51741.7,8364.44
8016,238,51707.5,8530.56
8017,205,51684.4,8572.78
8018,186,51675,8576.39
8019,166,51656.7,8637.22
8020,214,51690.8,8601.67
8021,346,51785,8610.28
8022,260,51728.3,8618.89
8023,179,51667.8,8600.28
8024,234,51706.4,8521.67
8025,250,51719.2,8501.94
8026,215,51691.7,8443.06
8027,281,51745.6,8439.72
8028,309,51764.4,8374.17
8029,501,51863.1,8319.44
8030,513,51866.7,8333.33
8031,657,51911.1,8361.11
8032,751,51950.6,8376.11
8033,854,51993.6,8394.72
8034,775,51963.1,8409.17
8035,703,51930.3,8464.17
8036,729,51937.5,8449.17
8037,594,51888.9,8404.17
8038,843,51988.6,8479.72
8039,678,51918.1,8470.56
8040,616,51898.6,8495.83
8041,654,51910.3,8471.39
8042,822,51981.1,8570.83
8043,826,51982.2,8694.44
8044,711,51933.3,8650
8045,688,51923.3,8605.56
8046,306,51762.8,8603.33
8047,516,51866.7,8666.67
8048,911,52028.9,8746.11
8049,918,52031.1,8768.89
8050,1239,52146.4,8720.83
8051,1079,52095,8690.56
8052,1224,52141.7,8772.78
8053,1222,52141.4,8812.22
8054,1328,52166.1,8846.94
8055,1509,52213.3,8803.33
8056,1800,52292.2,8855.56
8057,1775,52285.8,8873.89
8058,1781,52288.3,8931.94
8059,1584,52236.4,8887.22
8060,1572,52233.3,8900
8061,1100,52103.9,8905.83
8062,1400,52183.3,8813.06
8063,1051,52084.4,8790.56
8064,1071,52092.8,8818.89
8065,976,52054.4,8853.61
8066,871,52004.4,8830
8067,1147,52119.2,8930
8068,1210,52139.2,8899.17
8069,1119,52111.7,8888.89
8070,1197,52135.3,8875.56
8071,1091,52100,8866.67
8072,1133,52116.7,8983.33
8073,930,52035.6,8961.39
8074,665,51916.1,9058.89
8075,671,51916.7,9033.33
8076,635,51901.9,9002.5
8077,528,51869.4,9026.94
8078,228,51701.7,9025.56
8079,415,51826.9,9074.44
8080,225,51700,9066.67
8081,356,51791.1,8865.28
8082,398,51819.4,8788.06
8083,404,51821.7,8779.72
8084,316,51765.8,8818.89
8085,258,51727.5,8780
8086,270,51740.3,8815.83
8087,292,51756.4,8741.94
8088,310,51764.7,8754.17
8089,830,51983.3,8750
8090,1398,52183.3,8633.33
8091,1186,52133.3,8600
8092,1177,52131.7,8628.33
8093,1045,52083.3,8633.33
8094,923,52033.3,8666.67
8095,827,51982.8,8613.06
8096,897,52016.7,8600
8097,648,51908.9,8601.94
8098,690,51924.7,8648.89
8099,448,51845,8701.11
8100,515,51866.7,8650
8101,762,51958.3,8781.94
8102,795,51970,8834.72
8103,1336,52166.7,8900
8104,1202,52136.4,8956.94
8105,1246,52148.9,8966.39
8106,1125,52113.3,8915.83
8107,1132,52116.7,8900
8108,994,52063.3,9001.11
8109,661,51913.6,9053.89
8110,510,51865.8,8982.78
8111,450,51846.1,8996.94
8112,322,51770,9039.17
8113,268,51736.9,8956.94
8114,262,51732.2,8953.89
8115,276,51743.1,8914.17
8116,107,51612.2,8855.83
8117,83,51595.3,8775.28
8118,266,51736.7,8785.56
8119,164,51654.4,8873.89
8120,144,51642.2,8773.06
8121,68,51582.2,8718.89
8122,183,51671.7,8714.72
8123,218,51692.2,8499.72
8124,230,51703.3,8502.22
8125,399,51819.7,8496.39
8126,436,51835.3,8493.33
8127,590,51886.1,8513.89
8128,556,51877.5,8491.67
8129,543,51873.9,8344.44
8130,460,51850,8316.67
8131,544,51874.4,8435
8132,531,51870,8383.06
8133,638,51905.6,8422.5
8134,723,51935,8386.39
8135,756,51955.3,8417.5
8136,554,51877.2,8445
8137,578,51883.1,8447.78
8138,523,51868.1,8438.61
8139,783,51966.4,8470.83
8140,689,51924.7,8516.39
8141,846,51990.6,8540.56
8142,804,51973.3,8555.28
8143,555,51877.2,8535.28
8144,581,51883.3,8633.33
8145,670,51916.7,8750
8146,321,51768.1,8659.17
8147,255,51725.3,8521.11
8148,339,51781.9,8665.28
8149,357,51792.2,8673.33
8150,401,51820.3,8608.06
8151,423,51830.6,8585.28
8152,669,51916.7,8600
8153,598,51890.3,8622.78
8154,527,51868.6,8615.56
8155,583,51883.6,8677.22
8156,636,51904.2,8741.11
8157,592,51886.9,8764.17
8158,380,51807.5,8836.11
8159,217,51691.9,8721.94
8160,127,51631.9,8713.06
8161,176,51664.2,8742.22
8162,129,51633.1,8775.28
8163,84,51597.2,8726.94
8164,66,51577.8,8749.44
8165,102,51608.3,8779.44
8166,135,51635.3,8826.67
8167,64,51577.5,8881.67
8168,47,51553.3,8912.22
8169,40,51550,8916.67
8170,79,51590.6,8947.78
8171,178,51666.7,9016.67
8172,196,51679.4,8990.56
8173,173,51661.1,8995
8174,72,51583.6,9069.72
8175,63,51573.3,9062.5
8176,62,51573.1,9118.89
8177,240,51708.6,9081.39
8178,242,51711.9,9040.56
8179,89,51601.9,9018.61
8180,382,51807.8,8990.56
8181,355,51790.6,9138.89
8182,391,51815,9233.33
8183,348,51786.1,9216.94
8184,365,51797.5,9273.89
8185,204,51683.6,9374.72
8186,289,51753.9,9458.89
8187,236,51706.9,9430.28
8188,96,51605.8,9378.06
8189,10,51483.3,9366.67
8190,13,51487.8,9348.06
8191,35,51536.7,9460.56
8192,3,51462.2,9433.61
8193,1,51445,9479.44
8194,4,51466.7,9716.67
8195,18,51500.8,9708.61
8196,7,51472.8,9768.89
8197,74,51584.7,9703.89
8198,94,51605.6,9635.83
8199,44,51550,9588.61
8200,25,51520.8,9656.11
8201,61,51572.8,9480.83
8202,57,51569.7,9510.83
8203,33,51533.3,9533.33
8204,20,51511.4,9585
8205,99,51606.4,9469.17
8206,108,51612.8,9539.44
8207,105,51610.3,9515
8208,126,51631.4,9650.28
8209,110,51614.2,9694.72
8210,36,51537.8,9678.33
8211,28,51524.4,9602.22
8212,16,51499.2,9613.06
8213,37,51538.6,9637.22
8214,12,51486.4,9724.72
8215,8,51481.9,9762.22
8216,11,51483.6,9783.06
8217,2,51455.3,9815.83
8218,5,51468.6,9810
8219,51,51561.9,9781.39
8220,58,51571.4,9743.89
8221,14,51493.9,9709.17
8222,65,51577.5,9698.61
8223,123,51627.5,9643.61
8224,222,51694.2,9661.94
8225,213,51689.7,9638.89
8226,200,51682.5,9651.94
8227,287,51750,9550
8228,724,51935.6,9457.5
8229,474,51853.9,9520.28
8230,406,51823.6,9537.5
8231,626,51900,9533.33
8232,584,51883.6,9530.56
8233,673,51916.7,9566.67
8234,400,51819.7,9564.17
8235,338,51781.4,9555.83
8236,520,51866.7,9683.33
8237,649,51908.9,9608.06
8238,716,51933.3,9633.33
8239,749,51950,9683.61
8240,414,51826.7,9742.5
8241,390,51814.4,9757.78
8242,593,51888.1,9771.67
8243,464,51850,9750
8244,752,51951.9,9654.17
8245,571,51881.7,9665.28
