order,city_id,x,y
0,4597,8000,35850
1,4573,7950,35816.7
2,4557,7900,35800
3,4681,8183.33,36016.7
4,4784,8383.33,36100
5,4693,8200,36266.7
6,4694,8200,36300
7,4732,8283.33,36333.3
8,4752,8316.67,36116.7
9,4770,8350,36100
10,4786,8383.33,36183.3
11,4759,8333.33,36183.3
12,4785,8383.33,36166.7
13,4745,8300,36166.7
14,4659,8133.33,35916.7
15,4671,8150,35933.3
16,4628,8066.67,35983.3
17,4719,8250,35850
18,4718,8250,35700
19,4708,8233.33,35650
20,4701,8216.67,35650
21,4717,8250,35533.3
22,4725,8266.67,35550
23,4680,8183.33,35516.7
24,4709,8233.33,35716.7
25,4658,8133.33,35900
26,4637,8083.33,35883.3
27,4636,8083.33,35850
28,4629,8066.67,36000
29,4652,8116.67,35916.7
30,4710,8233.33,35816.7
31,4692,8200,35800
32,4702,8216.67,35866.7
33,4669,8150,35783.3
34,4651,8116.67,35733.3
35,4642,8100,35716.7
36,4606,8016.67,35900
37,4549,7883.33,36066.7
38,4521,7816.67,36133.3
39,4564,7916.67,35916.7
40,4657,8133.33,35816.7
41,4670,8150,35816.7
42,4691,8200,35716.7
43,4675,8166.67,35600
44,4726,8266.67,35700
45,4690,8200,35650
46,4563,7916.67,35583.3
47,4604,8016.67,35550
48,4603,8016.67,35516.7
49,4256,7316.67,35566.7
50,4146,7133.33,35733.3
51,4178,7200,35733.3
52,4157,7166.67,35750
53,4123,7100,35950
54,4013,6883.33,35800
55,3964,6816.67,35950
56,3872,6666.67,36150
57,3813,6533.33,36133.3
58,3899,6716.67,35950
59,3900,6716.67,36150
60,3909,6733.33,36200
61,3948,6800,36200
62,3974,6833.33,36250
63,3880,6683.33,36300
64,3846,6616.67,36300
65,3799,6500,36283.3
66,3976,6833.33,36600
67,3965,6816.67,36633.3
68,4054,6950,36483.3
69,4044,6933.33,36583.3
70,3891,6700,36600
71,3861,6650,36700
72,3873,6666.67,36750
73,3881,6683.33,36783.3
74,3816,6533.33,37200
75,3745,6416.67,37266.7
76,3713,6366.67,37366.7
77,3663,6316.67,37383.3
78,3681,6333.33,37416.7
79,3600,6266.67,37550
80,3533,6216.67,37566.7
81,3444,6150,37400
82,3532,6216.67,37366.7
83,3556,6233.33,37266.7
84,3413,6116.67,37383.3
85,3360,6066.67,37433.3
86,3394,6100,37450
87,3396,6100,37566.7
88,3445,6150,37600
89,3470,6166.67,37550
90,3620,6283.33,37483.3
91,3757,6433.33,37533.3
92,3834,6583.33,37166.7
93,3619,6283.33,37183.3
94,3412,6116.67,37200
95,3599,6266.67,37100
96,3081,5783.33,37183.3
97,3154,5866.67,36850
98,3222,5933.33,36850
99,3223,5933.33,37066.7
100,3285,6000,37100
101,3286,6000,37200
102,3270,5983.33,37216.7
103,3359,6066.67,37366.7
104,3200,5916.67,37316.7
105,3185,5900,37450
106,3120,5833.33,37500
107,3097,5800,37666.7
108,3122,5833.33,37666.7
109,3138,5850,37683.3
110,3123,5833.33,37783.3
111,3201,5916.67,37733.3
112,3340,6050,37716.7
113,3319,6033.33,37716.7
114,3186,5900,37783.3
115,3202,5916.67,37816.7
116,3203,5916.67,37850
117,3302,6016.67,38033.3
118,3361,6066.67,38233.3
119,3157,5866.67,38216.7
120,3204,5916.67,38233.3
121,3043,5733.33,38266.7
122,3037,5716.67,38333.3
123,3073,5766.67,38416.7
124,3007,5666.67,38566.7
125,3029,5700,38400
126,3028,5700,38300
127,3006,5666.67,38366.7
128,2955,5583.33,38483.3
129,2929,5533.33,38650
130,2974,5616.67,38566.7
131,3008,5666.67,38600
132,3172,5883.33,38600
133,3158,5866.67,38483.3
134,2946,5566.67,38500
135,2966,5600,38666.7
136,2878,5466.67,38416.7
137,2879,5466.67,38466.7
138,2822,5416.67,38466.7
139,2823,5416.67,38533.3
140,2708,5333.33,38200
141,2252,5050,38333.3
142,1954,4866.67,38433.3
143,2002,4900,38366.7
144,1980,4883.33,38333.3
145,1737,4700,38216.7
146,1630,4566.67,38200
147,1654,4600,38066.7
148,1690,4650,38083.3
149,1674,4633.33,38083.3
150,1725,4683.33,38066.7
151,1708,4666.67,38166.7
152,1748,4716.67,38183.3
153,1735,4700,38033.3
154,1736,4700,38083.3
155,1900,4833.33,38266.7
156,1689,4650,38050
157,1675,4633.33,38166.7
158,1664,4616.67,38233.3
159,1589,4516.67,38233.3
160,1587,4516.67,38200
161,1633,4566.67,38300
162,1578,4500,38383.3
163,1645,4583.33,38250
164,1632,4566.67,38283.3
165,1591,4516.67,38383.3
166,1658,4600,38383.3
167,1740,4700,38416.7
168,1857,4800,38800
169,1826,4783.33,38783.3
170,2120,4966.67,38783.3
171,1789,4750,38766.7
172,1961,4866.67,38800
173,1879,4816.67,38750
174,1827,4783.33,38816.7
175,2008,4900,38933.3
176,2009,4900,38950
177,2296,5066.67,39083.3
178,2328,5083.33,39116.7
179,2237,5033.33,39050
180,2091,4950,39083.3
181,2125,4966.67,39116.7
182,1828,4783.33,39033.3
183,1742,4700,39100
184,2693,5316.67,39683.3
185,2714,5333.33,39666.7
186,2679,5300,39666.7
187,2734,5350,39800
188,2636,5266.67,39700
189,2779,5383.33,39733.3
190,2811,5400,39750
191,2694,5316.67,39700
192,2682,5300,39750
193,2640,5266.67,39766.7
194,2532,5200,39766.7
195,2480,5166.67,39783.3
196,2535,5200,39816.7
197,2569,5216.67,39800
198,2305,5066.67,39783.3
199,2303,5066.67,39750
200,2240,5033.33,39716.7
201,2192,5000,39766.7
202,2364,5100,39750
203,2425,5133.33,39750
204,2655,5283.33,39666.7
205,2772,5383.33,39616.7
206,2563,5216.67,39683.3
207,2423,5133.33,39716.7
208,2333,5083.33,39733.3
209,2272,5050,39750
210,2426,5133.33,39766.7
211,2428,5133.33,39800
212,2498,5183.33,39650
213,2615,5250,39700
214,2715,5333.33,39716.7
215,2719,5333.33,39783.3
216,2662,5283.33,39816.7
217,2698,5316.67,39800
218,2733,5350,39783.3
219,2782,5383.33,39783.3
220,2853,5433.33,39683.3
221,2831,5416.67,39666.7
222,2804,5400,39633.3
223,2805,5400,39650
224,2870,5450,39650
225,2838,5416.67,39783.3
226,2619,5250,39766.7
227,2727,5350,39666.7
228,2644,5266.67,39833.3
229,2780,5383.33,39750
230,2482,5166.67,39816.7
231,2534,5200,39800
232,2568,5216.67,39783.3
233,2536,5200,39833.3
234,2657,5283.33,39733.3
235,2571,5216.67,39833.3
236,2502,5183.33,39800
237,2529,5200,39716.7
238,2643,5266.67,39816.7
239,2753,5366.67,39766.7
240,2750,5366.67,39716.7
241,2776,5383.33,39683.3
242,2681,5300,39733.3
243,2642,5266.67,39800
244,2656,5283.33,39716.7
245,2658,5283.33,39750
246,2747,5366.67,39666.7
247,2830,5416.67,39650
248,2748,5366.67,39683.3
249,2713,5333.33,39650
250,2639,5266.67,39750
251,2622,5250,39816.7
252,2621,5250,39800
253,2660,5283.33,39783.3
254,2395,5116.67,39716.7
255,2593,5233.33,39750
256,2680,5300,39683.3
257,2499,5183.33,39750
258,2617,5250,39733.3
259,2616,5250,39716.7
260,2420,5133.33,39666.7
261,2170,4983.33,39766.7
262,2133,4966.67,39783.3
263,2401,5116.67,39816.7
264,2330,5083.33,39633.3
265,2301,5066.67,39716.7
266,2271,5050,39733.3
267,2400,5116.67,39800
268,2565,5216.67,39733.3
269,2618,5250,39750
270,2528,5200,39700
271,2477,5166.67,39716.7
272,2530,5200,39733.3
273,2394,5116.67,39700
274,2239,5033.33,39700
275,2191,5000,39750
276,2267,5050,39650
277,2331,5083.33,39700
278,2421,5133.33,39683.3
279,2361,5100,39700
280,2424,5133.33,39733.3
281,2452,5150,39700
282,2066,4933.33,39733.3
283,2131,4966.67,39750
284,2245,5033.33,39800
285,2369,5100,39833.3
286,2366,5100,39783.3
287,2730,5350,39716.7
288,2808,5400,39700
289,2857,5433.33,39750
290,2806,5400,39666.7
291,2833,5416.67,39700
292,2696,5316.67,39750
293,2430,5133.33,39833.3
294,2503,5183.33,39816.7
295,2246,5033.33,39816.7
296,2453,5150,39716.7
297,2459,5150,39816.7
298,2483,5166.67,39833.3
299,2479,5166.67,39766.7
300,2194,5000,39800
301,2094,4950,39666.7
302,2065,4933.33,39716.7
303,2128,4966.67,39683.3
304,2164,4983.33,39666.7
305,2212,5016.67,39700
306,2173,4983.33,39816.7
307,2269,5050,39700
308,2214,5016.67,39733.3
309,2270,5050,39716.7
310,2242,5033.33,39750
311,2306,5066.67,39800
312,2304,5066.67,39766.7
313,2243,5033.33,39766.7
314,2014,4900,39733.3
315,2429,5133.33,39816.7
316,2620,5250,39783.3
317,2745,5366.67,39616.7
318,2856,5433.33,39733.3
319,2834,5416.67,39716.7
320,2807,5400,39683.3
321,2851,5433.33,39650
322,2852,5433.33,39666.7
323,2886,5466.67,39733.3
324,2871,5450,39716.7
325,2729,5350,39700
326,2659,5283.33,39766.7
327,2685,5300,39816.7
328,2623,5250,39833.3
329,2598,5233.33,39833.3
330,2812,5400,39766.7
331,2751,5366.67,39733.3
332,2732,5350,39766.7
333,2858,5433.33,39766.7
334,2754,5366.67,39783.3
335,2752,5366.67,39750
336,2716,5333.33,39733.3
337,2749,5366.67,39700
338,2638,5266.67,39733.3
339,2132,4966.67,39766.7
340,2190,5000,39733.3
341,2241,5033.33,39733.3
342,2478,5166.67,39750
343,2455,5150,39750
344,2187,5000,39666.7
345,2396,5116.67,39733.3
346,2363,5100,39733.3
347,2238,5033.33,39683.3
348,2193,5000,39783.3
349,2174,4983.33,39833.3
350,2175,4983.33,39850
351,2307,5066.67,39816.7
352,2337,5083.33,39800
353,2397,5116.67,39750
354,2215,5016.67,39750
355,2196,5000,39833.3
356,2220,5016.67,39833.3
357,2219,5016.67,39816.7
358,2136,4966.67,39833.3
359,2097,4950,39733.3
360,2213,5016.67,39716.7
361,2427,5133.33,39783.3
362,2365,5100,39766.7
363,2637,5266.67,39716.7
364,2419,5133.33,39650
365,2362,5100,39716.7
366,2500,5183.33,39766.7
367,2458,5150,39800
368,2564,5216.67,39716.7
369,2596,5233.33,39800
370,2218,5016.67,39800
371,2098,4950,39750
372,2100,4950,39783.3
373,2134,4966.67,39800
374,2176,4983.33,39866.7
375,2101,4950,39866.7
376,2274,5050,39783.3
377,2597,5233.33,39816.7
378,2531,5200,39750
379,2336,5083.33,39783.3
380,2338,5083.33,39816.7
381,2273,5050,39766.7
382,2460,5150,39833.3
383,2456,5150,39766.7
384,2566,5216.67,39750
385,2504,5183.33,39833.3
386,2096,4950,39716.7
387,2127,4966.67,39666.7
388,2299,5066.67,39650
389,2216,5016.67,39766.7
390,2367,5100,39800
391,2481,5166.67,39800
392,2335,5083.33,39766.7
393,2302,5066.67,39733.3
394,2168,4983.33,39733.3
395,2166,4983.33,39700
396,2189,5000,39716.7
397,2130,4966.67,39733.3
398,2167,4983.33,39716.7
399,2013,4900,39716.7
400,2044,4916.67,39750
401,2067,4933.33,39750
402,2095,4950,39683.3
403,2165,4983.33,39683.3
404,2169,4983.33,39750
405,2069,4933.33,39783.3
406,2099,4950,39766.7
407,2244,5033.33,39783.3
408,2195,5000,39816.7
409,2171,4983.33,39783.3
410,2172,4983.33,39800
411,2275,5050,39816.7
412,2398,5116.67,39766.7
413,2454,5150,39733.3
414,2718,5333.33,39766.7
415,2683,5300,39783.3
416,2684,5300,39800
417,2835,5416.67,39733.3
418,2810,5400,39733.3
419,2393,5116.67,39633.3
420,2300,5066.67,39700
421,2268,5050,39683.3
422,2041,4916.67,39683.3
423,2188,5000,39700
424,2135,4966.67,39816.7
425,2217,5016.67,39783.3
426,2042,4916.67,39716.7
427,2129,4966.67,39716.7
428,2332,5083.33,39716.7
429,2777,5383.33,39700
430,2778,5383.33,39716.7
431,2885,5466.67,39650
432,2855,5433.33,39716.7
433,2773,5383.33,39633.3
434,2829,5416.67,39633.3
435,2809,5400,39716.7
436,2728,5350,39683.3
437,2746,5366.67,39650
438,2731,5350,39750
439,2695,5316.67,39733.3
440,2641,5266.67,39783.3
441,2592,5233.33,39733.3
442,2661,5283.33,39800
443,2717,5333.33,39750
444,2832,5416.67,39683.3
445,2774,5383.33,39650
446,2775,5383.33,39666.7
447,2837,5416.67,39766.7
448,2836,5416.67,39750
449,2781,5383.33,39766.7
450,2697,5316.67,39783.3
451,2854,5433.33,39700
452,2308,5066.67,39966.7
453,2399,5116.67,39783.3
454,2457,5150,39783.3
455,2334,5083.33,39750
456,2422,5133.33,39700
457,2726,5350,39650
458,2595,5233.33,39783.3
459,2594,5233.33,39766.7
460,2567,5216.67,39766.7
461,2501,5183.33,39783.3
462,2570,5216.67,39816.7
463,2533,5200,39783.3
464,2368,5100,39816.7
465,2043,4916.67,39733.3
466,2068,4933.33,39766.7
467,2064,4933.33,39683.3
468,1914,4833.33,39200
469,2265,5050,39083.3
470,2329,5083.33,39133.3
471,2327,5083.33,39100
472,2063,4933.33,39116.7
473,2062,4933.33,39100
474,1811,4766.67,39066.7
475,1829,4783.33,39050
476,1714,4666.67,39100
477,1728,4683.33,39100
478,1743,4700,39116.7
479,1754,4716.67,39100
480,1881,4816.67,39150
481,1769,4733.33,39066.7
482,1943,4850,39083.3
483,1911,4833.33,39050
484,1942,4850,39066.7
485,1831,4783.33,39083.3
486,1790,4750,39050
487,1858,4800,39150
488,2090,4950,39066.7
489,2390,5116.67,39083.3
490,2559,5216.67,39016.7
491,2744,5366.67,38983.3
492,2653,5283.33,39050
493,2676,5300,39033.3
494,2675,5300,38966.7
495,2743,5366.67,38966.7
496,2802,5400,39000
497,2868,5450,38966.7
498,2867,5450,38950
499,2849,5433.33,38933.3
500,2918,5516.67,38966.7
501,2827,5416.67,38883.3
502,2590,5233.33,39033.3
503,2526,5200,39066.7
504,2560,5216.67,39033.3
505,2523,5200,39016.7
506,2087,4950,38916.7
507,2184,5000,39016.7
508,2476,5166.67,39100
509,2297,5066.67,39100
510,2298,5066.67,39116.7
511,2358,5100,39016.7
512,2495,5183.33,39050
513,2417,5133.33,39083.3
514,2266,5050,39116.7
515,2088,4950,38933.3
516,2038,4916.67,38966.7
517,2162,4983.33,39100
518,2159,4983.33,38966.7
519,2357,5100,38850
520,2324,5083.33,38850
521,2415,5133.33,38816.7
522,2413,5133.33,38733.3
523,2416,5133.33,38966.7
524,2186,5000,39133.3
525,2011,4900,39050
526,2163,4983.33,39133.3
527,2211,5016.67,39083.3
528,2161,4983.33,39083.3
529,2294,5066.67,38916.7
530,2059,4933.33,38900
531,1855,4800,38750
532,1910,4833.33,38816.7
533,1905,4833.33,38383.3
534,1984,4883.33,38466.7
535,2003,4900,38400
536,2118,4966.67,38483.3
537,2055,4933.33,38466.7
538,1851,4800,38366.7
539,1821,4783.33,38333.3
540,1805,4766.67,38366.7
541,1870,4816.67,38283.3
542,1903,4833.33,38316.7
543,2001,4900,38333.3
544,2053,4933.33,38383.3
545,1936,4850,38466.7
546,1983,4883.33,38450
547,1713,4666.67,38416.7
548,1677,4633.33,38250
549,1644,4583.33,38200
550,1665,4616.67,38283.3
551,1603,4533.33,38216.7
552,1562,4466.67,38183.3
553,1570,4483.33,38233.3
554,1592,4516.67,38400
555,1534,4416.67,38450
556,1593,4516.67,38416.7
557,1616,4550,38200
558,1560,4466.67,38016.7
559,1588,4516.67,38216.7
560,1655,4600,38266.7
561,1604,4533.33,38233.3
562,1617,4550,38216.7
563,1783,4750,38166.7
564,1726,4683.33,38166.7
565,1803,4766.67,38166.7
566,1869,4816.67,38233.3
567,2115,4966.67,38266.7
568,1998,4900,38100
569,2078,4950,38066.7
570,2052,4933.33,38050
571,1929,4850,38283.3
572,1981,4883.33,38366.7
573,1872,4816.67,38333.3
574,1852,4800,38416.7
575,2032,4916.67,38316.7
576,1906,4833.33,38466.7
577,1785,4750,38400
578,1727,4683.33,38366.7
579,1691,4650,38316.7
580,1666,4616.67,38300
581,1709,4666.67,38266.7
582,1692,4650,38333.3
583,1680,4633.33,38433.3
584,1712,4666.67,38383.3
585,1693,4650,38383.3
586,1667,4616.67,38483.3
587,1620,4550,38616.7
588,1607,4533.33,38933.3
589,1580,4500,38900
590,1594,4516.67,38900
591,1579,4500,38500
592,1649,4583.33,38466.7
593,1711,4666.67,38366.7
594,1749,4716.67,38383.3
595,1875,4816.67,38400
596,1933,4850,38350
597,1786,4750,38450
598,1787,4750,38466.7
599,1695,4650,38516.7
600,1605,4533.33,38400
601,1657,4600,38350
602,1635,4566.67,38400
603,1647,4583.33,38350
604,1741,4700,38450
605,1768,4733.33,38466.7
606,1752,4716.67,38450
607,1679,4633.33,38383.3
608,1656,4600,38333.3
609,1634,4566.67,38333.3
610,1659,4600,38433.3
611,1694,4650,38466.7
612,1854,4800,38500
613,2035,4916.67,38483.3
614,2155,4983.33,38466.7
615,2206,5016.67,38483.3
616,2228,5033.33,38400
617,2546,5216.67,38583.3
618,1941,4850,38766.7
619,2262,5050,38950
620,2389,5116.67,39066.7
621,2450,5150,38983.3
622,2388,5116.67,39016.7
623,2261,5050,38933.3
624,2295,5066.67,39050
625,2360,5100,39133.3
626,2392,5116.67,39116.7
627,2496,5183.33,39066.7
628,2725,5350,38983.3
629,2799,5400,38916.7
630,2800,5400,38950
631,2692,5316.67,38900
632,2798,5400,38866.7
633,2826,5416.67,38850
634,2884,5466.67,38966.7
635,2770,5383.33,38966.7
636,2391,5116.67,39100
637,2325,5083.33,39066.7
638,2326,5083.33,39083.3
639,2654,5283.33,39066.7
640,2418,5133.33,39100
641,2587,5233.33,38800
642,2652,5283.33,38833.3
643,2552,5216.67,38800
644,2321,5083.33,38700
645,2412,5133.33,38716.7
646,2928,5533.33,38400
647,2794,5400,38350
648,2877,5466.67,38333.3
649,3140,5850,38133.3
650,3055,5750,38216.7
651,3042,5733.33,38166.7
652,3082,5783.33,38283.3
653,3056,5750,38266.7
654,3098,5800,38350
655,3108,5816.67,38400
656,3018,5683.33,38666.7
657,2909,5500,38350
658,2895,5483.33,38316.7
659,2821,5416.67,38250
660,2894,5483.33,38283.3
661,2349,5100,38400
662,2288,5066.67,38366.7
663,2253,5050,38400
664,1767,4733.33,38450
665,1904,4833.33,38333.3
666,1899,4833.33,38250
667,2031,4916.67,38166.7
668,1804,4766.67,38183.3
669,1738,4700,38283.3
670,1931,4850,38316.7
671,1848,4800,38283.3
672,1845,4800,38216.7
673,1820,4783.33,38283.3
674,1802,4766.67,38133.3
675,2154,4983.33,38433.3
676,2151,4983.33,38366.7
677,2204,5016.67,38350
678,2408,5133.33,38283.3
679,2202,5016.67,38266.7
680,2287,5066.67,38300
681,2116,4966.67,38316.7
682,2149,4983.33,38300
683,2000,4900,38250
684,1978,4883.33,38233.3
685,1847,4800,38266.7
686,1850,4800,38333.3
687,1849,4800,38316.7
688,2156,4983.33,38483.3
689,2232,5033.33,38550
690,2255,5050,38483.3
691,2318,5083.33,38533.3
692,2293,5066.67,38783.3
693,2475,5166.67,38866.7
694,2519,5200,38783.3
695,2411,5133.33,38700
696,2606,5250,38350
697,1873,4816.67,38350
698,1930,4850,38300
699,1902,4833.33,38300
700,1932,4850,38333.3
701,1901,4833.33,38283.3
702,1868,4816.67,38200
703,1928,4850,38200
704,1953,4866.67,38216.7
705,2489,5183.33,38133.3
706,2471,5166.67,38133.3
707,2226,5033.33,38116.7
708,2148,4983.33,38116.7
709,1997,4900,38050
710,1977,4883.33,38050
711,1898,4833.33,38033.3
712,1999,4900,38150
713,1844,4800,38200
714,1782,4750,38033.3
715,1763,4733.33,38100
716,1739,4700,38383.3
717,1618,4550,38350
718,1542,4433.33,38300
719,1590,4516.67,38350
720,1606,4533.33,38416.7
721,1648,4583.33,38383.3
722,1619,4550,38416.7
723,1681,4633.33,38483.3
724,1750,4716.67,38400
725,1765,4733.33,38350
726,1710,4666.67,38283.3
727,1751,4716.67,38416.7
728,1766,4733.33,38400
729,1877,4816.67,38433.3
730,2381,5116.67,38400
731,2409,5133.33,38400
732,2380,5116.67,38383.3
733,2153,4983.33,38400
734,2152,4983.33,38383.3
735,2034,4916.67,38450
736,2006,4900,38466.7
737,2005,4900,38450
738,1937,4850,38500
739,2119,4966.67,38533.3
740,2183,5000,38666.7
741,2292,5066.67,38683.3
742,2448,5150,38766.7
743,2320,5083.33,38650
744,2522,5200,38850
745,2555,5216.67,38850
746,2588,5233.33,38816.7
747,2591,5233.33,39050
748,2524,5200,39033.3
749,2520,5200,38800
750,2386,5116.67,38733.3
751,2518,5200,38750
752,2517,5200,38733.3
753,2521,5200,38833.3
754,2387,5116.67,38816.7
755,2356,5100,38800
756,2449,5150,38900
757,2527,5200,39083.3
758,2562,5216.67,39083.3
759,2677,5300,39050
760,2711,5333.33,38983.3
761,2803,5400,39016.7
762,2869,5450,38983.3
763,2712,5333.33,39016.7
764,2771,5383.33,39016.7
765,2724,5350,38966.7
766,2742,5366.67,38950
767,2710,5333.33,38933.3
768,2883,5466.67,38950
769,2801,5400,38983.3
770,2558,5216.67,38983.3
771,2525,5200,39050
772,2497,5183.33,39100
773,2614,5250,39066.7
774,2635,5266.67,39066.7
775,2561,5216.67,39066.7
776,2494,5183.33,39000
777,2359,5100,39066.7
778,2210,5016.67,39033.3
779,2185,5000,39066.7
780,2263,5050,39033.3
781,2126,4966.67,39133.3
782,1967,4866.67,39150
783,1814,4766.67,39166.7
784,1913,4833.33,39150
785,2040,4916.67,39100
786,1944,4850,39133.3
787,2093,4950,39133.3
788,1945,4850,39150
789,1963,4866.67,39033.3
790,2012,4900,39066.7
791,2158,4983.33,38766.7
792,2633,5266.67,38800
793,2613,5250,38833.3
794,2769,5383.33,38866.7
795,2634,5266.67,38816.7
796,2828,5416.67,38900
797,2678,5300,39066.7
798,2451,5150,39083.3
799,2589,5233.33,38983.3
800,2557,5216.67,38883.3
801,2556,5216.67,38866.7
802,2554,5216.67,38833.3
803,2797,5400,38816.7
804,2848,5433.33,38700
805,2910,5500,38616.7
806,2881,5466.67,38700
807,2938,5550,38966.7
808,2956,5583.33,38933.3
809,2990,5633.33,38900
810,2930,5533.33,38933.3
811,2850,5433.33,38966.7
812,2898,5483.33,38900
813,2824,5416.67,38633.3
814,2691,5316.67,38550
815,2512,5200,38533.3
816,2317,5083.33,38433.3
817,2054,4933.33,38450
818,2033,4916.67,38433.3
819,2036,4916.67,38500
820,2445,5150,38483.3
821,2353,5100,38633.3
822,1823,4783.33,38366.7
823,1982,4883.33,38433.3
824,1934,4850,38366.7
825,2082,4950,38150
826,2765,5383.33,38166.7
827,2917,5516.67,38050
828,2973,5616.67,37983.3
829,2767,5383.33,38233.3
830,2766,5383.33,38183.3
831,2820,5416.67,38200
832,2844,5433.33,37966.7
833,2906,5500,38016.7
834,2819,5416.67,38033.3
835,2764,5383.33,38050
836,2791,5400,38050
837,2762,5383.33,38000
838,2741,5366.67,38033.3
839,2707,5333.33,38150
840,2709,5333.33,38216.7
841,2793,5400,38100
842,2689,5316.67,38133.3
843,2605,5250,38116.7
844,2544,5216.67,38116.7
845,2584,5233.33,38116.7
846,2721,5350,38000
847,2875,5466.67,38016.7
848,2763,5383.33,38016.7
849,2817,5416.67,37900
850,2890,5483.33,37683.3
851,2874,5466.67,37766.7
852,2951,5583.33,37550
853,3016,5683.33,37533.3
854,3002,5666.67,37550
855,2987,5633.33,37600
856,2905,5500,38000
857,3005,5666.67,37916.7
858,3041,5733.33,38000
859,2945,5566.67,37966.7
860,3025,5700,37733.3
861,3241,5950,37766.7
862,3300,6016.67,37633.3
863,3287,6000,37550
864,3395,6100,37533.3
865,3381,6083.33,37583.3
866,3339,6050,37633.3
867,3224,5933.33,37883.3
868,3155,5866.67,37850
869,3071,5766.67,37800
870,3017,5683.33,37883.3
871,2988,5633.33,37883.3
872,2903,5500,37666.7
873,2761,5383.33,37683.3
874,2842,5433.33,37733.3
875,2760,5383.33,37533.3
876,2840,5433.33,37450
877,2759,5383.33,37433.3
878,2923,5533.33,37566.7
879,2873,5466.67,37433.3
880,2841,5433.33,37583.3
881,2922,5533.33,37516.7
882,2916,5516.67,37400
883,2627,5266.67,37366.7
884,2740,5366.67,37200
885,2668,5300,36566.7
886,2688,5316.67,36600
887,2604,5250,36500
888,2902,5500,36666.7
889,3014,5683.33,36383.3
890,2970,5616.67,36416.7
891,3153,5866.67,36283.3
892,3184,5900,36450
893,3067,5766.67,36366.7
894,3237,5950,36450
895,3318,6033.33,36316.7
896,3430,6133.33,36216.7
897,3531,6216.67,36350
898,3469,6166.67,36350
899,3507,6200,36416.7
900,3679,6333.33,36616.7
901,3617,6283.33,36683.3
902,3618,6283.33,36750
903,3680,6333.33,36666.7
904,3597,6266.67,36650
905,3485,6183.33,36483.3
906,3555,6233.33,36466.7
907,3238,5950,36683.3
908,3358,6066.67,36966.7
909,3393,6100,36916.7
910,3443,6150,36866.7
911,3380,6083.33,36733.3
912,3769,6450,36416.7
913,3710,6366.67,36383.3
914,3645,6300,36333.3
915,3693,6350,36300
916,3661,6316.67,36416.7
917,3576,6250,36533.3
918,3711,6366.67,36550
919,3694,6350,36483.3
920,3678,6333.33,36500
921,3793,6483.33,36516.7
922,3815,6533.33,36566.7
923,3814,6533.33,36316.7
924,3854,6633.33,36383.3
925,3901,6716.67,36366.7
926,3991,6850,36450
927,3926,6766.67,36466.7
928,4014,6883.33,36316.7
929,3975,6833.33,36366.7
930,3919,6750,36316.7
931,4029,6916.67,36383.3
932,4001,6866.67,36466.7
933,4053,6950,36400
934,4076,6983.33,36450
935,4043,6933.33,36450
936,4028,6916.67,36316.7
937,4067,6966.67,36266.7
938,4155,7150,36450
939,4160,7166.67,36483.3
940,4092,7033.33,36500
941,4108,7066.67,36466.7
942,4149,7133.33,36483.3
943,4100,7050,36583.3
944,3770,6450,36750
945,3712,6366.67,36783.3
946,3598,6266.67,36866.7
947,3662,6316.67,36833.3
948,3646,6300,36883.3
949,3782,6466.67,36900
950,3847,6616.67,36983.3
951,3882,6683.33,37133.3
952,3936,6783.33,37133.3
953,3992,6850,37050
954,4030,6916.67,37050
955,4069,6966.67,37083.3
956,3949,6800,37066.7
957,3993,6850,37116.7
958,3977,6833.33,36983.3
959,4170,7183.33,36933.3
960,4268,7333.33,36733.3
961,4169,7183.33,36800
962,4248,7300,36950
963,4279,7350,37166.7
964,4161,7166.67,37333.3
965,4094,7033.33,37633.3
966,4031,6916.67,37416.7
967,3920,6750,37350
968,4110,7066.67,37333.3
969,4207,7233.33,37216.7
970,4109,7066.67,36900
971,4021,6900,36966.7
972,4068,6966.67,36900
973,4138,7116.67,37050
974,4247,7300,36933.3
975,4319,7400,36983.3
976,4351,7450,37266.7
977,4360,7466.67,37600
978,4341,7433.33,37700
979,4352,7450,37550
980,4382,7516.67,37500
981,4614,8033.33,37766.7
982,4615,8033.33,37816.7
983,4586,7983.33,37850
984,4653,8116.67,38016.7
985,4873,8550,38166.7
986,5169,8983.33,38150
987,5088,8850,37866.7
988,4961,8666.67,37783.3
989,4847,8500,37866.7
990,4816,8433.33,37950
991,4746,8300,38100
992,4703,8216.67,38033.3
993,4677,8166.67,38016.7
994,4540,7850,37900
995,4499,7783.33,38250
996,4512,7800,38150
997,4541,7850,38000
998,4511,7800,38033.3
999,4430,7633.33,37983.3
1000,4300,7366.67,37800
1001,4269,7333.33,37800
1002,4231,7283.33,37850
1003,4208,7233.33,37916.7
1004,4195,7216.67,37983.3
1005,4228,7266.67,38216.7
1006,4163,7166.67,38200
1007,4018,6883.33,38033.3
1008,4036,6916.67,38216.7
1009,4070,6966.67,38250
1010,4084,7000,38283.3
1011,4087,7016.67,38316.7
1012,4196,7216.67,38350
1013,4130,7100,38650
1014,4005,6866.67,38566.7
1015,3984,6833.33,38683.3
1016,4019,6883.33,38700
1017,4048,6933.33,38716.7
1018,4209,7233.33,38650
1019,4079,6983.33,38583.3
1020,4104,7050,38800
1021,4310,7383.33,38766.7
1022,4321,7400,38700
1023,4185,7200,38783.3
1024,4220,7250,38783.3
1025,4283,7350,38900
1026,4322,7400,38966.7
1027,4301,7366.67,39033.3
1028,4383,7516.67,39283.3
1029,4259,7316.67,39300
1030,4234,7283.33,39283.3
1031,4235,7283.33,39350
1032,4198,7216.67,39416.7
1033,4210,7233.33,39416.7
1034,4187,7200,39416.7
1035,4088,7016.67,39416.7
1036,4049,6933.33,39500
1037,4083,6983.33,39533.3
1038,4071,6966.67,39516.7
1039,4037,6916.67,39483.3
1040,4020,6883.33,39333.3
1041,3967,6816.67,39216.7
1042,3994,6850,39233.3
1043,4141,7116.67,38850
1044,4156,7150,38883.3
1045,4171,7183.33,38833.3
1046,4229,7266.67,38766.7
1047,4281,7350,38666.7
1048,4282,7350,38766.7
1049,4258,7316.67,38733.3
1050,4342,7433.33,38583.3
1051,4343,7433.33,39116.7
1052,4285,7350,39100
1053,4284,7350,39066.7
1054,4413,7583.33,39100
1055,4431,7633.33,39050
1056,4419,7600,39083.3
1057,4480,7733.33,38950
1058,4514,7800,38833.3
1059,4542,7850,38416.7
1060,4513,7800,38316.7
1061,4552,7883.33,38483.3
1062,4559,7900,38633.3
1063,4569,7933.33,38750
1064,4568,7933.33,38666.7
1065,4565,7916.67,38650
1066,4587,7983.33,38783.3
1067,4588,7983.33,39016.7
1068,4661,8133.33,39000
1069,4801,8400,38966.7
1070,4802,8400,39050
1071,4704,8216.67,39183.3
1072,4729,8266.67,39333.3
1073,4683,8183.33,39350
1074,4622,8050,39400
1075,4654,8116.67,39383.3
1076,4632,8066.67,39216.7
1077,4631,8066.67,39133.3
1078,4560,7900,39200
1079,4607,8016.67,39033.3
1080,4712,8233.33,39050
1081,4734,8283.33,38866.7
1082,4829,8466.67,38983.3
1083,4902,8583.33,38666.7
1084,4864,8533.33,38633.3
1085,4788,8383.33,38550
1086,4773,8350,38550
1087,4747,8300,38666.7
1088,4776,8366.67,38766.7
1089,4840,8483.33,38933.3
1090,4848,8500,38800
1091,4828,8466.67,38916.7
1092,4822,8450,38883.3
1093,4827,8466.67,38600
1094,4950,8650,38633.3
1095,4987,8700,38650
1096,5021,8750,38583.3
1097,5020,8750,38550
1098,5054,8800,38466.7
1099,5141,8933.33,38516.7
1100,5151,8950,38566.7
1101,5224,9150,38733.3
1102,5291,9383.33,38800
1103,5240,9216.67,39000
1104,5209,9100,39050
1105,5152,8950,39033.3
1106,5142,8933.33,39000
1107,5131,8916.67,39000
1108,5103,8866.67,39233.3
1109,5153,8950,39316.7
1110,5125,8900,39333.3
1111,5060,8800,39350
1112,4888,8566.67,39050
1113,4874,8550,39150
1114,5055,8800,38816.7
1115,5059,8800,39233.3
1116,5014,8733.33,39183.3
1117,5102,8866.67,39166.7
1118,5124,8900,39100
1119,5058,8800,39066.7
1120,5057,8800,39016.7
1121,5056,8800,38900
1122,5013,8733.33,38966.7
1123,4904,8583.33,38966.7
1124,4903,8583.33,38950
1125,4951,8650,38800
1126,5041,8783.33,38750
1127,5109,8883.33,38733.3
1128,5080,8833.33,38900
1129,5123,8900,38833.3
1130,5193,9050,38866.7
1131,5177,9000,38800
1132,5259,9266.67,38650
1133,5275,9316.67,38566.7
1134,5314,9466.67,38633.3
1135,5304,9416.67,38450
1136,5389,9766.67,38533.3
1137,5412,9850,38466.7
1138,5429,9900,38400
1139,5407,9833.33,38450
1140,5408,9833.33,38466.7
1141,5358,9616.67,38383.3
1142,5441,9950,38300
1143,5464,10050,38516.7
1144,5428,9900,38366.7
1145,5459,10016.7,38416.7
1146,5422,9883.33,38400
1147,5435,9916.67,38283.3
1148,5444,9966.67,38333.3
1149,5546,10283.3,38300
1150,5558,10316.7,38166.7
1151,5602,10400,38116.7
1152,5552,10300,38166.7
1153,5514,10216.7,38066.7
1154,5421,9883.33,38166.7
1155,5427,9900,38133.3
1156,5394,9783.33,38150
1157,5388,9766.67,37933.3
1158,5357,9616.67,38100
1159,5364,9633.33,38083.3
1160,5342,9566.67,38133.3
1161,5341,9566.67,38033.3
1162,5327,9500,37900
1163,5235,9200,37883.3
1164,5223,9150,37800
1165,5208,9100,37833.3
1166,5248,9250,37916.7
1167,5244,9233.33,37950
1168,5239,9216.67,38000
1169,5150,8950,37416.7
1170,5263,9283.33,36900
1171,5393,9783.33,36650
1172,5446,9983.33,36616.7
1173,5505,10200,36800
1174,5732,10633.3,36816.7
1175,5513,10216.7,36500
1176,5523,10233.3,36416.7
1177,5544,10283.3,36333.3
1178,5522,10233.3,36216.7
1179,5584,10366.7,36333.3
1180,5551,10300,36350
1181,5708,10583.3,36500
1182,5731,10633.3,36200
1183,5692,10566.7,36033.3
1184,5648,10500,36100
1185,5694,10566.7,36083.3
1186,5798,10750,35850
1187,5897,10900,35766.7
1188,5764,10700,35600
1189,5855,10833.3,35516.7
1190,5873,10866.7,35450
1191,5977,11016.7,35516.7
1192,5983,11033.3,35450
1193,5989,11050,35450
1194,5777,10716.7,35533.3
1195,5713,10600,35516.7
1196,5719,10616.7,35500
1197,5763,10700,35466.7
1198,5729,10633.3,35433.3
1199,5750,10683.3,35250
1200,5745,10666.7,35266.7
1201,5761,10700,35333.3
1202,5795,10750,35366.7
1203,5865,10850,35266.7
1204,5854,10833.3,35250
1205,5866,10850,35316.7
1206,5896,10900,35033.3
1207,5988,11050,35100
1208,6000,11083.3,35116.7
1209,6014,11133.3,34933.3
1210,6029,11166.7,34866.7
1211,5968,11000,34800
1212,5910,10916.7,34850
1213,5956,10983.3,34800
1214,5998,11083.3,34633.3
1215,5976,11016.7,34633.3
1216,5936,10950,34650
1217,5909,10916.7,34650
1218,5892,10900,34650
1219,5967,11000,34600
1220,5975,11016.7,34616.7
1221,5982,11033.3,34650
1222,5922,10933.3,34700
1223,5923,10933.3,34716.7
1224,5846,10816.7,34666.7
1225,5835,10800,34666.7
1226,5853,10833.3,34650
1227,5863,10850,34666.7
1228,5794,10750,34900
1229,5949,10966.7,34983.3
1230,5969,11000,34950
1231,5937,10950,34900
1232,6044,11216.7,35450
1233,6085,11366.7,35400
1234,6048,11233.3,35466.7
1235,6095,11450,35200
1236,6100,11533.3,35316.7
1237,6065,11300,35033.3
1238,6072,11316.7,34800
1239,6057,11266.7,34766.7
1240,6035,11183.3,34833.3
1241,6005,11100,34650
1242,6028,11166.7,34716.7
1243,6034,11183.3,34733.3
1244,6079,11333.3,34866.7
1245,6081,11350,34883.3
1246,6094,11450,34933.3
1247,6088,11400,34933.3
1248,6098,11516.7,34983.3
1249,6107,11566.7,34983.3
1250,6104,11550,34983.3
1251,6099,11533.3,34983.3
1252,6082,11350,34900
1253,6084,11366.7,34900
1254,6074,11316.7,34850
1255,6039,11200,34733.3
1256,6055,11250,34750
1257,6078,11333.3,34850
1258,6064,11300,34800
1259,6073,11316.7,34833.3
1260,6060,11283.3,34766.7
1261,6047,11233.3,34733.3
1262,5894,10900,34950
1263,5987,11050,34900
1264,5999,11083.3,34900
1265,6006,11100,34833.3
1266,5948,10966.7,34916.7
1267,5895,10900,34966.7
1268,5836,10800,35050
1269,5938,10950,34933.3
1270,5872,10866.7,34866.7
1271,5728,10633.3,35100
1272,5812,10766.7,35116.7
1273,5825,10783.3,35000
1274,5864,10850,35033.3
1275,5970,11000,35066.7
1276,5925,10933.3,35016.7
1277,5924,10933.3,34916.7
1278,5882,10883.3,34916.7
1279,5947,10966.7,34850
1280,5957,10983.3,34866.7
1281,5893,10900,34750
1282,5784,10733.3,34683.3
1283,5615,10433.3,34900
1284,5676,10550,34950
1285,5762,10700,35383.3
1286,5837,10800,35283.3
1287,5826,10783.3,35550
1288,5796,10750,35500
1289,5690,10566.7,35683.3
1290,5753,10683.3,35666.7
1291,5752,10683.3,35650
1292,5754,10683.3,35750
1293,5813,10766.7,35616.7
1294,5706,10583.3,35733.3
1295,5679,10550,35916.7
1296,5797,10750,35833.3
1297,5671,10533.3,35733.3
1298,5660,10516.7,35750
1299,5691,10566.7,35850
1300,5678,10550,35850
1301,5661,10516.7,35933.3
1302,5624,10450,35816.7
1303,5499,10166.7,35866.7
1304,5443,9966.67,35783.3
1305,5485,10116.7,35883.3
1306,5521,10233.3,36100
1307,5564,10333.3,36233.3
1308,5600,10400,36116.7
1309,5512,10216.7,36066.7
1310,5543,10283.3,36116.7
1311,5707,10583.3,36133.3
1312,5799,10750,36000
1313,5739,10650,36066.7
1314,5693,10566.7,36066.7
1315,5696,10566.7,36316.7
1316,5695,10566.7,36250
1317,5898,10900,36150
1318,5958,10983.3,36100
1319,6023,11150,35933.3
1320,6036,11183.3,36033.3
1321,6015,11133.3,36100
1322,6001,11083.3,36050
1323,6089,11400,36033.3
1324,6101,11533.3,36100
1325,6087,11383.3,36250
1326,6080,11333.3,36300
1327,6050,11233.3,36216.7
1328,6049,11233.3,36116.7
1329,6066,11300,36200
1330,6061,11283.3,36416.7
1331,6067,11300,36433.3
1332,6075,11316.7,36350
1333,6091,11416.7,36533.3
1334,6115,11666.7,36500
1335,6113,11616.7,36600
1336,6105,11550,36566.7
1337,6108,11566.7,36733.3
1338,6106,11550,36883.3
1339,6110,11583.3,36966.7
1340,6102,11533.3,37083.3
1341,6059,11266.7,37016.7
1342,6058,11266.7,36883.3
1343,6092,11416.7,36950
1344,6097,11466.7,37083.3
1345,6096,11450,37200
1346,6056,11250,37250
1347,6040,11200,37283.3
1348,6090,11400,37400
1349,6103,11533.3,37416.7
1350,6109,11566.7,37416.7
1351,6111,11583.3,37500
1352,6112,11600,37416.7
1353,6116,11700,37433.3
1354,6114,11616.7,37500
1355,6117,11733.3,37450
1356,6063,11283.3,37516.7
1357,6042,11200,37516.7
1358,6031,11166.7,37633.3
1359,6070,11300,37616.7
1360,6083,11350,37466.7
1361,6041,11200,37400
1362,5979,11016.7,37533.3
1363,6011,11116.7,37533.3
1364,6025,11150,37550
1365,6051,11233.3,37500
1366,6045,11216.7,37566.7
1367,6010,11116.7,37383.3
1368,5993,11066.7,37350
1369,6024,11150,37316.7
1370,6069,11300,37400
1371,6093,11433.3,37483.3
1372,6068,11300,37316.7
1373,6076,11316.7,37316.7
1374,6062,11283.3,37333.3
1375,6030,11166.7,37483.3
1376,5959,10983.3,37283.3
1377,5978,11016.7,37183.3
1378,5911,10916.7,37050
1379,5839,10800,37116.7
1380,5847,10816.7,37100
1381,5800,10750,37000
1382,5867,10850,37033.3
1383,5838,10800,37033.3
1384,5755,10683.3,37083.3
1385,5765,10700,37166.7
1386,5814,10766.7,37233.3
1387,5883,10883.3,37500
1388,5827,10783.3,37566.7
1389,5874,10866.7,37783.3
1390,5927,10933.3,37800
1391,5926,10933.3,37683.3
1392,6052,11233.3,37750
1393,6016,11133.3,37700
1394,5994,11066.7,37666.7
1395,6007,11100,37700
1396,6046,11216.7,37733.3
1397,6043,11200,37800
1398,6002,11083.3,37866.7
1399,5912,10916.7,38033.3
1400,5928,10933.3,38000
1401,5939,10950,38016.7
1402,5971,11000,38066.7
1403,5940,10950,38100
1404,5960,10983.3,38183.3
1405,6032,11166.7,38116.7
1406,5995,11066.7,38133.3
1407,5984,11033.3,38000
1408,5868,10850,38383.3
1409,5828,10783.3,38483.3
1410,5802,10750,38750
1411,5914,10916.7,38750
1412,5804,10750,38950
1413,5870,10850,39133.3
1414,5919,10916.7,39300
1415,5986,11033.3,39200
1416,5820,10766.7,39133.3
1417,5758,10683.3,39183.3
1418,5832,10783.3,39383.3
1419,5724,10616.7,39266.7
1420,5772,10700,39250
1421,5774,10700,39400
1422,5823,10766.7,39400
1423,5880,10866.7,39350
1424,5944,10950,39416.7
1425,5966,10983.3,39450
1426,5955,10966.7,39583.3
1427,5908,10900,39533.3
1428,5921,10916.7,39616.7
1429,5991,11050,39333.3
1430,5964,10983.3,39283.3
1431,5943,10950,39283.3
1432,5933,10933.3,39300
1433,5918,10916.7,39166.7
1434,5857,10833.3,39300
1435,5743,10650,39333.3
1436,5822,10766.7,39316.7
1437,5773,10700,39366.7
1438,5725,10616.7,39400
1439,5700,10566.7,39333.3
1440,5611,10416.7,39350
1441,5568,10333.3,39416.7
1442,5642,10483.3,39400
1443,5604,10400,39450
1444,5587,10366.7,39266.7
1445,5559,10316.7,39283.3
1446,5572,10350,39266.7
1447,5549,10283.3,39400
1448,5537,10266.7,39600
1449,5482,10100,39666.7
1450,5461,10016.7,39583.3
1451,5469,10050,39500
1452,5468,10050,39450
1453,5487,10116.7,39383.3
1454,5605,10400,39516.7
1455,5637,10466.7,39383.3
1456,5682,10550,39283.3
1457,5791,10733.3,39350
1458,5781,10716.7,39333.3
1459,5790,10733.3,39283.3
1460,5775,10700,39533.3
1461,5805,10750,39500
1462,5905,10900,39333.3
1463,5881,10866.7,39450
1464,5992,11050,39383.3
1465,5954,10966.7,39366.7
1466,5886,10883.3,39383.3
1467,5907,10900,39383.3
1468,5906,10900,39350
1469,5887,10883.3,39400
1470,5851,10816.7,39366.7
1471,5821,10766.7,39233.3
1472,5945,10950,39483.3
1473,5792,10733.3,39616.7
1474,5702,10566.7,39600
1475,5712,10583.3,39733.3
1476,5860,10833.3,39666.7
1477,5759,10683.3,39716.7
1478,5808,10750,39700
1479,5852,10816.7,39650
1480,5844,10800,39666.7
1481,5628,10450,40133.3
1482,5606,10400,40150
1483,5620,10433.3,40133.3
1484,5539,10266.7,40116.7
1485,5520,10216.7,40233.3
1486,5666,10516.7,40083.3
1487,5576,10350,39866.7
1488,5555,10300,39883.3
1489,5518,10216.7,39900
1490,5502,10166.7,40033.3
1491,5519,10216.7,40116.7
1492,5541,10266.7,40183.3
1493,5579,10350,40033.3
1494,5526,10233.3,39966.7
1495,5656,10500,39833.3
1496,5824,10766.7,39983.3
1497,5793,10733.3,39966.7
1498,5834,10783.3,39883.3
1499,5845,10800,39833.3
1500,5760,10683.3,39833.3
1501,5550,10283.3,40116.7
1502,5581,10350,40250
1503,5498,10150,40016.7
1504,5578,10350,39966.7
1505,5644,10483.3,40050
1506,5582,10350,40333.3
1507,5599,10383.3,40316.7
1508,5614,10416.7,40333.3
1509,5583,10350,40433.3
1510,5569,10333.3,40433.3
1511,5646,10483.3,40416.7
1512,5645,10483.3,40333.3
1513,5629,10450,40200
1514,5657,10500,40316.7
1515,5630,10450,40350
1516,5590,10366.7,40283.3
1517,5556,10300,40200
1518,5563,10316.7,40216.7
1519,5510,10200,40150
1520,5540,10266.7,40166.7
1521,5532,10250,40133.3
1522,5538,10266.7,39950
1523,5589,10366.7,39783.3
1524,5562,10316.7,39883.3
1525,5643,10483.3,39716.7
1526,5711,10583.3,39700
1527,5703,10566.7,39616.7
1528,5748,10666.7,39633.3
1529,5934,10933.3,39600
1530,5861,10833.3,39716.7
1531,5871,10850,39733.3
1532,5862,10833.3,39750
1533,5809,10750,39750
1534,5833,10783.3,39766.7
1535,5806,10750,39633.3
1536,5879,10866.7,39300
1537,5842,10800,39250
1538,5878,10866.7,39266.7
1539,5831,10783.3,39133.3
1540,5830,10783.3,39100
1541,5980,11016.7,39133.3
1542,5973,11000,39100
1543,5942,10950,39100
1544,5885,10883.3,39366.7
1545,5965,10983.3,39366.7
1546,5974,11000,39250
1547,6022,11133.3,39183.3
1548,6009,11100,39100
1549,5953,10966.7,39000
1550,6013,11116.7,39100
1551,5904,10900,39283.3
1552,5981,11016.7,39200
1553,5963,10983.3,39150
1554,5858,10833.3,39450
1555,5843,10800,39550
1556,5807,10750,39683.3
1557,5935,10933.3,39650
1558,5782,10716.7,39733.3
1559,5783,10716.7,39783.3
1560,5859,10833.3,39600
1561,5891,10883.3,39633.3
1562,5890,10883.3,39616.7
1563,5888,10883.3,39516.7
1564,5946,10950,39566.7
1565,5920,10916.7,39550
1566,5889,10883.3,39566.7
1567,5776,10700,39583.3
1568,5726,10616.7,39616.7
1569,5736,10633.3,39666.7
1570,5654,10500,39516.7
1571,5573,10350,39666.7
1572,5598,10383.3,39666.7
1573,5588,10366.7,39666.7
1574,5481,10100,39650
1575,5492,10133.3,39633.3
1576,5516,10216.7,39583.3
1577,5501,10166.7,39566.7
1578,5474,10083.3,39383.3
1579,5479,10100,39416.7
1580,5494,10150,39333.3
1581,5530,10250,39250
1582,5567,10333.3,39283.3
1583,5554,10300,39366.7
1584,5531,10250,39483.3
1585,5442,9950,39566.7
1586,5480,10100,39633.3
1587,5450,9983.33,39800
1588,5454,10000,39650
1589,5455,10000,39716.7
1590,5561,10316.7,39850
1591,5575,10350,39833.3
1592,5560,10316.7,39833.3
1593,5517,10216.7,39750
1594,5613,10416.7,40050
1595,5744,10650,40166.7
1596,5607,10400,40333.3
1597,5621,10433.3,40350
1598,5686,10550,40333.3
1599,5685,10550,40250
1600,5727,10616.7,40200
1601,5810,10750,40016.7
1602,5574,10350,39816.7
1603,5612,10416.7,39983.3
1604,5580,10350,40083.3
1605,5577,10350,39933.3
1606,5597,10383.3,39633.3
1607,5639,10466.7,39550
1608,5665,10516.7,39483.3
1609,5641,10483.3,39333.3
1610,5619,10433.3,39300
1611,5683,10550,39300
1612,5653,10500,39050
1613,5681,10550,39116.7
1614,5710,10583.3,38950
1615,5635,10466.7,39083.3
1616,5566,10333.3,39016.7
1617,5634,10466.7,38983.3
1618,5698,10566.7,38800
1619,5697,10566.7,38733.3
1620,5840,10800,38516.7
1621,5848,10816.7,38600
1622,5709,10583.3,38733.3
1623,5771,10700,38783.3
1624,5735,10633.3,38700
1625,5734,10633.3,38666.7
1626,5786,10733.3,38633.3
1627,5770,10700,38533.3
1628,5876,10866.7,38633.3
1629,5985,11033.3,38966.7
1630,5917,10916.7,39066.7
1631,5941,10950,39050
1632,5902,10900,39016.7
1633,5757,10683.3,38900
1634,5741,10650,38883.3
1635,5756,10683.3,38833.3
1636,5779,10716.7,38800
1637,5803,10750,38833.3
1638,5829,10783.3,38900
1639,5916,10916.7,38983.3
1640,5952,10966.7,38866.7
1641,5818,10766.7,38850
1642,5819,10766.7,38900
1643,5789,10733.3,38983.3
1644,5780,10716.7,39133.3
1645,5742,10650,39183.3
1646,5627,10450,39450
1647,5638,10466.7,39466.7
1648,5655,10500,39566.7
1649,5717,10600,39516.7
1650,5701,10566.7,39550
1651,5684,10550,39483.3
1652,5850,10816.7,39150
1653,5849,10816.7,39133.3
1654,5903,10900,39116.7
1655,5716,10600,39150
1656,5715,10600,39133.3
1657,5723,10616.7,39116.7
1658,5673,10533.3,39116.7
1659,5714,10600,39066.7
1660,5788,10733.3,38866.7
1661,5747,10666.7,39000
1662,5746,10666.7,38900
1663,5721,10616.7,39000
1664,5722,10616.7,39066.7
1665,5618,10433.3,39200
1666,5610,10416.7,39233.3
1667,5626,10450,39250
1668,5596,10383.3,39150
1669,5595,10383.3,39033.3
1670,5636,10466.7,39133.3
1671,5609,10416.7,39166.7
1672,5571,10350,39216.7
1673,5603,10400,39216.7
1674,5652,10500,39016.7
1675,5651,10500,38800
1676,5503,10183.3,38933.3
1677,5525,10233.3,38933.3
1678,5548,10283.3,38983.3
1679,5536,10266.7,39000
1680,5467,10050,39000
1681,5471,10066.7,38933.3
1682,5528,10250,38700
1683,5535,10266.7,38633.3
1684,5515,10216.7,38750
1685,5508,10200,38833.3
1686,5509,10200,38850
1687,5478,10100,38950
1688,5460,10016.7,38866.7
1689,5430,9900,38716.7
1690,5466,10050,38700
1691,5452,10000,38633.3
1692,5465,10050,38600
1693,5473,10083.3,38683.3
1694,5524,10233.3,38616.7
1695,5553,10300,38500
1696,5472,10083.3,38433.3
1697,5486,10116.7,38466.7
1698,5491,10133.3,38450
1699,5507,10200,38483.3
1700,5500,10166.7,38400
1701,5592,10383.3,38350
1702,5585,10366.7,38216.7
1703,5490,10133.3,37933.3
1704,5488,10133.3,37850
1705,5506,10200,37916.7
1706,5439,9933.33,37883.3
1707,5411,9850,37916.7
1708,5425,9900,38050
1709,5426,9900,38066.7
1710,5420,9883.33,38000
1711,5384,9750,38083.3
1712,5385,9750,38133.3
1713,5376,9683.33,38016.7
1714,5369,9650,38066.7
1715,5338,9550,37900
1716,5309,9433.33,37866.7
1717,5270,9300,38400
1718,5287,9366.67,38166.7
1719,5299,9400,38150
1720,5230,9166.67,38083.3
1721,5410,9850,37700
1722,5372,9666.67,37716.7
1723,5373,9666.67,37866.7
1724,5352,9600,37616.7
1725,5351,9600,37466.7
1726,5347,9583.33,37433.3
1727,5363,9633.33,37150
1728,5493,10150,37050
1729,5406,9833.33,36966.7
1730,5387,9766.67,37066.7
1731,5396,9800,37433.3
1732,5438,9933.33,37550
1733,5458,10016.7,37516.7
1734,5463,10050,37750
1735,5489,10133.3,37866.7
1736,5545,10283.3,37883.3
1737,5557,10316.7,37883.3
1738,5601,10400,37900
1739,5662,10516.7,37800
1740,5649,10500,37866.7
1741,5625,10450,37833.3
1742,5632,10466.7,37883.3
1743,5663,10516.7,37933.3
1744,5650,10500,38033.3
1745,5680,10550,38000
1746,5733,10633.3,38116.7
1747,5766,10700,38266.7
1748,5778,10716.7,38483.3
1749,5816,10766.7,38733.3
1750,5841,10800,38700
1751,5787,10733.3,38666.7
1752,5817,10766.7,38750
1753,5875,10866.7,38566.7
1754,5856,10833.3,38633.3
1755,5900,10900,38550
1756,5901,10900,38800
1757,6021,11133.3,38883.3
1758,6004,11083.3,38966.7
1759,5972,11000,39016.7
1760,5961,10983.3,38816.7
1761,5951,10966.7,38600
1762,5932,10933.3,38700
1763,5884,10883.3,38983.3
1764,5915,10916.7,38900
1765,5869,10850,38833.3
1766,5877,10866.7,38783.3
1767,5962,10983.3,38850
1768,6054,11233.3,38666.7
1769,6027,11150,38583.3
1770,6033,11166.7,38450
1771,6003,11083.3,38483.3
1772,5997,11066.7,38650
1773,6019,11133.3,38500
1774,5990,11050,38533.3
1775,6020,11133.3,38616.7
1776,6017,11133.3,38250
1777,6037,11183.3,38266.7
1778,6018,11133.3,38283.3
1779,6008,11100,38200
1780,5996,11066.7,38216.7
1781,6012,11116.7,38183.3
1782,6026,11150,38266.7
1783,6077,11316.7,38383.3
1784,6086,11366.7,38416.7
1785,6071,11300,38450
1786,6038,11183.3,38433.3
1787,6053,11233.3,38366.7
1788,5931,10933.3,38433.3
1789,5929,10933.3,38316.7
1790,5950,10966.7,38383.3
1791,5930,10933.3,38400
1792,5899,10900,38500
1793,5913,10916.7,38250
1794,5815,10766.7,38233.3
1795,5740,10650,38500
1796,5801,10750,38466.7
1797,5768,10700,38433.3
1798,5767,10700,38416.7
1799,5769,10700,38483.3
1800,5586,10366.7,38450
1801,5593,10383.3,38766.7
1802,5633,10466.7,38933.3
1803,5594,10383.3,38916.7
1804,5547,10283.3,38916.7
1805,5529,10250,38983.3
1806,5699,10566.7,38933.3
1807,5664,10516.7,38983.3
1808,5565,10333.3,38733.3
1809,5453,10000,38983.3
1810,5431,9900,38966.7
1811,5409,9833.33,39066.7
1812,5399,9816.67,39050
1813,5416,9866.67,39183.3
1814,5374,9666.67,39000
1815,5353,9600,39033.3
1816,5305,9416.67,38983.3
1817,5379,9700,38933.3
1818,5395,9783.33,38933.3
1819,5398,9816.67,38966.7
1820,5370,9650,39066.7
1821,5365,9633.33,39133.3
1822,5359,9616.67,39250
1823,5354,9600,39266.7
1824,5380,9700,39200
1825,5400,9816.67,39266.7
1826,5401,9816.67,39283.3
1827,5447,9983.33,39383.3
1828,5436,9916.67,39233.3
1829,5417,9866.67,39250
1830,5448,9983.33,39400
1831,5432,9900,39616.7
1832,5433,9900,39633.3
1833,5418,9866.67,39600
1834,5449,9983.33,39650
1835,5414,9850,39583.3
1836,5375,9666.67,39400
1837,5356,9600,39516.7
1838,5355,9600,39416.7
1839,5413,9850,39466.7
1840,5402,9816.67,39566.7
1841,5403,9816.67,39583.3
1842,5381,9733.33,39616.7
1843,5371,9650,39700
1844,5423,9883.33,39733.3
1845,5483,10100,39950
1846,5497,10150,39866.7
1847,5495,10150,39783.3
1848,5496,10150,39816.7
1849,5475,10083.3,39850
1850,5462,10016.7,39766.7
1851,5397,9800,39433.3
1852,5343,9566.67,39316.7
1853,5348,9583.33,39366.7
1854,5328,9500,39400
1855,5301,9400,39433.3
1856,5288,9366.67,39416.7
1857,5300,9400,39400
1858,5329,9500,39483.3
1859,5333,9533.33,39516.7
1860,5334,9533.33,39633.3
1861,5366,9633.33,39666.7
1862,5332,9533.33,39466.7
1863,5404,9816.67,39733.3
1864,5382,9733.33,39700
1865,5377,9683.33,39550
1866,5330,9500,39650
1867,5303,9400,39600
1868,5311,9433.33,39550
1869,5264,9283.33,39433.3
1870,5249,9250,39400
1871,5231,9166.67,39350
1872,5194,9050,39333.3
1873,5198,9066.67,39316.7
1874,5245,9233.33,39283.3
1875,5322,9483.33,39466.7
1876,5310,9433.33,39433.3
1877,5361,9616.67,39516.7
1878,5360,9616.67,39500
1879,5302,9400,39583.3
1880,5306,9416.67,39600
1881,5292,9383.33,39616.7
1882,5241,9216.67,39616.7
1883,5250,9250,39616.7
1884,5276,9316.67,39633.3
1885,5236,9200,39600
1886,5216,9133.33,39583.3
1887,5210,9100,39550
1888,5110,8883.33,39500
1889,5161,8966.67,39500
1890,5143,8933.33,39516.7
1891,5090,8850,39450
1892,5022,8750,39316.7
1893,5089,8850,39333.3
1894,5091,8850,39466.7
1895,5015,8733.33,39400
1896,5023,8750,39400
1897,4850,8500,39283.3
1898,4929,8616.67,39300
1899,4919,8600,39250
1900,4789,8383.33,39166.7
1901,4803,8400,39283.3
1902,4810,8416.67,39283.3
1903,4849,8500,39250
1904,4790,8383.33,39200
1905,4748,8300,39216.7
1906,4696,8200,39216.7
1907,4662,8133.33,39166.7
1908,4672,8150,39150
1909,4616,8033.33,39266.7
1910,4543,7850,39800
1911,4494,7766.67,39866.7
1912,4451,7666.67,39866.7
1913,4481,7733.33,39866.7
1914,4501,7783.33,39850
1915,4515,7800,39816.7
1916,4591,7983.33,39766.7
1917,4590,7983.33,39650
1918,4553,7883.33,39683.3
1919,4566,7916.67,39650
1920,4575,7950,39416.7
1921,4589,7983.33,39433.3
1922,4493,7766.67,39350
1923,4466,7700,39283.3
1924,4488,7750,39333.3
1925,4487,7750,39183.3
1926,4459,7683.33,39200
1927,4530,7833.33,39200
1928,4500,7783.33,39283.3
1929,4531,7833.33,39300
1930,4486,7750,39033.3
1931,4443,7650,39166.7
1932,4425,7616.67,39266.7
1933,4371,7500,39266.7
1934,4232,7283.33,39200
1935,4221,7250,39233.3
1936,4233,7283.33,39216.7
1937,4250,7300,39200
1938,4172,7183.33,39400
1939,4025,6900,39266.7
1940,4011,6866.67,39466.7
1941,4010,6866.67,39416.7
1942,3996,6850,39283.3
1943,3986,6833.33,39266.7
1944,4007,6866.67,39183.3
1945,3988,6833.33,39333.3
1946,3945,6783.33,39283.3
1947,3924,6750,39283.3
1948,3997,6850,39366.7
1949,3987,6833.33,39283.3
1950,3995,6850,39250
1951,4143,7116.67,39400
1952,4166,7166.67,39500
1953,4150,7133.33,39516.7
1954,4270,7333.33,39300
1955,4324,7400,39383.3
1956,4323,7400,39333.3
1957,4251,7300,39300
1958,4165,7166.67,39300
1959,4186,7200,39166.7
1960,4142,7116.67,39200
1961,4197,7216.67,39150
1962,4164,7166.67,39233.3
1963,4095,7033.33,39283.3
1964,3968,6816.67,39316.7
1965,3985,6833.33,38866.7
1966,3857,6633.33,38783.3
1967,3886,6683.33,38750
1968,3829,6566.67,38850
1969,3848,6616.67,38733.3
1970,3892,6700,38733.3
1971,3911,6733.33,38733.3
1972,3863,6650,38616.7
1973,3883,6683.33,38600
1974,3862,6650,38550
1975,3826,6566.67,38400
1976,3746,6416.67,38433.3
1977,3577,6250,38583.3
1978,3725,6383.33,38533.3
1979,3695,6350,38466.7
1980,3621,6283.33,38566.7
1981,3578,6250,38666.7
1982,3601,6266.67,38700
1983,3726,6383.33,38633.3
1984,3772,6450,38666.7
1985,3864,6650,38833.3
1986,3912,6733.33,38783.3
1987,3941,6783.33,38833.3
1988,3930,6766.67,38916.7
1989,3955,6800,38900
1990,4006,6866.67,38950
1991,3876,6666.67,39050
1992,3877,6666.67,39216.7
1993,3915,6733.33,39216.7
1994,3866,6650,39200
1995,3933,6766.67,39200
1996,3916,6733.33,39233.3
1997,3888,6683.33,39200
1998,3923,6750,39100
1999,4023,6900,39066.7
2000,3914,6733.33,39033.3
2001,3843,6600,38866.7
2002,3830,6566.67,38966.7
2003,3795,6483.33,39000
2004,3774,6450,38950
2005,3801,6500,38933.3
2006,3807,6516.67,38983.3
2007,3759,6433.33,38900
2008,3728,6383.33,38866.7
2009,3784,6466.67,38866.7
2010,3800,6500,38866.7
2011,3818,6533.33,38866.7
2012,3806,6516.67,38916.7
2013,3842,6600,38600
2014,3827,6566.67,38650
2015,3836,6583.33,38566.7
2016,3794,6483.33,38466.7
2017,3841,6600,38350
2018,3825,6566.67,38300
2019,3824,6566.67,37950
2020,3835,6583.33,37933.3
2021,3840,6600,37866.7
2022,3937,6783.33,37766.7
2023,3874,6666.67,37816.7
2024,4016,6883.33,37816.7
2025,4057,6950,37800
2026,4102,7050,37766.7
2027,4162,7166.67,37500
2028,4078,6983.33,37650
2029,4077,6983.33,37600
2030,4117,7083.33,37583.3
2031,4111,7066.67,37516.7
2032,4226,7266.67,37600
2033,4249,7300,37700
2034,4227,7266.67,37666.7
2035,4320,7400,37733.3
2036,4331,7416.67,37650
2037,4299,7366.67,37566.7
2038,4280,7350,37516.7
2039,4181,7200,37550
2040,4139,7116.67,37533.3
2041,4140,7116.67,37783.3
2042,4118,7083.33,37766.7
2043,4183,7200,37783.3
2044,4219,7250,37800
2045,4184,7200,37850
2046,4182,7200,37716.7
2047,4056,6950,37700
2048,4086,7016.67,37616.7
2049,4101,7050,37583.3
2050,4055,6950,37533.3
2051,3978,6833.33,37500
2052,3950,6800,37733.3
2053,3979,6833.33,37633.3
2054,4032,6916.67,37550
2055,3966,6816.67,37666.7
2056,4103,7050,37800
2057,4015,6883.33,37616.7
2058,4033,6916.67,37583.3
2059,4093,7033.33,37566.7
2060,4128,7100,37566.7
2061,4129,7100,37583.3
2062,4047,6933.33,37600
2063,4045,6933.33,37516.7
2064,4046,6933.33,37566.7
2065,3921,6750,37550
2066,4002,6866.67,37500
2067,3910,6733.33,38016.7
2068,3928,6766.67,37900
2069,3927,6766.67,37816.7
2070,3938,6783.33,37916.7
2071,3981,6833.33,37900
2072,3980,6833.33,37816.7
2073,4022,6900,37766.7
2074,4035,6916.67,37833.3
2075,4034,6916.67,37816.7
2076,3951,6800,37783.3
2077,4004,6866.67,37883.3
2078,4003,6866.67,37850
2079,4017,6883.33,37850
2080,3982,6833.33,38166.7
2081,3983,6833.33,38183.3
2082,3939,6783.33,38200
2083,3922,6750,38116.7
2084,3875,6666.67,38133.3
2085,3855,6633.33,38166.7
2086,3817,6533.33,38183.3
2087,3771,6450,38333.3
2088,3736,6400,38350
2089,3664,6316.67,38266.7
2090,3682,6333.33,38383.3
2091,3758,6433.33,38333.3
2092,3856,6633.33,38250
2093,3952,6800,38316.7
2094,3929,6766.67,38450
2095,3885,6683.33,38683.3
2096,3902,6716.67,38666.7
2097,3954,6800,38716.7
2098,3953,6800,38650
2099,3940,6783.33,38583.3
2100,3884,6683.33,38650
2101,3828,6566.67,38750
2102,3783,6466.67,38833.3
2103,3858,6633.33,39183.3
2104,3837,6583.33,39133.3
2105,3844,6600,39066.7
2106,3865,6650,39100
2107,3931,6766.67,39133.3
2108,3903,6716.67,39066.7
2109,3849,6616.67,39116.7
2110,3958,6800,39283.3
2111,3944,6783.33,39266.7
2112,4008,6866.67,39266.7
2113,4009,6866.67,39300
2114,4082,6983.33,39283.3
2115,4024,6900,39116.7
2116,3943,6783.33,39200
2117,3956,6800,39216.7
2118,3957,6800,39250
2119,3932,6766.67,39166.7
2120,4105,7050,38966.7
2121,4112,7066.67,38966.7
2122,4060,6950,39150
2123,4081,6983.33,39100
2124,4059,6950,39100
2125,4058,6950,39016.7
2126,4080,6983.33,38933.3
2127,3942,6783.33,39050
2128,3913,6733.33,38950
2129,3887,6683.33,38900
2130,3893,6700,39033.3
2131,3831,6566.67,39033.3
2132,3666,6316.67,39283.3
2133,3648,6300,39266.7
2134,3513,6200,39250
2135,3386,6083.33,39300
2136,3372,6066.67,39350
2137,3263,5966.67,39333.3
2138,3404,6100,39300
2139,3307,6016.67,39266.7
2140,3325,6033.33,39283.3
2141,3497,6183.33,39333.3
2142,3457,6150,39500
2143,3275,5983.33,39266.7
2144,3173,5883.33,39233.3
2145,3125,5833.33,39233.3
2146,3112,5816.67,39300
2147,3058,5750,39283.3
2148,3111,5816.67,39283.3
2149,3085,5783.33,39300
2150,3143,5850,39283.3
2151,3187,5900,39216.7
2152,3206,5916.67,39200
2153,3208,5916.67,39233.3
2154,3160,5866.67,39250
2155,3228,5933.33,39250
2156,3209,5916.67,39250
2157,3146,5850,39350
2158,3366,6066.67,39250
2159,3382,6083.33,39216.7
2160,3290,6000,39216.7
2161,3288,6000,39183.3
2162,3255,5966.67,39183.3
2163,3274,5983.33,39250
2164,3245,5950,39266.7
2165,3320,6033.33,39200
2166,3399,6100,39216.7
2167,3447,6150,39200
2168,3510,6200,39200
2169,3495,6183.33,39300
2170,3670,6316.67,39433.3
2171,3653,6300,39533.3
2172,3697,6350,39416.7
2173,3565,6233.33,39366.7
2174,3606,6266.67,39350
2175,3453,6150,39300
2176,3477,6166.67,39283.3
2177,3492,6183.33,39250
2178,3583,6250,39283.3
2179,3580,6250,39233.3
2180,3560,6233.33,39250
2181,3433,6133.33,39216.7
2182,3479,6166.67,39350
2183,3387,6083.33,39333.3
2184,3402,6100,39266.7
2185,3344,6050,39250
2186,3304,6016.67,39216.7
2187,3342,6050,39216.7
2188,3343,6050,39233.3
2189,3472,6166.67,39183.3
2190,3327,6033.33,39316.7
2191,3416,6116.67,39250
2192,3346,6050,39283.3
2193,3322,6033.33,39233.3
2194,3385,6083.33,39266.7
2195,3368,6066.67,39283.3
2196,3193,5900,39333.3
2197,3349,6050,39333.3
2198,3374,6066.67,39383.3
2199,3350,6050,39400
2200,3440,6133.33,39416.7
2201,3624,6283.33,39350
2202,3684,6333.33,39400
2203,3698,6350,39450
2204,3519,6200,39450
2205,3652,6300,39433.3
2206,3608,6266.67,39450
2207,3667,6316.67,39366.7
2208,3718,6366.67,39533.3
2209,3700,6350,39550
2210,3686,6333.33,39550
2211,3669,6316.67,39400
2212,3730,6383.33,39550
2213,3738,6400,39533.3
2214,3482,6166.67,39433.3
2215,3582,6250,39266.7
2216,3388,6083.33,39350
2217,3231,5933.33,39300
2218,3294,6000,39300
2219,3247,5950,39300
2220,3277,5983.33,39300
2221,3084,5783.33,39216.7
2222,3110,5816.67,39216.7
2223,3142,5850,39216.7
2224,3229,5933.33,39266.7
2225,3174,5883.33,39250
2226,3207,5916.67,39216.7
2227,3289,6000,39200
2228,3306,6016.67,39250
2229,3279,5983.33,39366.7
2230,3211,5916.67,39300
2231,3309,6016.67,39350
2232,3321,6033.33,39216.7
2233,3296,6000,39383.3
2234,3310,6016.67,39400
2235,3373,6066.67,39366.7
2236,3364,6066.67,39216.7
2237,3242,5950,39200
2238,3293,6000,39266.7
2239,3323,6033.33,39250
2240,3489,6183.33,39200
2241,3291,6000,39233.3
2242,3328,6033.33,39333.3
2243,3367,6066.67,39266.7
2244,3421,6116.67,39333.3
2245,3176,5883.33,39283.3
2246,3456,6150,39433.3
2247,3499,6183.33,39383.3
2248,3458,6150,39516.7
2249,3407,6100,39416.7
2250,3517,6200,39350
2251,3420,6116.67,39316.7
2252,3369,6066.67,39300
2253,3276,5983.33,39283.3
2254,3292,6000,39250
2255,3493,6183.33,39266.7
2256,3541,6216.67,39300
2257,3384,6083.33,39250
2258,3347,6050,39300
2259,3303,6016.67,39200
2260,3256,5966.67,39200
2261,3230,5933.33,39283.3
2262,3074,5766.67,39300
2263,3162,5866.67,39283.3
2264,3161,5866.67,39266.7
2265,3130,5833.33,39350
2266,3145,5850,39316.7
2267,3100,5800,39300
2268,3059,5750,39316.7
2269,3114,5816.67,39333.3
2270,3044,5733.33,39283.3
2271,3128,5833.33,39316.7
2272,3189,5900,39250
2273,3371,6066.67,39333.3
2274,3190,5900,39266.7
2275,3164,5866.67,39333.3
2276,3129,5833.33,39333.3
2277,3113,5816.67,39316.7
2278,3126,5833.33,39283.3
2279,3258,5966.67,39233.3
2280,3260,5966.67,39266.7
2281,3038,5716.67,39300
2282,3086,5783.33,39333.3
2283,3101,5800,39350
2284,3194,5900,39350
2285,3163,5866.67,39316.7
2286,3175,5883.33,39266.7
2287,3188,5900,39233.3
2288,3179,5883.33,39350
2289,3278,5983.33,39333.3
2290,3498,6183.33,39366.7
2291,3543,6216.67,39366.7
2292,3403,6100,39283.3
2293,3401,6100,39250
2294,3451,6150,39266.7
2295,3383,6083.33,39233.3
2296,3511,6200,39216.7
2297,3627,6283.33,39416.7
2298,3213,5916.67,39350
2299,3261,5966.67,39283.3
2300,3243,5950,39233.3
2301,3144,5850,39300
2302,3127,5833.33,39300
2303,3191,5900,39283.3
2304,3192,5900,39300
2305,3326,6033.33,39300
2306,3345,6050,39266.7
2307,3434,6133.33,39250
2308,3436,6133.33,39283.3
2309,3348,6050,39316.7
2310,3494,6183.33,39283.3
2311,3542,6216.67,39316.7
2312,3496,6183.33,39316.7
2313,3481,6166.67,39383.3
2314,3561,6233.33,39266.7
2315,3538,6216.67,39250
2316,3473,6166.67,39200
2317,3405,6100,39333.3
2318,3520,6200,39483.3
2319,3625,6283.33,39366.7
2320,3650,6300,39366.7
2321,3435,6133.33,39266.7
2322,3437,6133.33,39300
2323,3400,6100,39233.3
2324,3480,6166.67,39366.7
2325,3518,6200,39383.3
2326,3305,6016.67,39233.3
2327,3308,6016.67,39333.3
2328,3649,6300,39283.3
2329,3665,6316.67,39266.7
2330,3607,6266.67,39416.7
2331,3544,6216.67,39383.3
2332,3406,6100,39350
2333,3262,5966.67,39300
2334,3584,6250,39533.3
2335,3671,6316.67,39550
2336,3564,6233.33,39350
2337,3605,6266.67,39333.3
2338,3623,6283.33,39333.3
2339,3716,6366.67,39450
2340,3455,6150,39416.7
2341,3439,6133.33,39366.7
2342,3438,6133.33,39333.3
2343,3419,6116.67,39300
2344,3418,6116.67,39283.3
2345,3537,6216.67,39233.3
2346,3515,6200,39283.3
2347,3540,6216.67,39283.3
2348,3512,6200,39233.3
2349,3351,6050,39416.7
2350,3422,6116.67,39366.7
2351,3628,6283.33,39433.3
2352,3685,6333.33,39533.3
2353,3567,6233.33,39533.3
2354,3749,6416.67,39483.3
2355,3760,6433.33,39466.7
2356,3785,6466.67,39500
2357,3786,6466.67,39533.3
2358,3739,6400,39550
2359,3762,6433.33,39533.3
2360,3699,6350,39466.7
2361,3668,6316.67,39383.3
2362,3776,6450,39516.7
2363,3761,6433.33,39483.3
2364,3775,6450,39466.7
2365,3609,6266.67,39533.3
2366,3626,6283.33,39383.3
2367,3563,6233.33,39333.3
2368,3602,6266.67,39233.3
2369,3622,6283.33,39283.3
2370,3604,6266.67,39266.7
2371,3370,6066.67,39316.7
2372,3227,5933.33,39233.3
2373,3273,5983.33,39200
2374,3232,5933.33,39350
2375,3212,5916.67,39333.3
2376,3329,6033.33,39400
2377,3295,6000,39316.7
2378,3365,6066.67,39233.3
2379,3415,6116.67,39216.7
2380,3566,6233.33,39400
2381,3500,6183.33,39433.3
2382,3777,6450,39533.3
2383,3763,6433.33,39550
2384,3750,6416.67,39550
2385,3748,6416.67,39466.7
2386,3729,6383.33,39466.7
2387,3717,6366.67,39466.7
2388,3651,6300,39383.3
2389,3475,6166.67,39250
2390,3603,6266.67,39250
2391,3536,6216.67,39216.7
2392,3557,6233.33,39200
2393,3449,6150,39233.3
2394,3474,6166.67,39233.3
2395,3558,6233.33,39216.7
2396,3476,6166.67,39266.7
2397,3452,6150,39283.3
2398,3324,6033.33,39266.7
2399,3454,6150,39333.3
2400,3417,6116.67,39266.7
2401,3450,6150,39250
2402,3715,6366.67,39383.3
2403,3516,6200,39316.7
2404,3478,6166.67,39300
2405,3491,6183.33,39233.3
2406,3539,6216.67,39266.7
2407,3514,6200,39266.7
2408,3535,6216.67,39200
2409,3579,6250,39216.7
2410,3490,6183.33,39216.7
2411,3581,6250,39250
2412,3559,6233.33,39233.3
2413,3562,6233.33,39283.3
2414,3448,6150,39216.7
2415,3226,5933.33,39200
2416,3259,5966.67,39250
2417,3246,5950,39283.3
2418,3257,5966.67,39216.7
2419,3178,5883.33,39333.3
2420,3045,5733.33,39300
2421,3244,5950,39250
2422,3210,5916.67,39283.3
2423,3177,5883.33,39300
2424,3165,5866.67,39350
2425,3099,5800,39283.3
2426,2911,5500,38950
2427,2882,5466.67,38900
2428,2967,5600,38883.3
2429,3057,5750,38866.7
2430,3109,5816.67,38600
2431,3141,5850,38566.7
2432,3205,5916.67,38616.7
2433,3363,6066.67,38550
2434,3471,6166.67,38583.3
2435,3487,6183.33,38600
2436,3714,6366.67,38583.3
2437,3683,6333.33,38716.7
2438,3737,6400,38666.7
2439,3159,5866.67,38500
2440,3272,5983.33,38433.3
2441,3254,5966.67,38433.3
2442,3225,5933.33,38416.7
2443,2965,5600,38433.3
2444,2825,5416.67,38683.3
2445,2608,5250,38666.7
2446,2491,5183.33,38583.3
2447,2514,5200,38600
2448,2354,5100,38666.7
2449,2258,5050,38616.7
2450,2382,5116.67,38500
2451,2628,5266.67,38583.3
2452,2673,5300,38566.7
2453,2671,5300,38466.7
2454,2650,5283.33,38633.3
2455,2547,5216.67,38683.3
2456,2609,5250,38716.7
2457,2586,5233.33,38766.7
2458,2607,5250,38650
2459,2515,5200,38633.3
2460,2723,5350,38650
2461,2446,5150,38666.7
2462,2207,5016.67,38616.7
2463,2291,5066.67,38633.3
2464,2473,5166.67,38566.7
2465,2513,5200,38583.3
2466,2649,5283.33,38600
2467,2629,5266.67,38683.3
2468,2585,5233.33,38733.3
2469,2549,5216.67,38733.3
2470,2611,5250,38800
2471,2674,5300,38783.3
2472,2260,5050,38766.7
2473,2259,5050,38700
2474,2037,4916.67,38766.7
2475,2355,5100,38783.3
2476,2058,4933.33,38783.3
2477,2157,4983.33,38750
2478,2208,5016.67,38766.7
2479,2385,5116.67,38716.7
2480,2383,5116.67,38666.7
2481,2795,5400,38550
2482,2880,5466.67,38566.7
2483,2847,5433.33,38516.7
2484,2796,5400,38666.7
2485,2768,5383.33,38583.3
2486,2672,5300,38550
2487,2444,5150,38366.7
2488,2545,5216.67,38333.3
2489,2229,5033.33,38416.7
2490,2230,5033.33,38433.3
2491,2257,5050,38533.3
2492,2474,5166.67,38783.3
2493,2553,5216.67,38816.7
2494,2492,5183.33,38766.7
2495,2550,5216.67,38766.7
2496,2493,5183.33,38783.3
2497,2414,5133.33,38766.7
2498,2084,4950,38633.3
2499,2057,4933.33,38666.7
2500,2117,4966.67,38416.7
2501,2150,4983.33,38350
2502,2182,5000,38433.3
2503,2410,5133.33,38416.7
2504,2316,5083.33,38366.7
2505,2227,5033.33,38283.3
2506,2203,5016.67,38333.3
2507,2319,5083.33,38550
2508,2351,5100,38500
2509,2254,5050,38466.7
2510,2290,5066.67,38450
2511,1907,4833.33,38516.7
2512,2056,4933.33,38500
2513,1908,4833.33,38566.7
2514,1958,4866.67,38533.3
2515,1957,4866.67,38500
2516,1824,4783.33,38416.7
2517,1956,4866.67,38466.7
2518,1959,4866.67,38583.3
2519,2007,4900,38566.7
2520,1807,4766.67,38483.3
2521,1876,4816.67,38416.7
2522,1985,4883.33,38483.3
2523,1822,4783.33,38350
2524,1935,4850,38416.7
2525,1871,4816.67,38300
2526,1784,4750,38183.3
2527,1631,4566.67,38250
2528,1676,4633.33,38233.3
2529,1646,4583.33,38316.7
2530,1806,4766.67,38416.7
2531,1753,4716.67,38600
2532,1808,4766.67,38633.3
2533,1939,4850,38533.3
2534,1986,4883.33,38650
2535,1878,4816.67,38533.3
2536,1856,4800,38783.3
2537,1825,4783.33,38766.7
2538,1788,4750,38633.3
2539,1660,4600,38866.7
2540,1621,4550,38933.3
2541,1715,4666.67,39183.3
2542,1744,4700,39133.3
2543,1791,4750,39083.3
2544,1830,4783.33,39066.7
2545,1813,4766.67,39100
2546,1832,4783.33,39150
2547,1792,4750,39166.7
2548,1882,4816.67,39200
2549,1771,4733.33,39166.7
2550,1756,4716.67,39133.3
2551,1770,4733.33,39116.7
2552,1965,4866.67,39100
2553,2061,4933.33,39050
2554,2039,4916.67,38983.3
2555,2123,4966.67,38983.3
2556,2264,5050,39050
2557,2236,5033.33,39033.3
2558,1962,4866.67,38833.3
2559,2160,4983.33,39033.3
2560,2122,4966.67,38966.7
2561,2233,5033.33,38883.3
2562,2209,5016.67,38800
2563,2086,4950,38883.3
2564,1909,4833.33,38800
2565,1940,4850,38683.3
2566,1960,4866.67,38700
2567,2085,4950,38716.7
2568,2384,5116.67,38700
2569,2323,5083.33,38766.7
2570,2322,5083.33,38716.7
2571,2548,5216.67,38716.7
2572,2631,5266.67,38716.7
2573,2630,5266.67,38700
2574,2516,5200,38716.7
2575,2632,5266.67,38766.7
2576,2610,5250,38783.3
2577,2447,5150,38733.3
2578,2651,5283.33,38783.3
2579,2612,5250,38816.7
2580,2551,5216.67,38783.3
2581,1880,4816.67,39050
2582,1755,4716.67,39116.7
2583,1812,4766.67,39083.3
2584,1810,4766.67,39050
2585,1912,4833.33,39100
2586,1966,4866.67,39116.7
2587,2092,4950,39100
2588,2124,4966.67,39083.3
2589,2060,4933.33,38933.3
2590,1809,4766.67,39033.3
2591,1968,4866.67,39200
2592,1729,4683.33,39200
2593,1622,4550,39016.7
2594,1964,4866.67,39066.7
2595,2235,5033.33,38950
2596,2234,5033.33,38933.3
2597,2089,4950,38950
2598,2121,4966.67,38950
2599,2010,4900,39033.3
2600,2897,5483.33,38866.7
2601,3083,5783.33,38850
2602,3341,6050,38783.3
2603,3488,6183.33,38766.7
2604,3509,6200,38766.7
2605,3747,6416.67,38733.3
2606,3696,6350,38700
2607,3727,6383.33,38700
2608,3773,6450,38733.3
2609,3362,6066.67,38500
2610,3432,6133.33,38450
2611,3534,6216.67,38400
2612,3414,6116.67,38400
2613,3431,6133.33,38316.7
2614,3647,6300,38100
2615,3486,6183.33,37983.3
2616,3446,6150,37966.7
2617,3398,6100,37916.7
2618,3397,6100,37833.3
2619,3139,5850,38016.7
2620,3124,5833.33,37866.7
2621,3156,5866.67,38100
2622,2954,5583.33,38100
2623,2926,5533.33,38083.3
2624,2845,5433.33,38016.7
2625,2818,5416.67,38016.7
2626,2846,5433.33,38066.7
2627,2792,5400,38066.7
2628,2706,5333.33,38116.7
2629,2892,5483.33,38016.7
2630,2925,5533.33,38000
2631,2936,5550,37983.3
2632,2669,5300,38066.7
2633,2315,5083.33,38216.7
2634,2314,5083.33,38200
2635,1874,4816.67,38366.7
2636,2004,4900,38433.3
2637,2205,5016.67,38383.3
2638,2181,5000,38333.3
2639,2231,5033.33,38500
2640,2256,5050,38500
2641,2352,5100,38516.7
2642,2379,5116.67,38250
2643,2289,5066.67,38383.3
2644,2722,5350,38233.3
2645,2690,5316.67,38333.3
2646,2670,5300,38316.7
2647,2648,5283.33,38316.7
2648,2908,5500,38333.3
2649,2896,5483.33,38383.3
2650,2927,5533.33,38300
2651,2876,5466.67,38250
2652,2866,5450,38266.7
2653,2907,5500,38183.3
2654,2865,5450,38166.7
2655,2893,5483.33,38050
2656,2937,5550,38150
2657,2964,5600,38216.7
2658,2989,5633.33,38133.3
2659,3027,5700,37983.3
2660,3026,5700,37866.7
2661,3023,5700,37433.3
2662,3068,5766.67,37400
2663,3022,5700,37333.3
2664,2950,5583.33,37350
2665,2971,5616.67,37466.7
2666,3015,5683.33,37500
2667,3003,5666.67,37583.3
2668,3069,5766.67,37550
2669,3240,5950,37600
2670,3301,6016.67,37750
2671,3508,6200,37766.7
2672,3271,5983.33,37750
2673,3040,5733.33,37800
2674,2994,5650,37750
2675,2962,5600,37716.7
2676,2961,5600,37550
2677,2959,5600,37500
2678,2960,5600,37516.7
2679,2986,5633.33,37466.7
2680,3024,5700,37550
2681,3107,5816.67,37550
2682,3239,5950,37550
2683,3171,5883.33,37600
2684,3121,5833.33,37566.7
2685,3137,5850,37600
2686,3096,5800,37633.3
2687,3070,5766.67,37750
2688,3004,5666.67,37900
2689,3072,5766.67,37983.3
2690,2952,5583.33,37933.3
2691,2963,5600,37983.3
2692,3036,5716.67,37950
2693,2996,5650,37950
2694,2904,5500,37983.3
2695,2935,5550,37966.7
2696,2944,5566.67,37950
2697,2953,5583.33,37950
2698,2995,5650,37833.3
2699,2924,5533.33,37966.7
2700,2891,5483.33,37900
2701,2934,5550,37850
2702,2972,5616.67,37850
2703,2843,5433.33,37850
2704,2864,5450,37983.3
2705,2943,5566.67,37933.3
2706,2933,5550,37816.7
2707,2942,5566.67,37850
2708,2790,5400,37750
2709,2114,4966.67,37900
2710,2079,4950,38083.3
2711,2081,4950,38133.3
2712,1979,4883.33,38283.3
2713,2083,4950,38416.7
2714,1853,4800,38433.3
2715,1938,4850,38516.7
2716,1955,4866.67,38450
2717,2443,5150,38316.7
2718,2490,5183.33,38400
2719,2350,5100,38433.3
2720,2472,5166.67,38416.7
2721,2286,5066.67,38133.3
2722,1764,4733.33,38116.7
2723,1843,4800,38183.3
2724,2080,4950,38116.7
2725,1846,4800,38250
2726,1678,4633.33,38300
2727,1629,4566.67,37983.3
2728,1614,4550,37683.3
2729,1673,4633.33,37766.7
2730,1643,4583.33,37750
2731,1577,4500,37900
2732,1615,4550,37866.7
2733,1561,4466.67,38066.7
2734,1515,4366.67,38050
2735,1452,4266.67,38050
2736,1397,4183.33,38000
2737,1468,4300,38033.3
2738,1379,4150,37816.7
2739,1431,4233.33,37833.3
2740,1467,4300,37900
2741,1484,4333.33,37866.7
2742,1513,4366.67,37833.3
2743,1472,4316.67,37850
2744,1483,4333.33,37850
2745,1441,4250,37850
2746,1408,4200,37933.3
2747,1559,4466.67,37916.7
2748,1514,4366.67,37866.7
2749,1363,4083.33,38033.3
2750,1380,4150,37850
2751,1373,4133.33,37950
2752,1322,3966.67,37733.3
2753,1253,3783.33,37616.7
2754,1245,3766.67,37650
2755,1246,3766.67,37716.7
2756,1232,3733.33,37750
2757,1254,3783.33,37733.3
2758,1212,3683.33,37766.7
2759,1194,3650,37750
2760,1183,3633.33,37750
2761,1167,3600,37700
2762,1211,3683.33,37716.7
2763,1155,3566.67,37716.7
2764,1182,3633.33,37666.7
2765,1132,3500,37433.3
2766,1068,3333.33,37450
2767,1028,3283.33,37350
2768,979,3183.33,37250
2769,990,3200,37233.3
2770,978,3183.33,37100
2771,1039,3300,37200
2772,1018,3266.67,37216.7
2773,1084,3350,37333.3
2774,1031,3283.33,37533.3
2775,1010,3250,37533.3
2776,1020,3266.67,37500
2777,1042,3300,37450
2778,1109,3400,37533.3
2779,1033,3283.33,37583.3
2780,1030,3283.33,37516.7
2781,1009,3250,37516.7
2782,1044,3300,37483.3
2783,1069,3333.33,37516.7
2784,1149,3550,37333.3
2785,1154,3566.67,37366.7
2786,1156,3583.33,37333.3
2787,1032,3283.33,37566.7
2788,991,3200,37600
2789,935,3083.33,37600
2790,892,3016.67,37566.7
2791,906,3033.33,37583.3
2792,1103,3383.33,37550
2793,1008,3250,37483.3
2794,1043,3300,37466.7
2795,1040,3300,37400
2796,1041,3300,37416.7
2797,1053,3316.67,37433.3
2798,1007,3250,37316.7
2799,1052,3316.67,37400
2800,1067,3333.33,37366.7
2801,1115,3433.33,37400
2802,1192,3650,37433.3
2803,1193,3650,37650
2804,1210,3683.33,37700
2805,1223,3716.67,37800
2806,1219,3700,37666.7
2807,1222,3716.67,37433.3
2808,1309,3916.67,37483.3
2809,1314,3933.33,37700
2810,1342,4033.33,37800
2811,1355,4066.67,37733.3
2812,1354,4066.67,37533.3
2813,1419,4216.67,37550
2814,1430,4233.33,37516.7
2815,1522,4383.33,37633.3
2816,1500,4350,37550
2817,1499,4350,37516.7
2818,1552,4450,37233.3
2819,1362,4083.33,37150
2820,1407,4200,36933.3
2821,1482,4333.33,36933.3
2822,1672,4633.33,36733.3
2823,1897,4833.33,36750
2824,1927,4850,36050
2825,1602,4533.33,36050
2826,1688,4650,35850
2827,1642,4583.33,35750
2828,1551,4450,35733.3
2829,1497,4350,35833.3
2830,1498,4350,35900
2831,1558,4466.67,35833.3
2832,1496,4350,35733.3
2833,1429,4233.33,35750
2834,1417,4216.67,35550
2835,1361,4083.33,35550
2836,1370,4116.67,35633.3
2837,1313,3933.33,35800
2838,1293,3883.33,35800
2839,1331,4000,35766.7
2840,1330,4000,35566.7
2841,1275,3850,35533.3
2842,1284,3866.67,35533.3
2843,1329,4000,35350
2844,1274,3850,35150
2845,1353,4066.67,35383.3
2846,1387,4166.67,35383.3
2847,1378,4150,35416.7
2848,1440,4250,35350
2849,1448,4266.67,35383.3
2850,1511,4366.67,35083.3
2851,1465,4300,35133.3
2852,1352,4066.67,34783.3
2853,1360,4083.33,34716.7
2854,1495,4350,34750
2855,1568,4483.33,34933.3
2856,1532,4416.67,34883.3
2857,1541,4433.33,34850
2858,1613,4550,34850
2859,1600,4533.33,34900
2860,1569,4483.33,34983.3
2861,1924,4850,35100
2862,1780,4750,35083.3
2863,1586,4516.67,35383.3
2864,1800,4766.67,35433.3
2865,1867,4816.67,35816.7
2866,2113,4966.67,35800
2867,2051,4933.33,35800
2868,2179,5000,35733.3
2869,2223,5033.33,35583.3
2870,2076,4950,35766.7
2871,1996,4900,35816.7
2872,2050,4933.33,35666.7
2873,2251,5050,35766.7
2874,2147,4983.33,35900
2875,2180,5000,35933.3
2876,2077,4950,36033.3
2877,2201,5016.67,36200
2878,1842,4800,36083.3
2879,1841,4800,35966.7
2880,1819,4783.33,35966.7
2881,1781,4750,36050
2882,1724,4683.33,35866.7
2883,1723,4683.33,35800
2884,1601,4533.33,35666.7
2885,1557,4466.67,35450
2886,1528,4400,35450
2887,1533,4416.67,35516.7
2888,1512,4366.67,35550
2889,1449,4266.67,35466.7
2890,1427,4233.33,35416.7
2891,1406,4200,35350
2892,1377,4150,35083.3
2893,1396,4183.33,34750
2894,1359,4083.33,34700
2895,1348,4050,34700
2896,1426,4233.33,34666.7
2897,1405,4200,34650
2898,1395,4183.33,34700
2899,1376,4150,34750
2900,1416,4216.67,34750
2901,1439,4250,34766.7
2902,1458,4283.33,34600
2903,1527,4400,34666.7
2904,1494,4350,34683.3
2905,1464,4300,34700
2906,1481,4333.33,34566.7
2907,1425,4233.33,34600
2908,1372,4133.33,34550
2909,1404,4200,34433.3
2910,1438,4250,34483.3
2911,1403,4200,34366.7
2912,1447,4266.67,34366.7
2913,1493,4350,34466.7
2914,1510,4366.67,34483.3
2915,1463,4300,34450
2916,1446,4266.67,34316.7
2917,1437,4250,34200
2918,1705,4666.67,33916.7
2919,1531,4416.67,33983.3
2920,1445,4266.67,34166.7
2921,1520,4383.33,34150
2922,1584,4516.67,34183.3
2923,1478,4333.33,33916.7
2924,1457,4283.33,33883.3
2925,1436,4250,33900
2926,1326,4000,33700
2927,1311,3933.33,33633.3
2928,1269,3833.33,33700
2929,1260,3800,33533.3
2930,1163,3600,33750
2931,1151,3566.67,33616.7
2932,1146,3550,33600
2933,1179,3633.33,33500
2934,1087,3366.67,33383.3
2935,1014,3266.67,33333.3
2936,860,2966.67,33866.7
2937,859,2966.67,33833.3
2938,852,2950,33750
2939,833,2900,33800
2940,822,2883.33,33866.7
2941,780,2800,33933.3
2942,769,2783.33,34033.3
2943,760,2766.67,34000
2944,801,2833.33,33933.3
2945,834,2900,33933.3
2946,781,2800,33983.3
2947,754,2750,34233.3
2948,717,2700,34083.3
2949,802,2833.33,34000
2950,823,2883.33,33966.7
2951,944,3100,33883.3
2952,1077,3350,33900
2953,1078,3350,34000
2954,988,3200,34100
2955,945,3100,34100
2956,933,3083.33,34150
2957,824,2883.33,34016.7
2958,768,2783.33,33900
2959,753,2750,33916.7
2960,740,2733.33,33950
2961,677,2633.33,33983.3
2962,653,2600,33883.3
2963,617,2550,33883.3
2964,600,2533.33,33650
2965,616,2550,33483.3
2966,589,2516.67,33283.3
2967,615,2550,33200
2968,636,2583.33,33200
2969,699,2666.67,33116.7
2970,673,2633.33,33033.3
2971,635,2583.33,32916.7
2972,585,2516.67,32666.7
2973,586,2516.67,32716.7
2974,595,2533.33,32616.7
2975,552,2466.67,32516.7
2976,569,2500,32433.3
2977,609,2550,32550
2978,553,2466.67,32633.3
2979,723,2716.67,32566.7
2980,697,2666.67,32650
2981,671,2633.33,32666.7
2982,543,2450,32433.3
2983,503,2333.33,32333.3
2984,492,2300,32266.7
2985,510,2366.67,32166.7
2986,485,2266.67,32233.3
2987,511,2366.67,32483.3
2988,542,2450,32383.3
2989,584,2516.67,32450
2990,583,2516.67,32333.3
2991,582,2516.67,32150
2992,685,2650,32133.3
2993,686,2650,32150
2994,608,2550,32266.7
2995,541,2450,32116.7
2996,520,2400,32066.7
2997,551,2466.67,31750
2998,607,2550,32066.7
2999,568,2500,32000
3000,563,2483.33,31750
3001,567,2500,31750
3002,594,2533.33,31700
3003,668,2633.33,31733.3
3004,658,2616.67,31800
3005,684,2650,31916.7
3006,682,2650,31783.3
3007,793,2833.33,31766.7
3008,774,2800,31750
3009,750,2750,31766.7
3010,703,2683.33,31750
3011,734,2733.33,31766.7
3012,606,2550,31700
3013,646,2600,31566.7
3014,656,2616.67,31716.7
3015,647,2600,31816.7
3016,669,2633.33,31816.7
3017,683,2650,31800
3018,537,2433.33,31750
3019,566,2500,31733.3
3020,625,2566.67,31716.7
3021,657,2616.67,31783.3
3022,758,2766.67,32016.7
3023,660,2616.67,31850
3024,659,2616.67,31833.3
3025,765,2783.33,31683.3
3026,827,2900,31716.7
3027,897,3033.33,31766.7
3028,896,3033.33,31700
3029,929,3083.33,31683.3
3030,961,3150,31400
3031,954,3133.33,31366.7
3032,922,3066.67,31166.7
3033,907,3041.39,31166.1
3034,936,3100,31100
3035,921,3066.67,31150
3036,950,3121.39,31076.9
3037,908,3050,31200
3038,863,2983.33,31183.3
3039,909,3050,31316.7
3040,895,3033.33,31333.3
3041,949,3117.22,31385.3
3042,980,3200,31350
3043,1034,3295.83,31299.7
3044,1071,3350,31550
3045,982,3200,31616.7
3046,910,3050,31883.3
3047,911,3050,31950
3048,898,3033.33,32166.7
3049,965,3166.67,32266.7
3050,938,3100,32233.3
3051,864,2983.33,32383.3
3052,829,2900,32500
3053,830,2900,32600
3054,888,3016.67,32750
3055,914,3050,32800
3056,1073,3350,33000
3057,996,3233.33,33150
3058,974,3183.33,33166.7
3059,858,2966.67,33333.3
3060,857,2966.67,33316.7
3061,943,3100,33266.7
3062,867,2983.33,33516.7
3063,849,2950,33566.7
3064,850,2950,33600
3065,809,2850,33600
3066,851,2950,33650
3067,904,3033.33,33716.7
3068,813,2866.67,33700
3069,759,2766.67,33533.3
3070,778,2800,33450
3071,777,2800,33416.7
3072,800,2833.33,33416.7
3073,866,2983.33,33183.3
3074,847,2950,32950
3075,957,3133.33,32850
3076,913,3050,32783.3
3077,889,3016.67,32766.7
3078,984,3200,32733.3
3079,973,3183.33,32850
3080,985,3200,32816.7
3081,994,3233.33,32833.3
3082,1000,3250,32866.7
3083,972,3183.33,32783.3
3084,941,3100,32800
3085,947,3116.67,32683.3
3086,873,3000,32650
3087,925,3066.67,32766.7
3088,986,3200,32850
3089,956,3133.33,32550
3090,966,3166.67,32583.3
3091,924,3066.67,32583.3
3092,912,3050,32600
3093,887,3016.67,32566.7
3094,926,3066.67,32916.7
3095,839,2916.67,32850
3096,796,2833.33,32933.3
3097,776,2800,33050
3098,798,2833.33,33133.3
3099,807,2850,32983.3
3100,840,2916.67,33033.3
3101,1045,3316.67,32866.7
3102,1036,3300,32883.3
3103,1023,3283.33,32850
3104,877,3000,32883.3
3105,876,3000,32866.7
3106,900,3033.33,32883.3
3107,878,3000,33000
3108,901,3033.33,32983.3
3109,915,3050,32866.7
3110,930,3083.33,32883.3
3111,916,3050,32883.3
3112,899,3033.33,32816.7
3113,940,3100,32750
3114,939,3100,32683.3
3115,983,3200,32650
3116,946,3116.67,32516.7
3117,955,3133.33,32500
3118,1072,3350,32600
3119,1013,3266.67,32600
3120,875,3000,32816.7
3121,874,3000,32800
3122,831,2900,32783.3
3123,795,2833.33,32816.7
3124,725,2716.67,32900
3125,738,2733.33,32866.7
3126,724,2716.67,32733.3
3127,634,2583.33,32733.3
3128,570,2500,32816.7
3129,544,2450,32900
3130,610,2550,32733.3
3131,587,2516.67,32766.7
3132,716,2700,33166.7
3133,739,2733.33,33233.3
3134,614,2550,33116.7
3135,613,2550,33050
3136,612,2550,33033.3
3137,648,2600,32883.3
3138,649,2600,32933.3
3139,661,2616.67,32933.3
3140,672,2633.33,32933.3
3141,626,2566.67,32883.3
3142,554,2466.67,32883.3
3143,571,2500,32900
3144,514,2383.33,33000
3145,588,2516.67,32900
3146,687,2650,32833.3
3147,688,2650,33033.3
3148,698,2666.67,33016.7
3149,521,2400,32950
3150,538,2433.33,32933.3
3151,522,2400,33033.3
3152,515,2383.33,33083.3
3153,408,2033.33,33083.3
3154,396,2000,32983.3
3155,416,2050,32916.7
3156,377,1950,32850
3157,320,1800,33050
3158,329,1816.67,33016.7
3159,336,1833.33,33083.3
3160,342,1850,33016.7
3161,357,1883.33,33033.3
3162,349,1866.67,33016.7
3163,350,1866.67,33066.7
3164,356,1883.33,32933.3
3165,395,2000,32883.3
3166,385,1966.67,32900
3167,407,2033.33,32950
3168,386,1966.67,32950
3169,391,1983.33,33016.7
3170,387,1966.67,33033.3
3171,392,1983.33,33100
3172,388,1966.67,33100
3173,452,2133.33,33133.3
3174,359,1883.33,33466.7
3175,317,1783.33,33616.7
3176,269,1700,33583.3
3177,259,1683.33,33550
3178,261,1683.33,33700
3179,270,1700,33666.7
3180,352,1866.67,33933.3
3181,345,1850,33950
3182,185,1500,33783.3
3183,184,1500,33766.7
3184,186,1500,33800
3185,201,1533.33,33866.7
3186,243,1633.33,34333.3
3187,244,1633.33,34350
3188,228,1583.33,34416.7
3189,210,1550,34466.7
3190,202,1533.33,34483.3
3191,176,1483.33,34550
3192,187,1500,34550
3193,97,1300,34433.3
3194,65,1233.33,34433.3
3195,121,1350,34366.7
3196,88,1283.33,34500
3197,123,1350,34466.7
3198,122,1350,34450
3199,134,1383.33,34466.7
3200,132,1383.33,34266.7
3201,111,1333.33,34333.3
3202,133,1383.33,34416.7
3203,105,1316.67,34583.3
3204,141,1400,34566.7
3205,163,1450,34200
3206,140,1400,34133.3
3207,127,1366.67,34166.7
3208,104,1316.67,34283.3
3209,103,1316.67,34216.7
3210,142,1400,34650
3211,143,1400,34733.3
3212,120,1350,34133.3
3213,151,1416.67,33966.7
3214,193,1516.67,33950
3215,200,1533.33,33833.3
3216,216,1566.67,33883.3
3217,271,1700,33816.7
3218,280,1716.67,33683.3
3219,306,1750,33716.7
3220,309,1766.67,33666.7
3221,297,1733.33,33700
3222,255,1666.67,33566.7
3223,268,1700,33566.7
3224,295,1733.33,33650
3225,296,1733.33,33666.7
3226,260,1683.33,33633.3
3227,249,1650,33716.7
3228,262,1683.33,33733.3
3229,250,1650,33816.7
3230,226,1583.33,33900
3231,118,1350,33816.7
3232,110,1333.33,33850
3233,96,1300,34016.7
3234,44,1183.33,34333.3
3235,38,1150,34283.3
3236,51,1200,34250
3237,79,1266.67,34150
3238,25,1100,34050
3239,30,1133.33,33983.3
3240,80,1266.67,34200
3241,153,1416.67,34250
3242,158,1433.33,34266.7
3243,235,1600,34200
3244,312,1766.67,34083.3
3245,346,1850,34000
3246,366,1900,33950
3247,375,1933.33,34000
3248,368,1900,34016.7
3249,353,1866.67,34033.3
3250,367,1900,34000
3251,381,1950,33933.3
3252,339,1833.33,33833.3
3253,331,1816.67,33833.3
3254,351,1866.67,33766.7
3255,380,1950,33850
3256,486,2266.67,33900
3257,490,2283.33,33883.3
3258,508,2350,33866.7
3259,497,2300,33883.3
3260,498,2300,33916.7
3261,540,2433.33,34016.7
3262,519,2383.33,34083.3
3263,639,2583.33,34183.3
3264,654,2600,34250
3265,576,2500,33983.3
3266,591,2516.67,33966.7
3267,509,2350,33916.7
3268,527,2400,33750
3269,507,2350,33816.7
3270,575,2500,33900
3271,548,2450,33900
3272,557,2466.67,33650
3273,651,2600,33450
3274,597,2533.33,33483.3
3275,599,2533.33,33566.7
3276,573,2500,33566.7
3277,493,2300,33700
3278,494,2300,33750
3279,504,2333.33,33683.3
3280,518,2383.33,33750
3281,512,2366.67,33616.7
3282,526,2400,33716.7
3283,539,2433.33,33700
3284,524,2400,33600
3285,546,2450,33533.3
3286,556,2466.67,33550
3287,516,2383.33,33550
3288,517,2383.33,33683.3
3289,547,2450,33800
3290,627,2566.67,33666.7
3291,675,2633.33,33666.7
3292,555,2466.67,33516.7
3293,574,2500,33600
3294,652,2600,33516.7
3295,506,2333.33,33800
3296,505,2333.33,33783.3
3297,708,2683.33,33983.3
3298,707,2683.33,33916.7
3299,676,2633.33,33933.3
3300,638,2583.33,33616.7
3301,596,2533.33,33333.3
3302,785,2816.67,33400
3303,821,2883.33,33516.7
3304,832,2900,33500
3305,752,2750,33300
3306,637,2583.33,33350
3307,572,2500,33466.7
3308,565,2483.33,33483.3
3309,590,2516.67,33500
3310,674,2633.33,33516.7
3311,689,2650,33550
3312,706,2683.33,33650
3313,779,2800,33516.7
3314,786,2816.67,33500
3315,787,2816.67,33583.3
3316,814,2866.67,33883.3
3317,880,3000,33933.3
3318,841,2916.67,33850
3319,842,2916.67,33966.7
3320,1059,3333.33,33783.3
3321,993,3216.67,33900
3322,1017,3266.67,33850
3323,987,3200,33700
3324,969,3166.67,33733.3
3325,960,3133.33,33650
3326,975,3183.33,33783.3
3327,970,3166.67,33766.7
3328,1016,3266.67,33766.7
3329,962,3150,33950
3330,917,3050,33950
3331,853,2950,34216.7
3332,890,3016.67,34150
3333,770,2783.33,34166.7
3334,861,2966.67,34183.3
3335,881,3000,34083.3
3336,1090,3366.67,33950
3337,1107,3400,34100
3338,1147,3550,34100
3339,1181,3633.33,34066.7
3340,1164,3600,33983.3
3341,1188,3650,33950
3342,1217,3700,33900
3343,1218,3700,33933.3
3344,1306,3916.67,33800
3345,1305,3916.67,33716.7
3346,1298,3900,33633.3
3347,1234,3750,33683.3
3348,1204,3683.33,33566.7
3349,1229,3733.33,33483.3
3350,1221,3716.67,33483.3
3351,1214,3700,33400
3352,1159,3600,33366.7
3353,1140,3533.33,33133.3
3354,1197,3666.67,33216.7
3355,1227,3733.33,33183.3
3356,1291,3883.33,33050
3357,1304,3916.67,33050
3358,1263,3816.67,32983.3
3359,1290,3883.33,33033.3
3360,1196,3666.67,33066.7
3361,1303,3916.67,32766.7
3362,1302,3916.67,32750
3363,1289,3883.33,32700
3364,1237,3766.67,32966.7
3365,1271,3850,33100
3366,1220,3716.67,33116.7
3367,1233,3750,33133.3
3368,1238,3766.67,33066.7
3369,1251,3783.33,33066.7
3370,1272,3850,33233.3
3371,1320,3966.67,33083.3
3372,1280,3866.67,33200
3373,1292,3883.33,33200
3374,1345,4050,33000
3375,1339,4033.33,33016.7
3376,1346,4050,33066.7
3377,1297,3900,32933.3
3378,1279,3866.67,33116.7
3379,1375,4150,33183.3
3380,1411,4216.67,33183.3
3381,1460,4300,32966.7
3382,1461,4300,33050
3383,1455,4283.33,32983.3
3384,1508,4366.67,33233.3
3385,1639,4583.33,33250
3386,1599,4533.33,33266.7
3387,1662,4616.67,33366.7
3388,1704,4666.67,33450
3389,1567,4483.33,33550
3390,1475,4333.33,33050
3391,1610,4550,33050
3392,1775,4750,33116.7
3393,1923,4850,33333.3
3394,1838,4800,33416.7
3395,1863,4816.67,33533.3
3396,1891,4833.33,33483.3
3397,2027,4916.67,33500
3398,1892,4833.33,33766.7
3399,2108,4966.67,33916.7
3400,2437,5150,34033.3
3401,2603,5250,33950
3402,2901,5500,33833.3
3403,2912,5516.67,33833.3
3404,3133,5850,33366.7
3405,3409,6116.67,33116.7
3406,3720,6383.33,32700
3407,3767,6450,32566.7
3408,3860,6650,32766.7
3409,3869,6666.67,32900
3410,3879,6683.33,33150
3411,3803,6516.67,33066.7
3412,3963,6816.67,33283.3
3413,3972,6833.33,33383.3
3414,3947,6800,33216.7
3415,3962,6816.67,33083.3
3416,3907,6733.33,32800
3417,4026,6916.67,32533.3
3418,4311,7400,32600
3419,4518,7816.67,32433.3
3420,4434,7650,32566.7
3421,4336,7433.33,32450
3422,3961,6816.67,32150
3423,3906,6733.33,32050
3424,3896,6716.67,32066.7
3425,3868,6666.67,32133.3
3426,3820,6566.67,32450
3427,3821,6566.67,32766.7
3428,3704,6366.67,32400
3429,3548,6233.33,32416.7
3430,3703,6366.67,32366.7
3431,3639,6300,32350
3432,3781,6466.67,32216.7
3433,3934,6783.33,32466.7
3434,3998,6866.67,32716.7
3435,4273,7350,32750
3436,4528,7833.33,33350
3437,4535,7850,33333.3
3438,4579,7966.67,33300
3439,4584,7983.33,33300
3440,4594,8000,33250
3441,4699,8216.67,33183.3
3442,4820,8450,33283.3
3443,4766,8350,33150
3444,4795,8400,33150
3445,4893,8583.33,33050
3446,4910,8600,33150
3447,4894,8583.33,33133.3
3448,4879,8566.67,33116.7
3449,4878,8566.67,33083.3
3450,5001,8733.33,33083.3
3451,5000,8733.33,33066.7
3452,4978,8700,33033.3
3453,4933,8633.33,33150
3454,4964,8683.33,33200
3455,4954,8666.67,33166.7
3456,5062,8816.67,32950
3457,4955,8666.67,33216.7
3458,4944,8650,33200
3459,4935,8633.33,33233.3
3460,4934,8633.33,33166.7
3461,4833,8483.33,32966.7
3462,4909,8600,33033.3
3463,4860,8533.33,33000
3464,4774,8366.67,32600
3465,4841,8500,32733.3
3466,4610,8033.33,32650
3467,4567,7933.33,32400
3468,4578,7966.67,32433.3
3469,4571,7950,32416.7
3470,4527,7833.33,32433.3
3471,4517,7816.67,32366.7
3472,4526,7833.33,32400
3473,4546,7866.67,32416.7
3474,4519,7816.67,32450
3475,4433,7650,32183.3
3476,4375,7516.67,31916.7
3477,4475,7733.33,31783.3
3478,4505,7800,31766.7
3479,4446,7666.67,31683.3
3480,4396,7550,31600
3481,4374,7516.67,31666.7
3482,4262,7333.33,31633.3
3483,4272,7350,31666.7
3484,4237,7300,31533.3
3485,4253,7316.67,31666.7
3486,4254,7316.67,31700
3487,4306,7383.33,31683.3
3488,4421,7616.67,31550
3489,4453,7683.33,31550
3490,4489,7766.67,31650
3491,4490,7766.67,31666.7
3492,4445,7666.67,31433.3
3493,4407,7583.33,31483.3
3494,4415,7600,31533.3
3495,4394,7550,31450
3496,4427,7633.33,31350
3497,4444,7666.67,31333.3
3498,4426,7633.33,31316.7
3499,4414,7600,31083.3
3500,4372,7516.67,31050
3501,4271,7350,31050
3502,4345,7450,31050
3503,4326,7416.67,31050
3504,4303,7383.33,31116.7
3505,4236,7300,31100
3506,4199,7233.33,31033.3
3507,4167,7183.33,31033.3
3508,4211,7250,31033.3
3509,4398,7566.67,31383.3
3510,4420,7616.67,31433.3
3511,4397,7566.67,31166.7
3512,4392,7550,31250
3513,4393,7550,31350
3514,4305,7383.33,31283.3
3515,4304,7383.33,31266.7
3516,4252,7316.67,31366.7
3517,4261,7333.33,31266.7
3518,4119,7100,31066.7
3519,4038,6933.33,31183.3
3520,4120,7100,31233.3
3521,4134,7116.67,31200
3522,4132,7116.67,31150
3523,4152,7150,31133.3
3524,4131,7116.67,31133.3
3525,3971,6833.33,30816.7
3526,3867,6666.67,31266.7
3527,3946,6800,31350
3528,4114,7083.33,31233.3
3529,4133,7116.67,31166.7
3530,4287,7366.67,31050
3531,4260,7333.33,31050
3532,4405,7583.33,31266.7
3533,4384,7533.33,31250
3534,4334,7433.33,31283.3
3535,4335,7433.33,31500
3536,4346,7450,31466.7
3537,4373,7516.67,31433.3
3538,4395,7550,31466.7
3539,4385,7533.33,31350
3540,4467,7716.67,31350
3541,4460,7700,31350
3542,4432,7650,31333.3
3543,4406,7583.33,31400
3544,4504,7800,31483.3
3545,4468,7716.67,31600
3546,4555,7900,31516.7
3547,4593,8000,31616.7
3548,4646,8116.67,31633.3
3549,4623,8066.67,31666.7
3550,4655,8133.33,31433.3
3551,4720,8266.67,31516.7
3552,4714,8250,31366.7
3553,4737,8300,31516.7
3554,4791,8400,31566.7
3555,4818,8450,31733.3
3556,4817,8450,31650
3557,4792,8400,31600
3558,4831,8483.33,31500
3559,4851,8516.67,31500
3560,4865,8550,31566.7
3561,4830,8483.33,31283.3
3562,4890,8583.33,31383.3
3563,4930,8633.33,31533.3
3564,4952,8666.67,31516.7
3565,4940,8650,31666.7
3566,4858,8533.33,31750
3567,4832,8483.33,31733.3
3568,4852,8516.67,31900
3569,4859,8533.33,31900
3570,4891,8583.33,31866.7
3571,4875,8566.67,31850
3572,4941,8650,31783.3
3573,4920,8616.67,31800
3574,4761,8350,31833.3
3575,4705,8233.33,32033.3
3576,4624,8066.67,31850
3577,4545,7866.67,31816.7
3578,4524,7833.33,31750
3579,4544,7866.67,31716.7
3580,4592,8000,31566.7
3581,4576,7966.67,31616.7
3582,4609,8033.33,31650
3583,4664,8150,31666.7
3584,4679,8183.33,31666.7
3585,4739,8300,31716.7
3586,4721,8266.67,31733.3
3587,4754,8333.33,31516.7
3588,4697,8216.67,31516.7
3589,4645,8116.67,31516.7
3590,4738,8300,31550
3591,4804,8416.67,31250
3592,4811,8433.33,31150
3593,4889,8583.33,31183.3
3594,4905,8600,31266.7
3595,4823,8466.67,31150
3596,4760,8350,31283.3
3597,4713,8250,31000
3598,4735,8300,31050
3599,4608,8033.33,30900
3600,4570,7950,30850
3601,4554,7900,30833.3
3602,4644,8116.67,30966.7
3603,4684,8200,30966.7
3604,4663,8150,31200
3605,4736,8300,31333.3
3606,4678,8183.33,31383.3
3607,4673,8166.67,31250
3608,4617,8050,31266.7
3609,4618,8050,31400
3610,4619,8050,31500
3611,4639,8100,31483.3
3612,4600,8016.67,31516.7
3613,4548,7883.33,31466.7
3614,4534,7850,31433.3
3615,4532,7850,31166.7
3616,4503,7800,31183.3
3617,4522,7833.33,31233.3
3618,4533,7850,31350
3619,4516,7816.67,31366.7
3620,4523,7833.33,31316.7
3621,4361,7483.33,30983.3
3622,4344,7450,30883.3
3623,4452,7683.33,30733.3
3624,4547,7883.33,30833.3
3625,4502,7800,30783.3
3626,4404,7583.33,30650
3627,4353,7466.67,30733.3
3628,4325,7416.67,30600
3629,4332,7433.33,30600
3630,4366,7500,30600
3631,4333,7433.33,30666.7
3632,4302,7383.33,30633.3
3633,4286,7366.67,30616.7
3634,4151,7150,30533.3
3635,4089,7033.33,30550
3636,4113,7083.33,30566.7
3637,4061,6966.67,30700
3638,3878,6683.33,30350
3639,3894,6716.67,30383.3
3640,3802,6516.67,30283.3
3641,3654,6316.67,30366.7
3642,3655,6316.67,30383.3
3643,3732,6400,30450
3644,3740,6416.67,30350
3645,3688,6350,30416.7
3646,3524,6216.67,30450
3647,3249,5966.67,30466.7
3648,3180,5900,30583.3
3649,3116,5833.33,30616.7
3650,3088,5800,30516.7
3651,3702,6366.67,31033.3
3652,3637,6300,31000
3653,3635,6300,30916.7
3654,3131,5850,30850
3655,3089,5800,31300
3656,3090,5800,31383.3
3657,2899,5500,31483.3
3658,2700,5333.33,31316.7
3659,2539,5216.67,31216.7
3660,2484,5183.33,31116.7
3661,2538,5216.67,31000
3662,2372,5116.67,31033.3
3663,2310,5083.33,31083.3
3664,2248,5050,30816.7
3665,2434,5150,30650
3666,2506,5200,30600
3667,2277,5066.67,30650
3668,1969,4873.06,30771.1
3669,1684,4650,30683.3
3670,1698,4660,30668.9
3671,1948,4866.39,30480
3672,2045,4922.22,30532.5
3673,1683,4650,30566.7
3674,1502,4353.06,30495.6
3675,1381,4155.83,30489.4
3676,1364,4097.22,30347.5
3677,1343,4038.61,30267.2
3678,1470,4313.33,30057.2
3679,1474,4333.33,29966.7
3680,1530,4408.06,29858.3
3681,1566,4483.33,29650
3682,1582,4516.67,29650
3683,1573,4500,29650
3684,1565,4476.94,29753.9
3685,1572,4493.33,29756.7
3686,1624,4566.67,29650
3687,1816,4783.33,29600
3688,1817,4783.33,29616.7
3689,1818,4783.33,29650
3690,1861,4816.67,29616.7
3691,1972,4883.06,29639.2
3692,1970,4876.94,29626.7
3693,1917,4850,29600
3694,2019,4909.72,29644.2
3695,1795,4766.67,29716.7
3696,1988,4900,29750
3697,1885,4825.56,29804.2
3698,2018,4908.06,29743.6
3699,2247,5050,29766.7
3700,2197,5016.67,29783.3
3701,2138,4983.33,29750
3702,2102,4951.94,29837.5
3703,1971,4880.83,29736.4
3704,1987,4900,29600
3705,2017,4905.56,29676.1
3706,1946,4857.22,29643.9
3707,1915,4836.94,29619.2
3708,1918,4850,29650
3709,1886,4830,29658.1
3710,1793,4766.67,29600
3711,1745,4716.67,29600
3712,1718,4683.33,29600
3713,1700,4666.67,29583.3
3714,1547,4450,29683.3
3715,1571,4492.5,29713.3
3716,1503,4353.33,30170.8
3717,1409,4204.72,30092.8
3718,1543,4437.5,29951.7
3719,1473,4327.5,30053.6
3720,1546,4448.06,30026.7
3721,1636,4567.22,30009.4
3722,1794,4766.67,29683.3
3723,1535,4417.22,29961.9
3724,1529,4407.22,29959.4
3725,1537,4429.44,29844.2
3726,1517,4380.56,29984.2
3727,1398,4189.72,30105.3
3728,1501,4351.94,30015.3
3729,1504,4354.17,29962.2
3730,1505,4355.83,30054.7
3731,1507,4361.94,30035
3732,1564,4473.89,29836.1
3733,1523,4391.11,29820.8
3734,1516,4379.72,29901.4
3735,1833,4785.28,30258.6
3736,1772,4748.61,30248.6
3737,1859,4806.11,30241.7
3738,1919,4850,30366.7
3739,1916,4844.17,30378.1
3740,1920,4850,30600
3741,1862,4816.67,30550
3742,1682,4640.83,30568.6
3743,1651,4600,30666.7
3744,1597,4533.06,30733.3
3745,1699,4666.39,30965.8
3746,2105,4966.67,31083.3
3747,2221,5033.33,31150
3748,2311,5083.33,31200
3749,2142,4983.33,31200
3750,2507,5200,31366.7
3751,2312,5083.33,31300
3752,2072,4950,31450
3753,2103,4961.11,31442.8
3754,1719,4683.33,31550
3755,1702,4666.67,31616.7
3756,1730,4700,31583.3
3757,1759,4733.33,31916.7
3758,1627,4566.67,32000
3759,1583,4516.67,31950
3760,1703,4666.67,32150
3761,2373,5116.67,32433.3
3762,2107,4966.67,32450
3763,2046,4933.33,32450
3764,2024,4916.67,32516.7
3765,2403,5133.33,32533.3
3766,2436,5150,32666.7
3767,2435,5150,32650
3768,2541,5216.67,32416.7
3769,2540,5216.67,32300
3770,2375,5116.67,32533.3
3771,2573,5233.33,32483.3
3772,2464,5166.67,32450
3773,2342,5100,32333.3
3774,2281,5066.67,32050
3775,2021,4916.67,32016.7
3776,1731,4700,31816.7
3777,2280,5066.67,31816.7
3778,2341,5100,31900
3779,2664,5300,31650
3780,2720,5350,31600
3781,2735,5366.67,31550
3782,2861,5450,31550
3783,2784,5400,31666.7
3784,2755,5383.33,31950
3785,2646,5283.33,32516.7
3786,2900,5500,32683.3
3787,2977,5633.33,32633.3
3788,3092,5800,32800
3789,3093,5800,32850
3790,3104,5816.67,33050
3791,3234,5950,32833.3
3792,3265,5983.33,32833.3
3793,3442,6150,32183.3
3794,3313,6033.33,32150
3795,3426,6133.33,32100
3796,3314,6033.33,32383.3
3797,3377,6083.33,32450
3798,3078,5783.33,32433.3
3799,3091,5800,32683.3
3800,2978,5633.33,32650
3801,2931,5550,32716.7
3802,2991,5650,32750
3803,2979,5633.33,32766.7
3804,2887,5483.33,32833.3
3805,2574,5233.33,32533.3
3806,2756,5383.33,32833.3
3807,2601,5250,33033.3
3808,2575,5233.33,33000
3809,2466,5166.67,33133.3
3810,2701,5333.33,33133.3
3811,2814,5416.67,33033.3
3812,2939,5566.67,32883.3
3813,2947,5583.33,32750
3814,2957,5600,32750
3815,3032,5716.67,32800
3816,3216,5933.33,32800
3817,2998,5666.67,32750
3818,3079,5783.33,32733.3
3819,2999,5666.67,32816.7
3820,2980,5633.33,32883.3
3821,2813,5416.67,32833.3
3822,2625,5266.67,32716.7
3823,2542,5216.67,32650
3824,2465,5166.67,32750
3825,2047,4933.33,32550
3826,1974,4883.33,32483.3
3827,2022,4916.67,32400
3828,1774,4750,32316.7
3829,1518,4383.33,32566.7
3830,1338,4033.33,32583.3
3831,1267,3833.33,32600
3832,1316,3950,32616.7
3833,1310,3933.33,32583.3
3834,1301,3916.67,32583.3
3835,1277,3866.67,32550
3836,1295,3900,32450
3837,1185,3650,32450
3838,1250,3783.33,32483.3
3839,1195,3666.67,32566.7
3840,1186,3650,32550
3841,1178,3633.33,32616.7
3842,1141,3550,32816.7
3843,1125,3483.33,32850
3844,1129,3500,32850
3845,1130,3500,33066.7
3846,1150,3566.67,32933.3
3847,1169,3616.67,32850
3848,1296,3900,32750
3849,1278,3866.67,32850
3850,1317,3950,32883.3
3851,1340,4033.33,33116.7
3852,1487,4350,33033.3
3853,1422,4233.33,33216.7
3854,1433,4250,33116.7
3855,1444,4266.67,33150
3856,1393,4183.33,33050
3857,1399,4200,33083.3
3858,1384,4166.67,33350
3859,1456,4283.33,33200
3860,1371,4133.33,33366.7
3861,1386,4166.67,33466.7
3862,1385,4166.67,33450
3863,1414,4216.67,33483.3
3864,1412,4216.67,33350
3865,1435,4250,33416.7
3866,1477,4333.33,33483.3
3867,1424,4233.33,33466.7
3868,1488,4350,33400
3869,1519,4383.33,33416.7
3870,1400,4200,33300
3871,1524,4400,33250
3872,1555,4466.67,33300
3873,1576,4500,33433.3
3874,1556,4466.67,33516.7
3875,1413,4216.67,33450
3876,1434,4250,33400
3877,1401,4200,33400
3878,1462,4300,33400
3879,1423,4233.33,33233.3
3880,1476,4333.33,33150
3881,1471,4316.67,33166.7
3882,1575,4500,33200
3883,1383,4166.67,33016.7
3884,1351,4066.67,33100
3885,1321,3966.67,33133.3
3886,1259,3800,33350
3887,1252,3783.33,33283.3
3888,1240,3766.67,33183.3
3889,1226,3733.33,33033.3
3890,1258,3800,33000
3891,1264,3816.67,33083.3
3892,1239,3766.67,33133.3
3893,1143,3550,33283.3
3894,1136,3516.67,32850
3895,1114,3433.33,32883.3
3896,1104,3400,32900
3897,1022,3283.33,32833.3
3898,1057,3333.33,32866.7
3899,1100,3383.33,32750
3900,1099,3383.33,32600
3901,1056,3333.33,32600
3902,1055,3333.33,32583.3
3903,1110,3416.67,32416.7
3904,1098,3383.33,32400
3905,1097,3383.33,32366.7
3906,1086,3366.67,32266.7
3907,1012,3266.67,32366.7
3908,971,3183.33,32316.7
3909,923,3066.67,32316.7
3910,828,2900,32350
3911,812,2866.67,32166.7
3912,737,2733.33,32300
3913,736,2733.33,32266.7
3914,767,2783.33,32150
3915,805,2850,32133.3
3916,885,3016.67,32100
3917,886,3016.67,32116.7
3918,937,3100,32066.7
3919,838,2916.67,32250
3920,855,2966.67,32283.3
3921,856,2966.67,32300
3922,820,2883.33,32200
3923,806,2850,32433.3
3924,784,2816.67,32366.7
3925,704,2683.33,32483.3
3926,775,2800,32483.3
3927,837,2916.67,32200
3928,751,2750,31966.7
3929,811,2866.67,31933.3
3930,794,2833.33,31950
3931,735,2733.33,32000
3932,670,2633.33,31833.3
3933,766,2783.33,31766.7
3934,755,2766.67,31483.3
3935,756,2766.67,31500
3936,733,2733.33,31483.3
3937,440,2116.67,31050
3938,362,1900,31116.7
3939,348,1866.67,31133.3
3940,333,1822.5,31132.2
3941,319,1800,31083.3
3942,413,2050,30900
3943,341,1833.89,30870
3944,327,1816.39,30951.9
3945,361,1900,30883.3
3946,326,1810.56,30956.1
3947,303,1749.72,30983.9
3948,290,1730.28,30965.3
3949,299,1738.06,30893.9
3950,172,1476.94,30928.1
3951,165,1458.61,30782.2
3952,155,1420.28,30845
3953,89,1290.56,30858.6
3954,191,1511.94,30941.9
3955,168,1466.67,31416.7
3956,86,1283.33,31083.3
3957,98,1301.39,30955.6
3958,159,1434.72,30910
3959,181,1500,30916.7
3960,175,1480,30854.7
3961,220,1580.83,31132.2
3962,275,1711.67,31106.9
3963,188,1503.33,31109.2
3964,195,1523.06,31107.8
3965,313,1773.61,30981.4
3966,301,1742.78,30972.8
3967,254,1652.22,30973.3
3968,318,1793.61,30978.3
3969,277,1716.67,30916.7
3970,314,1783.33,30966.7
3971,263,1691.39,31103.9
3972,287,1723.61,31142.8
3973,273,1706.39,31155.8
3974,257,1679.72,31116.1
3975,298,1735.28,31000.8
3976,264,1699.44,30982.2
3977,286,1722.5,30911.9
3978,292,1733.33,30833.3
3979,302,1749.17,30994.2
3980,289,1728.33,31041.7
3981,217,1570.28,31065.3
3982,192,1515.56,31127.5
3983,144,1400.83,30878.9
3984,112,1333.89,30926.9
3985,66,1242.5,30950.3
3986,129,1371.94,30793.6
3987,180,1500,30883.3
3988,173,1477.22,30858.6
3989,69,1250,30883.3
3990,197,1533.06,31155
3991,236,1603.33,31141.4
3992,256,1677.5,31158.1
3993,288,1725,31111.7
3994,291,1733.06,31113.9
3995,300,1738.89,31133.9
3996,196,1529.72,31130.6
3997,221,1581.94,31147.8
3998,218,1570.56,31175.3
3999,229,1586.67,31174.2
4000,213,1565,31145.8
4001,211,1550.28,31073.3
4002,212,1563.33,31121.1
4003,190,1507.5,31148.9
4004,194,1520,31156.7
4005,207,1550,31250
4006,167,1466.67,31183.3
4007,245,1635.28,31158.9
4008,219,1578.89,31148.3
4009,223,1583.33,31516.7
4010,233,1600,31533.3
4011,87,1283.33,31283.3
4012,56,1216.67,31700
4013,70,1250,31650
4014,126,1366.67,31600
4015,125,1366.67,31550
4016,117,1350,31500
4017,77,1266.67,31416.7
4018,63,1233.33,31750
4019,64,1233.33,31800
4020,71,1250,31833.3
4021,50,1200,31833.3
4022,41,1166.67,31833.3
4023,7,1033.33,31833.3
4024,4,1016.67,31833.3
4025,22,1083.33,31800
4026,21,1083.33,31733.3
4027,36,1150,31766.7
4028,62,1233.33,31550
4029,24,1100,31650
4030,35,1150,31633.3
4031,54,1216.67,31633.3
4032,15,1066.67,31750
4033,3,1016.67,31633.3
4034,37,1150,31850
4035,94,1300,31733.3
4036,55,1216.67,31650
4037,78,1266.67,31800
4038,138,1400,31733.3
4039,95,1300,31750
4040,102,1316.67,31750
4041,107,1333.33,31750
4042,131,1383.33,31700
4043,157,1433.33,31766.7
4044,162,1450,31733.3
4045,169,1466.67,31716.7
4046,109,1333.33,31816.7
4047,108,1333.33,31800
4048,150,1416.67,31783.3
4049,139,1400,31783.3
4050,149,1416.67,31766.7
4051,247,1650,31583.3
4052,304,1750,31450
4053,206,1550,31150
4054,230,1588.33,31143.1
4055,276,1712.78,31122.2
4056,285,1718.61,31161.4
4057,274,1707.22,31180.3
4058,265,1700,30950
4059,231,1600,30883.3
4060,258,1683.33,30850
4061,203,1536.11,30841.9
4062,174,1478.89,30890
4063,204,1542.78,30851.9
4064,61,1233.33,30850
4065,92,1300,30816.7
4066,114,1350,30800
4067,166,1463.89,30837.5
4068,171,1476.39,30913.1
4069,179,1500,30816.7
4070,135,1389.17,30804.4
4071,99,1307.22,30829.2
4072,73,1259.44,30950.6
4073,164,1455.28,30859.7
4074,113,1343.61,30929.2
4075,124,1360.83,30949.4
4076,177,1486.39,30888.9
4077,136,1389.17,30910.3
4078,31,1140.83,30946.7
4079,67,1249.44,30679.4
4080,72,1250.28,30640
4081,68,1250,30683.3
4082,52,1205,30609.2
4083,90,1300,30550
4084,81,1271.94,30610.6
4085,100,1316.67,30650
4086,83,1275.28,30645.6
4087,5,1023.89,30700
4088,17,1075.83,30771.7
4089,28,1118.61,30831.1
4090,20,1083.33,30850
4091,8,1036.11,30691.7
4092,12,1056.67,30728.9
4093,9,1049.17,30701.1
4094,13,1063.06,30670.3
4095,47,1198.89,30643.3
4096,26,1108.61,30673.6
4097,32,1143.33,30663.3
4098,27,1116.67,30566.7
4099,18,1083.33,30450
4100,23,1100,30500
4101,58,1225.56,30671.7
4102,48,1200,30650
4103,146,1412.78,30799.4
4104,130,1383.33,30800
4105,156,1431.39,30843.6
4106,205,1550,30783.3
4107,154,1418.06,30911.1
4108,46,1193.89,30997.8
4109,45,1188.06,30996.1
4110,59,1232.78,30940
4111,29,1126.11,30948.3
4112,16,1075,30821.7
4113,10,1050,30783.3
4114,6,1033.33,30933.3
4115,1,1006.11,30941.4
4116,19,1083.33,30833.3
4117,42,1183.33,31000
4118,43,1183.33,31216.7
4119,14,1066.67,31400
4120,39,1166.67,31433.3
4121,49,1200,31450
4122,34,1150,31400
4123,2,1016.67,31416.7
4124,11,1050,31533.3
4125,40,1166.67,31483.3
4126,53,1216.67,31400
4127,137,1400,31400
4128,148,1416.67,31150
4129,237,1606.39,30936.1
4130,189,1505.28,30851.4
4131,147,1413.33,30935.6
4132,93,1300,30933.3
4133,115,1350,30933.3
4134,76,1266.67,31100
4135,101,1316.67,30716.7
4136,84,1280.28,30708.9
4137,82,1273.89,30690.6
4138,33,1150,30516.7
4139,60,1233.33,30550
4140,106,1333.33,30716.7
4141,91,1300,30700
4142,145,1410.28,30761.9
4143,128,1368.89,30771.7
4144,74,1260.28,30689.4
4145,57,1225.28,30711.7
4146,85,1282.22,30688.9
4147,75,1261.94,30923.1
4148,160,1450,30833.3
4149,178,1498.89,30886.7
4150,232,1600,30916.7
4151,241,1631.11,30949.2
4152,222,1583.33,30950
4153,242,1633.33,30933.3
4154,266,1700,30983.3
4155,456,2150,30483.3
4156,476,2216.67,30466.7
4157,470,2200,30466.7
4158,467,2183.33,30483.3
4159,531,2416.67,30800
4160,513,2378.61,30785.8
4161,535,2433.33,30783.3
4162,562,2483.33,30700
4163,561,2481.94,30675.6
4164,602,2538.06,30616.7
4165,581,2516.67,30533.3
4166,559,2477.5,30515
4167,580,2509.72,30500.8
4168,592,2523.33,30536.7
4169,628,2575.56,30544.2
4170,603,2538.33,30542.5
4171,680,2639.44,30649.7
4172,536,2433.33,30916.7
4173,643,2600,30966.7
4174,710,2696.94,30888.9
4175,624,2566.67,30916.7
4176,623,2566.67,30850
4177,678,2635,31041.4
4178,667,2632.22,30933.9
4179,746,2750,31033.3
4180,720,2705,31008.1
4181,773,2800,31050
4182,819,2883.33,31283.3
4183,818,2883.33,31250
4184,872,3000,31250
4185,836,2914.72,31205
4186,893,3033.33,31133.3
4187,953,3133.33,31116.7
4188,919,3057.5,31221.7
4189,791,2827.5,30982.8
4190,846,2948.89,30917.5
4191,951,3133.33,30850
4192,854,2961.39,30805.3
4193,845,2933.33,30716.7
4194,844,2933.33,30666.7
4195,803,2835,30531.1
4196,788,2824.17,30450
4197,810,2866.67,30466.7
4198,692,2661.11,30594.4
4199,690,2654.44,30624.4
4200,620,2553.33,30517.2
4201,621,2553.33,30588.9
4202,641,2585.28,30500.8
4203,642,2600,30500
4204,605,2547.22,30527.8
4205,630,2583.33,30500
4206,695,2666.11,30469.4
4207,679,2638.61,30467.8
4208,665,2625,30481.9
4209,549,2451.67,30713.1
4210,550,2466.67,30700
4211,558,2469.44,30688.9
4212,462,2150.83,31045
4213,468,2185.28,30976.4
4214,471,2200,30950
4215,484,2266.67,31016.7
4216,530,2400.28,30752.8
4217,579,2509.44,31019.2
4218,632,2583.33,31000
4219,631,2583.33,30983.3
4220,712,2700,30983.3
4221,743,2733.61,31003.1
4222,884,3011.94,30894.7
4223,871,2990,30861.9
4224,730,2726.94,30565.3
4225,783,2808.61,30531.7
4226,817,2880.56,30548.3
4227,825,2894.72,30453.6
4228,782,2801.94,30493.3
4229,732,2733.33,30483.3
4230,816,2874.17,30525.3
4231,826,2898.61,30666.9
4232,745,2750,30683.3
4233,762,2783.33,30550
4234,729,2717.5,30632.5
4235,701,2675.83,30700.6
4236,719,2702.5,30692.5
4237,604,2546.67,30685.6
4238,534,2432.78,30717.5
4239,622,2560.56,30739.2
4240,560,2478.89,30663.6
4241,644,2600,30983.3
4242,655,2616.67,30983.3
4243,744,2745.83,31010.3
4244,709,2685,31020.6
4245,693,2661.11,31037.2
4246,792,2830.56,31052.2
4247,763,2783.33,31000
4248,764,2783.33,31250
4249,629,2577.5,30897.5
4250,449,2133.33,31000
4251,472,2200,31050
4252,441,2116.67,31133.3
4253,405,2021.94,31260
4254,475,2201.67,31278.1
4255,473,2200,31266.7
4256,483,2259.72,31467.8
4257,501,2333.33,31700
4258,502,2333.33,31733.3
4259,489,2283.33,31633.3
4260,450,2133.33,31500
4261,448,2120.83,31484.7
4262,376,1950,31533.3
4263,463,2166.67,31666.7
4264,434,2100,31600
4265,370,1916.67,31633.3
4266,248,1650,31716.7
4267,267,1700,31566.7
4268,293,1733.33,31616.7
4269,334,1833.33,31550
4270,294,1733.33,31716.7
4271,305,1750,31716.7
4272,328,1816.67,31666.7
4273,335,1833.33,31666.7
4274,355,1883.33,31683.3
4275,354,1883.33,31650
4276,403,2016.67,31366.7
4277,363,1900,31433.3
4278,315,1783.33,31550
4279,308,1766.67,31550
4280,278,1716.67,31466.7
4281,246,1650,31500
4282,234,1600,31600
4283,198,1533.33,31583.3
4284,238,1616.67,31716.7
4285,208,1550,31700
4286,161,1450,31616.7
4287,116,1350,31483.3
4288,214,1566.67,31483.3
4289,224,1583.33,31616.7
4290,279,1716.67,31850
4291,414,2050,31683.3
4292,428,2083.33,31516.7
4293,469,2186.11,31481.1
4294,477,2233.33,31466.7
4295,593,2533.33,31233.3
4296,645,2600,31233.3
4297,664,2618.33,31327.8
4298,681,2645.83,31321.4
4299,711,2696.94,31296.4
4300,718,2700.56,31364.7
4301,714,2700,31333.3
4302,691,2658.89,31343.1
4303,790,2825.83,31423.3
4304,748,2750,31500
4305,772,2791.94,31467.5
4306,757,2766.67,31516.7
4307,731,2726.94,31328.1
4308,694,2663.89,31324.4
4309,761,2783.06,31316.7
4310,749,2750,31516.7
4311,747,2750,31466.7
4312,789,2825.28,31254.7
4313,713,2700,31050
4314,702,2683.33,31200
4315,700,2667.22,31356.4
4316,721,2716.67,31300
4317,696,2666.67,31364.7
4318,666,2631.94,31308.9
4319,663,2616.94,31369.7
4320,722,2716.67,31333.3
4321,633,2583.33,31350
4322,835,2903.89,31200.3
4323,804,2850,31283.3
4324,894,3033.33,31300
4325,862,2983.33,31166.7
4326,920,3066.67,31100
4327,952,3133.33,31100
4328,964,3163.06,31396.4
4329,981,3200,31450
4330,1011,3266.67,31533.3
4331,1113,3433.33,31833.3
4332,1085,3366.67,32166.7
4333,1124,3483.33,31966.7
4334,1135,3516.67,32050
4335,1176,3633.33,32133.3
4336,1177,3633.33,32183.3
4337,1350,4066.67,32200
4338,1382,4166.67,32266.7
4339,1420,4233.33,32333.3
4340,1337,4033.33,32516.7
4341,1300,3916.67,32500
4342,1299,3916.67,32383.3
4343,1288,3883.33,32266.7
4344,1336,4033.33,32100
4345,1276,3866.67,32116.7
4346,1332,4016.67,31983.3
4347,1538,4433.33,31166.7
4348,1544,4443.61,31179.2
4349,1443,4266.67,31200
4350,1432,4234.17,31179.7
4351,1453,4271.94,31190.3
4352,1357,4083.33,31166.7
4353,1356,4073.89,31171.7
4354,1390,4172.5,31173.1
4355,1323,3983.33,31133.3
4356,1315,3944.72,31171.7
4357,1257,3800,31183.3
4358,1225,3733.33,31033.3
4359,1256,3799.17,30856.4
4360,1224,3733.33,30800
4361,1249,3783.33,30983.3
4362,1266,3833.33,31133.3
4363,1247,3776.67,31215.6
4364,1134,3509.17,31197.5
4365,1070,3350,31133.3
4366,1021,3283.33,31000
4367,1035,3297.78,30955.3
4368,1096,3383.33,30866.7
4369,1054,3326.39,30764.2
4370,1175,3633.33,30783.3
4371,1201,3683.06,30819.7
4372,1262,3807.5,30700.8
4373,1255,3787.5,30660.6
4374,1157,3588.61,30709.4
4375,1120,3462.22,30826.7
4376,1123,3483.33,30600
4377,1202,3683.33,30600
4378,1248,3783.33,30416.7
4379,1158,3600,30483.3
4380,1173,3633.33,30633.3
4381,1174,3633.33,30666.7
4382,1133,3506.94,30554.7
4383,1184,3640.28,30490.6
4384,1168,3616.67,30583.3
4385,1294,3885.83,30620.3
4386,1335,4024.17,30290
4387,1344,4041.94,30278.6
4388,1392,4182.22,30266.4
4389,1367,4114.72,30276.7
4390,1349,4050.56,30345.3
4391,1549,4450,30297.2
4392,1598,4533.33,30183.3
4393,1717,4671.94,30171.4
4394,1536,4418.33,30171.7
4395,1410,4208.89,30396.1
4396,1442,4253.33,30385.3
4397,1506,4358.89,30374.2
4398,1486,4350,30366.7
4399,1459,4284.17,30420
4400,1366,4108.06,30466.7
4401,1469,4300.56,30071.1
4402,1391,4179.17,30093.6
4403,1596,4532.5,30061.7
4404,1623,4554.17,30046.7
4405,1637,4579.44,30104.2
4406,1626,4566.67,30100
4407,1661,4607.22,30010.6
4408,1581,4515.28,30380.6
4409,1485,4339.72,30565.3
4410,1548,4450,30283.3
4411,1554,4466.67,30233.3
4412,1553,4456.94,30261.4
4413,1563,4469.17,30150.3
4414,1608,4538.06,30699.2
4415,1545,4446.11,30638.6
4416,1325,3994.72,30806.1
4417,1389,4170.83,30774.7
4418,1454,4282.78,30745.6
4419,1374,4147.78,30799.4
4420,1595,4518.89,30795.8
4421,1701,4666.67,30800
4422,1697,4658.06,30800
4423,1773,4750,31066.7
4424,1815,4767.22,31138.3
4425,1757,4729.44,31029.4
4426,1834,4795.28,30936.4
4427,1887,4832.5,30955
4428,1696,4654.17,31186.9
4429,1835,4800,31500
4430,1889,4833.33,31566.7
4431,1758,4733.33,31566.7
4432,2279,5066.67,31516.7
4433,2106,4966.67,31283.3
4434,2143,4983.33,31250
4435,1989,4900,31366.7
4436,2141,4983.33,31050
4437,2139,4983.33,30983.3
4438,2140,4983.33,31016.7
4439,2278,5066.67,30933.3
4440,2340,5100,30833.3
4441,2663,5300,30883.3
4442,3030,5716.67,30783.3
4443,2997,5666.67,30650
4444,2975,5633.33,30616.7
4445,2968,5616.67,30600
4446,2919,5533.33,30533.3
4447,2860,5450,30416.7
4448,2859,5450,30383.3
4449,2976,5633.33,30783.3
4450,3010,5683.33,30683.3
4451,3019,5700,30683.3
4452,3353,6066.67,30700
4453,3461,6166.67,30550
4454,3633,6300,30650
4455,3634,6300,30700
4456,3526,6216.67,30650
4457,3613,6283.33,30733.3
4458,3590,6266.67,30700
4459,3796,6500,30633.3
4460,3808,6533.33,30683.3
4461,3787,6483.33,30483.3
4462,3690,6350,30700
4463,3689,6350,30466.7
4464,3612,6283.33,30633.3
4465,3672,6333.33,30516.7
4466,3673,6333.33,30533.3
4467,3719,6383.33,30450
4468,3905,6733.33,30416.7
4469,3904,6733.33,30400
4470,3850,6633.33,30650
4471,3832,6583.33,30633.3
4472,3845,6616.67,30633.3
4473,3797,6500,30750
4474,3851,6633.33,30733.3
4475,3960,6816.67,30500
4476,3959,6816.67,30433.3
4477,4072,6983.33,30583.3
4478,4144,7133.33,30516.7
4479,4096,7050,30566.7
4480,3970,6833.33,30566.7
4481,3969,6833.33,30483.3
4482,3859,6650,30350
4483,3731,6400,30066.7
4484,3752,6433.33,30133.3
4485,3215,5933.33,30100
4486,3115,5833.33,30233.3
4487,3060,5766.67,29950
4488,3009,5683.33,29900
4489,2624,5266.67,29800
4490,2537,5216.67,29850
4491,2370,5116.67,29816.7
4492,2402,5133.33,29816.7
4493,2461,5166.67,29816.7
4494,2505,5200,29833.3
4495,2462,5166.67,30066.7
4496,2276,5066.67,30183.3
4497,2431,5150,30216.7
4498,2433,5150,30533.3
4499,2071,4950,30450
4500,1947,4862.5,30602.8
4501,2016,4901.67,30582.2
4502,2070,4936.94,30462.8
4503,1884,4825.28,30546.7
4504,2432,5150,30400
4505,2699,5333.33,30400
4506,2783,5400,30466.7
4507,2645,5283.33,30366.7
4508,2572,5233.33,30366.7
4509,2339,5100,30366.7
4510,2371,5116.67,30400
4511,2137,4978.89,30294.4
4512,2104,4966.67,30283.3
4513,1883,4821.39,30019.7
4514,1888,4833.06,29974.2
4515,1860,4807.5,30013.6
4516,1973,4883.33,29918.3
4517,2015,4901.39,29922.2
4518,1716,4669.44,29878.9
4519,1668,4627.78,29858.1
4520,1625,4566.67,29750
4521,1638,4583.33,29750
4522,1650,4594.72,29732.2
4523,1669,4633.33,29716.7
4524,2020,4916.67,29733.3
4525,2309,5083.33,29800
4526,3087,5800,29950
4527,3214,5933.33,29933.3
4528,3233,5950,29883.3
4529,3248,5966.67,29866.7
4530,3280,6000,29783.3
4531,3522,6216.67,29783.3
4532,3441,6150,29766.7
4533,3521,6216.67,29766.7
4534,3545,6233.33,29916.7
4535,3751,6433.33,30000
4536,3764,6450,30066.7
4537,3501,6200,30066.7
4538,3610,6283.33,30016.7
4539,3629,6300,30133.3
4540,3630,6300,30183.3
4541,3631,6300,30200
4542,3568,6250,30050
4543,3459,6166.67,30283.3
4544,3264,5983.33,30233.3
4545,3312,6033.33,30266.7
4546,3311,6033.33,30233.3
4547,3352,6066.67,30266.7
4548,3424,6133.33,30166.7
4549,3502,6200,30366.7
4550,3587,6266.67,30183.3
4551,3569,6250,30200
4552,3586,6266.67,30166.7
4553,3546,6233.33,29966.7
4554,3408,6116.67,29883.3
4555,3423,6133.33,29883.3
4556,3389,6100,30000
4557,3585,6266.67,29816.7
4558,3687,6350,29950
4559,3779,6466.67,30000
4560,3778,6466.67,29950
4561,3765,6450,30100
4562,3701,6366.67,30183.3
4563,3588,6266.67,30266.7
4564,3523,6216.67,30266.7
4565,3589,6266.67,30333.3
4566,3330,6050,30283.3
4567,3331,6050,30350
4568,3425,6133.33,30400
4569,3460,6166.67,30500
4570,3462,6166.67,30566.7
4571,3503,6200,30566.7
4572,3375,6083.33,30700
4573,3463,6166.67,30733.3
4574,3525,6216.67,30583.3
4575,3632,6300,30583.3
4576,3547,6233.33,30550
4577,3611,6283.33,30550
4578,3656,6316.67,30650
4579,3809,6533.33,30816.7
4580,3788,6483.33,30850
4581,3810,6533.33,31083.3
4582,3766,6450,31350
4583,3780,6466.67,31383.3
4584,3789,6483.33,31383.3
4585,3852,6633.33,31133.3
4586,3895,6716.67,31116.7
4587,3636,6300,30983.3
4588,3638,6300,31050
4589,3571,6250,31066.7
4590,3570,6250,30983.3
4591,3527,6216.67,30966.7
4592,3376,6083.33,30900
4593,3332,6050,30916.7
4594,3354,6066.67,30933.3
4595,3046,5750,31150
4596,3075,5783.33,31150
4597,3102,5816.67,31466.7
4598,3103,5816.67,31650
4599,3077,5783.33,31700
4600,3076,5783.33,31666.7
4601,3031,5716.67,31833.3
4602,3047,5750,31716.7
4603,3048,5750,31750
4604,3132,5850,32116.7
4605,3049,5750,32050
4606,2785,5400,32200
4607,2600,5250,32333.3
4608,2599,5250,32233.3
4609,2463,5166.67,32350
4610,2198,5016.67,32366.7
4611,2023,4916.67,32450
4612,2374,5116.67,32516.7
4613,1990,4900,32733.3
4614,2073,4950,32833.3
4615,1991,4900,33100
4616,1976,4883.33,33016.7
4617,2025,4916.67,32833.3
4618,2145,4983.33,32966.7
4619,2249,5050,32900
4620,2344,5100,32816.7
4621,2404,5133.33,32866.7
4622,2283,5066.67,32800
4623,2199,5016.67,32800
4624,1975,4883.33,32950
4625,1950,4866.67,32933.3
4626,2343,5100,32650
4627,2282,5066.67,32733.3
4628,2144,4983.33,32650
4629,1949,4866.67,32766.7
4630,1890,4833.33,32766.7
4631,1921,4850,32716.7
4632,1609,4550,32683.3
4633,1574,4500,32716.7
4634,1421,4233.33,32883.3
4635,1836,4800,33100
4636,1922,4850,33183.3
4637,1837,4800,33266.7
4638,1796,4766.67,33266.7
4639,1776,4750,33300
4640,2026,4916.67,33300
4641,2602,5250,33366.7
4642,2376,5116.67,33400
4643,2702,5333.33,33550
4644,2872,5466.67,33633.3
4645,2665,5300,33733.3
4646,2177,5000,34016.7
4647,2284,5066.67,34416.7
4648,2703,5333.33,34550
4649,2686,5316.67,34400
4650,2576,5233.33,34450
4651,2345,5100,34383.3
4652,2048,4933.33,34416.7
4653,2439,5150,34583.3
4654,2704,5333.33,34783.3
4655,2757,5383.33,34766.7
4656,2736,5366.67,35016.7
4657,2816,5416.67,35183.3
4658,2407,5133.33,34983.3
4659,2346,5100,34966.7
4660,2250,5050,35033.3
4661,2510,5200,34950
4662,2787,5400,35300
4663,2788,5400,35433.3
4664,2738,5366.67,35366.7
4665,2737,5366.67,35350
4666,3034,5716.67,34983.3
4667,3012,5683.33,35033.3
4668,3053,5750,34833.3
4669,2982,5633.33,34800
4670,3094,5800,34866.7
4671,3135,5850,34950
4672,3061,5766.67,35050
4673,3219,5933.33,34883.3
4674,3220,5933.33,34950
4675,3283,6000,34933.3
4676,3148,5866.67,35050
4677,3039,5733.33,35116.7
4678,2948,5583.33,35166.7
4679,3118,5833.33,35200
4680,3167,5883.33,35116.7
4681,3149,5866.67,35066.7
4682,3062,5766.67,35100
4683,2815,5416.67,34900
4684,2758,5383.33,34933.3
4685,2862,5450,34983.3
4686,2578,5233.33,35016.7
4687,2509,5200,34783.3
4688,2440,5150,34850
4689,2029,4916.67,34483.3
4690,1721,4683.33,34450
4691,1540,4433.33,34483.3
4692,1526,4400,34516.7
4693,1521,4383.33,34333.3
4694,1492,4350,34416.7
4695,1525,4400,34400
4696,1611,4550,34200
4697,1539,4433.33,34216.7
4698,1415,4216.67,34250
4699,1509,4366.67,34200
4700,1489,4350,34183.3
4701,1402,4200,34216.7
4702,1671,4633.33,34416.7
4703,1652,4600,34350
4704,1686,4650,34333.3
4705,1720,4683.33,34250
4706,1685,4650,34200
4707,1760,4733.33,34100
4708,1706,4666.67,34033.3
4709,1797,4766.67,34083.3
4710,1798,4766.67,34333.3
4711,1479,4333.33,34166.7
4712,1490,4350,34266.7
4713,1480,4333.33,34266.7
4714,1394,4183.33,34083.3
4715,1333,4016.67,34350
4716,1327,4000,34433.3
4717,1328,4000,34450
4718,1368,4116.67,34333.3
4719,1491,4350,34350
4720,1365,4100,34466.7
4721,1358,4083.33,34633.3
4722,1369,4116.67,34633.3
4723,1347,4050,34583.3
4724,1283,3866.67,34716.7
4725,1261,3800,34733.3
4726,1060,3333.33,35033.3
4727,976,3183.33,35166.7
4728,905,3033.33,35050
4729,882,3000,35083.3
4730,1002,3250,35516.7
4731,1025,3283.33,34683.3
4732,1108,3400,34516.7
4733,1102,3383.33,34466.7
4734,1037,3300,34316.7
4735,1106,3400,34066.7
4736,1119,3450,34100
4737,1152,3566.67,33950
4738,1118,3450,33950
4739,1122,3466.67,33916.7
4740,1230,3733.33,33833.3
4741,1216,3700,33750
4742,1235,3750,33850
4743,1231,3733.33,33933.3
4744,1208,3683.33,33916.7
4745,1199,3666.67,33933.3
4746,1180,3633.33,33950
4747,1189,3650,33966.7
4748,1200,3666.67,33966.7
4749,1273,3850,34200
4750,1318,3950,34283.3
4751,1324,3983.33,34066.7
4752,1312,3933.33,33983.3
4753,1282,3866.67,33966.7
4754,1172,3616.67,33933.3
4755,1171,3616.67,33866.7
4756,1117,3450,33833.3
4757,1162,3600,33733.3
4758,1236,3750,33883.3
4759,1241,3766.67,33683.3
4760,1170,3616.67,33833.3
4761,1207,3683.33,33900
4762,1206,3683.33,33666.7
4763,1205,3683.33,33650
4764,1215,3700,33616.7
4765,1160,3600,33466.7
4766,1265,3816.67,33333.3
4767,1281,3866.67,33316.7
4768,1341,4033.33,33350
4769,1228,3733.33,33316.7
4770,1198,3666.67,33433.3
4771,1268,3833.33,33283.3
4772,1213,3700,33250
4773,1144,3550,33300
4774,1142,3550,33266.7
4775,1105,3400,33300
4776,1121,3466.67,33133.3
4777,1126,3483.33,33200
4778,1203,3683.33,33216.7
4779,1145,3550,33400
4780,1187,3650,33666.7
4781,1161,3600,33533.3
4782,1137,3516.67,33516.7
4783,1101,3383.33,33616.7
4784,1015,3266.67,33750
4785,1089,3366.67,33650
4786,1076,3350,33633.3
4787,1116,3450,33666.7
4788,1001,3250,33616.7
4789,992,3216.67,33583.3
4790,998,3233.33,33600
4791,1024,3283.33,33666.7
4792,1075,3350,33583.3
4793,1058,3333.33,33516.7
4794,1047,3316.67,33516.7
4795,1074,3350,33533.3
4796,1111,3416.67,33516.7
4797,1088,3366.67,33533.3
4798,997,3233.33,33516.7
4799,959,3133.33,33533.3
4800,958,3133.33,33516.7
4801,948,3116.67,33433.3
4802,932,3083.33,33350
4803,968,3166.67,33250
4804,1046,3316.67,33100
4805,967,3166.67,33000
4806,931,3083.33,32933.3
4807,902,3033.33,33050
4808,928,3066.67,33116.7
4809,903,3033.33,33250
4810,865,2983.33,33100
4811,879,3000,33083.3
4812,942,3100,32950
4813,995,3233.33,33016.7
4814,927,3066.67,32950
4815,848,2950,33150
4816,799,2833.33,33233.3
4817,728,2716.67,33216.7
4818,727,2716.67,33016.7
4819,705,2683.33,33000
4820,726,2716.67,32916.7
4821,611,2550,32950
4822,715,2700,32983.3
4823,662,2616.67,33033.3
4824,797,2833.33,33083.3
4825,808,2850,33083.3
4826,650,2600,33000
4827,564,2483.33,33050
4828,545,2450,33116.7
4829,437,2100,33200
4830,424,2066.67,33116.7
4831,436,2100,33066.7
4832,409,2033.33,33100
4833,397,2000,33083.3
4834,343,1850,33066.7
4835,330,1816.67,33033.3
4836,373,1933.33,32916.7
4837,374,1933.33,32933.3
4838,379,1950,32933.3
4839,378,1950,32916.7
4840,389,1983.33,32916.7
4841,406,2033.33,32850
4842,415,2050,32883.3
4843,417,2050,32950
4844,457,2150,33216.7
4845,451,2133.33,33050
4846,443,2116.67,33066.7
4847,404,2016.67,33050
4848,435,2100,33033.3
4849,431,2083.33,33050
4850,442,2116.67,33033.3
4851,390,1983.33,33000
4852,429,2083.33,32916.7
4853,430,2083.33,33000
4854,422,2066.67,33016.7
4855,423,2066.67,33050
4856,444,2116.67,33133.3
4857,411,2033.33,33400
4858,438,2100,33233.3
4859,419,2050,33400
4860,412,2033.33,33433.3
4861,410,2033.33,33316.7
4862,425,2066.67,33333.3
4863,418,2050,33300
4864,439,2100,33416.7
4865,445,2116.67,33500
4866,460,2150,33516.7
4867,459,2150,33483.3
4868,464,2166.67,33350
4869,458,2150,33450
4870,364,1900,33350
4871,371,1916.67,33350
4872,393,1983.33,33383.3
4873,358,1883.33,33383.3
4874,365,1900,33466.7
4875,321,1800,33416.7
4876,337,1833.33,33333.3
4877,344,1850,33416.7
4878,323,1800,33566.7
4879,338,1833.33,33516.7
4880,316,1783.33,33566.7
4881,322,1800,33550
4882,170,1466.67,33866.7
4883,119,1350,33966.7
4884,152,1416.67,34016.7
4885,284,1716.67,33983.3
4886,307,1750,34016.7
4887,311,1766.67,33966.7
4888,281,1716.67,33850
4889,225,1583.33,33733.3
4890,182,1500,33700
4891,183,1500,33733.3
4892,199,1533.33,33700
4893,209,1550,33633.3
4894,215,1566.67,33666.7
4895,239,1616.67,33700
4896,310,1766.67,33833.3
4897,360,1883.33,33700
4898,283,1716.67,33966.7
4899,282,1716.67,33950
4900,227,1583.33,33966.7
4901,240,1616.67,34000
4902,251,1650,33983.3
4903,252,1650,34100
4904,253,1650,34116.7
4905,324,1800,34033.3
4906,325,1800,34100
4907,332,1816.67,34116.7
4908,400,2000,34100
4909,399,2000,33950
4910,465,2166.67,33616.7
4911,453,2133.33,33583.3
4912,446,2116.67,33666.7
4913,432,2083.33,33716.7
4914,454,2133.33,33650
4915,495,2300,33783.3
4916,496,2300,33816.7
4917,525,2400,33633.3
4918,598,2533.33,33533.3
4919,523,2400,33550
4920,533,2416.67,33733.3
4921,532,2416.67,33716.7
4922,479,2250,33866.7
4923,474,2200,33866.7
4924,433,2083.33,33883.3
4925,420,2050,33866.7
4926,372,1916.67,34050
4927,398,2000,33916.7
4928,480,2250,34100
4929,347,1850,34700
4930,340,1833.33,34416.7
4931,272,1700,34283.3
4932,382,1950,34200
4933,401,2000,34333.3
4934,402,2000,34400
4935,383,1950,34650
4936,426,2066.67,34616.7
4937,447,2116.67,34650
4938,487,2266.67,34850
4939,481,2250,34883.3
4940,500,2316.67,34966.7
4941,488,2266.67,34916.7
4942,482,2250,35033.3
4943,394,1983.33,35583.3
4944,384,1950,35700
4945,369,1900,35550
4946,421,2050,35616.7
4947,455,2133.33,35716.7
4948,499,2300,35833.3
4949,640,2583.33,35466.7
4950,601,2533.33,35566.7
4951,577,2500,35600
4952,528,2400,35500
4953,427,2066.67,35533.3
4954,461,2150,35700
4955,466,2166.67,35833.3
4956,478,2233.33,35850
4957,491,2283.33,35700
4958,578,2500,35883.3
4959,618,2550,36083.3
4960,529,2400,36400
4961,741,2733.33,36266.7
4962,868,2983.33,35950
4963,883,3000,35666.7
4964,934,3083.33,35666.7
4965,1112,3416.67,35433.3
4966,1131,3500,35616.7
4967,1308,3916.67,35583.3
4968,1307,3916.67,35483.3
4969,1061,3333.33,35666.7
4970,1003,3250,35800
4971,1080,3350,35850
4972,1079,3350,35550
4973,1165,3600,35600
4974,1190,3650,35600
4975,1242,3766.67,35550
4976,1270,3833.33,35700
4977,1319,3950,35600
4978,1428,4233.33,35700
4979,1418,4216.67,35750
4980,1450,4266.67,35850
4981,1451,4266.67,36400
4982,1287,3866.67,36600
4983,1244,3766.67,36416.7
4984,1286,3866.67,36433.3
4985,1191,3650,36900
4986,1139,3516.67,36883.3
4987,1128,3483.33,36866.7
4988,1153,3566.67,36950
4989,1138,3516.67,36766.7
4990,1082,3350,36700
4991,1127,3483.33,36800
4992,1094,3366.67,36850
4993,1095,3366.67,36900
4994,1004,3250,36966.7
4995,1093,3366.67,36700
4996,1064,3333.33,36800
4997,1027,3283.33,37150
4998,1005,3250,37116.7
4999,1065,3333.33,37150
5000,989,3200,37150
5001,999,3233.33,37183.3
5002,1029,3283.33,37383.3
5003,1019,3266.67,37400
5004,1066,3333.33,37266.7
5005,1006,3250,37233.3
5006,1051,3316.67,37250
5007,1026,3283.33,36983.3
5008,977,3183.33,37066.7
5009,918,3050,37000
5010,870,2983.33,36966.7
5011,815,2866.67,37133.3
5012,843,2916.67,37433.3
5013,771,2783.33,37033.3
5014,742,2733.33,36683.3
5015,619,2550,36766.7
5016,869,2983.33,36700
5017,891,3016.67,36750
5018,963,3150,36850
5019,1063,3333.33,36683.3
5020,1081,3350,36683.3
5021,1062,3333.33,36650
5022,1049,3316.67,36633.3
5023,1091,3366.67,36666.7
5024,1083,3350,36766.7
5025,1050,3316.67,36650
5026,1092,3366.67,36683.3
5027,1048,3316.67,36566.7
5028,1038,3300,36450
5029,1148,3550,36100
5030,1166,3600,35933.3
5031,1209,3683.33,35950
5032,1243,3766.67,35833.3
5033,1285,3866.67,35700
5034,1334,4016.67,35766.7
5035,1388,4166.67,35850
5036,1466,4300,35650
5037,1653,4600,35800
5038,1801,4766.67,35933.3
5039,1762,4733.33,35833.3
5040,1926,4850,35766.7
5041,1995,4900,35783.3
5042,2348,5100,36016.7
5043,2687,5316.67,36083.3
5044,2739,5366.67,36250
5045,2442,5150,36166.7
5046,2488,5183.33,36283.3
5047,2470,5166.67,36250
5048,2667,5300,36366.7
5049,2949,5583.33,36150
5050,2932,5550,36083.3
5051,2985,5633.33,36116.7
5052,2984,5633.33,36016.7
5053,2969,5616.67,35966.7
5054,3001,5666.67,35950
5055,3095,5800,35800
5056,3106,5816.67,35800
5057,2993,5650,35916.7
5058,2889,5483.33,35883.3
5059,2705,5333.33,35766.7
5060,2582,5233.33,35750
5061,2839,5433.33,35850
5062,2583,5233.33,35916.7
5063,2378,5116.67,35833.3
5064,2224,5033.33,35900
5065,2200,5016.67,36100
5066,2225,5033.33,36050
5067,1896,4833.33,36066.7
5068,1747,4716.67,35916.7
5069,1994,4900,35616.7
5070,2626,5266.67,35516.7
5071,2915,5516.67,35766.7
5072,2888,5483.33,35633.3
5073,2863,5450,35666.7
5074,2789,5400,35600
5075,2666,5300,35366.7
5076,2914,5516.67,35216.7
5077,2941,5566.67,35250
5078,3168,5883.33,35233.3
5079,3251,5966.67,35166.7
5080,3335,6050,35016.7
5081,3592,6266.67,35100
5082,3674,6333.33,34966.7
5083,3550,6233.33,34983.3
5084,3378,6083.33,34933.3
5085,3427,6133.33,35066.7
5086,3572,6250,35066.7
5087,3753,6433.33,34916.7
5088,3811,6533.33,34983.3
5089,3742,6416.67,35016.7
5090,3551,6233.33,35183.3
5091,3552,6233.33,35350
5092,3574,6250,35333.3
5093,3573,6250,35250
5094,3615,6283.33,35216.7
5095,3691,6350,35216.7
5096,3593,6266.67,35200
5097,3642,6300,35150
5098,3594,6266.67,35500
5099,3723,6383.33,35500
5100,3790,6483.33,35350
5101,3812,6533.33,35283.3
5102,3819,6550,35366.7
5103,3643,6300,35583.3
5104,3506,6200,35733.3
5105,3660,6316.67,35750
5106,3484,6183.33,35750
5107,3595,6266.67,35600
5108,3467,6166.67,35633.3
5109,3743,6416.67,35550
5110,3722,6383.33,35100
5111,3659,6316.67,35083.3
5112,3591,6266.67,34966.7
5113,3529,6216.67,34900
5114,3549,6233.33,34933.3
5115,3391,6100,34916.7
5116,3357,6066.67,34850
5117,3334,6050,34833.3
5118,3147,5866.67,34583.3
5119,3052,5750,34666.7
5120,3011,5683.33,34716.7
5121,2992,5650,34700
5122,3117,5833.33,34700
5123,3528,6216.67,34250
5124,3355,6066.67,34150
5125,3504,6200,34100
5126,3390,6100,33950
5127,3706,6366.67,33783.3
5128,3705,6366.67,33666.7
5129,3614,6283.33,33850
5130,3483,6183.33,33900
5131,3464,6166.67,33900
5132,3281,6000,33916.7
5133,3282,6000,34083.3
5134,3217,5933.33,34166.7
5135,3134,5850,34366.7
5136,3051,5750,34500
5137,2940,5566.67,34583.3
5138,2981,5633.33,34516.7
5139,3020,5700,34483.3
5140,3333,6050,34683.3
5141,3356,6066.67,34650
5142,3505,6200,34650
5143,3734,6400,34583.3
5144,3658,6316.67,34583.3
5145,3641,6300,34500
5146,3657,6316.67,34416.7
5147,3804,6516.67,34466.7
5148,3735,6400,34766.7
5149,3708,6366.67,34816.7
5150,3839,6600,34950
5151,3833,6583.33,34866.7
5152,3822,6566.67,34900
5153,3898,6716.67,34766.7
5154,4040,6933.33,34833.3
5155,4115,7083.33,35033.3
5156,4097,7050,35250
5157,4074,6983.33,35250
5158,4051,6950,35216.7
5159,4041,6933.33,35383.3
5160,4052,6950,35466.7
5161,4075,6983.33,35416.7
5162,4027,6916.67,35450
5163,4042,6933.33,35500
5164,4064,6966.67,35483.3
5165,4063,6966.67,35450
5166,4098,7050,35383.3
5167,4202,7233.33,35400
5168,4214,7250,35366.7
5169,4222,7266.67,35600
5170,4177,7200,35600
5171,4153,7150,35600
5172,4145,7133.33,35616.7
5173,4313,7400,35500
5174,4308,7383.33,35500
5175,4292,7366.67,35500
5176,4264,7333.33,35516.7
5177,4191,7216.67,35550
5178,4215,7250,35633.3
5179,4168,7183.33,35650
5180,4203,7233.33,35650
5181,4190,7216.67,35483.3
5182,4175,7200,35416.7
5183,4176,7200,35433.3
5184,4328,7416.67,34983.3
5185,4363,7483.33,35066.7
5186,4387,7533.33,35066.7
5187,4416,7600,35050
5188,4438,7650,35483.3
5189,4338,7433.33,35500
5190,4369,7500,35483.3
5191,4355,7466.67,35500
5192,4456,7683.33,35400
5193,4470,7716.67,35533.3
5194,4471,7716.67,35866.7
5195,4478,7733.33,35866.7
5196,4365,7483.33,35900
5197,4216,7250,35883.3
5198,4223,7266.67,35883.3
5199,4243,7300,36000
5200,4295,7366.67,36066.7
5201,4330,7416.67,36283.3
5202,4391,7533.33,36433.3
5203,4359,7466.67,36516.7
5204,4340,7433.33,36516.7
5205,4318,7400,36266.7
5206,4296,7366.67,36150
5207,4317,7400,36133.3
5208,4224,7266.67,36066.7
5209,4204,7233.33,36116.7
5210,4192,7216.67,35983.3
5211,4065,6966.67,35666.7
5212,3935,6783.33,35533.3
5213,3871,6666.67,35583.3
5214,3908,6733.33,35800
5215,3918,6750,35450
5216,3890,6700,35366.7
5217,3989,6850,35083.3
5218,3889,6700,35033.3
5219,3999,6866.67,34933.3
5220,4062,6966.67,35133.3
5221,4174,7200,34783.3
5222,4212,7250,34666.7
5223,4188,7216.67,34716.7
5224,4122,7100,34833.3
5225,4106,7066.67,34833.3
5226,4364,7483.33,35116.7
5227,4213,7250,35066.7
5228,4189,7216.67,35050
5229,4436,7650,34733.3
5230,4327,7416.67,34583.3
5231,4377,7516.67,34666.7
5232,4399,7566.67,34666.7
5233,4376,7516.67,34500
5234,4585,7983.33,34216.7
5235,4648,8116.67,34250
5236,4263,7333.33,34016.7
5237,4240,7300,34066.7
5238,4312,7400,34250
5239,4454,7683.33,34116.7
5240,4362,7483.33,34016.7
5241,4239,7300,33866.7
5242,4354,7466.67,33750
5243,4288,7366.67,33433.3
5244,4200,7233.33,33416.7
5245,4201,7233.33,33500
5246,4073,6983.33,33316.7
5247,4121,7100,33383.3
5248,4050,6950,33516.7
5249,3870,6666.67,33416.7
5250,3741,6416.67,33583.3
5251,3798,6500,33750
5252,3897,6716.67,33850
5253,3733,6400,33933.3
5254,3707,6366.67,34100
5255,3640,6300,34116.7
5256,3721,6383.33,34133.3
5257,3166,5883.33,34183.3
5258,3218,5933.33,34350
5259,3315,6033.33,34316.7
5260,3316,6033.33,34450
5261,3465,6166.67,34466.7
5262,3250,5966.67,34516.7
5263,3033,5716.67,34550
5264,3235,5950,34133.3
5265,3266,5983.33,34116.7
5266,3050,5750,34083.3
5267,2913,5516.67,34316.7
5268,2786,5400,34250
5269,2405,5133.33,34166.7
5270,2508,5200,34150
5271,2485,5183.33,34116.7
5272,2438,5150,34050
5273,2028,4916.67,34033.3
5274,1893,4833.33,34216.7
5275,1687,4650,34383.3
5276,1670,4633.33,34366.7
5277,1550,4450,34616.7
5278,1640,4583.33,34633.3
5279,1585,4516.67,34700
5280,1864,4816.67,34583.3
5281,1839,4800,34583.3
5282,1628,4566.67,34633.3
5283,1612,4550,34550
5284,1722,4683.33,34566.7
5285,1746,4716.67,34550
5286,1732,4700,34600
5287,2074,4950,34683.3
5288,1894,4833.33,34716.7
5289,1866,4816.67,34833.3
5290,1777,4750,34533.3
5291,1761,4733.33,34433.3
5292,2109,4966.67,34533.3
5293,2285,5066.67,34666.7
5294,2577,5233.33,34916.7
5295,2543,5216.67,35033.3
5296,2468,5166.67,35216.7
5297,2377,5116.67,35216.7
5298,2469,5166.67,35300
5299,2647,5283.33,35300
5300,2487,5183.33,35333.3
5301,2347,5100,35183.3
5302,2075,4950,35033.3
5303,1895,4833.33,34983.3
5304,1778,4750,34800
5305,1733,4700,34866.7
5306,1799,4766.67,34750
5307,1641,4583.33,34850
5308,1734,4700,34950
5309,1993,4900,35066.7
5310,2112,4966.67,35333.3
5311,1952,4866.67,35366.7
5312,2049,4933.33,35333.3
5313,1925,4850,35183.3
5314,1663,4616.67,35116.7
5315,1779,4750,34850
5316,1707,4666.67,34866.7
5317,1865,4816.67,34750
5318,1840,4800,34666.7
5319,1951,4866.67,34716.7
5320,2030,4916.67,34616.7
5321,1992,4900,34733.3
5322,2178,5000,34733.3
5323,2406,5133.33,34766.7
5324,2467,5166.67,34883.3
5325,2441,5150,34883.3
5326,2313,5083.33,34800
5327,2222,5033.33,34816.7
5328,2110,4966.67,34883.3
5329,2111,4966.67,35216.7
5330,2146,4983.33,35216.7
5331,2486,5183.33,35233.3
5332,2579,5233.33,35400
5333,2581,5233.33,35450
5334,2511,5200,35516.7
5335,2580,5233.33,35433.3
5336,2920,5533.33,35433.3
5337,3021,5700,35700
5338,2921,5533.33,35716.7
5339,2983,5633.33,35700
5340,3065,5766.67,35633.3
5341,3066,5766.67,35766.7
5342,3198,5916.67,35700
5343,3196,5916.67,35616.7
5344,3181,5900,35300
5345,3267,5983.33,35316.7
5346,3336,6050,35333.3
5347,3195,5916.67,35366.7
5348,3268,5983.33,35633.3
5349,3392,6100,35483.3
5350,3252,5966.67,35500
5351,3253,5966.67,35566.7
5352,3182,5900,35483.3
5353,3136,5850,35450
5354,3150,5866.67,35633.3
5355,3063,5766.67,35383.3
5356,3054,5750,35300
5357,3080,5783.33,35500
5358,3064,5766.67,35516.7
5359,3013,5683.33,35600
5360,3298,6016.67,35616.7
5361,3411,6116.67,35616.7
5362,3379,6083.33,35616.7
5363,3269,5983.33,35733.3
5364,3297,6016.67,35566.7
5365,3197,5916.67,35683.3
5366,3199,5916.67,35833.3
5367,3337,6050,35983.3
5368,3338,6050,36033.3
5369,3317,6033.33,36133.3
5370,3554,6233.33,36166.7
5371,3530,6216.67,35983.3
5372,3428,6133.33,36033.3
5373,3429,6133.33,36100
5374,3299,6016.67,35933.3
5375,3236,5950,35916.7
5376,3183,5900,35950
5377,3170,5883.33,35983.3
5378,3152,5866.67,35850
5379,3119,5833.33,35766.7
5380,3000,5666.67,35600
5381,2958,5600,35600
5382,3035,5716.67,35550
5383,3105,5816.67,35650
5384,3151,5866.67,35716.7
5385,3169,5883.33,35566.7
5386,3221,5933.33,35583.3
5387,3284,6000,35533.3
5388,3410,6116.67,35416.7
5389,3466,6166.67,35433.3
5390,3754,6433.33,35333.3
5391,3675,6333.33,35450
5392,3709,6366.67,35550
5393,3676,6333.33,35550
5394,3755,6433.33,35783.3
5395,3744,6416.67,35866.7
5396,3692,6350,35850
5397,3575,6250,35916.7
5398,3468,6166.67,35883.3
5399,3553,6233.33,35833.3
5400,3677,6333.33,36000
5401,3724,6383.33,36066.7
5402,3616,6283.33,36066.7
5403,3596,6266.67,36016.7
5404,3644,6300,36150
5405,3756,6433.33,35983.3
5406,3792,6483.33,35933.3
5407,3791,6483.33,35833.3
5408,3768,6450,35666.7
5409,3805,6516.67,35650
5410,3823,6566.67,35850
5411,4066,6966.67,35850
5412,4000,6866.67,36033.3
5413,4137,7116.67,36100
5414,4147,7133.33,36183.3
5415,4124,7100,35966.7
5416,4091,7033.33,36000
5417,4125,7100,36216.7
5418,4126,7100,36283.3
5419,4180,7200,36466.7
5420,4206,7233.33,36433.3
5421,4297,7366.67,36233.3
5422,4350,7450,36283.3
5423,4266,7333.33,36183.3
5424,4276,7350,36166.7
5425,4309,7383.33,36083.3
5426,4265,7333.33,35983.3
5427,4245,7300,36166.7
5428,4244,7300,36150
5429,4277,7350,36283.3
5430,4230,7283.33,36350
5431,4148,7133.33,36383.3
5432,4158,7166.67,36366.7
5433,4116,7083.33,36383.3
5434,4085,7016.67,36366.7
5435,4127,7100,36433.3
5436,4159,7166.67,36383.3
5437,4257,7316.67,36133.3
5438,4194,7216.67,36216.7
5439,4107,7066.67,36300
5440,4246,7300,36583.3
5441,4218,7250,36500
5442,4154,7150,36300
5443,4179,7200,36300
5444,4298,7366.67,36250
5445,4267,7333.33,36300
5446,4278,7350,36333.3
5447,4193,7216.67,36133.3
5448,4205,7233.33,36133.3
5449,4225,7266.67,36133.3
5450,4217,7250,36100
5451,4275,7350,35966.7
5452,4274,7350,35950
5453,4293,7366.67,35933.3
5454,4316,7400,35933.3
5455,4349,7450,35900
5456,4314,7400,35800
5457,4294,7366.67,35950
5458,4315,7400,35816.7
5459,4136,7116.67,35833.3
5460,4099,7050,35700
5461,3990,6850,35650
5462,4242,7300,35516.7
5463,4291,7366.67,35483.3
5464,4255,7316.67,35450
5465,4290,7366.67,35333.3
5466,4329,7416.67,35350
5467,4307,7383.33,35316.7
5468,4289,7366.67,34883.3
5469,4368,7500,34950
5470,4455,7683.33,35233.3
5471,4495,7783.33,35116.7
5472,4388,7533.33,35200
5473,4408,7583.33,35233.3
5474,4422,7616.67,35500
5475,4507,7800,35100
5476,4484,7750,35100
5477,4506,7800,35066.7
5478,4580,7966.67,35166.7
5479,4508,7800,35250
5480,4491,7766.67,35000
5481,4476,7733.33,34950
5482,4469,7716.67,34950
5483,4483,7750,34800
5484,4556,7900,34883.3
5485,4437,7650,34916.7
5486,4348,7450,34550
5487,4347,7450,34466.7
5488,4241,7300,34483.3
5489,4173,7200,34600
5490,4090,7033.33,34500
5491,3973,6833.33,34050
5492,3838,6600,34100
5493,3853,6633.33,34150
5494,3925,6766.67,34383.3
5495,3917,6750,34383.3
5496,4012,6883.33,34466.7
5497,4039,6933.33,34316.7
5498,4135,7116.67,34016.7
5499,4238,7300,33716.7
5500,4386,7533.33,33600
5501,4337,7433.33,33433.3
5502,4367,7500,33450
5503,4435,7650,33400
5504,4482,7750,33333.3
5505,4461,7700,33416.7
5506,4561,7916.67,33516.7
5507,4520,7816.67,33366.7
5508,4536,7850,33350
5509,4620,8050,33300
5510,4641,8100,33650
5511,4667,8150,33666.7
5512,4572,7950,33666.7
5513,4687,8200,33733.3
5514,4656,8133.33,33733.3
5515,4834,8483.33,33950
5516,4767,8350,33666.7
5517,4724,8266.67,33666.7
5518,4700,8216.67,33600
5519,4647,8116.67,33533.3
5520,4749,8316.67,33500
5521,4723,8266.67,33516.7
5522,4716,8250,33733.3
5523,4750,8316.67,33666.7
5524,4813,8433.33,33666.7
5525,4881,8566.67,33733.3
5526,5064,8816.67,33800
5527,5165,8983.33,33966.7
5528,5178,9016.67,34083.3
5529,5073,8833.33,33966.7
5530,5075,8833.33,34066.7
5531,5046,8800,34100
5532,5084,8850,34016.7
5533,5065,8816.67,33900
5534,5005,8733.33,33900
5535,5045,8800,33850
5536,5238,9216.67,33583.3
5537,5196,9066.67,33433.3
5538,5251,9266.67,33316.7
5539,5294,9400,33350
5540,5293,9400,33183.3
5541,5315,9483.33,33216.7
5542,5339,9566.67,33450
5543,5335,9550,33500
5544,5316,9483.33,33500
5545,5271,9316.67,33533.3
5546,5289,9383.33,33500
5547,5195,9066.67,33416.7
5548,5229,9166.67,33583.3
5549,5252,9266.67,33566.7
5550,5243,9233.33,33650
5551,5097,8866.67,33633.3
5552,5219,9150,33800
5553,5083,8850,33850
5554,5147,8950,33666.7
5555,5164,8983.33,33633.3
5556,5025,8766.67,33533.3
5557,4990,8716.67,33450
5558,4861,8533.33,33416.7
5559,4965,8683.33,33233.3
5560,4980,8700,33300
5561,5113,8900,33333.3
5562,5212,9116.67,33500
5563,5242,9233.33,33616.7
5564,5247,9250,33650
5565,5134,8933.33,33683.3
5566,5115,8900,33700
5567,5163,8983.33,33500
5568,5145,8950,33533.3
5569,5133,8933.33,33516.7
5570,5146,8950,33550
5571,5095,8866.67,33483.3
5572,5032,8783.33,33800
5573,4862,8533.33,33533.3
5574,4867,8550,33450
5575,4842,8500,33483.3
5576,4912,8600,33500
5577,5132,8933.33,33366.7
5578,5114,8900,33450
5579,5158,8966.67,33383.3
5580,5187,9033.33,33400
5581,5246,9250,33383.3
5582,5260,9283.33,33450
5583,5228,9166.67,33533.3
5584,5218,9150,33766.7
5585,5253,9266.67,33650
5586,5268,9300,33850
5587,5188,9033.33,33700
5588,5234,9200,33716.7
5589,5324,9500,33766.7
5590,5336,9550,33800
5591,5378,9700,33933.3
5592,5344,9583.33,33850
5593,5345,9583.33,33933.3
5594,5296,9400,33833.3
5595,5273,9316.67,33700
5596,5278,9333.33,33650
5597,5290,9383.33,33633.3
5598,5267,9300,33600
5599,5323,9500,33550
5600,5286,9366.67,33683.3
5601,5279,9333.33,33750
5602,5274,9316.67,33800
5603,5255,9266.67,33833.3
5604,5295,9400,33750
5605,5307,9433.33,33683.3
5606,5261,9283.33,33550
5607,5285,9366.67,33600
5608,5272,9316.67,33650
5609,5254,9266.67,33766.7
5610,5215,9133.33,33516.7
5611,5206,9100,33350
5612,5192,9050,33116.7
5613,5144,8950,32933.3
5614,5162,8983.33,33066.7
5615,5157,8966.67,33100
5616,5171,9000,32916.7
5617,5185,9033.33,32833.3
5618,5227,9166.67,32866.7
5619,5277,9333.33,32983.3
5620,5211,9116.67,32933.3
5621,5265,9300,32766.7
5622,5266,9300,32783.3
5623,5217,9150,32700
5624,5237,9216.67,32683.3
5625,5226,9166.67,32550
5626,5191,9050,32500
5627,5205,9100,32550
5628,5225,9166.67,32516.7
5629,5199,9083.33,32500
5630,5200,9083.33,32550
5631,5183,9033.33,32583.3
5632,5201,9083.33,32616.7
5633,5156,8966.67,32566.7
5634,5093,8866.67,32783.3
5635,4853,8516.67,32883.3
5636,4775,8366.67,32833.3
5637,4778,8383.33,32883.3
5638,4698,8216.67,32916.7
5639,4763,8350,32850
5640,4805,8416.67,32900
5641,4779,8383.33,33083.3
5642,4824,8466.67,33250
5643,4764,8350,32933.3
5644,4765,8350,33050
5645,4819,8450,33000
5646,4794,8400,32966.7
5647,4730,8283.33,32766.7
5648,4640,8100,32616.7
5649,4666,8150,32466.7
5650,4706,8233.33,32416.7
5651,4525,7833.33,31833.3
5652,4577,7966.67,31866.7
5653,4601,8016.67,31900
5654,4625,8066.67,31933.3
5655,4633,8083.33,31950
5656,4665,8150,31983.3
5657,4686,8200,32166.7
5658,4722,8266.67,32066.7
5659,4685,8200,31966.7
5660,4755,8333.33,32083.3
5661,4742,8300,32316.7
5662,4812,8433.33,32283.3
5663,4740,8300,32216.7
5664,4743,8300,32333.3
5665,4715,8250,32383.3
5666,4741,8300,32300
5667,4762,8350,32283.3
5668,4793,8400,32533.3
5669,4908,8600,32483.3
5670,4932,8633.33,32483.3
5671,5017,8750,32483.3
5672,5204,9100,32350
5673,5155,8966.67,32183.3
5674,5154,8966.67,32100
5675,5024,8766.67,31950
5676,5016,8750,32016.7
5677,4999,8733.33,31950
5678,5042,8800,31983.3
5679,5069,8833.33,31916.7
5680,5104,8883.33,31950
5681,4988,8716.67,31833.3
5682,4962,8683.33,31950
5683,4943,8650,31900
5684,4942,8650,31800
5685,5092,8866.67,31783.3
5686,4998,8733.33,31733.3
5687,5081,8850,31800
5688,4876,8566.67,32050
5689,4866,8550,32200
5690,4963,8683.33,32383.3
5691,5070,8833.33,32466.7
5692,5031,8783.33,32400
5693,4877,8566.67,32283.3
5694,4777,8383.33,32266.7
5695,4756,8333.33,32300
5696,4892,8583.33,32316.7
5697,4907,8600,32316.7
5698,4906,8600,32300
5699,4931,8633.33,32366.7
5700,4953,8666.67,32166.7
5701,4989,8716.67,32633.3
5702,5018,8750,32700
5703,4977,8700,32800
5704,4976,8700,32750
5705,5061,8816.67,32800
5706,5094,8866.67,32833.3
5707,5184,9033.33,32750
5708,5170,9000,32783.3
5709,5186,9033.33,32950
5710,5172,9000,32983.3
5711,5071,8833.33,32883.3
5712,5111,8900,32916.7
5713,5082,8850,32966.7
5714,5112,8900,32983.3
5715,4979,8700,33283.3
5716,5003,8733.33,33283.3
5717,5004,8733.33,33300
5718,5002,8733.33,33266.7
5719,4911,8600,33366.7
5720,5019,8750,33283.3
5721,5072,8833.33,33500
5722,4880,8566.67,33583.3
5723,4863,8533.33,33600
5724,4913,8600,33566.7
5725,5026,8766.67,33633.3
5726,5043,8800,33616.7
5727,5126,8916.67,33566.7
5728,5096,8866.67,33516.7
5729,5063,8816.67,33516.7
5730,5044,8800,33716.7
5731,4967,8683.33,33866.7
5732,4956,8666.67,33916.7
5733,4921,8616.67,33850
5734,4923,8616.67,33883.3
5735,4922,8616.67,33866.7
5736,4937,8633.33,33850
5737,4895,8583.33,33950
5738,4945,8650,34066.7
5739,5027,8766.67,34166.7
5740,5033,8783.33,34166.7
5741,4854,8516.67,33983.3
5742,4843,8500,33866.7
5743,4835,8483.33,33983.3
5744,4868,8550,34066.7
5745,4855,8516.67,34050
5746,4806,8416.67,34166.7
5747,4768,8350,34300
5748,4896,8583.33,34366.7
5749,4897,8583.33,34383.3
5750,4982,8700,34216.7
5751,5007,8733.33,34283.3
5752,4948,8650,34333.3
5753,5049,8800,34350
5754,5034,8783.33,34366.7
5755,4984,8700,34383.3
5756,4971,8683.33,34500
5757,4870,8550,34283.3
5758,4925,8616.67,34316.7
5759,4947,8650,34300
5760,4983,8700,34366.7
5761,4993,8716.67,34316.7
5762,4898,8583.33,34466.7
5763,4926,8616.67,34416.7
5764,4871,8550,34450
5765,4882,8566.67,34483.3
5766,4836,8483.33,34366.7
5767,4869,8550,34166.7
5768,4796,8400,34266.7
5769,4970,8683.33,34200
5770,4924,8616.67,34233.3
5771,4957,8666.67,34150
5772,4981,8700,34050
5773,4991,8716.67,33883.3
5774,4966,8683.33,33833.3
5775,4936,8633.33,33766.7
5776,4914,8600,33883.3
5777,4968,8683.33,33916.7
5778,4992,8716.67,34066.7
5779,4946,8650,34183.3
5780,4969,8683.33,34150
5781,5048,8800,34183.3
5782,5074,8833.33,34050
5783,5076,8833.33,34116.7
5784,5085,8850,34166.7
5785,5047,8800,34133.3
5786,5006,8733.33,34216.7
5787,5028,8766.67,34383.3
5788,5098,8866.67,34366.7
5789,5099,8866.67,34533.3
5790,5116,8900,34583.3
5791,5077,8833.33,34716.7
5792,5086,8850,34633.3
5793,5087,8850,34833.3
5794,5066,8816.67,34916.7
5795,4915,8600,34833.3
5796,4885,8566.67,34950
5797,4883,8566.67,34750
5798,4856,8516.67,34733.3
5799,4751,8316.67,34700
5800,4797,8400,34616.7
5801,4927,8616.67,34666.7
5802,4994,8716.67,34683.3
5803,4972,8683.33,34766.7
5804,4916,8600,34850
5805,4884,8566.67,34850
5806,4899,8583.33,34883.3
5807,4814,8433.33,34916.7
5808,4780,8383.33,34966.7
5809,4821,8450,35033.3
5810,4949,8650,35150
5811,5008,8733.33,35283.3
5812,5207,9100,35266.7
5813,5262,9283.33,35316.7
5814,5326,9500,35500
5815,5321,9483.33,35516.7
5816,5331,9533.33,35516.7
5817,5269,9300,35150
5818,5313,9450,34883.3
5819,5320,9483.33,34883.3
5820,5257,9266.67,35016.7
5821,5232,9183.33,34633.3
5822,5179,9016.67,34800
5823,5220,9150,34700
5824,5256,9266.67,34700
5825,5280,9333.33,34766.7
5826,5283,9350,34933.3
5827,5383,9750,35150
5828,5415,9866.67,34850
5829,5457,10016.7,34816.7
5830,5477,10100,34833.3
5831,5405,9833.33,34583.3
5832,5390,9783.33,34516.7
5833,5325,9500,33983.3
5834,5319,9483.33,33950
5835,5350,9600,33900
5836,5349,9600,33866.7
5837,5367,9650,33900
5838,5362,9633.33,33900
5839,5337,9550,33950
5840,5318,9483.33,33900
5841,5317,9483.33,33816.7
5842,5346,9583.33,34366.7
5843,5312,9450,34216.7
5844,5281,9350,34183.3
5845,5282,9350,34233.3
5846,5297,9400,34133.3
5847,5340,9566.67,34133.3
5848,5308,9433.33,34483.3
5849,5368,9650,34650
5850,5386,9766.67,34350
5851,5424,9900,34433.3
5852,5440,9950,34466.7
5853,5484,10116.7,34516.7
5854,5445,9983.33,34500
5855,5456,10016.7,34666.7
5856,5476,10100,34650
5857,5504,10200,34566.7
5858,5622,10450,34566.7
5859,5631,10466.7,34583.3
5860,5658,10516.7,34566.7
5861,5674,10550,34583.3
5862,5667,10533.3,34583.3
5863,5591,10383.3,34716.7
5864,5811,10766.7,34666.7
5865,5749,10683.3,34650
5866,5687,10566.7,34600
5867,5675,10550,34600
5868,5704,10583.3,34600
5869,5718,10616.7,34600
5870,5668,10533.3,34750
5871,5608,10416.7,34800
5872,5570,10350,34950
5873,5616,10433.3,35133.3
5874,5542,10283.3,35183.3
5875,5527,10250,35200
5876,5511,10216.7,35250
5877,5623,10450,35300
5878,5669,10533.3,35266.7
5879,5689,10566.7,35450
5880,5705,10583.3,35400
5881,5737,10650,35383.3
5882,5738,10650,35450
5883,5785,10733.3,35400
5884,5688,10566.7,35383.3
5885,5730,10633.3,35816.7
5886,5672,10533.3,35766.7
5887,5640,10483.3,35750
5888,5647,10500,35616.7
5889,5751,10683.3,35550
5890,5677,10550,35600
5891,5670,10533.3,35616.7
5892,5720,10616.7,35666.7
5893,5659,10516.7,35683.3
5894,5534,10266.7,35650
5895,5617,10433.3,35433.3
5896,5533,10266.7,35516.7
5897,5451,10000,35466.7
5898,5470,10066.7,35500
5899,5437,9933.33,35333.3
5900,5419,9883.33,35333.3
5901,5434,9916.67,35366.7
5902,5392,9783.33,35300
5903,5391,9783.33,35216.7
5904,5213,9116.67,35650
5905,5202,9083.33,35633.3
5906,5135,8933.33,35500
5907,4900,8583.33,35283.3
5908,4757,8333.33,35200
5909,4744,8300,35133.3
5910,4769,8350,35183.3
5911,4650,8116.67,35416.7
5912,4581,7966.67,35266.7
5913,4649,8116.67,35200
5914,4688,8200,34816.7
5915,4731,8283.33,35033.3
5916,4689,8200,35050
5917,4707,8233.33,35000
5918,4674,8166.67,34983.3
5919,4668,8150,34983.3
5920,4917,8600,35283.3
5921,4901,8583.33,35300
5922,4886,8566.67,35333.3
5923,4825,8466.67,35333.3
5924,5029,8766.67,35683.3
5925,5050,8800,35650
5926,5117,8900,35716.7
5927,5009,8733.33,35850
5928,5106,8883.33,35850
5929,5127,8916.67,35950
5930,5119,8900,35866.7
5931,5175,9000,36066.7
5932,5129,8916.67,36066.7
5933,5052,8800,36050
5934,5067,8816.67,36116.7
5935,5137,8933.33,36133.3
5936,5139,8933.33,36266.7
5937,5138,8933.33,36250
5938,5176,9000,36083.3
5939,5166,8983.33,35900
5940,5174,9000,35833.3
5941,5203,9083.33,35966.7
5942,5037,8783.33,36033.3
5943,4973,8683.33,36216.7
5944,4995,8716.67,36266.7
5945,5121,8900,36716.7
5946,5160,8966.67,36683.3
5947,5190,9033.33,36833.3
5948,5197,9066.67,36850
5949,5298,9400,36700
5950,5214,9116.67,36766.7
5951,5130,8916.67,36833.3
5952,5140,8933.33,36766.7
5953,4997,8716.67,36833.3
5954,4918,8600,36733.3
5955,4960,8666.67,36800
5956,5079,8833.33,36800
5957,5122,8900,36733.3
5958,5068,8816.67,36800
5959,5012,8733.33,36850
5960,4975,8683.33,36716.7
5961,4996,8716.67,36666.7
5962,5011,8733.33,36683.3
5963,4887,8566.67,36433.3
5964,4939,8633.33,36450
5965,4959,8666.67,36416.7
5966,4974,8683.33,36300
5967,4958,8666.67,35916.7
5968,4938,8633.33,35950
5969,4857,8516.67,35933.3
5970,4800,8400,36100
5971,4753,8316.67,36133.3
5972,4771,8350,36150
5973,4758,8333.33,35800
5974,4782,8383.33,35750
5975,4844,8500,35733.3
5976,4798,8400,35750
5977,4799,8400,35800
5978,4781,8383.33,35700
5979,4837,8483.33,35733.3
5980,5051,8800,35816.7
5981,4985,8700,35816.7
5982,5118,8900,35850
5983,5148,8950,35833.3
5984,5136,8933.33,35916.7
5985,5036,8783.33,35833.3
5986,4845,8500,35766.7
5987,4808,8416.67,35716.7
5988,4807,8416.67,35700
5989,4727,8266.67,35716.7
5990,5105,8883.33,35716.7
5991,5180,9016.67,35616.7
5992,5181,9016.67,35650
5993,5173,9000,35783.3
5994,5035,8783.33,35733.3
5995,5284,9350,35700
5996,5258,9266.67,35666.7
5997,5221,9150,35766.7
5998,5222,9150,36016.7
5999,5233,9183.33,36000
6000,5168,8983.33,36150
6001,5167,8983.33,36116.7
6002,5149,8950,36083.3
6003,5128,8916.67,35983.3
6004,5100,8866.67,35966.7
6005,5182,9016.67,36050
6006,5189,9033.33,36016.7
6007,5159,8966.67,36300
6008,5108,8883.33,36116.7
6009,5038,8783.33,36083.3
6010,5078,8833.33,36050
6011,5107,8883.33,36050
6012,5101,8866.67,36116.7
6013,4986,8700,36016.7
6014,5039,8783.33,36116.7
6015,5053,8800,36133.3
6016,5120,8900,36300
6017,5030,8766.67,36350
6018,5040,8783.33,36350
6019,4928,8616.67,36333.3
6020,5010,8733.33,36233.3
6021,4809,8416.67,36100
6022,4783,8383.33,36083.3
6023,4711,8233.33,36166.7
6024,4728,8266.67,36350
6025,4643,8100,36483.3
6026,4815,8433.33,36683.3
6027,4826,8466.67,36700
6028,4839,8483.33,36700
6029,4846,8500,36700
6030,4872,8550,36500
6031,4838,8483.33,36533.3
6032,4772,8350,36666.7
6033,4733,8283.33,36666.7
6034,4787,8383.33,36666.7
6035,4630,8066.67,36800
6036,4682,8183.33,36916.7
6037,4676,8166.67,36950
6038,4660,8133.33,36683.3
6039,4695,8200,36700
6040,4638,8083.33,36600
6041,4598,8000,36833.3
6042,4412,7583.33,37033.3
6043,4403,7566.67,37016.7
6044,4418,7600,36983.3
6045,4465,7700,36950
6046,4551,7883.33,36866.7
6047,4574,7950,36866.7
6048,4599,8000,36850
6049,4613,8033.33,36833.3
6050,4498,7783.33,36900
6051,4497,7783.33,36766.7
6052,4510,7800,36700
6053,4485,7750,36700
6054,4474,7716.67,36733.3
6055,4410,7583.33,36650
6056,4381,7516.67,36650
6057,4402,7566.67,36600
6058,4401,7566.67,36533.3
6059,4424,7616.67,36616.7
6060,4411,7583.33,36666.7
6061,4458,7683.33,36433.3
6062,4479,7733.33,36400
6063,4473,7716.67,36383.3
6064,4550,7883.33,36216.7
6065,4539,7850,36283.3
6066,4450,7666.67,36550
6067,4429,7633.33,36416.7
6068,4463,7700,36400
6069,4464,7700,36433.3
6070,4449,7666.67,36216.7
6071,4428,7633.33,36266.7
6072,4390,7533.33,36316.7
6073,4358,7466.67,36300
6074,4339,7433.33,36316.7
6075,4442,7650,36300
6076,4417,7600,36100
6077,4409,7583.33,36100
6078,4400,7566.67,36100
6079,4357,7466.67,36116.7
6080,4423,7616.67,36133.3
6081,4457,7683.33,36033.3
6082,4441,7650,36183.3
6083,4440,7650,36133.3
6084,4472,7716.67,36000
6085,4448,7666.67,36033.3
6086,4462,7700,35966.7
6087,4477,7733.33,35850
6088,4447,7666.67,35766.7
6089,4370,7500,35800
6090,4380,7516.67,35683.3
6091,4378,7516.67,35400
6092,4379,7516.67,35533.3
6093,4389,7533.33,35500
6094,4509,7800,35600
6095,4492,7766.67,35700
6096,4439,7650,35733.3
6097,4356,7466.67,35516.7
6098,4529,7833.33,35483.3
6099,4538,7850,35500
6100,4537,7850,35483.3
6101,4496,7783.33,35183.3
6102,4562,7916.67,35250
6103,4582,7966.67,35366.7
6104,4611,8033.33,35466.7
6105,4634,8083.33,35533.3
6106,4595,8000,35583.3
6107,4596,8000,35600
6108,4583,7966.67,35600
6109,4605,8016.67,35600
6110,4602,8016.67,35350
6111,4635,8083.33,35666.7
6112,4621,8050,35683.3
6113,4612,8033.33,35766.7
6114,4626,8066.67,35683.3
6115,4627,8066.67,35716.7
6116,4558,7900,35900
